Copyright 1986-2022 Xilinx, Inc. All Rights Reserved. Copyright 2022-2025 Advanced Micro Devices, Inc. All Rights Reserved.
---------------------------------------------------------------------------------------------------------------------------------------------
| Tool Version : Vivado v.2025.2 (win64) Build 6299465 Fri Nov 14 19:35:11 GMT 2025
| Date         : Thu Sep 17 22:52:58 2026
| Host         : SARAVANB423 running 64-bit major release  (build 9200)
| Command      : report_timing_summary -file E:/bob_full_v1/bob_vivado/out/M15/timing.rpt
| Design       : bob_top
| Device       : 7z020-clg400
| Speed File   : -1  PRODUCTION 1.12 2019-11-22
| Design State : Routed
---------------------------------------------------------------------------------------------------------------------------------------------

Timing Summary Report

------------------------------------------------------------------------------------------------
| Timer Settings
| --------------
------------------------------------------------------------------------------------------------

  Enable Multi Corner Analysis               :  Yes
  Enable Pessimism Removal                   :  Yes
  Pessimism Removal Resolution               :  Nearest Common Node
  Enable Input Delay Default Clock           :  No
  Enable Preset / Clear Arcs                 :  No
  Disable Flight Delays                      :  No
  Ignore I/O Paths                           :  No
  Timing Early Launch at Borrowing Latches   :  No
  Borrow Time for Max Delay Exceptions       :  Yes
  Merge Timing Exceptions                    :  Yes
  Inter-SLR Compensation                     :  Conservative

  Corner  Analyze    Analyze    
  Name    Max Paths  Min Paths  
  ------  ---------  ---------  
  Slow    Yes        Yes        
  Fast    Yes        Yes        


------------------------------------------------------------------------------------------------
| Report Methodology
| ------------------
------------------------------------------------------------------------------------------------

Rule       Severity  Description                                 Violations  
---------  --------  ------------------------------------------  ----------  
SYNTH-6    Warning   Timing of a RAM block might be sub-optimal  2           
TIMING-9   Warning   Unknown CDC Logic                           1           
TIMING-23  Warning   Combinational loop found                    1           
TIMING-46  Warning   Multicycle path with tied CE pins           25          

Note: This report is based on the most recent report_methodology run and may not be up-to-date. Run report_methodology on the current design for the latest report.



check_timing report

Table of Contents
-----------------
1. checking no_clock (0)
2. checking constant_clock (0)
3. checking pulse_width_clock (0)
4. checking unconstrained_internal_endpoints (0)
5. checking no_input_delay (6)
6. checking no_output_delay (4)
7. checking multiple_clock (0)
8. checking generated_clocks (0)
9. checking loops (3886)
10. checking partial_input_delay (0)
11. checking partial_output_delay (0)
12. checking latch_loops (0)

1. checking no_clock (0)
------------------------
 There are 0 register/latch pins with no clock.


2. checking constant_clock (0)
------------------------------
 There are 0 register/latch pins with constant_clock.


3. checking pulse_width_clock (0)
---------------------------------
 There are 0 register/latch pins which need pulse_width check


4. checking unconstrained_internal_endpoints (0)
------------------------------------------------
 There are 0 pins that are not constrained for maximum delay.

 There are 0 pins that are not constrained for maximum delay due to constant clock.


5. checking no_input_delay (6)
------------------------------
 There are 0 input ports with no input delay specified.

 There are 6 input ports with no input delay but user has a false path constraint. (MEDIUM)


6. checking no_output_delay (4)
-------------------------------
 There are 0 ports with no output delay specified.

 There are 4 ports with no output delay but user has a false path constraint (MEDIUM)

 There are 0 ports with no output delay but with a timing clock defined on it or propagating through it


7. checking multiple_clock (0)
------------------------------
 There are 0 register/latch pins with multiple clocks.


8. checking generated_clocks (0)
--------------------------------
 There are 0 generated clocks that are not connected to a clock source.


9. checking loops (3886)
------------------------
 There are 3886 combinational loops in the design. (HIGH)


10. checking partial_input_delay (0)
------------------------------------
 There are 0 input ports with partial input delay specified.


11. checking partial_output_delay (0)
-------------------------------------
 There are 0 ports with partial output delay specified.


12. checking latch_loops (0)
----------------------------
 There are 0 combinational latch loops in the design through latch input



------------------------------------------------------------------------------------------------
| Design Timing Summary
| ---------------------
------------------------------------------------------------------------------------------------

    WNS(ns)      TNS(ns)  TNS Failing Endpoints  TNS Total Endpoints      WHS(ns)      THS(ns)  THS Failing Endpoints  THS Total Endpoints     WPWS(ns)     TPWS(ns)  TPWS Failing Endpoints  TPWS Total Endpoints  
    -------      -------  ---------------------  -------------------      -------      -------  ---------------------  -------------------     --------     --------  ----------------------  --------------------  
      0.585        0.000                      0                31560        0.065        0.000                      0                31560        3.500        0.000                       0                 11105  


All user specified timing constraints are met.


------------------------------------------------------------------------------------------------
| Clock Summary
| -------------
------------------------------------------------------------------------------------------------

Clock   Waveform(ns)           Period(ns)      Frequency(MHz)
-----   ------------           ----------      --------------
sysclk  {0.000 4.000}          8.000           125.000         
tck     {0.000 5000.000}       10000.000       0.100           


------------------------------------------------------------------------------------------------
| Intra Clock Table
| -----------------
------------------------------------------------------------------------------------------------

Clock             WNS(ns)      TNS(ns)  TNS Failing Endpoints  TNS Total Endpoints      WHS(ns)      THS(ns)  THS Failing Endpoints  THS Total Endpoints     WPWS(ns)     TPWS(ns)  TPWS Failing Endpoints  TPWS Total Endpoints  
-----             -------      -------  ---------------------  -------------------      -------      -------  ---------------------  -------------------     --------     --------  ----------------------  --------------------  
sysclk              0.585        0.000                      0                 2532        0.108        0.000                      0                 2532        3.500        0.000                       0                  1049  
tck              3262.958        0.000                      0                29028        0.065        0.000                      0                29028     4999.020        0.000                       0                 10056  


------------------------------------------------------------------------------------------------
| Inter Clock Table
| -----------------
------------------------------------------------------------------------------------------------

From Clock    To Clock          WNS(ns)      TNS(ns)  TNS Failing Endpoints  TNS Total Endpoints      WHS(ns)      THS(ns)  THS Failing Endpoints  THS Total Endpoints  
----------    --------          -------      -------  ---------------------  -------------------      -------      -------  ---------------------  -------------------  


------------------------------------------------------------------------------------------------
| Other Path Groups Table
| -----------------------
------------------------------------------------------------------------------------------------

Path Group    From Clock    To Clock          WNS(ns)      TNS(ns)  TNS Failing Endpoints  TNS Total Endpoints      WHS(ns)      THS(ns)  THS Failing Endpoints  THS Total Endpoints  
----------    ----------    --------          -------      -------  ---------------------  -------------------      -------      -------  ---------------------  -------------------  


------------------------------------------------------------------------------------------------
| Timing Details
| --------------
------------------------------------------------------------------------------------------------


---------------------------------------------------------------------------------------------------
From Clock:  sysclk
  To Clock:  sysclk

Setup :            0  Failing Endpoints,  Worst Slack        0.585ns,  Total Violation        0.000ns
Hold  :            0  Failing Endpoints,  Worst Slack        0.108ns,  Total Violation        0.000ns
PW    :            0  Failing Endpoints,  Worst Slack        3.500ns,  Total Violation        0.000ns
---------------------------------------------------------------------------------------------------


Max Delay Paths
--------------------------------------------------------------------------------------
Slack (MET) :             0.585ns  (required time - arrival time)
  Source:                 u_core/u_clk/div_m1_reg[4]/C
                            (rising edge-triggered cell FDRE clocked by sysclk  {rise@0.000ns fall@4.000ns period=8.000ns})
  Destination:            u_core/u_clk/gap_reg[25]/CE
                            (rising edge-triggered cell FDRE clocked by sysclk  {rise@0.000ns fall@4.000ns period=8.000ns})
  Path Group:             sysclk
  Path Type:              Setup (Max at Slow Process Corner)
  Requirement:            8.000ns  (sysclk rise@8.000ns - sysclk rise@0.000ns)
  Data Path Delay:        7.068ns  (logic 3.354ns (47.455%)  route 3.714ns (52.545%))
  Logic Levels:           12  (CARRY4=7 LUT3=2 LUT4=1 LUT5=2)
  Clock Path Skew:        -0.143ns (DCD - SCD + CPR)
    Destination Clock Delay (DCD):    5.365ns = ( 13.365 - 8.000 ) 
    Source Clock Delay      (SCD):    5.932ns
    Clock Pessimism Removal (CPR):    0.423ns
  Clock Uncertainty:      0.035ns  ((TSJ^2 + TIJ^2)^1/2 + DJ) / 2 + PE
    Total System Jitter     (TSJ):    0.071ns
    Total Input Jitter      (TIJ):    0.000ns
    Discrete Jitter          (DJ):    0.000ns
    Phase Error              (PE):    0.000ns
  Timing Exception:       MultiCycle Path   Setup -end   1

    Location             Delay type                Incr(ns)  Path(ns)    Netlist Resource(s)
  -------------------------------------------------------------------    -------------------
                         (clock sysclk rise edge)     0.000     0.000 r  
    H16                                               0.000     0.000 r  sysclk (IN)
                         net (fo=0)                   0.000     0.000    sysclk
    H16                  IBUF (Prop_ibuf_I_O)         1.451     1.451 r  sysclk_IBUF_inst/O
                         net (fo=1, routed)           2.522     3.973    sysclk_IBUF
    BUFGCTRL_X0Y17       BUFG (Prop_bufg_I_O)         0.101     4.074 r  bufg_sysclk/O
                         net (fo=1048, routed)        1.858     5.932    u_core/u_clk/sysclk_g
    SLICE_X106Y63        FDRE                                         r  u_core/u_clk/div_m1_reg[4]/C
  -------------------------------------------------------------------    -------------------
    SLICE_X106Y63        FDRE (Prop_fdre_C_Q)         0.456     6.388 r  u_core/u_clk/div_m1_reg[4]/Q
                         net (fo=47, routed)          0.907     7.294    u_core/u_clk/div_m1[4]
    SLICE_X106Y62        LUT5 (Prop_lut5_I1_O)        0.124     7.418 r  u_core/u_clk/last__13_carry_i_7/O
                         net (fo=1, routed)           0.000     7.418    u_core/u_clk/last__13_carry_i_7_n_0
    SLICE_X106Y62        CARRY4 (Prop_carry4_S[1]_CO[3])
                                                      0.550     7.968 r  u_core/u_clk/last__13_carry/CO[3]
                         net (fo=1, routed)           0.000     7.968    u_core/u_clk/last__13_carry_n_0
    SLICE_X106Y63        CARRY4 (Prop_carry4_CI_CO[3])
                                                      0.114     8.082 r  u_core/u_clk/last__13_carry__0/CO[3]
                         net (fo=1, routed)           0.000     8.082    u_core/u_clk/last__13_carry__0_n_0
    SLICE_X106Y64        CARRY4 (Prop_carry4_CI_CO[3])
                                                      0.114     8.196 r  u_core/u_clk/last__13_carry__1/CO[3]
                         net (fo=1, routed)           0.000     8.196    u_core/u_clk/last__13_carry__1_n_0
    SLICE_X106Y65        CARRY4 (Prop_carry4_CI_CO[3])
                                                      0.114     8.310 r  u_core/u_clk/last__13_carry__2/CO[3]
                         net (fo=1, routed)           0.000     8.310    u_core/u_clk/last__13_carry__2_n_0
    SLICE_X106Y66        CARRY4 (Prop_carry4_CI_CO[3])
                                                      0.114     8.424 r  u_core/u_clk/last__13_carry__3/CO[3]
                         net (fo=1, routed)           0.000     8.424    u_core/u_clk/last__13_carry__3_n_0
    SLICE_X106Y67        CARRY4 (Prop_carry4_CI_O[1])
                                                      0.334     8.758 r  u_core/u_clk/last__13_carry__4/O[1]
                         net (fo=2, routed)           0.883     9.641    u_core/u_clk/last__60[29]
    SLICE_X105Y66        LUT4 (Prop_lut4_I0_O)        0.303     9.944 r  u_core/u_clk/cnt0__0_carry__2_i_5/O
                         net (fo=1, routed)           0.000     9.944    u_core/u_clk/cnt0__0_carry__2_i_5_n_0
    SLICE_X105Y66        CARRY4 (Prop_carry4_S[1]_CO[2])
                                                      0.570    10.514 r  u_core/u_clk/cnt0__0_carry__2/CO[2]
                         net (fo=2, routed)           0.468    10.983    u_core/u_clk/cnt0__0_carry__2_n_1
    SLICE_X102Y65        LUT3 (Prop_lut3_I1_O)        0.313    11.296 r  u_core/u_clk/gap[31]_i_5/O
                         net (fo=2, routed)           0.173    11.469    u_core/u_clk/req
    SLICE_X102Y65        LUT5 (Prop_lut5_I2_O)        0.124    11.593 r  u_core/u_clk/gap[31]_i_1/O
                         net (fo=34, routed)          0.473    12.065    u_core/u_clk/gap[31]_i_1_n_0
    SLICE_X102Y65        LUT3 (Prop_lut3_I0_O)        0.124    12.189 r  u_core/u_clk/gap[31]_i_2/O
                         net (fo=32, routed)          0.810    12.999    u_core/u_clk/gap[31]_i_2_n_0
    SLICE_X104Y67        FDRE                                         r  u_core/u_clk/gap_reg[25]/CE
  -------------------------------------------------------------------    -------------------

                         (clock sysclk rise edge)     8.000     8.000 r  
    H16                                               0.000     8.000 r  sysclk (IN)
                         net (fo=0)                   0.000     8.000    sysclk
    H16                  IBUF (Prop_ibuf_I_O)         1.380     9.380 r  sysclk_IBUF_inst/O
                         net (fo=1, routed)           2.293    11.673    sysclk_IBUF
    BUFGCTRL_X0Y17       BUFG (Prop_bufg_I_O)         0.091    11.764 r  bufg_sysclk/O
                         net (fo=1048, routed)        1.601    13.365    u_core/u_clk/sysclk_g
    SLICE_X104Y67        FDRE                                         r  u_core/u_clk/gap_reg[25]/C
                         clock pessimism              0.423    13.789    
                         clock uncertainty           -0.035    13.753    
    SLICE_X104Y67        FDRE (Setup_fdre_C_CE)      -0.169    13.584    u_core/u_clk/gap_reg[25]
  -------------------------------------------------------------------
                         required time                         13.584    
                         arrival time                         -12.999    
  -------------------------------------------------------------------
                         slack                                  0.585    





Min Delay Paths
--------------------------------------------------------------------------------------
Slack (MET) :             0.108ns  (arrival time - required time)
  Source:                 u_core/u_fabric/u_dsp1/u_core/p_q_reg[36]/C
                            (rising edge-triggered cell FDRE clocked by sysclk  {rise@0.000ns fall@4.000ns period=8.000ns})
  Destination:            u_core/u_fabric/u_dsp1/u_core/p_q_reg[40]/D
                            (rising edge-triggered cell FDRE clocked by sysclk  {rise@0.000ns fall@4.000ns period=8.000ns})
  Path Group:             sysclk
  Path Type:              Hold (Min at Fast Process Corner)
  Requirement:            0.000ns  (sysclk rise@2040.000ns - sysclk rise@2040.000ns)
  Data Path Delay:        0.560ns  (logic 0.392ns (70.012%)  route 0.168ns (29.988%))
  Logic Levels:           3  (CARRY4=2 LUT5=1)
  Clock Path Skew:        0.350ns (DCD - SCD - CPR)
    Destination Clock Delay (DCD):    2.253ns
    Source Clock Delay      (SCD):    1.642ns
    Clock Pessimism Removal (CPR):    0.261ns
  Timing Exception:       MultiCycle Path   Setup -end   256    Hold  -start 255

    Location             Delay type                Incr(ns)  Path(ns)    Netlist Resource(s)
  -------------------------------------------------------------------    -------------------
                         (clock sysclk rise edge)  2040.000  2040.000 r  
    H16                                               0.000  2040.000 r  sysclk (IN)
                         net (fo=0)                   0.000  2040.000    sysclk
    H16                  IBUF (Prop_ibuf_I_O)         0.219  2040.219 r  sysclk_IBUF_inst/O
                         net (fo=1, routed)           0.842  2041.060    sysclk_IBUF
    BUFGCTRL_X0Y17       BUFG (Prop_bufg_I_O)         0.026  2041.086 r  bufg_sysclk/O
                         net (fo=1048, routed)        0.556  2041.642    u_core/u_fabric/u_dsp1/u_core/sysclk_g
    SLICE_X49Y99         FDRE                                         r  u_core/u_fabric/u_dsp1/u_core/p_q_reg[36]/C
  -------------------------------------------------------------------    -------------------
    SLICE_X49Y99         FDRE (Prop_fdre_C_Q)         0.141  2041.783 r  u_core/u_fabric/u_dsp1/u_core/p_q_reg[36]/Q
                         net (fo=3, routed)           0.167  2041.950    u_core/u_store/p_q_reg[47][36]
    SLICE_X49Y99         LUT5 (Prop_lut5_I1_O)        0.045  2041.995 r  u_core/u_store/i__carry__8_i_8__0/O
                         net (fo=1, routed)           0.000  2041.995    u_core/u_fabric/u_dsp1/u_core/p_q_reg[39]_0[0]
    SLICE_X49Y99         CARRY4 (Prop_carry4_S[0]_CO[3])
                                                      0.152  2042.147 r  u_core/u_fabric/u_dsp1/u_core/__10/i__carry__8/CO[3]
                         net (fo=1, routed)           0.001  2042.148    u_core/u_fabric/u_dsp1/u_core/__10/i__carry__8_n_0
    SLICE_X49Y100        CARRY4 (Prop_carry4_CI_O[0])
                                                      0.054  2042.202 r  u_core/u_fabric/u_dsp1/u_core/__10/i__carry__9/O[0]
                         net (fo=3, routed)           0.000  2042.202    u_core/u_fabric/u_dsp1/u_core/__10/i__carry__9_n_7
    SLICE_X49Y100        FDRE                                         r  u_core/u_fabric/u_dsp1/u_core/p_q_reg[40]/D
  -------------------------------------------------------------------    -------------------

                         (clock sysclk rise edge)  2040.000  2040.000 r  
    H16                                               0.000  2040.000 r  sysclk (IN)
                         net (fo=0)                   0.000  2040.000    sysclk
    H16                  IBUF (Prop_ibuf_I_O)         0.406  2040.406 r  sysclk_IBUF_inst/O
                         net (fo=1, routed)           0.907  2041.313    sysclk_IBUF
    BUFGCTRL_X0Y17       BUFG (Prop_bufg_I_O)         0.029  2041.342 r  bufg_sysclk/O
                         net (fo=1048, routed)        0.911  2042.253    u_core/u_fabric/u_dsp1/u_core/sysclk_g
    SLICE_X49Y100        FDRE                                         r  u_core/u_fabric/u_dsp1/u_core/p_q_reg[40]/C
                         clock pessimism             -0.261  2041.993    
    SLICE_X49Y100        FDRE (Hold_fdre_C_D)         0.102  2042.095    u_core/u_fabric/u_dsp1/u_core/p_q_reg[40]
  -------------------------------------------------------------------
                         required time                      -2042.095    
                         arrival time                        2042.202    
  -------------------------------------------------------------------
                         slack                                  0.108    





Pulse Width Checks
--------------------------------------------------------------------------------------
Clock Name:         sysclk
Waveform(ns):       { 0.000 4.000 }
Period(ns):         8.000
Sources:            { sysclk }

Check Type        Corner  Lib Pin             Reference Pin  Required(ns)  Actual(ns)  Slack(ns)  Location      Pin
Min Period        n/a     RAMB18E1/CLKARDCLK  n/a            2.944         8.000       5.056      RAMB18_X4Y28  u_core/u_fabric/u_bram0/u_core/mem_reg/CLKARDCLK
Low Pulse Width   Slow    FDRE/C              n/a            0.500         4.000       3.500      SLICE_X90Y63  hold_qb_reg[0]_i_4/C
High Pulse Width  Slow    FDRE/C              n/a            0.500         4.000       3.500      SLICE_X90Y63  hold_qb_reg[0]_i_4/C



---------------------------------------------------------------------------------------------------
From Clock:  tck
  To Clock:  tck

Setup :            0  Failing Endpoints,  Worst Slack     3262.958ns,  Total Violation        0.000ns
Hold  :            0  Failing Endpoints,  Worst Slack        0.065ns,  Total Violation        0.000ns
PW    :            0  Failing Endpoints,  Worst Slack     4999.020ns,  Total Violation        0.000ns
---------------------------------------------------------------------------------------------------


Max Delay Paths
--------------------------------------------------------------------------------------
Slack (MET) :             3262.958ns  (required time - arrival time)
  Source:                 u_core/u_tap/ir_reg[5]/C
                            (falling edge-triggered cell FDRE clocked by tck  {rise@0.000ns fall@5000.000ns period=10000.000ns})
  Destination:            u_core/u_dsp_jtag/sr_reg[89]/D
                            (rising edge-triggered cell FDRE clocked by tck  {rise@0.000ns fall@5000.000ns period=10000.000ns})
  Path Group:             tck
  Path Type:              Setup (Max at Slow Process Corner)
  Requirement:            5000.000ns  (tck rise@10000.000ns - tck fall@5000.000ns)
  Data Path Delay:        1736.552ns  (logic 435.867ns (25.100%)  route 1300.477ns (74.888%))
  Logic Levels:           1980  (CARRY4=89 DSP48E1=28 LUT2=8 LUT3=206 LUT4=106 LUT5=690 LUT6=701 MUXF7=137 MUXF8=15)
  Clock Path Skew:        -0.206ns (DCD - SCD + CPR)
    Destination Clock Delay (DCD):    5.166ns = ( 10005.166 - 10000.000 ) 
    Source Clock Delay      (SCD):    5.665ns = ( 5005.665 - 5000.000 ) 
    Clock Pessimism Removal (CPR):    0.294ns
  Clock Uncertainty:      0.035ns  ((TSJ^2 + TIJ^2)^1/2 + DJ) / 2 + PE
    Total System Jitter     (TSJ):    0.071ns
    Total Input Jitter      (TIJ):    0.000ns
    Discrete Jitter          (DJ):    0.000ns
    Phase Error              (PE):    0.000ns

    Location             Delay type                Incr(ns)  Path(ns)    Netlist Resource(s)
  -------------------------------------------------------------------    -------------------
                         (clock tck fall edge)     5000.000  5000.000 f  
    U18                                               0.000  5000.000 f  tck (IN)
                         net (fo=0)                   0.000  5000.000    tck
    U18                  IBUF (Prop_ibuf_I_O)         1.498  5001.499 f  tck_IBUF_inst/O
                         net (fo=1, routed)           2.205  5003.704    tck_IBUF
    BUFGCTRL_X0Y16       BUFG (Prop_bufg_I_O)         0.101  5003.805 f  bufg_tck/O
                         net (fo=10056, routed)       1.861  5005.666    u_core/u_tap/tck_g
    SLICE_X109Y90        FDRE                                         r  u_core/u_tap/ir_reg[5]/C  (IS_INVERTED)
  -------------------------------------------------------------------    -------------------
    SLICE_X109Y90        FDRE (Prop_fdre_C_Q)         0.422  5006.087 r  u_core/u_tap/ir_reg[5]/Q
                         net (fo=22, routed)          0.839  5006.926    u_core/u_tap/ir_reg_n_0_[5]
    SLICE_X107Y90        LUT6 (Prop_lut6_I1_O)        0.297  5007.223 r  u_core/u_tap/led_OBUF[2]_inst_i_3/O
                         net (fo=42, routed)          1.054  5008.277    u_core/u_tap/ir_reg[0]_5
    SLICE_X107Y95        LUT3 (Prop_lut3_I1_O)        0.124  5008.401 r  u_core/u_tap/capture_reg_i_16__6/O
                         net (fo=2, routed)           1.646  5010.048    u_core/u_store/fab_pad_in[3]
    SLICE_X101Y83        LUT5 (Prop_lut5_I4_O)        0.124  5010.172 r  u_core/u_store/mem_reg_i_401/O
                         net (fo=3, routed)           0.173  5010.345    u_core/u_store/mem_reg_i_401_n_0
    SLICE_X101Y83        LUT5 (Prop_lut5_I4_O)        0.124  5010.469 r  u_core/u_store/q_i_79__6/O
                         net (fo=1, routed)           0.289  5010.758    u_core/u_store/q_i_79__6_n_0
    SLICE_X101Y84        LUT6 (Prop_lut6_I3_O)        0.124  5010.882 r  u_core/u_store/q_i_78__5/O
                         net (fo=1, routed)           0.294  5011.177    u_core/u_store/q_i_78__5_n_0
    SLICE_X101Y85        LUT6 (Prop_lut6_I2_O)        0.124  5011.301 r  u_core/u_store/q_i_77__3/O
                         net (fo=1, routed)           0.906  5012.207    u_core/u_store/q_i_77__3_n_0
    SLICE_X104Y82        LUT5 (Prop_lut5_I2_O)        0.124  5012.331 r  u_core/u_store/q_i_76__8/O
                         net (fo=1, routed)           0.282  5012.613    u_core/u_store/q_i_76__8_n_0
    SLICE_X104Y82        LUT5 (Prop_lut5_I2_O)        0.124  5012.737 r  u_core/u_store/q_i_71__11/O
                         net (fo=2, routed)           0.648  5013.385    u_core/u_store/q_i_71__11_n_0
    SLICE_X104Y86        LUT6 (Prop_lut6_I3_O)        0.124  5013.509 r  u_core/u_store/q_i_59__18/O
                         net (fo=1, routed)           0.776  5014.285    u_core/u_store/u_fabric/r2548
    SLICE_X107Y87        LUT6 (Prop_lut6_I2_O)        0.124  5014.409 r  u_core/u_store/q_i_32__18/O
                         net (fo=1, routed)           1.702  5016.111    u_core/u_store/q_i_32__18_n_0
    SLICE_X108Y71        LUT6 (Prop_lut6_I2_O)        0.124  5016.235 r  u_core/u_store/q_i_15__20/O
                         net (fo=15, routed)          2.031  5018.266    u_core/u_store/u_fabric/r3172
    SLICE_X100Y64        LUT6 (Prop_lut6_I5_O)        0.124  5018.390 r  u_core/u_store/q_i_84__1/O
                         net (fo=1, routed)           0.792  5019.182    u_core/u_store/q_i_84__1_n_0
    SLICE_X100Y62        LUT5 (Prop_lut5_I4_O)        0.124  5019.306 r  u_core/u_store/q_i_49__18/O
                         net (fo=2, routed)           0.656  5019.961    u_core/u_store/q_i_49__18_n_0
    SLICE_X101Y62        LUT6 (Prop_lut6_I5_O)        0.124  5020.085 r  u_core/u_store/mem_reg_i_475/O
                         net (fo=1, routed)           1.282  5021.367    u_core/u_store/mem_reg_i_475_n_0
    SLICE_X103Y71        LUT6 (Prop_lut6_I0_O)        0.124  5021.491 r  u_core/u_store/mem_reg_i_471/O
                         net (fo=1, routed)           1.263  5022.754    u_core/u_store/mem_reg_i_471_n_0
    SLICE_X107Y80        LUT6 (Prop_lut6_I1_O)        0.124  5022.878 r  u_core/u_store/mem_reg_i_462/O
                         net (fo=1, routed)           0.292  5023.171    u_core/u_store/u_fabric/u_clb_x1y2/t_102
    SLICE_X107Y79        LUT5 (Prop_lut5_I2_O)        0.124  5023.295 r  u_core/u_store/mem_reg_i_443/O
                         net (fo=1, routed)           0.652  5023.947    u_core/u_store/u_fabric/u_clb_x1y2/t_121
    SLICE_X107Y85        LUT6 (Prop_lut6_I5_O)        0.124  5024.071 r  u_core/u_store/mem_reg_i_405/O
                         net (fo=1, routed)           0.495  5024.566    u_core/u_store/mem_reg_i_405_n_0
    SLICE_X106Y85        LUT5 (Prop_lut5_I4_O)        0.124  5024.690 r  u_core/u_store/mem_reg_i_338__0/O
                         net (fo=1, routed)           0.861  5025.551    u_core/u_store/u_fabric/r2685
    SLICE_X112Y82        LUT6 (Prop_lut6_I5_O)        0.124  5025.675 r  u_core/u_store/mem_reg_i_238__0/O
                         net (fo=9, routed)           2.210  5027.885    u_core/u_store/u_fabric/r3120
    SLICE_X98Y63         LUT6 (Prop_lut6_I5_O)        0.124  5028.009 r  u_core/u_store/q_i_77__4/O
                         net (fo=5, routed)           1.561  5029.570    u_core/u_store/u_fabric/r2934
    SLICE_X86Y75         LUT5 (Prop_lut5_I4_O)        0.124  5029.694 r  u_core/u_store/c_q[47]_i_29/O
                         net (fo=1, routed)           0.282  5029.977    u_core/u_store/c_q[47]_i_29_n_0
    SLICE_X86Y75         LUT6 (Prop_lut6_I5_O)        0.124  5030.101 r  u_core/u_store/c_q[47]_i_20/O
                         net (fo=3, routed)           1.273  5031.374    u_core/u_store/c_q[47]_i_20_n_0
    SLICE_X93Y70         LUT6 (Prop_lut6_I2_O)        0.124  5031.498 r  u_core/u_store/q_i_32__24/O
                         net (fo=1, routed)           0.151  5031.649    u_core/u_store/q_i_32__24_n_0
    SLICE_X93Y70         LUT6 (Prop_lut6_I2_O)        0.124  5031.773 r  u_core/u_store/q_i_16__29/O
                         net (fo=4, routed)           0.986  5032.760    u_core/u_store/u_fabric/r2354
    SLICE_X97Y70         LUT6 (Prop_lut6_I4_O)        0.124  5032.884 r  u_core/u_store/q_i_6__20/O
                         net (fo=1, routed)           0.650  5033.534    u_core/u_store/u_fabric/u_clb_x1y6/cy_sum
    SLICE_X97Y69         LUT5 (Prop_lut5_I0_O)        0.124  5033.658 r  u_core/u_store/q_i_3__23/O
                         net (fo=3, routed)           0.837  5034.495    u_core/u_store/u_fabric/u_clb_x1y6/comb
    SLICE_X92Y69         LUT6 (Prop_lut6_I3_O)        0.124  5034.619 r  u_core/u_store/din_qa[15]_i_26/O
                         net (fo=2, routed)           0.627  5035.247    u_core/u_store/din_qa[15]_i_26_n_0
    SLICE_X91Y74         LUT5 (Prop_lut5_I4_O)        0.124  5035.371 r  u_core/u_store/din_qa[15]_i_19/O
                         net (fo=3, routed)           0.508  5035.878    u_core/u_store/u_fabric/r3188
    SLICE_X92Y76         LUT6 (Prop_lut6_I4_O)        0.124  5036.002 r  u_core/u_store/q_i_26__19/O
                         net (fo=5, routed)           0.789  5036.791    u_core/u_store/u_fabric/r3131
    SLICE_X98Y69         LUT6 (Prop_lut6_I2_O)        0.124  5036.915 r  u_core/u_store/capture_reg_i_7__9/O
                         net (fo=2, routed)           0.501  5037.416    u_core/u_store/capture_reg_i_7__9_n_0
    SLICE_X98Y69         LUT6 (Prop_lut6_I5_O)        0.124  5037.540 r  u_core/u_store/q_i_43__30/O
                         net (fo=1, routed)           0.442  5037.982    u_core/u_store/q_i_43__30_n_0
    SLICE_X97Y70         LUT5 (Prop_lut5_I3_O)        0.124  5038.106 r  u_core/u_store/q_i_18__4/O
                         net (fo=2, routed)           0.577  5038.683    u_core/u_store/u_fabric/u_clb_x1y5/t_114
    SLICE_X95Y72         LUT6 (Prop_lut6_I3_O)        0.124  5038.807 r  u_core/u_store/q_i_12__23/O
                         net (fo=7, routed)           0.475  5039.283    u_core/u_store/u_fabric/r2930
    SLICE_X92Y72         LUT5 (Prop_lut5_I4_O)        0.124  5039.407 r  u_core/u_store/q_i_76__4/O
                         net (fo=1, routed)           0.000  5039.407    u_core/u_store/q_i_76__4_n_0
    SLICE_X92Y72         MUXF7 (Prop_muxf7_I0_O)      0.209  5039.616 r  u_core/u_store/q_reg_i_52__1/O
                         net (fo=1, routed)           0.452  5040.068    u_core/u_store/q_reg_i_52__1_n_0
    SLICE_X92Y72         LUT6 (Prop_lut6_I5_O)        0.297  5040.365 r  u_core/u_store/q_i_27__16/O
                         net (fo=14, routed)          1.678  5042.042    u_core/u_store/u_fabric/r3169
    SLICE_X108Y82        LUT6 (Prop_lut6_I4_O)        0.124  5042.167 r  u_core/u_store/capture_reg_i_15__7/O
                         net (fo=2, routed)           0.684  5042.851    u_core/u_store/capture_reg_i_15__7_n_0
    SLICE_X109Y83        LUT5 (Prop_lut5_I0_O)        0.118  5042.969 r  u_core/u_store/capture_reg_i_13__5/O
                         net (fo=1, routed)           0.465  5043.434    u_core/u_store/capture_reg_i_13__5_n_0
    SLICE_X110Y83        LUT6 (Prop_lut6_I2_O)        0.326  5043.760 r  u_core/u_store/capture_reg_i_7__4/O
                         net (fo=1, routed)           0.000  5043.760    u_core/u_store/capture_reg_i_7__4_n_0
    SLICE_X110Y83        MUXF7 (Prop_muxf7_I0_O)      0.212  5043.972 r  u_core/u_store/capture_reg_reg_i_5__0/O
                         net (fo=13, routed)          1.172  5045.144    u_core/u_store/u_fabric/r3110
    SLICE_X100Y73        LUT6 (Prop_lut6_I4_O)        0.299  5045.443 r  u_core/u_store/q_i_28__27/O
                         net (fo=2, routed)           0.444  5045.887    u_core/u_store/q_i_28__27_n_0
    SLICE_X99Y71         LUT6 (Prop_lut6_I5_O)        0.124  5046.011 r  u_core/u_store/q_i_11__26/O
                         net (fo=7, routed)           1.233  5047.244    u_core/u_store/u_fabric/r2942
    SLICE_X64Y70         LUT6 (Prop_lut6_I5_O)        0.124  5047.368 r  u_core/u_store/din_qa[8]_i_6/O
                         net (fo=2, routed)           0.456  5047.824    u_core/u_store/din_qa[8]_i_6_n_0
    SLICE_X62Y70         LUT6 (Prop_lut6_I3_O)        0.124  5047.948 f  u_core/u_store/capture_reg_i_13__8/O
                         net (fo=1, routed)           0.577  5048.525    u_core/u_store/capture_reg_i_13__8_n_0
    SLICE_X81Y69         LUT6 (Prop_lut6_I3_O)        0.124  5048.649 r  u_core/u_store/capture_reg_i_10__9/O
                         net (fo=1, routed)           0.000  5048.649    u_core/u_store/capture_reg_i_10__9_n_0
    SLICE_X81Y69         MUXF7 (Prop_muxf7_I1_O)      0.217  5048.866 r  u_core/u_store/capture_reg_reg_i_7__1/O
                         net (fo=2, routed)           0.335  5049.200    u_core/u_store/capture_reg_reg_i_7__1_n_0
    SLICE_X83Y70         LUT6 (Prop_lut6_I1_O)        0.299  5049.499 r  u_core/u_store/din_qa[15]_i_11__0/O
                         net (fo=3, routed)           1.159  5050.658    u_core/u_store/u_fabric/r3133
    SLICE_X104Y73        LUT5 (Prop_lut5_I2_O)        0.124  5050.782 r  u_core/u_store/q_i_67__22/O
                         net (fo=2, routed)           0.710  5051.491    u_core/u_store/u_fabric/r2846
    SLICE_X95Y75         LUT6 (Prop_lut6_I5_O)        0.124  5051.615 r  u_core/u_store/c_q[47]_i_31/O
                         net (fo=1, routed)           0.403  5052.019    u_core/u_store/c_q[47]_i_31_n_0
    SLICE_X95Y75         LUT5 (Prop_lut5_I2_O)        0.124  5052.143 r  u_core/u_store/c_q[47]_i_21/O
                         net (fo=7, routed)           0.467  5052.609    u_core/u_store/u_fabric/r3182
    SLICE_X93Y75         LUT5 (Prop_lut5_I4_O)        0.124  5052.733 r  u_core/u_store/capture_reg_i_11__7/O
                         net (fo=1, routed)           0.487  5053.221    u_core/u_store/capture_reg_i_11__7_n_0
    SLICE_X94Y77         LUT6 (Prop_lut6_I5_O)        0.124  5053.345 r  u_core/u_store/capture_reg_i_6__8/O
                         net (fo=5, routed)           0.919  5054.264    u_core/u_store/u_fabric/r3129
    SLICE_X95Y63         LUT6 (Prop_lut6_I2_O)        0.124  5054.388 r  u_core/u_store/q_i_39__11/O
                         net (fo=9, routed)           1.194  5055.582    u_core/u_store/u_fabric/r2360
    SLICE_X93Y83         MUXF7 (Prop_muxf7_S_O)       0.276  5055.858 r  u_core/u_store/q_reg_i_47__1/O
                         net (fo=1, routed)           0.000  5055.858    u_core/u_store/u_fabric/u_clb_x1y6/t_113
    SLICE_X93Y83         MUXF8 (Prop_muxf8_I1_O)      0.094  5055.952 r  u_core/u_store/q_reg_i_21__1/O
                         net (fo=2, routed)           0.856  5056.808    u_core/u_store/u_fabric/u_clb_x1y6/t_120
    SLICE_X93Y70         LUT5 (Prop_lut5_I4_O)        0.316  5057.124 r  u_core/u_store/q_i_7__16/O
                         net (fo=5, routed)           0.453  5057.577    u_core/u_store/u_fabric/r2349
    SLICE_X95Y71         LUT6 (Prop_lut6_I5_O)        0.124  5057.701 r  u_core/u_store/q_i_78__12/O
                         net (fo=1, routed)           0.151  5057.853    u_core/u_store/q_i_78__12_n_0
    SLICE_X95Y71         LUT6 (Prop_lut6_I0_O)        0.124  5057.977 r  u_core/u_store/q_i_53__21/O
                         net (fo=1, routed)           0.637  5058.614    u_core/u_store/q_i_53__21_n_0
    SLICE_X105Y70        LUT6 (Prop_lut6_I0_O)        0.124  5058.738 r  u_core/u_store/q_i_29__20/O
                         net (fo=15, routed)          0.697  5059.434    u_core/u_store/u_fabric/r3155
    SLICE_X106Y73        LUT6 (Prop_lut6_I5_O)        0.124  5059.558 r  u_core/u_store/q_i_71__9/O
                         net (fo=1, routed)           0.351  5059.909    u_core/u_store/q_i_71__9_n_0
    SLICE_X106Y74        LUT5 (Prop_lut5_I4_O)        0.124  5060.033 r  u_core/u_store/q_i_39__16/O
                         net (fo=2, routed)           0.577  5060.609    u_core/u_store/q_i_39__16_n_0
    SLICE_X105Y75        LUT6 (Prop_lut6_I5_O)        0.124  5060.733 r  u_core/u_store/q_i_72__13/O
                         net (fo=1, routed)           0.546  5061.280    u_core/u_store/q_i_72__13_n_0
    SLICE_X105Y77        LUT6 (Prop_lut6_I0_O)        0.124  5061.404 r  u_core/u_store/q_i_67__21/O
                         net (fo=2, routed)           0.440  5061.843    u_core/u_store/q_i_67__21_n_0
    SLICE_X105Y76        LUT6 (Prop_lut6_I1_O)        0.124  5061.967 r  u_core/u_store/q_i_57/O
                         net (fo=1, routed)           0.660  5062.628    u_core/u_store/u_fabric/u_clb_x1y1/t_78
    SLICE_X107Y76        LUT5 (Prop_lut5_I2_O)        0.124  5062.752 r  u_core/u_store/q_i_26/O
                         net (fo=2, routed)           0.410  5063.162    u_core/u_store/u_fabric/u_clb_x1y1/t_115
    SLICE_X109Y75        LUT6 (Prop_lut6_I5_O)        0.124  5063.286 r  u_core/u_store/q_i_13__22/O
                         net (fo=7, routed)           0.431  5063.717    u_core/u_store/u_fabric/r2594
    SLICE_X109Y75        LUT5 (Prop_lut5_I4_O)        0.124  5063.841 r  u_core/u_store/q_i_70__8/O
                         net (fo=1, routed)           0.000  5063.841    u_core/u_store/q_i_70__8_n_0
    SLICE_X109Y75        MUXF7 (Prop_muxf7_I0_O)      0.212  5064.053 r  u_core/u_store/q_reg_i_53__2/O
                         net (fo=1, routed)           0.543  5064.596    u_core/u_store/q_reg_i_53__2_n_0
    SLICE_X104Y75        LUT6 (Prop_lut6_I5_O)        0.299  5064.895 r  u_core/u_store/q_i_27__18/O
                         net (fo=3, routed)           0.724  5065.619    u_core/u_store/u_fabric/r3157
    SLICE_X102Y80        LUT6 (Prop_lut6_I1_O)        0.124  5065.743 r  u_core/u_store/capture_reg_i_9__2/O
                         net (fo=1, routed)           0.590  5066.333    u_core/u_store/capture_reg_i_9__2_n_0
    SLICE_X102Y81        LUT4 (Prop_lut4_I3_O)        0.124  5066.457 r  u_core/u_store/capture_reg_i_5__1/O
                         net (fo=2, routed)           0.727  5067.184    u_core/u_store/u_fabric/r3092
    SLICE_X107Y84        LUT4 (Prop_lut4_I0_O)        0.124  5067.308 r  u_core/u_store/mem_reg_i_238/O
                         net (fo=5, routed)           0.764  5068.072    u_core/u_store/u_fabric/r2614
    SLICE_X110Y80        LUT5 (Prop_lut5_I2_O)        0.124  5068.196 r  u_core/u_store/q_i_75__2/O
                         net (fo=1, routed)           0.000  5068.196    u_core/u_store/q_i_75__2_n_0
    SLICE_X110Y80        MUXF7 (Prop_muxf7_I1_O)      0.217  5068.413 r  u_core/u_store/q_reg_i_58__0/O
                         net (fo=1, routed)           0.429  5068.842    u_core/u_store/q_reg_i_58__0_n_0
    SLICE_X110Y79        LUT6 (Prop_lut6_I5_O)        0.299  5069.141 r  u_core/u_store/q_i_31__16/O
                         net (fo=16, routed)          1.401  5070.542    u_core/u_store/u_fabric/r3166
    SLICE_X65Y76         LUT6 (Prop_lut6_I5_O)        0.124  5070.666 r  u_core/u_store/q_i_60__10/O
                         net (fo=16, routed)          0.719  5071.385    u_core/u_store/u_fabric/r2221
    SLICE_X64Y73         LUT6 (Prop_lut6_I2_O)        0.124  5071.509 r  u_core/u_store/q_i_67__6/O
                         net (fo=1, routed)           0.000  5071.509    u_core/u_store/u_fabric/u_clb_x2y5/t_99
    SLICE_X64Y73         MUXF7 (Prop_muxf7_I1_O)      0.217  5071.726 r  u_core/u_store/q_reg_i_49__0/O
                         net (fo=1, routed)           0.436  5072.163    u_core/u_store/u_fabric/u_clb_x2y5/t_113
    SLICE_X64Y73         LUT3 (Prop_lut3_I2_O)        0.299  5072.461 r  u_core/u_store/q_i_32__9/O
                         net (fo=2, routed)           0.694  5073.155    u_core/u_store/u_fabric/u_clb_x2y5/t_120
    SLICE_X60Y69         LUT6 (Prop_lut6_I3_O)        0.124  5073.279 r  u_core/u_store/q_i_35__26/O
                         net (fo=1, routed)           0.775  5074.054    u_core/u_store/q_i_35__26_n_0
    SLICE_X65Y65         LUT5 (Prop_lut5_I4_O)        0.124  5074.178 r  u_core/u_store/q_i_19__26/O
                         net (fo=3, routed)           0.907  5075.085    u_core/u_store/u_fabric/r2954
    SLICE_X64Y75         LUT6 (Prop_lut6_I4_O)        0.124  5075.209 r  u_core/u_store/q_i_45__26/O
                         net (fo=1, routed)           0.279  5075.489    u_core/u_store/q_i_45__26_n_0
    SLICE_X64Y75         LUT5 (Prop_lut5_I2_O)        0.124  5075.613 r  u_core/u_store/q_i_22__21/O
                         net (fo=14, routed)          1.338  5076.950    u_core/u_store/u_fabric/r3223
    SLICE_X96Y66         LUT5 (Prop_lut5_I4_O)        0.124  5077.074 r  u_core/u_store/mem_reg_i_200__0/O
                         net (fo=2, routed)           0.300  5077.374    u_core/u_store/mem_reg_i_200__0_n_0
    SLICE_X97Y67         LUT5 (Prop_lut5_I0_O)        0.124  5077.498 r  u_core/u_store/q_i_74__7/O
                         net (fo=1, routed)           0.294  5077.792    u_core/u_store/q_i_74__7_n_0
    SLICE_X97Y68         LUT5 (Prop_lut5_I2_O)        0.124  5077.917 r  u_core/u_store/q_i_63__19/O
                         net (fo=1, routed)           0.604  5078.520    u_core/u_store/q_i_63__19_n_0
    SLICE_X97Y65         LUT6 (Prop_lut6_I4_O)        0.124  5078.644 r  u_core/u_store/q_i_40__27/O
                         net (fo=1, routed)           0.149  5078.793    u_core/u_store/q_i_40__27_n_0
    SLICE_X97Y65         LUT5 (Prop_lut5_I1_O)        0.124  5078.917 r  u_core/u_store/q_i_18/O
                         net (fo=1, routed)           0.596  5079.513    u_core/u_store/u_fabric/u_clb_x2y1/t_123
    SLICE_X94Y69         LUT5 (Prop_lut5_I0_O)        0.124  5079.637 r  u_core/u_store/q_i_9/O
                         net (fo=3, routed)           0.860  5080.496    u_core/u_store/u_fabric/u_clb_x2y1/lut_o6
    SLICE_X94Y76         LUT6 (Prop_lut6_I4_O)        0.124  5080.620 r  u_core/u_store/q_i_8__1/O
                         net (fo=5, routed)           0.597  5081.217    u_core/u_store/u_fabric/r76
    SLICE_X91Y76         LUT6 (Prop_lut6_I3_O)        0.124  5081.341 r  u_core/u_store/q_i_36__9/O
                         net (fo=1, routed)           0.693  5082.034    u_core/u_store/u_fabric/u_clb_x2y3/cy_mux
    SLICE_X89Y74         LUT5 (Prop_lut5_I3_O)        0.124  5082.158 r  u_core/u_store/q_i_20__3/O
                         net (fo=2, routed)           0.958  5083.116    u_core/u_store/u_fabric/r1308
    SLICE_X60Y74         LUT5 (Prop_lut5_I0_O)        0.124  5083.240 r  u_core/u_store/sr[31]_i_3/O
                         net (fo=2, routed)           0.479  5083.719    u_core/u_store/u_fabric/u_clb_x2y6/cy_sum
    SLICE_X60Y77         LUT6 (Prop_lut6_I2_O)        0.124  5083.843 r  u_core/u_store/mem_reg_i_351__0/O
                         net (fo=1, routed)           0.000  5083.843    u_core/u_store/mem_reg_i_351__0_n_0
    SLICE_X60Y77         MUXF7 (Prop_muxf7_I0_O)      0.212  5084.055 r  u_core/u_store/mem_reg_i_265__0/O
                         net (fo=11, routed)          1.000  5085.055    u_core/u_store/u_fabric/r3233
    SLICE_X80Y71         LUT4 (Prop_lut4_I3_O)        0.299  5085.354 r  u_core/u_store/q_i_69__18/O
                         net (fo=5, routed)           1.310  5086.665    u_core/u_store/u_fabric/r2949
    SLICE_X100Y64        LUT6 (Prop_lut6_I5_O)        0.124  5086.789 r  u_core/u_store/q_i_50__24/O
                         net (fo=2, routed)           0.315  5087.104    u_core/u_store/q_i_50__24_n_0
    SLICE_X100Y62        LUT5 (Prop_lut5_I2_O)        0.124  5087.228 r  u_core/u_store/q_i_25__17/O
                         net (fo=3, routed)           0.726  5087.954    u_core/u_store/u_fabric/r2931
    SLICE_X102Y71        LUT6 (Prop_lut6_I5_O)        0.124  5088.078 r  u_core/u_store/q_i_23__14/O
                         net (fo=9, routed)           1.031  5089.108    u_core/u_store/u_fabric/r3113
    SLICE_X100Y79        LUT4 (Prop_lut4_I3_O)        0.124  5089.232 r  u_core/u_store/mem_reg_i_302__0/O
                         net (fo=5, routed)           1.128  5090.361    u_core/u_store/u_fabric/r2848
    SLICE_X102Y64        LUT6 (Prop_lut6_I5_O)        0.124  5090.485 r  u_core/u_store/q_i_49__19/O
                         net (fo=1, routed)           0.427  5090.912    u_core/u_store/q_i_49__19_n_0
    SLICE_X102Y63        LUT5 (Prop_lut5_I2_O)        0.124  5091.036 r  u_core/u_store/q_i_26__18/O
                         net (fo=14, routed)          1.362  5092.398    u_core/u_store/u_fabric/r3163
    SLICE_X88Y71         LUT4 (Prop_lut4_I3_O)        0.124  5092.522 r  u_core/u_store/q_i_64__11/O
                         net (fo=1, routed)           0.280  5092.802    u_core/u_store/q_i_64__11_n_0
    SLICE_X88Y71         LUT6 (Prop_lut6_I5_O)        0.124  5092.926 r  u_core/u_store/q_i_40__12/O
                         net (fo=6, routed)           0.632  5093.558    u_core/u_store/u_fabric/r1318
    SLICE_X87Y67         MUXF7 (Prop_muxf7_S_O)       0.296  5093.854 r  u_core/u_store/q_reg_i_20__3/O
                         net (fo=2, routed)           0.869  5094.722    u_core/u_store/u_fabric/u_clb_x2y4/t_114
    SLICE_X93Y73         LUT5 (Prop_lut5_I4_O)        0.298  5095.020 r  u_core/u_store/q_i_87/O
                         net (fo=1, routed)           0.517  5095.537    u_core/u_store/u_fabric/u_clb_x2y4/t_121
    SLICE_X92Y73         LUT5 (Prop_lut5_I0_O)        0.124  5095.661 r  u_core/u_store/q_i_86/O
                         net (fo=1, routed)           0.657  5096.318    u_core/u_store/q_i_86_n_0
    SLICE_X89Y74         LUT5 (Prop_lut5_I4_O)        0.124  5096.442 r  u_core/u_store/q_i_85/O
                         net (fo=1, routed)           0.496  5096.938    u_core/u_store/clb_o[19]
    SLICE_X89Y68         LUT6 (Prop_lut6_I5_O)        0.124  5097.062 r  u_core/u_store/q_i_84__5/O
                         net (fo=1, routed)           0.287  5097.349    u_core/u_store/q_i_84__5_n_0
    SLICE_X87Y68         LUT5 (Prop_lut5_I4_O)        0.124  5097.473 r  u_core/u_store/q_i_82__6/O
                         net (fo=1, routed)           0.919  5098.393    u_core/u_store/q_i_82__6_n_0
    SLICE_X65Y74         LUT5 (Prop_lut5_I0_O)        0.124  5098.517 r  u_core/u_store/q_i_79__10/O
                         net (fo=1, routed)           0.263  5098.780    u_core/u_store/q_i_79__10_n_0
    SLICE_X65Y74         LUT5 (Prop_lut5_I2_O)        0.124  5098.904 r  u_core/u_store/q_i_77__8/O
                         net (fo=1, routed)           1.068  5099.972    u_core/u_store/q_i_77__8_n_0
    SLICE_X65Y95         LUT5 (Prop_lut5_I2_O)        0.124  5100.096 r  u_core/u_store/q_i_75__8/O
                         net (fo=1, routed)           0.263  5100.359    u_core/u_store/q_i_75__8_n_0
    SLICE_X65Y95         LUT5 (Prop_lut5_I2_O)        0.124  5100.483 r  u_core/u_store/q_i_68__14/O
                         net (fo=1, routed)           1.177  5101.660    u_core/u_store/q_i_68__14_n_0
    SLICE_X52Y112        LUT6 (Prop_lut6_I4_O)        0.124  5101.784 r  u_core/u_store/q_i_58__29/O
                         net (fo=2, routed)           0.702  5102.486    u_core/u_store/q_i_58__29_n_0
    SLICE_X52Y119        LUT5 (Prop_lut5_I3_O)        0.124  5102.610 r  u_core/u_store/q_i_37__12/O
                         net (fo=1, routed)           0.490  5103.100    u_core/u_store/u_fabric/u_clb_x7y5/t_78
    SLICE_X52Y119        LUT5 (Prop_lut5_I2_O)        0.124  5103.224 r  u_core/u_store/q_i_17__7/O
                         net (fo=1, routed)           0.284  5103.508    u_core/u_store/u_fabric/u_clb_x7y5/t_115
    SLICE_X51Y119        LUT5 (Prop_lut5_I0_O)        0.124  5103.632 r  u_core/u_store/q_i_8__17/O
                         net (fo=1, routed)           0.475  5104.107    u_core/u_store/u_fabric/r2289
    SLICE_X50Y119        LUT5 (Prop_lut5_I3_O)        0.124  5104.231 r  u_core/u_store/q_i_3__31/O
                         net (fo=2, routed)           0.736  5104.967    u_core/u_store/u_fabric/u_clb_x7y5/comb
    SLICE_X55Y123        LUT6 (Prop_lut6_I3_O)        0.124  5105.091 r  u_core/u_store/mem_reg_i_365/O
                         net (fo=1, routed)           0.433  5105.524    u_core/u_store/mem_reg_i_365_n_0
    SLICE_X55Y123        LUT5 (Prop_lut5_I4_O)        0.124  5105.648 r  u_core/u_store/mem_reg_i_318/O
                         net (fo=7, routed)           1.115  5106.763    u_core/u_store/u_fabric/r3506
    SLICE_X81Y120        LUT6 (Prop_lut6_I5_O)        0.124  5106.887 r  u_core/u_store/c_q[44]_i_17/O
                         net (fo=1, routed)           0.297  5107.184    u_core/u_store/c_q[44]_i_17_n_0
    SLICE_X83Y120        LUT5 (Prop_lut5_I0_O)        0.124  5107.308 r  u_core/u_store/c_q[44]_i_12/O
                         net (fo=3, routed)           0.716  5108.024    u_core/u_store/u_fabric/r3016
    SLICE_X64Y113        LUT5 (Prop_lut5_I4_O)        0.124  5108.148 r  u_core/u_store/q_i_58__24/O
                         net (fo=3, routed)           0.186  5108.335    u_core/u_store/q_i_58__24_n_0
    SLICE_X64Y113        LUT6 (Prop_lut6_I5_O)        0.124  5108.459 r  u_core/u_store/b_q[14]_i_10/O
                         net (fo=1, routed)           0.414  5108.873    u_core/u_store/b_q[14]_i_10_n_0
    SLICE_X63Y113        LUT5 (Prop_lut5_I4_O)        0.124  5108.997 r  u_core/u_store/b_q[14]_i_6/O
                         net (fo=2, routed)           0.315  5109.312    u_core/u_store/b_q[14]_i_6_n_0
    SLICE_X62Y111        LUT6 (Prop_lut6_I2_O)        0.124  5109.436 r  u_core/u_store/din_qa[13]_i_23/O
                         net (fo=1, routed)           1.516  5110.952    u_core/u_store/din_qa[13]_i_23_n_0
    SLICE_X61Y79         LUT6 (Prop_lut6_I2_O)        0.124  5111.076 r  u_core/u_store/din_qa[13]_i_16/O
                         net (fo=1, routed)           0.473  5111.549    u_core/u_store/din_qa[13]_i_16_n_0
    SLICE_X58Y76         LUT5 (Prop_lut5_I0_O)        0.124  5111.673 r  u_core/u_store/din_qa[13]_i_11/O
                         net (fo=11, routed)          1.409  5113.083    u_core/u_store/u_fabric/r2787
    SLICE_X100Y77        LUT6 (Prop_lut6_I4_O)        0.124  5113.207 r  u_core/u_store/q_i_55__29/O
                         net (fo=1, routed)           0.590  5113.796    u_core/u_store/q_i_55__29_n_0
    SLICE_X100Y78        LUT5 (Prop_lut5_I2_O)        0.124  5113.920 r  u_core/u_store/q_i_28__19/O
                         net (fo=11, routed)          0.668  5114.589    u_core/u_store/u_fabric/r3145
    SLICE_X93Y75         LUT6 (Prop_lut6_I5_O)        0.124  5114.713 r  u_core/u_store/q_i_36__28/O
                         net (fo=17, routed)          0.903  5115.616    u_core/u_store/u_fabric/r1152
    SLICE_X87Y69         LUT6 (Prop_lut6_I4_O)        0.124  5115.740 r  u_core/u_store/q_i_75/O
                         net (fo=1, routed)           0.000  5115.740    u_core/u_store/u_fabric/u_clb_x2y3/t_105
    SLICE_X87Y69         MUXF7 (Prop_muxf7_I1_O)      0.217  5115.957 r  u_core/u_store/q_reg_i_43__0/O
                         net (fo=1, routed)           0.962  5116.918    u_core/u_store/u_fabric/u_clb_x2y3/t_116
    SLICE_X93Y80         LUT6 (Prop_lut6_I5_O)        0.299  5117.217 r  u_core/u_store/q_i_21__1/O
                         net (fo=1, routed)           0.647  5117.864    u_core/u_store/u_fabric/u_clb_x2y3/t_125
    SLICE_X89Y80         LUT6 (Prop_lut6_I0_O)        0.124  5117.988 r  u_core/u_store/q_i_10__7/O
                         net (fo=6, routed)           1.042  5119.030    u_core/u_store/u_fabric/u_clb_x2y3/lut_o6
    SLICE_X91Y77         LUT5 (Prop_lut5_I4_O)        0.153  5119.183 r  u_core/u_store/q_i_8__3/O
                         net (fo=2, routed)           0.585  5119.768    u_core/u_store/u_fabric/u_clb_x2y3/cy_sum
    SLICE_X90Y80         LUT5 (Prop_lut5_I2_O)        0.327  5120.095 r  u_core/u_store/din_qa[16]_i_10/O
                         net (fo=2, routed)           0.901  5120.997    u_core/u_store/clb_o[13]
    SLICE_X91Y67         LUT5 (Prop_lut5_I1_O)        0.124  5121.121 r  u_core/u_store/mem_reg_i_347/O
                         net (fo=1, routed)           0.000  5121.121    u_core/u_store/mem_reg_i_347_n_0
    SLICE_X91Y67         MUXF7 (Prop_muxf7_I0_O)      0.238  5121.358 r  u_core/u_store/mem_reg_i_260/O
                         net (fo=1, routed)           0.410  5121.768    u_core/u_store/mem_reg_i_260_n_0
    SLICE_X91Y66         LUT5 (Prop_lut5_I4_O)        0.298  5122.066 r  u_core/u_store/mem_reg_i_154__0/O
                         net (fo=11, routed)          1.056  5123.122    u_core/u_store/u_fabric/r3215
    SLICE_X92Y79         LUT5 (Prop_lut5_I4_O)        0.124  5123.246 r  u_core/u_store/mem_reg_i_261__0/O
                         net (fo=1, routed)           0.452  5123.698    u_core/u_store/mem_reg_i_261__0_n_0
    SLICE_X92Y79         LUT5 (Prop_lut5_I0_O)        0.124  5123.822 r  u_core/u_store/mem_reg_i_155/O
                         net (fo=3, routed)           1.484  5125.307    u_core/u_store/u_fabric/r3203
    SLICE_X56Y74         LUT6 (Prop_lut6_I4_O)        0.124  5125.431 r  u_core/u_store/din_qa[17]_i_14__0/O
                         net (fo=1, routed)           0.600  5126.031    u_core/u_store/din_qa[17]_i_14__0_n_0
    SLICE_X54Y74         LUT5 (Prop_lut5_I2_O)        0.124  5126.155 r  u_core/u_store/din_qa[17]_i_8__0/O
                         net (fo=11, routed)          1.732  5127.887    u_core/u_store/u_fabric/r2562
    SLICE_X44Y101        LUT6 (Prop_lut6_I5_O)        0.124  5128.011 r  u_core/u_store/d_q[3]_i_2__0/O
                         net (fo=1, routed)           0.719  5128.730    u_core/u_store/u_fabric/r734
    SLICE_X44Y98         LUT3 (Prop_lut3_I2_O)        0.150  5128.880 r  u_core/u_store/d_q[3]_i_1/O
                         net (fo=3, routed)           1.065  5129.945    u_core/u_store/drive_reg[115][3]
    SLICE_X54Y91         LUT5 (Prop_lut5_I2_O)        0.332  5130.277 r  u_core/u_store/i__carry_i_5__1/O
                         net (fo=1, routed)           0.000  5130.277    u_core/u_fabric/u_dsp0/u_core/m_c_0[3]
    SLICE_X54Y91         CARRY4 (Prop_carry4_S[3]_O[3])
                                                      0.255  5130.532 r  u_core/u_fabric/u_dsp0/u_core/__5/i__carry/O[3]
                         net (fo=1, routed)           0.428  5130.960    u_core/u_store/m_c_4[3]
    SLICE_X56Y91         LUT3 (Prop_lut3_I0_O)        0.307  5131.267 r  u_core/u_store/m_c_i_40/O
                         net (fo=1, routed)           1.164  5132.431    u_core/u_fabric/u_dsp0/u_core/A[3]
    DSP48_X2Y36          DSP48E1 (Prop_dsp48e1_A[3]_P[0])
                                                      3.841  5136.272 r  u_core/u_fabric/u_dsp0/u_core/m_c/P[0]
                         net (fo=3, routed)           1.574  5137.846    u_core/u_fabric/u_dsp0/u_core/m_c__0[0]
    SLICE_X55Y90         LUT3 (Prop_lut3_I2_O)        0.150  5137.996 r  u_core/u_fabric/u_dsp0/u_core/i__carry_i_4/O
                         net (fo=1, routed)           0.000  5137.996    u_core/u_fabric/u_dsp0/u_core/m_x[0]
    SLICE_X55Y90         CARRY4 (Prop_carry4_DI[0]_O[3])
                                                      0.572  5138.568 r  u_core/u_fabric/u_dsp0/u_core/__10/i__carry/O[3]
                         net (fo=3, routed)           0.430  5138.998    u_core/u_fabric/u_dsp0/u_core/__10/i__carry_n_4
    SLICE_X57Y91         LUT3 (Prop_lut3_I2_O)        0.306  5139.304 r  u_core/u_fabric/u_dsp0/u_core/din_qa[5]_i_21/O
                         net (fo=2, routed)           0.852  5140.156    u_core/u_fabric/u_dsp0/u_core/dsp_p[3]
    SLICE_X56Y106        LUT5 (Prop_lut5_I4_O)        0.124  5140.280 r  u_core/u_fabric/u_dsp0/u_core/din_qa[5]_i_12/O
                         net (fo=1, routed)           0.000  5140.280    u_core/u_store/din_qa_reg[5]_i_3_0
    SLICE_X56Y106        MUXF7 (Prop_muxf7_I0_O)      0.238  5140.518 r  u_core/u_store/din_qa_reg[5]_i_6__0/O
                         net (fo=1, routed)           0.000  5140.518    u_core/u_store/din_qa_reg[5]_i_6__0_n_0
    SLICE_X56Y106        MUXF8 (Prop_muxf8_I0_O)      0.104  5140.622 r  u_core/u_store/din_qa_reg[5]_i_3/O
                         net (fo=22, routed)          1.908  5142.530    u_core/u_store/u_fabric/r2805
    SLICE_X49Y70         LUT6 (Prop_lut6_I5_O)        0.316  5142.846 r  u_core/u_store/mem_reg_i_184/O
                         net (fo=1, routed)           0.568  5143.414    u_core/u_store/mem_reg_i_184_n_0
    SLICE_X50Y70         LUT5 (Prop_lut5_I2_O)        0.124  5143.538 r  u_core/u_store/mem_reg_i_100/O
                         net (fo=13, routed)          0.499  5144.037    u_core/u_store/u_fabric/r3269
    SLICE_X51Y74         LUT5 (Prop_lut5_I4_O)        0.124  5144.161 r  u_core/u_store/mem_reg_i_254/O
                         net (fo=1, routed)           0.433  5144.594    u_core/u_store/mem_reg_i_254_n_0
    SLICE_X51Y74         LUT5 (Prop_lut5_I0_O)        0.124  5144.718 r  u_core/u_store/mem_reg_i_148__0/O
                         net (fo=8, routed)           0.707  5145.425    u_core/u_store/u_fabric/r3251
    SLICE_X59Y73         LUT6 (Prop_lut6_I4_O)        0.124  5145.549 r  u_core/u_store/mem_reg_i_233__0/O
                         net (fo=1, routed)           0.291  5145.840    u_core/u_store/mem_reg_i_233__0_n_0
    SLICE_X59Y73         LUT5 (Prop_lut5_I2_O)        0.124  5145.964 r  u_core/u_store/mem_reg_i_133/O
                         net (fo=8, routed)           1.356  5147.320    u_core/u_store/u_fabric/r2549
    SLICE_X93Y77         LUT6 (Prop_lut6_I5_O)        0.124  5147.444 r  u_core/u_store/capture_reg_i_14/O
                         net (fo=1, routed)           0.000  5147.444    u_core/u_store/capture_reg_i_14_n_0
    SLICE_X93Y77         MUXF7 (Prop_muxf7_I1_O)      0.217  5147.661 r  u_core/u_store/capture_reg_reg_i_11/O
                         net (fo=2, routed)           0.461  5148.122    u_core/u_store/capture_reg_reg_i_11_n_0
    SLICE_X97Y77         LUT6 (Prop_lut6_I5_O)        0.299  5148.421 r  u_core/u_store/q_i_68__13/O
                         net (fo=1, routed)           0.299  5148.720    u_core/u_store/q_i_68__13_n_0
    SLICE_X99Y77         LUT6 (Prop_lut6_I5_O)        0.124  5148.844 r  u_core/u_store/q_i_38__28/O
                         net (fo=3, routed)           0.686  5149.529    u_core/u_store/u_fabric/r3162
    SLICE_X98Y78         LUT5 (Prop_lut5_I4_O)        0.124  5149.653 r  u_core/u_store/mem_reg_i_309__0/O
                         net (fo=1, routed)           0.567  5150.220    u_core/u_store/mem_reg_i_309__0_n_0
    SLICE_X98Y81         LUT6 (Prop_lut6_I2_O)        0.124  5150.344 r  u_core/u_store/mem_reg_i_240__0/O
                         net (fo=1, routed)           0.577  5150.922    u_core/u_store/u_fabric/r2622
    SLICE_X99Y75         LUT6 (Prop_lut6_I4_O)        0.124  5151.046 r  u_core/u_store/mem_reg_i_147__0/O
                         net (fo=1, routed)           0.815  5151.861    u_core/u_store/mem_reg_i_147__0_n_0
    SLICE_X99Y64         LUT5 (Prop_lut5_I2_O)        0.124  5151.985 r  u_core/u_store/mem_reg_i_82__0/O
                         net (fo=13, routed)          1.353  5153.338    u_core/u_store/u_fabric/r3220
    SLICE_X66Y65         LUT4 (Prop_lut4_I3_O)        0.124  5153.462 r  u_core/u_store/q_i_70__12/O
                         net (fo=5, routed)           1.201  5154.664    u_core/u_store/u_fabric/r2937
    SLICE_X94Y67         LUT6 (Prop_lut6_I5_O)        0.124  5154.788 r  u_core/u_store/a_q[24]_i_25__0/O
                         net (fo=2, routed)           0.513  5155.301    u_core/u_store/a_q[24]_i_25__0_n_0
    SLICE_X100Y72        LUT6 (Prop_lut6_I3_O)        0.124  5155.425 r  u_core/u_store/a_q[24]_i_17__0/O
                         net (fo=4, routed)           1.590  5157.015    u_core/u_store/u_fabric/r3024
    SLICE_X67Y75         LUT6 (Prop_lut6_I5_O)        0.124  5157.139 r  u_core/u_store/a_q[24]_i_13/O
                         net (fo=2, routed)           0.412  5157.551    u_core/u_store/a_q[24]_i_13_n_0
    SLICE_X67Y75         LUT5 (Prop_lut5_I4_O)        0.124  5157.675 r  u_core/u_store/a_q[24]_i_9__0/O
                         net (fo=8, routed)           0.899  5158.574    u_core/u_store/u_fabric/r3048
    SLICE_X61Y88         LUT6 (Prop_lut6_I5_O)        0.124  5158.698 r  u_core/u_store/c_q[4]_i_10__0/O
                         net (fo=2, routed)           0.583  5159.281    u_core/u_store/c_q[4]_i_10__0_n_0
    SLICE_X61Y91         LUT5 (Prop_lut5_I2_O)        0.124  5159.405 r  u_core/u_store/c_q[4]_i_4__0/O
                         net (fo=10, routed)          0.821  5160.226    u_core/u_store/u_fabric/r3058
    SLICE_X65Y99         LUT6 (Prop_lut6_I5_O)        0.124  5160.350 r  u_core/u_store/capture_reg_i_9__6/O
                         net (fo=2, routed)           0.444  5160.793    u_core/u_store/capture_reg_i_9__6_n_0
    SLICE_X65Y99         LUT6 (Prop_lut6_I3_O)        0.124  5160.917 r  u_core/u_store/c_q[43]_i_19__0/O
                         net (fo=2, routed)           1.041  5161.959    u_core/u_store/u_fabric/r3557
    SLICE_X67Y117        LUT6 (Prop_lut6_I2_O)        0.124  5162.083 r  u_core/u_store/q_i_43__20/O
                         net (fo=1, routed)           0.686  5162.769    u_core/u_store/q_i_43__20_n_0
    SLICE_X61Y113        LUT6 (Prop_lut6_I0_O)        0.124  5162.893 r  u_core/u_store/q_i_25__15/O
                         net (fo=11, routed)          1.060  5163.953    u_core/u_store/u_fabric/r3502
    SLICE_X66Y127        LUT6 (Prop_lut6_I3_O)        0.124  5164.077 r  u_core/u_store/d_q[22]_i_14/O
                         net (fo=1, routed)           0.161  5164.238    u_core/u_store/d_q[22]_i_14_n_0
    SLICE_X66Y127        LUT5 (Prop_lut5_I0_O)        0.124  5164.362 r  u_core/u_store/d_q[22]_i_12/O
                         net (fo=2, routed)           0.596  5164.958    u_core/u_store/u_fabric/r2926
    SLICE_X80Y126        LUT6 (Prop_lut6_I3_O)        0.124  5165.083 r  u_core/u_store/d_q[22]_i_11/O
                         net (fo=1, routed)           0.000  5165.083    u_core/u_store/d_q[22]_i_11_n_0
    SLICE_X80Y126        MUXF7 (Prop_muxf7_I1_O)      0.217  5165.299 r  u_core/u_store/d_q_reg[22]_i_6/O
                         net (fo=2, routed)           0.447  5165.746    u_core/u_store/d_q_reg[22]_i_6_n_0
    SLICE_X82Y126        LUT6 (Prop_lut6_I5_O)        0.299  5166.045 r  u_core/u_store/d_q[22]_i_3__0/O
                         net (fo=16, routed)          1.045  5167.089    u_core/u_store/u_fabric/r3525
    SLICE_X85Y113        LUT4 (Prop_lut4_I3_O)        0.124  5167.213 r  u_core/u_store/c_q[0]_i_10/O
                         net (fo=5, routed)           1.383  5168.596    u_core/u_store/u_fabric/r2677
    SLICE_X49Y108        LUT6 (Prop_lut6_I4_O)        0.124  5168.720 r  u_core/u_store/c_q[0]_i_6/O
                         net (fo=1, routed)           0.488  5169.208    u_core/u_store/c_q[0]_i_6_n_0
    SLICE_X48Y108        LUT5 (Prop_lut5_I2_O)        0.124  5169.332 r  u_core/u_store/c_q[0]_i_3__0/O
                         net (fo=5, routed)           0.685  5170.017    u_core/u_store/u_fabric/r3427
    SLICE_X48Y103        LUT6 (Prop_lut6_I1_O)        0.124  5170.141 r  u_core/u_store/d_q[21]_i_7__0/O
                         net (fo=12, routed)          1.275  5171.416    u_core/u_store/u_fabric/r2561
    SLICE_X51Y80         LUT6 (Prop_lut6_I4_O)        0.124  5171.540 r  u_core/u_store/q_i_43__17/O
                         net (fo=1, routed)           0.263  5171.803    u_core/u_store/q_i_43__17_n_0
    SLICE_X51Y80         LUT6 (Prop_lut6_I5_O)        0.124  5171.927 r  u_core/u_store/q_i_22__9/O
                         net (fo=4, routed)           0.450  5172.377    u_core/u_store/u_fabric/r307
    SLICE_X49Y79         LUT5 (Prop_lut5_I3_O)        0.124  5172.501 r  u_core/u_store/q_i_10__0/O
                         net (fo=2, routed)           0.806  5173.307    u_core/u_store/u_fabric/u_clb_x4y1/t_121
    SLICE_X52Y87         LUT6 (Prop_lut6_I5_O)        0.124  5173.431 r  u_core/u_store/mem_reg_i_322__0/O
                         net (fo=1, routed)           0.684  5174.115    u_core/u_store/mem_reg_i_322__0_n_0
    SLICE_X58Y88         LUT5 (Prop_lut5_I4_O)        0.124  5174.239 r  u_core/u_store/mem_reg_i_259/O
                         net (fo=2, routed)           0.990  5175.229    u_core/u_store/u_fabric/r2625
    SLICE_X57Y76         LUT5 (Prop_lut5_I1_O)        0.124  5175.354 r  u_core/u_store/mem_reg_i_172__0/O
                         net (fo=2, routed)           0.502  5175.855    u_core/u_store/mem_reg_i_172__0_n_0
    SLICE_X56Y76         LUT5 (Prop_lut5_I4_O)        0.124  5175.979 r  u_core/u_store/mem_reg_i_99__0/O
                         net (fo=15, routed)          0.816  5176.795    u_core/u_store/u_fabric/r3276
    SLICE_X48Y82         LUT6 (Prop_lut6_I5_O)        0.124  5176.919 r  u_core/u_store/a_q[22]_i_13/O
                         net (fo=1, routed)           0.491  5177.411    u_core/u_store/a_q[22]_i_13_n_0
    SLICE_X48Y82         LUT5 (Prop_lut5_I4_O)        0.124  5177.535 r  u_core/u_store/a_q[22]_i_6/O
                         net (fo=1, routed)           0.280  5177.814    u_core/u_store/a_q[22]_i_6_n_0
    SLICE_X48Y82         LUT5 (Prop_lut5_I0_O)        0.124  5177.938 r  u_core/u_store/a_q[22]_i_3/O
                         net (fo=18, routed)          1.892  5179.831    u_core/u_store/u_fabric/r2810
    SLICE_X67Y118        LUT6 (Prop_lut6_I5_O)        0.124  5179.955 r  u_core/u_store/q_i_72__9/O
                         net (fo=1, routed)           0.583  5180.538    u_core/u_store/q_i_72__9_n_0
    SLICE_X59Y118        LUT6 (Prop_lut6_I0_O)        0.124  5180.662 r  u_core/u_store/q_i_70__14/O
                         net (fo=1, routed)           0.554  5181.217    u_core/u_store/q_i_70__14_n_0
    SLICE_X59Y115        LUT5 (Prop_lut5_I4_O)        0.124  5181.341 r  u_core/u_store/q_i_55__22/O
                         net (fo=11, routed)          1.288  5182.628    u_core/u_store/u_fabric/r3500
    SLICE_X83Y128        LUT6 (Prop_lut6_I4_O)        0.124  5182.752 r  u_core/u_store/q_i_34__27/O
                         net (fo=16, routed)          0.677  5183.429    u_core/u_store/u_fabric/r2325
    SLICE_X86Y123        LUT5 (Prop_lut5_I3_O)        0.124  5183.553 r  u_core/u_store/q_i_14__13/O
                         net (fo=1, routed)           0.414  5183.967    u_core/u_store/u_fabric/u_clb_x8y5/t_115
    SLICE_X83Y123        LUT5 (Prop_lut5_I0_O)        0.124  5184.091 r  u_core/u_store/q_i_7__15/O
                         net (fo=5, routed)           0.761  5184.852    u_core/u_store/u_fabric/r2315
    SLICE_X67Y121        LUT6 (Prop_lut6_I5_O)        0.124  5184.976 r  u_core/u_store/q_i_26__17/O
                         net (fo=2, routed)           0.584  5185.560    u_core/u_store/q_i_26__17_n_0
    SLICE_X81Y121        LUT5 (Prop_lut5_I4_O)        0.124  5185.684 r  u_core/u_store/d_q[22]_i_8__0/O
                         net (fo=2, routed)           0.502  5186.186    u_core/u_store/d_q[22]_i_8__0_n_0
    SLICE_X82Y117        LUT6 (Prop_lut6_I3_O)        0.124  5186.310 f  u_core/u_store/a_q[23]_i_73/O
                         net (fo=1, routed)           0.818  5187.128    u_core/u_store/a_q[23]_i_73_n_0
    SLICE_X80Y126        LUT6 (Prop_lut6_I3_O)        0.124  5187.252 r  u_core/u_store/a_q[23]_i_71/O
                         net (fo=1, routed)           0.628  5187.879    u_core/u_store/a_q[23]_i_71_n_0
    SLICE_X67Y128        LUT5 (Prop_lut5_I0_O)        0.124  5188.003 r  u_core/u_store/a_q[23]_i_69/O
                         net (fo=1, routed)           0.475  5188.479    u_core/u_store/a_q[23]_i_69_n_0
    SLICE_X66Y128        LUT6 (Prop_lut6_I1_O)        0.124  5188.603 r  u_core/u_store/a_q[23]_i_63/O
                         net (fo=1, routed)           0.444  5189.047    u_core/u_store/a_q[23]_i_63_n_0
    SLICE_X60Y128        LUT6 (Prop_lut6_I0_O)        0.124  5189.171 r  u_core/u_store/a_q[23]_i_44/O
                         net (fo=1, routed)           0.430  5189.601    u_core/u_store/a_q[23]_i_44_n_0
    SLICE_X60Y127        LUT6 (Prop_lut6_I0_O)        0.124  5189.725 r  u_core/u_store/a_q[23]_i_20__0/O
                         net (fo=15, routed)          0.451  5190.176    u_core/u_store/u_fabric/r3496
    SLICE_X57Y127        LUT6 (Prop_lut6_I5_O)        0.124  5190.300 r  u_core/u_store/q_i_33__14/O
                         net (fo=1, routed)           0.263  5190.563    u_core/u_store/q_i_33__14_n_0
    SLICE_X57Y127        LUT6 (Prop_lut6_I1_O)        0.124  5190.687 r  u_core/u_store/q_i_16__11/O
                         net (fo=3, routed)           0.969  5191.656    u_core/u_store/u_fabric/r2991
    SLICE_X54Y109        LUT5 (Prop_lut5_I0_O)        0.124  5191.780 r  u_core/u_store/d_q[24]_i_15/O
                         net (fo=2, routed)           0.580  5192.359    u_core/u_store/d_q[24]_i_15_n_0
    SLICE_X56Y111        LUT5 (Prop_lut5_I4_O)        0.124  5192.483 r  u_core/u_store/d_q[24]_i_7/O
                         net (fo=1, routed)           0.000  5192.483    u_core/u_store/d_q[24]_i_7_n_0
    SLICE_X56Y111        MUXF7 (Prop_muxf7_I0_O)      0.212  5192.695 r  u_core/u_store/d_q_reg[24]_i_3/O
                         net (fo=23, routed)          0.702  5193.398    u_core/u_store/u_fabric/r3437
    SLICE_X57Y104        LUT6 (Prop_lut6_I5_O)        0.299  5193.697 r  u_core/u_store/reg_qa[17]_i_22/O
                         net (fo=2, routed)           0.586  5194.282    u_core/u_store/reg_qa[17]_i_22_n_0
    SLICE_X57Y103        LUT5 (Prop_lut5_I0_O)        0.124  5194.406 r  u_core/u_store/reg_qa[17]_i_11/O
                         net (fo=17, routed)          1.060  5195.467    u_core/u_store/u_fabric/r2809
    SLICE_X54Y89         LUT6 (Prop_lut6_I5_O)        0.124  5195.591 r  u_core/u_store/q_i_55__11/O
                         net (fo=1, routed)           0.466  5196.057    u_core/u_store/q_i_55__11_n_0
    SLICE_X54Y89         LUT5 (Prop_lut5_I4_O)        0.124  5196.181 r  u_core/u_store/q_i_44__23/O
                         net (fo=2, routed)           0.457  5196.638    u_core/u_store/q_i_44__23_n_0
    SLICE_X57Y89         LUT5 (Prop_lut5_I0_O)        0.124  5196.762 r  u_core/u_store/q_i_49__27/O
                         net (fo=1, routed)           0.284  5197.046    u_core/u_store/q_i_49__27_n_0
    SLICE_X59Y89         LUT6 (Prop_lut6_I0_O)        0.124  5197.170 r  u_core/u_store/q_i_25__20/O
                         net (fo=2, routed)           0.703  5197.874    u_core/u_store/u_fabric/r3311
    SLICE_X56Y80         LUT6 (Prop_lut6_I2_O)        0.124  5197.998 r  u_core/u_store/q_i_11__32/O
                         net (fo=3, routed)           0.748  5198.746    u_core/u_store/u_fabric/r308
    SLICE_X52Y84         LUT5 (Prop_lut5_I1_O)        0.124  5198.870 r  u_core/u_store/q_i_7__0/O
                         net (fo=3, routed)           0.181  5199.051    u_core/u_store/u_fabric/u_clb_x4y1/lut_o6
    SLICE_X52Y84         LUT5 (Prop_lut5_I4_O)        0.124  5199.175 r  u_core/u_store/q_i_3__1/O
                         net (fo=2, routed)           0.161  5199.336    u_core/u_store/u_fabric/u_clb_x4y1/comb
    SLICE_X52Y84         LUT3 (Prop_lut3_I2_O)        0.124  5199.460 r  u_core/u_store/sr[2]_i_2/O
                         net (fo=4, routed)           0.791  5200.251    u_core/u_store/q_reg[2]
    SLICE_X60Y85         LUT5 (Prop_lut5_I4_O)        0.124  5200.375 r  u_core/u_store/q_i_36__21/O
                         net (fo=2, routed)           0.614  5200.989    u_core/u_store/q_i_36__21_n_0
    SLICE_X59Y85         LUT6 (Prop_lut6_I5_O)        0.124  5201.113 r  u_core/u_store/q_i_28__14/O
                         net (fo=15, routed)          0.668  5201.781    u_core/u_store/u_fabric/r3302
    SLICE_X66Y88         LUT6 (Prop_lut6_I5_O)        0.124  5201.905 r  u_core/u_store/we_qa_i_14/O
                         net (fo=1, routed)           0.000  5201.905    u_core/u_store/we_qa_i_14_n_0
    SLICE_X66Y88         MUXF7 (Prop_muxf7_I1_O)      0.214  5202.119 r  u_core/u_store/we_qa_reg_i_11/O
                         net (fo=2, routed)           0.468  5202.586    u_core/u_store/we_qa_reg_i_11_n_0
    SLICE_X66Y88         LUT6 (Prop_lut6_I5_O)        0.297  5202.883 r  u_core/u_store/mem_reg_i_439/O
                         net (fo=1, routed)           0.683  5203.566    u_core/u_store/u_fabric/r2633
    SLICE_X61Y78         LUT6 (Prop_lut6_I5_O)        0.124  5203.690 r  u_core/u_store/mem_reg_i_383/O
                         net (fo=1, routed)           0.348  5204.038    u_core/u_store/mem_reg_i_383_n_0
    SLICE_X60Y78         LUT5 (Prop_lut5_I2_O)        0.124  5204.162 r  u_core/u_store/mem_reg_i_306/O
                         net (fo=3, routed)           0.613  5204.774    u_core/u_store/u_fabric/r3249
    SLICE_X66Y81         LUT6 (Prop_lut6_I5_O)        0.124  5204.898 r  u_core/u_store/c_q[39]_i_4/O
                         net (fo=3, routed)           0.634  5205.532    u_core/u_store/c_q[39]_i_4_n_0
    SLICE_X67Y81         LUT6 (Prop_lut6_I5_O)        0.124  5205.656 r  u_core/u_store/mem_reg_i_363__0/O
                         net (fo=5, routed)           1.317  5206.973    u_core/u_store/u_fabric/r3320
    SLICE_X87Y98         LUT6 (Prop_lut6_I5_O)        0.124  5207.097 r  u_core/u_store/b_q[15]_i_20/O
                         net (fo=1, routed)           0.403  5207.500    u_core/u_store/b_q[15]_i_20_n_0
    SLICE_X87Y98         LUT5 (Prop_lut5_I0_O)        0.124  5207.625 r  u_core/u_store/b_q[15]_i_12/O
                         net (fo=2, routed)           0.528  5208.152    u_core/u_store/u_fabric/r2742
    SLICE_X86Y97         LUT6 (Prop_lut6_I4_O)        0.124  5208.276 r  u_core/u_store/b_q[15]_i_5/O
                         net (fo=1, routed)           0.286  5208.563    u_core/u_store/b_q[15]_i_5_n_0
    SLICE_X86Y97         LUT5 (Prop_lut5_I2_O)        0.124  5208.687 r  u_core/u_store/b_q[15]_i_2/O
                         net (fo=20, routed)          0.486  5209.173    u_core/u_store/u_fabric/r3388
    SLICE_X86Y93         LUT6 (Prop_lut6_I5_O)        0.124  5209.297 r  u_core/u_store/din_qa[15]_i_11/O
                         net (fo=1, routed)           0.000  5209.297    u_core/u_store/din_qa[15]_i_11_n_0
    SLICE_X86Y93         MUXF7 (Prop_muxf7_I1_O)      0.214  5209.511 r  u_core/u_store/din_qa_reg[15]_i_4/O
                         net (fo=13, routed)          1.178  5210.689    u_core/u_store/u_fabric/r3049
    SLICE_X65Y81         LUT6 (Prop_lut6_I5_O)        0.297  5210.986 r  u_core/u_store/mem_reg_i_333__0/O
                         net (fo=1, routed)           0.000  5210.986    u_core/u_store/mem_reg_i_333__0_n_0
    SLICE_X65Y81         MUXF7 (Prop_muxf7_I1_O)      0.217  5211.203 r  u_core/u_store/mem_reg_i_274/O
                         net (fo=2, routed)           0.449  5211.652    u_core/u_store/mem_reg_i_274_n_0
    SLICE_X65Y81         LUT6 (Prop_lut6_I5_O)        0.299  5211.951 r  u_core/u_store/mem_reg_i_184__0/O
                         net (fo=14, routed)          1.639  5213.590    u_core/u_store/u_fabric/r3027
    SLICE_X99Y73         LUT6 (Prop_lut6_I3_O)        0.124  5213.714 r  u_core/u_store/mem_reg_i_424/O
                         net (fo=1, routed)           0.263  5213.977    u_core/u_store/mem_reg_i_424_n_0
    SLICE_X99Y73         LUT6 (Prop_lut6_I2_O)        0.124  5214.101 r  u_core/u_store/mem_reg_i_360/O
                         net (fo=11, routed)          1.164  5215.265    u_core/u_store/u_fabric/r3161
    SLICE_X106Y82        LUT6 (Prop_lut6_I4_O)        0.124  5215.389 r  u_core/u_store/q_i_28__28/O
                         net (fo=5, routed)           0.724  5216.114    u_core/u_store/u_fabric/r957
    SLICE_X107Y79        LUT6 (Prop_lut6_I2_O)        0.124  5216.238 r  u_core/u_store/q_i_35__3/O
                         net (fo=2, routed)           0.417  5216.654    u_core/u_store/u_fabric/u_clb_x1y2/t_120
    SLICE_X107Y79        LUT5 (Prop_lut5_I4_O)        0.124  5216.778 r  u_core/u_store/q_i_18__1/O
                         net (fo=6, routed)           0.678  5217.456    u_core/u_store/u_fabric/r953
    SLICE_X106Y85        LUT6 (Prop_lut6_I5_O)        0.124  5217.580 r  u_core/u_store/q_i_21__22/O
                         net (fo=2, routed)           0.437  5218.018    u_core/u_store/q_i_21__22_n_0
    SLICE_X106Y85        LUT4 (Prop_lut4_I1_O)        0.124  5218.142 r  u_core/u_store/capture_reg_i_8__3/O
                         net (fo=1, routed)           0.497  5218.639    u_core/u_store/capture_reg_i_8__3_n_0
    SLICE_X107Y85        LUT5 (Prop_lut5_I4_O)        0.124  5218.763 r  u_core/u_store/capture_reg_i_6__1/O
                         net (fo=1, routed)           0.000  5218.763    u_core/u_store/capture_reg_i_6__1_n_0
    SLICE_X107Y85        MUXF7 (Prop_muxf7_I0_O)      0.212  5218.975 r  u_core/u_store/capture_reg_reg_i_5/O
                         net (fo=3, routed)           0.716  5219.690    u_core/u_store/u_fabric/r3097
    SLICE_X108Y81        LUT4 (Prop_lut4_I3_O)        0.292  5219.982 r  u_core/u_store/mem_reg_i_239__0/O
                         net (fo=5, routed)           0.461  5220.443    u_core/u_store/u_fabric/r2602
    SLICE_X109Y80        LUT6 (Prop_lut6_I3_O)        0.331  5220.774 r  u_core/u_store/q_i_83__2/O
                         net (fo=1, routed)           0.151  5220.925    u_core/u_store/q_i_83__2_n_0
    SLICE_X109Y80        LUT6 (Prop_lut6_I0_O)        0.124  5221.049 r  u_core/u_store/q_i_77__5/O
                         net (fo=2, routed)           0.712  5221.761    u_core/u_store/q_i_77__5_n_0
    SLICE_X110Y78        LUT3 (Prop_lut3_I2_O)        0.118  5221.879 r  u_core/u_store/q_i_59__24/O
                         net (fo=15, routed)          0.787  5222.667    u_core/u_store/u_fabric/r3164
    SLICE_X98Y78         LUT6 (Prop_lut6_I3_O)        0.326  5222.993 r  u_core/u_store/q_i_73__5/O
                         net (fo=1, routed)           0.161  5223.154    u_core/u_store/q_i_73__5_n_0
    SLICE_X98Y78         LUT5 (Prop_lut5_I0_O)        0.124  5223.278 r  u_core/u_store/q_i_42__19/O
                         net (fo=7, routed)           1.005  5224.283    u_core/u_store/u_fabric/r3186
    SLICE_X100Y62        LUT6 (Prop_lut6_I2_O)        0.124  5224.407 r  u_core/u_store/q_i_19__12/O
                         net (fo=5, routed)           0.703  5225.110    u_core/u_store/u_fabric/r2353
    SLICE_X93Y68         LUT5 (Prop_lut5_I3_O)        0.124  5225.234 r  u_core/u_store/din_qa[13]_i_5/O
                         net (fo=1, routed)           0.453  5225.687    u_core/u_store/u_fabric/u_clb_x1y6/t_121
    SLICE_X93Y70         LUT6 (Prop_lut6_I5_O)        0.124  5225.811 r  u_core/u_store/din_qa[13]_i_4__0/O
                         net (fo=7, routed)           1.313  5227.124    u_core/u_store/u_fabric/r3022
    SLICE_X59Y67         LUT4 (Prop_lut4_I3_O)        0.124  5227.248 r  u_core/u_store/din_qa[11]_i_5/O
                         net (fo=2, routed)           1.033  5228.281    u_core/u_store/u_fabric/r3301
    SLICE_X52Y83         LUT5 (Prop_lut5_I0_O)        0.124  5228.405 r  u_core/u_store/q_i_71__12/O
                         net (fo=2, routed)           1.056  5229.461    u_core/u_store/u_fabric/r2966
    SLICE_X67Y87         LUT6 (Prop_lut6_I5_O)        0.124  5229.585 r  u_core/u_store/mem_reg_i_359/O
                         net (fo=2, routed)           0.882  5230.468    u_core/u_store/mem_reg_i_359_n_0
    SLICE_X82Y87         LUT6 (Prop_lut6_I2_O)        0.124  5230.592 r  u_core/u_store/q_i_57__31/O
                         net (fo=2, routed)           1.292  5231.884    u_core/u_store/q_i_57__31_n_0
    SLICE_X97Y100        LUT6 (Prop_lut6_I1_O)        0.124  5232.008 r  u_core/u_store/q_i_51__14/O
                         net (fo=1, routed)           0.000  5232.008    u_core/u_store/u_fabric/u_clb_x5y6/t_95
    SLICE_X97Y100        MUXF7 (Prop_muxf7_I1_O)      0.217  5232.225 r  u_core/u_store/q_reg_i_36__2/O
                         net (fo=1, routed)           0.291  5232.516    u_core/u_store/u_fabric/u_clb_x5y6/t_111
    SLICE_X95Y100        LUT5 (Prop_lut5_I0_O)        0.299  5232.814 r  u_core/u_store/q_i_17__9/O
                         net (fo=1, routed)           0.412  5233.227    u_core/u_store/u_fabric/u_clb_x5y6/t_123
    SLICE_X97Y99         LUT5 (Prop_lut5_I0_O)        0.124  5233.351 r  u_core/u_store/q_i_8__22/O
                         net (fo=2, routed)           0.561  5233.912    u_core/u_store/u_fabric/u_clb_x5y6/lut_o6
    SLICE_X101Y100       LUT5 (Prop_lut5_I4_O)        0.124  5234.036 r  u_core/u_store/q_i_6__19/O
                         net (fo=1, routed)           0.453  5234.489    u_core/u_store/u_fabric/u_clb_x5y6/cy_sum
    SLICE_X97Y98         LUT5 (Prop_lut5_I0_O)        0.124  5234.613 r  u_core/u_store/q_i_3__26/O
                         net (fo=3, routed)           0.423  5235.036    u_core/u_store/u_fabric/u_clb_x5y6/comb
    SLICE_X95Y99         LUT5 (Prop_lut5_I4_O)        0.124  5235.160 r  u_core/u_store/c_q[14]_i_5/O
                         net (fo=1, routed)           0.452  5235.612    u_core/u_store/c_q[14]_i_5_n_0
    SLICE_X92Y99         LUT6 (Prop_lut6_I4_O)        0.124  5235.736 r  u_core/u_store/c_q[14]_i_3__0/O
                         net (fo=13, routed)          0.810  5236.546    u_core/u_store/u_fabric/r3401
    SLICE_X81Y94         LUT6 (Prop_lut6_I5_O)        0.124  5236.670 r  u_core/u_store/din_qa[5]_i_34/O
                         net (fo=1, routed)           0.964  5237.634    u_core/u_store/u_fabric/r2987
    SLICE_X61Y86         LUT6 (Prop_lut6_I4_O)        0.124  5237.758 r  u_core/u_store/din_qa[5]_i_27/O
                         net (fo=1, routed)           0.433  5238.191    u_core/u_store/din_qa[5]_i_27_n_0
    SLICE_X61Y86         LUT5 (Prop_lut5_I2_O)        0.124  5238.315 r  u_core/u_store/din_qa[5]_i_17/O
                         net (fo=16, routed)          0.604  5238.919    u_core/u_store/u_fabric/r3327
    SLICE_X63Y90         LUT5 (Prop_lut5_I4_O)        0.124  5239.043 r  u_core/u_store/c_q[12]_i_7/O
                         net (fo=1, routed)           0.918  5239.961    u_core/u_store/c_q[12]_i_7_n_0
    SLICE_X80Y98         LUT6 (Prop_lut6_I0_O)        0.124  5240.085 r  u_core/u_store/c_q[12]_i_4/O
                         net (fo=16, routed)          1.707  5241.793    u_core/u_store/u_fabric/r2820
    SLICE_X47Y105        LUT6 (Prop_lut6_I5_O)        0.124  5241.917 r  u_core/u_store/c_q[41]_i_10/O
                         net (fo=1, routed)           0.282  5242.199    u_core/u_store/c_q[41]_i_10_n_0
    SLICE_X45Y105        LUT6 (Prop_lut6_I5_O)        0.124  5242.323 r  u_core/u_store/c_q[41]_i_4__0/O
                         net (fo=1, routed)           0.433  5242.756    u_core/u_store/c_q[41]_i_4__0_n_0
    SLICE_X45Y105        LUT5 (Prop_lut5_I0_O)        0.124  5242.880 r  u_core/u_store/c_q[41]_i_2/O
                         net (fo=15, routed)          1.390  5244.271    u_core/u_store/u_fabric/r3415
    SLICE_X60Y120        LUT6 (Prop_lut6_I5_O)        0.124  5244.395 r  u_core/u_store/q_i_21__12/O
                         net (fo=17, routed)          0.681  5245.076    u_core/u_store/u_fabric/r1230
    SLICE_X58Y115        LUT6 (Prop_lut6_I4_O)        0.124  5245.200 r  u_core/u_store/q_i_75__0/O
                         net (fo=1, routed)           0.000  5245.200    u_core/u_store/u_fabric/u_clb_x7y3/t_105
    SLICE_X58Y115        MUXF7 (Prop_muxf7_I1_O)      0.214  5245.414 r  u_core/u_store/q_reg_i_45__1/O
                         net (fo=1, routed)           0.691  5246.105    u_core/u_store/u_fabric/u_clb_x7y3/t_116
    SLICE_X58Y125        LUT6 (Prop_lut6_I5_O)        0.297  5246.402 r  u_core/u_store/q_i_20__2/O
                         net (fo=1, routed)           0.669  5247.071    u_core/u_store/u_fabric/u_clb_x7y3/t_125
    SLICE_X57Y121        LUT6 (Prop_lut6_I0_O)        0.124  5247.195 r  u_core/u_store/q_i_10__9/O
                         net (fo=3, routed)           0.801  5247.996    u_core/u_store/u_fabric/u_clb_x7y3/lut_o6
    SLICE_X53Y123        LUT6 (Prop_lut6_I4_O)        0.124  5248.120 r  u_core/u_store/q_i_6__10/O
                         net (fo=2, routed)           0.567  5248.687    u_core/u_store/u_fabric/u_clb_x7y3/cy_mux
    SLICE_X52Y120        LUT5 (Prop_lut5_I3_O)        0.124  5248.811 r  u_core/u_store/q_i_6__14/O
                         net (fo=3, routed)           0.604  5249.415    u_core/u_store/u_fabric/r2126
    SLICE_X50Y119        LUT6 (Prop_lut6_I0_O)        0.124  5249.539 r  u_core/u_store/sr[28]_i_2__0/O
                         net (fo=2, routed)           0.560  5250.098    u_core/u_store/q_reg[20]
    SLICE_X59Y119        LUT5 (Prop_lut5_I4_O)        0.124  5250.222 r  u_core/u_store/q_i_70__9/O
                         net (fo=2, routed)           0.454  5250.676    u_core/u_store/q_i_70__9_n_0
    SLICE_X60Y118        LUT5 (Prop_lut5_I4_O)        0.124  5250.800 r  u_core/u_store/q_i_53__22/O
                         net (fo=15, routed)          1.226  5252.026    u_core/u_store/u_fabric/r3489
    SLICE_X84Y126        LUT6 (Prop_lut6_I5_O)        0.124  5252.150 r  u_core/u_store/q_i_28__9/O
                         net (fo=18, routed)          0.708  5252.857    u_core/u_store/u_fabric/r2324
    SLICE_X89Y119        LUT6 (Prop_lut6_I4_O)        0.124  5252.981 r  u_core/u_store/q_i_65__8/O
                         net (fo=1, routed)           0.000  5252.981    u_core/u_store/u_fabric/u_clb_x8y5/t_107
    SLICE_X89Y119        MUXF7 (Prop_muxf7_I1_O)      0.217  5253.198 r  u_core/u_store/q_reg_i_46__0/O
                         net (fo=1, routed)           0.000  5253.198    u_core/u_store/u_fabric/u_clb_x8y5/t_117
    SLICE_X89Y119        MUXF8 (Prop_muxf8_I1_O)      0.094  5253.292 r  u_core/u_store/q_reg_i_20__7/O
                         net (fo=1, routed)           0.634  5253.926    u_core/u_store/u_fabric/u_clb_x8y5/t_122
    SLICE_X89Y124        LUT5 (Prop_lut5_I2_O)        0.316  5254.242 r  u_core/u_store/q_i_8__18/O
                         net (fo=3, routed)           0.575  5254.817    u_core/u_store/u_fabric/u_clb_x8y5/lut_o6
    SLICE_X86Y123        LUT5 (Prop_lut5_I4_O)        0.124  5254.941 r  u_core/u_store/q_i_6__16/O
                         net (fo=1, routed)           0.600  5255.542    u_core/u_store/u_fabric/u_clb_x8y5/cy_sum
    SLICE_X86Y125        LUT5 (Prop_lut5_I0_O)        0.124  5255.666 r  u_core/u_store/q_i_3__22/O
                         net (fo=3, routed)           0.620  5256.286    u_core/u_store/u_fabric/u_clb_x8y5/comb
    SLICE_X82Y124        LUT6 (Prop_lut6_I3_O)        0.124  5256.410 r  u_core/u_store/capture_reg_i_8__8/O
                         net (fo=2, routed)           0.461  5256.871    u_core/u_store/capture_reg_i_8__8_n_0
    SLICE_X80Y124        LUT5 (Prop_lut5_I4_O)        0.124  5256.995 r  u_core/u_store/capture_reg_i_3__16/O
                         net (fo=5, routed)           0.553  5257.548    u_core/u_store/u_fabric/r3560
    SLICE_X65Y128        LUT6 (Prop_lut6_I2_O)        0.124  5257.672 r  u_core/u_store/q_i_16__10/O
                         net (fo=5, routed)           0.682  5258.354    u_core/u_store/u_fabric/r2483
    SLICE_X89Y128        MUXF8 (Prop_muxf8_S_O)       0.273  5258.627 r  u_core/u_store/q_reg_i_21__2/O
                         net (fo=2, routed)           0.495  5259.122    u_core/u_store/u_fabric/u_clb_x8y6/t_122
    SLICE_X89Y126        LUT5 (Prop_lut5_I4_O)        0.316  5259.438 r  u_core/u_store/a_q[23]_i_20/O
                         net (fo=1, routed)           0.436  5259.874    u_core/u_store/u_fabric/u_clb_x8y6/t_125
    SLICE_X87Y126        LUT4 (Prop_lut4_I2_O)        0.124  5259.998 r  u_core/u_store/a_q[23]_i_16/O
                         net (fo=1, routed)           0.403  5260.400    u_core/u_store/a_q[23]_i_16_n_0
    SLICE_X87Y127        LUT5 (Prop_lut5_I4_O)        0.124  5260.524 r  u_core/u_store/a_q[23]_i_10/O
                         net (fo=1, routed)           0.657  5261.182    u_core/u_store/clb_o[35]
    SLICE_X83Y122        LUT6 (Prop_lut6_I5_O)        0.124  5261.306 r  u_core/u_store/a_q[23]_i_4__0/O
                         net (fo=1, routed)           0.431  5261.737    u_core/u_store/a_q[23]_i_4__0_n_0
    SLICE_X84Y121        LUT6 (Prop_lut6_I2_O)        0.124  5261.861 r  u_core/u_store/a_q[23]_i_2__0/O
                         net (fo=10, routed)          1.086  5262.947    u_core/u_store/u_fabric/r3069
    SLICE_X64Y110        LUT5 (Prop_lut5_I4_O)        0.124  5263.071 r  u_core/u_store/c_q[26]_i_4__0/O
                         net (fo=21, routed)          0.898  5263.969    u_core/u_store/u_fabric/r3445
    SLICE_X49Y110        LUT5 (Prop_lut5_I4_O)        0.124  5264.093 r  u_core/u_store/c_q[40]_i_7__0/O
                         net (fo=1, routed)           0.433  5264.526    u_core/u_store/c_q[40]_i_7__0_n_0
    SLICE_X49Y110        LUT5 (Prop_lut5_I0_O)        0.124  5264.650 r  u_core/u_store/c_q[40]_i_3/O
                         net (fo=22, routed)          0.705  5265.356    u_core/u_store/u_fabric/r3435
    SLICE_X55Y111        LUT6 (Prop_lut6_I5_O)        0.124  5265.480 r  u_core/u_store/c_q[43]_i_34/O
                         net (fo=1, routed)           0.403  5265.883    u_core/u_store/c_q[43]_i_34_n_0
    SLICE_X55Y111        LUT5 (Prop_lut5_I0_O)        0.124  5266.007 r  u_core/u_store/c_q[43]_i_28/O
                         net (fo=5, routed)           1.400  5267.407    u_core/u_store/u_fabric/r2832
    SLICE_X87Y120        LUT6 (Prop_lut6_I5_O)        0.124  5267.531 r  u_core/u_store/capture_reg_i_12/O
                         net (fo=1, routed)           0.000  5267.531    u_core/u_store/capture_reg_i_12_n_0
    SLICE_X87Y120        MUXF7 (Prop_muxf7_I1_O)      0.217  5267.748 r  u_core/u_store/capture_reg_reg_i_6/O
                         net (fo=1, routed)           0.434  5268.182    u_core/u_store/capture_reg_reg_i_6_n_0
    SLICE_X87Y119        LUT6 (Prop_lut6_I5_O)        0.299  5268.481 r  u_core/u_store/capture_reg_i_3__12/O
                         net (fo=9, routed)           0.833  5269.314    u_core/u_store/u_fabric/r3554
    SLICE_X66Y116        LUT6 (Prop_lut6_I4_O)        0.124  5269.438 r  u_core/u_store/q_i_38__12/O
                         net (fo=1, routed)           0.599  5270.038    u_core/u_store/q_i_38__12_n_0
    SLICE_X67Y124        LUT6 (Prop_lut6_I0_O)        0.124  5270.162 r  u_core/u_store/q_i_18__12/O
                         net (fo=3, routed)           0.922  5271.084    u_core/u_store/u_fabric/r2484
    SLICE_X89Y120        LUT5 (Prop_lut5_I3_O)        0.124  5271.208 r  u_core/u_store/q_i_7__20/O
                         net (fo=5, routed)           0.483  5271.691    u_core/u_store/u_fabric/r2479
    SLICE_X81Y118        LUT6 (Prop_lut6_I5_O)        0.124  5271.815 r  u_core/u_store/q_i_72__15/O
                         net (fo=2, routed)           0.149  5271.964    u_core/u_store/q_i_72__15_n_0
    SLICE_X81Y118        LUT4 (Prop_lut4_I1_O)        0.124  5272.088 r  u_core/u_store/q_i_47__23/O
                         net (fo=1, routed)           0.801  5272.890    u_core/u_store/u_fabric/r3567
    SLICE_X86Y124        LUT4 (Prop_lut4_I0_O)        0.117  5273.007 r  u_core/u_store/q_i_22__24/O
                         net (fo=2, routed)           0.952  5273.959    u_core/u_store/u_fabric/r2485
    SLICE_X88Y126        LUT5 (Prop_lut5_I3_O)        0.331  5274.290 r  u_core/u_store/q_i_8__23/O
                         net (fo=2, routed)           0.294  5274.584    u_core/u_store/u_fabric/u_clb_x8y6/lut_o6
    SLICE_X87Y126        LUT6 (Prop_lut6_I5_O)        0.124  5274.708 r  u_core/u_store/q_i_6__23/O
                         net (fo=2, routed)           0.161  5274.869    u_core/u_store/u_fabric/u_clb_x8y6/cy_sum
    SLICE_X87Y126        LUT5 (Prop_lut5_I0_O)        0.124  5274.993 r  u_core/u_store/q_i_3__28/O
                         net (fo=4, routed)           0.776  5275.769    u_core/u_store/comb_7
    SLICE_X84Y114        LUT6 (Prop_lut6_I3_O)        0.124  5275.893 r  u_core/u_store/a_q[22]_i_4/O
                         net (fo=9, routed)           0.906  5276.799    u_core/u_store/u_fabric/r3555
    SLICE_X86Y124        LUT5 (Prop_lut5_I4_O)        0.124  5276.923 r  u_core/u_store/a_q[21]_i_8__0/O
                         net (fo=5, routed)           1.494  5278.417    u_core/u_store/u_fabric/r2923
    SLICE_X61Y102        LUT6 (Prop_lut6_I1_O)        0.124  5278.541 r  u_core/u_store/c_q[24]_i_6/O
                         net (fo=1, routed)           0.154  5278.695    u_core/u_store/c_q[24]_i_6_n_0
    SLICE_X61Y102        LUT5 (Prop_lut5_I2_O)        0.124  5278.819 r  u_core/u_store/c_q[24]_i_3/O
                         net (fo=20, routed)          1.273  5280.092    u_core/u_store/u_fabric/r3433
    SLICE_X48Y114        LUT6 (Prop_lut6_I5_O)        0.124  5280.216 r  u_core/u_store/q_i_38__13/O
                         net (fo=8, routed)           1.376  5281.592    u_core/u_store/u_fabric/r2136
    SLICE_X59Y127        MUXF7 (Prop_muxf7_S_O)       0.276  5281.868 r  u_core/u_store/q_reg_i_35__0/O
                         net (fo=1, routed)           1.075  5282.943    u_core/u_store/u_fabric/u_clb_x7y4/t_117
    SLICE_X53Y119        LUT3 (Prop_lut3_I2_O)        0.299  5283.242 r  u_core/u_store/q_i_16__6/O
                         net (fo=1, routed)           0.402  5283.644    u_core/u_store/u_fabric/u_clb_x7y4/t_122
    SLICE_X53Y119        LUT5 (Prop_lut5_I2_O)        0.124  5283.768 r  u_core/u_store/q_i_8__12/O
                         net (fo=3, routed)           0.416  5284.184    u_core/u_store/u_fabric/u_clb_x7y4/lut_o6
    SLICE_X53Y120        LUT6 (Prop_lut6_I5_O)        0.124  5284.308 r  u_core/u_store/q_i_3__18/O
                         net (fo=3, routed)           0.595  5284.903    u_core/u_store/u_fabric/u_clb_x7y4/comb
    SLICE_X58Y122        LUT3 (Prop_lut3_I2_O)        0.124  5285.027 r  u_core/u_store/sr[22]_i_2/O
                         net (fo=2, routed)           0.744  5285.771    u_core/u_store/q_reg[16]
    SLICE_X55Y126        LUT5 (Prop_lut5_I4_O)        0.124  5285.895 r  u_core/u_store/c_q[44]_i_44/O
                         net (fo=2, routed)           0.537  5286.432    u_core/u_store/c_q[44]_i_44_n_0
    SLICE_X54Y126        LUT5 (Prop_lut5_I4_O)        0.124  5286.556 r  u_core/u_store/q_i_61__17/O
                         net (fo=1, routed)           0.449  5287.005    u_core/u_store/q_i_61__17_n_0
    SLICE_X60Y126        LUT6 (Prop_lut6_I3_O)        0.124  5287.129 r  u_core/u_store/q_i_56__30/O
                         net (fo=2, routed)           0.972  5288.101    u_core/u_store/q_i_56__30_n_0
    SLICE_X84Y129        LUT5 (Prop_lut5_I3_O)        0.124  5288.225 r  u_core/u_store/q_i_49__10/O
                         net (fo=1, routed)           0.421  5288.646    u_core/u_store/u_fabric/u_clb_x8y4/t_78
    SLICE_X84Y127        LUT5 (Prop_lut5_I2_O)        0.124  5288.770 r  u_core/u_store/q_i_30__6/O
                         net (fo=1, routed)           0.783  5289.553    u_core/u_store/u_fabric/u_clb_x8y4/t_115
    SLICE_X86Y123        LUT5 (Prop_lut5_I0_O)        0.124  5289.677 r  u_core/u_store/q_i_15__7/O
                         net (fo=4, routed)           0.462  5290.140    u_core/u_store/u_fabric/r2151
    SLICE_X82Y124        LUT6 (Prop_lut6_I5_O)        0.124  5290.264 r  u_core/u_store/q_i_55__21/O
                         net (fo=1, routed)           0.171  5290.435    u_core/u_store/q_i_55__21_n_0
    SLICE_X82Y124        LUT5 (Prop_lut5_I4_O)        0.124  5290.559 r  u_core/u_store/q_i_28__17/O
                         net (fo=1, routed)           0.304  5290.862    u_core/u_store/q_i_28__17_n_0
    SLICE_X81Y124        LUT5 (Prop_lut5_I2_O)        0.124  5290.986 r  u_core/u_store/q_i_13__25/O
                         net (fo=9, routed)           0.923  5291.910    u_core/u_store/u_fabric/r3541
    SLICE_X92Y121        LUT4 (Prop_lut4_I3_O)        0.124  5292.034 r  u_core/u_store/q_i_27__23/O
                         net (fo=1, routed)           0.502  5292.536    u_core/u_store/q_i_27__23_n_0
    SLICE_X92Y121        LUT6 (Prop_lut6_I5_O)        0.124  5292.660 r  u_core/u_store/q_i_12__19/O
                         net (fo=7, routed)           0.747  5293.407    u_core/u_store/u_fabric/r2156
    SLICE_X84Y123        LUT6 (Prop_lut6_I4_O)        0.124  5293.531 r  u_core/u_store/q_i_50__28/O
                         net (fo=1, routed)           0.312  5293.842    u_core/u_store/q_i_50__28_n_0
    SLICE_X82Y124        LUT5 (Prop_lut5_I4_O)        0.124  5293.966 r  u_core/u_store/q_i_25__21/O
                         net (fo=2, routed)           0.320  5294.286    u_core/u_store/u_fabric/r2924
    SLICE_X80Y124        LUT6 (Prop_lut6_I3_O)        0.124  5294.410 r  u_core/u_store/capture_reg_i_7/O
                         net (fo=2, routed)           0.162  5294.572    u_core/u_store/capture_reg_i_7_n_0
    SLICE_X80Y124        LUT6 (Prop_lut6_I2_O)        0.124  5294.696 r  u_core/u_store/c_q[34]_i_11/O
                         net (fo=1, routed)           0.778  5295.474    u_core/u_store/c_q[34]_i_11_n_0
    SLICE_X59Y125        LUT6 (Prop_lut6_I5_O)        0.124  5295.598 r  u_core/u_store/c_q[34]_i_10/O
                         net (fo=1, routed)           0.576  5296.174    u_core/u_store/c_q[34]_i_10_n_0
    SLICE_X53Y125        LUT5 (Prop_lut5_I4_O)        0.124  5296.298 r  u_core/u_store/c_q[34]_i_9/O
                         net (fo=1, routed)           0.883  5297.182    u_core/u_store/u_fabric/r2999
    SLICE_X53Y111        LUT6 (Prop_lut6_I5_O)        0.124  5297.306 r  u_core/u_store/c_q[34]_i_7/O
                         net (fo=2, routed)           0.300  5297.606    u_core/u_store/c_q[34]_i_7_n_0
    SLICE_X53Y111        LUT6 (Prop_lut6_I2_O)        0.124  5297.730 r  u_core/u_store/q_i_83__8/O
                         net (fo=2, routed)           0.842  5298.572    u_core/u_store/q_i_83__8_n_0
    SLICE_X49Y123        LUT6 (Prop_lut6_I1_O)        0.124  5298.696 r  u_core/u_store/q_i_81__2/O
                         net (fo=1, routed)           0.409  5299.105    u_core/u_store/u_fabric/u_clb_x7y6/t_78
    SLICE_X51Y123        LUT5 (Prop_lut5_I2_O)        0.124  5299.229 r  u_core/u_store/q_i_78__0/O
                         net (fo=1, routed)           0.432  5299.662    u_core/u_store/u_fabric/u_clb_x7y6/t_115
    SLICE_X50Y122        LUT5 (Prop_lut5_I0_O)        0.124  5299.786 r  u_core/u_store/q_i_76__0/O
                         net (fo=1, routed)           0.439  5300.225    u_core/u_store/u_fabric/r2453
    SLICE_X49Y121        LUT6 (Prop_lut6_I5_O)        0.124  5300.349 r  u_core/u_store/q_i_70__15/O
                         net (fo=1, routed)           0.665  5301.014    u_core/u_store/q_i_70__15_n_0
    SLICE_X53Y124        LUT6 (Prop_lut6_I3_O)        0.124  5301.138 r  u_core/u_store/q_i_60__19/O
                         net (fo=7, routed)           0.573  5301.710    u_core/u_store/u_fabric/r3507
    SLICE_X54Y123        LUT6 (Prop_lut6_I2_O)        0.124  5301.834 r  u_core/u_store/q_i_56__26/O
                         net (fo=2, routed)           0.584  5302.418    u_core/u_store/q_i_56__26_n_0
    SLICE_X56Y122        LUT3 (Prop_lut3_I0_O)        0.124  5302.542 r  u_core/u_store/q_i_62__22/O
                         net (fo=14, routed)          0.654  5303.197    u_core/u_store/u_fabric/r3493
    SLICE_X57Y122        LUT6 (Prop_lut6_I2_O)        0.124  5303.321 r  u_core/u_store/q_i_22__28/O
                         net (fo=3, routed)           1.010  5304.331    u_core/u_store/u_fabric/r2129
    SLICE_X53Y119        LUT3 (Prop_lut3_I0_O)        0.150  5304.480 r  u_core/u_store/q_i_14__9/O
                         net (fo=2, routed)           0.459  5304.939    u_core/u_store/u_fabric/u_clb_x7y4/t_120
    SLICE_X51Y117        LUT6 (Prop_lut6_I3_O)        0.326  5305.265 r  u_core/u_store/a_q[21]_i_24/O
                         net (fo=1, routed)           0.301  5305.566    u_core/u_store/a_q[21]_i_24_n_0
    SLICE_X51Y116        LUT5 (Prop_lut5_I4_O)        0.124  5305.690 r  u_core/u_store/a_q[21]_i_16__0/O
                         net (fo=3, routed)           0.871  5306.561    u_core/u_store/u_fabric/r2901
    SLICE_X52Y104        LUT5 (Prop_lut5_I0_O)        0.124  5306.685 r  u_core/u_store/c_q[10]_i_9/O
                         net (fo=1, routed)           0.376  5307.061    u_core/u_store/c_q[10]_i_9_n_0
    SLICE_X55Y104        LUT5 (Prop_lut5_I4_O)        0.124  5307.185 r  u_core/u_store/c_q[10]_i_6__0/O
                         net (fo=11, routed)          0.779  5307.964    u_core/u_store/u_fabric/r3456
    SLICE_X53Y111        LUT5 (Prop_lut5_I4_O)        0.124  5308.088 r  u_core/u_store/c_q[34]_i_6/O
                         net (fo=2, routed)           0.302  5308.390    u_core/u_store/c_q[34]_i_6_n_0
    SLICE_X53Y111        LUT5 (Prop_lut5_I0_O)        0.124  5308.514 r  u_core/u_store/c_q[34]_i_5/O
                         net (fo=5, routed)           1.402  5309.915    u_core/u_store/u_fabric/r3458
    SLICE_X62Y99         LUT5 (Prop_lut5_I4_O)        0.124  5310.039 r  u_core/u_store/mem_reg_i_181/O
                         net (fo=1, routed)           0.162  5310.201    u_core/u_store/mem_reg_i_181_n_0
    SLICE_X62Y99         LUT5 (Prop_lut5_I0_O)        0.124  5310.325 r  u_core/u_store/mem_reg_i_104__0/O
                         net (fo=13, routed)          0.532  5310.857    u_core/u_store/u_fabric/r3053
    SLICE_X63Y99         LUT6 (Prop_lut6_I5_O)        0.124  5310.981 r  u_core/u_store/c_q[36]_i_2/O
                         net (fo=1, routed)           1.162  5312.143    u_core/u_store/u_fabric/r2075
    SLICE_X42Y99         LUT3 (Prop_lut3_I2_O)        0.124  5312.267 r  u_core/u_store/c_q[36]_i_1__0/O
                         net (fo=2, routed)           0.600  5312.867    u_core/u_store/drive_reg[214][36]
    SLICE_X43Y99         LUT5 (Prop_lut5_I4_O)        0.124  5312.991 r  u_core/u_store/i__carry__8_i_12__0/O
                         net (fo=1, routed)           0.445  5313.436    u_core/u_store/i__carry__8_i_12__0_n_0
    SLICE_X49Y99         LUT5 (Prop_lut5_I4_O)        0.124  5313.560 r  u_core/u_store/i__carry__8_i_8__0/O
                         net (fo=1, routed)           0.000  5313.560    u_core/u_fabric/u_dsp1/u_core/p_q_reg[39]_0[0]
    SLICE_X49Y99         CARRY4 (Prop_carry4_S[0]_O[3])
                                                      0.606  5314.166 r  u_core/u_fabric/u_dsp1/u_core/__10/i__carry__8/O[3]
                         net (fo=3, routed)           0.468  5314.634    u_core/u_fabric/u_dsp1/u_core/__10/i__carry__8_n_4
    SLICE_X48Y99         LUT3 (Prop_lut3_I2_O)        0.306  5314.940 r  u_core/u_fabric/u_dsp1/u_core/a_q[21]_i_17/O
                         net (fo=2, routed)           0.633  5315.573    u_core/u_store/c_q[42]_i_5__0_0[80]
    SLICE_X52Y104        LUT5 (Prop_lut5_I1_O)        0.124  5315.697 r  u_core/u_store/a_q[21]_i_9/O
                         net (fo=1, routed)           0.391  5316.088    u_core/u_store/a_q[21]_i_9_n_0
    SLICE_X54Y104        LUT5 (Prop_lut5_I4_O)        0.124  5316.212 r  u_core/u_store/a_q[21]_i_3/O
                         net (fo=21, routed)          0.778  5316.990    u_core/u_store/u_fabric/r3425
    SLICE_X51Y98         LUT6 (Prop_lut6_I5_O)        0.124  5317.114 r  u_core/u_store/c_q[26]_i_2/O
                         net (fo=1, routed)           0.842  5317.955    u_core/u_store/u_fabric/r857
    SLICE_X57Y94         LUT3 (Prop_lut3_I2_O)        0.117  5318.072 r  u_core/u_store/c_q[26]_i_1/O
                         net (fo=2, routed)           0.496  5318.569    u_core/u_store/drive_reg[90][26]
    SLICE_X59Y94         LUT6 (Prop_lut6_I0_O)        0.332  5318.901 r  u_core/u_store/i__carry__5_i_10/O
                         net (fo=1, routed)           0.560  5319.461    u_core/u_fabric/u_dsp0/u_core/p_q_reg[27]_0
    SLICE_X55Y96         LUT4 (Prop_lut4_I3_O)        0.124  5319.585 r  u_core/u_fabric/u_dsp0/u_core/i__carry__5_i_6/O
                         net (fo=1, routed)           0.000  5319.585    u_core/u_fabric/u_dsp0/u_core/i__carry__5_i_6_n_0
    SLICE_X55Y96         CARRY4 (Prop_carry4_S[2]_O[3])
                                                      0.352  5319.938 r  u_core/u_fabric/u_dsp0/u_core/__10/i__carry__5/O[3]
                         net (fo=3, routed)           0.642  5320.580    u_core/u_fabric/u_dsp0/u_core/__10/i__carry__5_n_4
    SLICE_X52Y96         LUT3 (Prop_lut3_I2_O)        0.306  5320.886 r  u_core/u_fabric/u_dsp0/u_core/i__carry__1_i_13/O
                         net (fo=3, routed)           0.964  5321.850    u_core/u_fabric/u_dsp0/u_core/p_q_reg[47]_0[24]
    SLICE_X61Y106        LUT5 (Prop_lut5_I1_O)        0.124  5321.974 r  u_core/u_fabric/u_dsp0/u_core/c_q[36]_i_13/O
                         net (fo=1, routed)           0.000  5321.974    u_core/u_store/c_q[36]_i_3__0_0
    SLICE_X61Y106        MUXF7 (Prop_muxf7_I0_O)      0.212  5322.186 r  u_core/u_store/c_q_reg[36]_i_8/O
                         net (fo=2, routed)           0.427  5322.612    u_core/u_store/c_q_reg[36]_i_8_n_0
    SLICE_X62Y106        LUT5 (Prop_lut5_I4_O)        0.299  5322.911 r  u_core/u_store/c_q[36]_i_3__0/O
                         net (fo=14, routed)          0.329  5323.240    u_core/u_store/u_fabric/r2822
    SLICE_X63Y107        LUT6 (Prop_lut6_I5_O)        0.124  5323.364 r  u_core/u_store/c_q[40]_i_18__0/O
                         net (fo=1, routed)           0.000  5323.364    u_core/u_store/c_q[40]_i_18__0_n_0
    SLICE_X63Y107        MUXF7 (Prop_muxf7_I1_O)      0.217  5323.581 r  u_core/u_store/c_q_reg[40]_i_11/O
                         net (fo=2, routed)           0.307  5323.888    u_core/u_store/c_q_reg[40]_i_11_n_0
    SLICE_X63Y108        LUT5 (Prop_lut5_I4_O)        0.299  5324.187 r  u_core/u_store/c_q[40]_i_5/O
                         net (fo=16, routed)          0.638  5324.825    u_core/u_store/u_fabric/r3431
    SLICE_X61Y104        LUT6 (Prop_lut6_I5_O)        0.124  5324.949 r  u_core/u_store/b_q[14]_i_30/O
                         net (fo=1, routed)           0.631  5325.581    u_core/u_store/b_q[14]_i_30_n_0
    SLICE_X60Y108        LUT5 (Prop_lut5_I0_O)        0.124  5325.705 r  u_core/u_store/b_q[14]_i_29/O
                         net (fo=1, routed)           0.305  5326.010    u_core/u_store/b_q[14]_i_29_n_0
    SLICE_X60Y110        LUT5 (Prop_lut5_I0_O)        0.124  5326.134 r  u_core/u_store/b_q[14]_i_28/O
                         net (fo=1, routed)           0.573  5326.707    u_core/u_store/b_q[14]_i_28_n_0
    SLICE_X58Y111        LUT6 (Prop_lut6_I2_O)        0.124  5326.831 r  u_core/u_store/b_q[14]_i_27/O
                         net (fo=1, routed)           0.501  5327.332    u_core/u_store/b_q[14]_i_27_n_0
    SLICE_X58Y112        LUT5 (Prop_lut5_I2_O)        0.124  5327.456 r  u_core/u_store/b_q[14]_i_26/O
                         net (fo=1, routed)           0.929  5328.385    u_core/u_store/u_fabric/u_clb_x7y1/di
    SLICE_X52Y123        LUT6 (Prop_lut6_I1_O)        0.124  5328.509 r  u_core/u_store/b_q[14]_i_25/O
                         net (fo=1, routed)           0.306  5328.814    u_core/u_store/u_fabric/u_clb_x7y2/cy_mux
    SLICE_X52Y121        LUT5 (Prop_lut5_I3_O)        0.124  5328.938 r  u_core/u_store/b_q[14]_i_24/O
                         net (fo=1, routed)           0.442  5329.381    u_core/u_store/u_fabric/r1222
    SLICE_X52Y120        LUT6 (Prop_lut6_I3_O)        0.124  5329.505 r  u_core/u_store/b_q[14]_i_23/O
                         net (fo=1, routed)           0.287  5329.792    u_core/u_store/u_fabric/u_clb_x7y5/cy_mux
    SLICE_X51Y120        LUT5 (Prop_lut5_I0_O)        0.124  5329.916 r  u_core/u_store/b_q[14]_i_21/O
                         net (fo=1, routed)           0.660  5330.576    u_core/u_store/u_fabric/u_clb_x7y6/comb
    SLICE_X56Y120        LUT6 (Prop_lut6_I3_O)        0.124  5330.700 r  u_core/u_store/b_q[14]_i_14/O
                         net (fo=2, routed)           0.328  5331.029    u_core/u_store/b_q[14]_i_14_n_0
    SLICE_X58Y119        LUT5 (Prop_lut5_I4_O)        0.124  5331.153 r  u_core/u_store/b_q[14]_i_8/O
                         net (fo=3, routed)           0.992  5332.145    u_core/u_store/u_fabric/r3512
    SLICE_X81Y118        LUT4 (Prop_lut4_I2_O)        0.124  5332.269 r  u_core/u_store/q_i_73__13/O
                         net (fo=2, routed)           0.000  5332.269    u_core/u_store/q_i_73__13_n_0
    SLICE_X81Y118        MUXF7 (Prop_muxf7_I1_O)      0.217  5332.486 r  u_core/u_store/c_q_reg[40]_i_23/O
                         net (fo=1, routed)           0.748  5333.233    u_core/u_store/u_fabric/r3082
    SLICE_X80Y124        LUT6 (Prop_lut6_I3_O)        0.299  5333.532 r  u_core/u_store/c_q[40]_i_16__0/O
                         net (fo=7, routed)           0.991  5334.523    u_core/u_store/u_fabric/r2993
    SLICE_X54Y121        LUT5 (Prop_lut5_I4_O)        0.124  5334.647 r  u_core/u_store/q_i_78__3/O
                         net (fo=1, routed)           0.162  5334.810    u_core/u_store/q_i_78__3_n_0
    SLICE_X54Y121        LUT6 (Prop_lut6_I5_O)        0.124  5334.934 r  u_core/u_store/q_i_64__18/O
                         net (fo=2, routed)           0.656  5335.589    u_core/u_store/q_i_64__18_n_0
    SLICE_X55Y121        LUT5 (Prop_lut5_I4_O)        0.124  5335.713 r  u_core/u_store/c_q[12]_i_12/O
                         net (fo=1, routed)           0.516  5336.229    u_core/u_store/c_q[12]_i_12_n_0
    SLICE_X56Y115        LUT6 (Prop_lut6_I0_O)        0.124  5336.354 r  u_core/u_store/c_q[12]_i_6/O
                         net (fo=16, routed)          1.025  5337.378    u_core/u_store/u_fabric/r2815
    SLICE_X63Y102        LUT6 (Prop_lut6_I4_O)        0.124  5337.502 r  u_core/u_store/c_q[42]_i_9__0/O
                         net (fo=2, routed)           0.402  5337.904    u_core/u_store/c_q[42]_i_9__0_n_0
    SLICE_X63Y102        LUT5 (Prop_lut5_I2_O)        0.124  5338.028 r  u_core/u_store/c_q[42]_i_5__0/O
                         net (fo=16, routed)          0.924  5338.953    u_core/u_store/u_fabric/r3450
    SLICE_X60Y111        LUT5 (Prop_lut5_I4_O)        0.124  5339.077 r  u_core/u_store/c_q[18]_i_5/O
                         net (fo=2, routed)           0.171  5339.248    u_core/u_store/c_q[18]_i_5_n_0
    SLICE_X60Y111        LUT6 (Prop_lut6_I2_O)        0.124  5339.372 r  u_core/u_store/capture_reg_i_11__6/O
                         net (fo=1, routed)           0.441  5339.812    u_core/u_store/capture_reg_i_11__6_n_0
    SLICE_X66Y111        LUT6 (Prop_lut6_I2_O)        0.124  5339.937 r  u_core/u_store/capture_reg_i_10__6/O
                         net (fo=11, routed)          1.211  5341.147    u_core/u_store/u_fabric/r3549
    SLICE_X83Y126        LUT5 (Prop_lut5_I4_O)        0.124  5341.271 r  u_core/u_store/q_i_83__9/O
                         net (fo=2, routed)           0.687  5341.958    u_core/u_store/u_fabric/r2929
    SLICE_X63Y126        LUT6 (Prop_lut6_I5_O)        0.124  5342.082 r  u_core/u_store/q_i_54__16/O
                         net (fo=1, routed)           0.433  5342.515    u_core/u_store/q_i_54__16_n_0
    SLICE_X63Y126        LUT5 (Prop_lut5_I0_O)        0.124  5342.639 r  u_core/u_store/q_i_29__8/O
                         net (fo=7, routed)           1.302  5343.941    u_core/u_store/u_fabric/r3508
    SLICE_X80Y117        LUT6 (Prop_lut6_I1_O)        0.124  5344.065 r  u_core/u_store/q_i_80__4/O
                         net (fo=1, routed)           0.444  5344.509    u_core/u_store/q_i_80__4_n_0
    SLICE_X80Y117        LUT4 (Prop_lut4_I3_O)        0.124  5344.633 r  u_core/u_store/q_i_57__23/O
                         net (fo=3, routed)           0.644  5345.277    u_core/u_store/u_fabric/r3569
    SLICE_X66Y123        LUT6 (Prop_lut6_I4_O)        0.124  5345.401 r  u_core/u_store/capture_reg_i_11__8/O
                         net (fo=1, routed)           0.667  5346.068    u_core/u_store/capture_reg_i_11__8_n_0
    SLICE_X56Y127        LUT6 (Prop_lut6_I0_O)        0.124  5346.192 r  u_core/u_store/capture_reg_i_6__6/O
                         net (fo=4, routed)           1.144  5347.336    u_core/u_store/u_fabric/r3514
    SLICE_X66Y112        LUT6 (Prop_lut6_I2_O)        0.124  5347.460 r  u_core/u_store/capture_reg_i_3__15/O
                         net (fo=2, routed)           0.174  5347.634    u_core/u_store/u_fabric/r3080
    SLICE_X66Y112        LUT5 (Prop_lut5_I2_O)        0.124  5347.758 r  u_core/u_store/c_q[18]_i_8/O
                         net (fo=5, routed)           0.639  5348.397    u_core/u_store/u_fabric/r3013
    SLICE_X55Y110        LUT3 (Prop_lut3_I2_O)        0.124  5348.521 r  u_core/u_store/c_q[1]_i_8/O
                         net (fo=2, routed)           0.437  5348.958    u_core/u_store/c_q[1]_i_8_n_0
    SLICE_X56Y110        LUT5 (Prop_lut5_I0_O)        0.124  5349.082 r  u_core/u_store/led_OBUF[1]_inst_i_49/O
                         net (fo=1, routed)           0.540  5349.622    u_core/u_store/led_OBUF[1]_inst_i_49_n_0
    SLICE_X56Y110        LUT6 (Prop_lut6_I3_O)        0.124  5349.746 r  u_core/u_store/led_OBUF[1]_inst_i_48/O
                         net (fo=1, routed)           0.558  5350.304    u_core/u_store/led_OBUF[1]_inst_i_48_n_0
    SLICE_X56Y112        LUT6 (Prop_lut6_I4_O)        0.124  5350.428 r  u_core/u_store/led_OBUF[1]_inst_i_47/O
                         net (fo=1, routed)           0.440  5350.868    u_core/u_store/led_OBUF[1]_inst_i_47_n_0
    SLICE_X56Y114        LUT5 (Prop_lut5_I3_O)        0.124  5350.992 r  u_core/u_store/led_OBUF[1]_inst_i_46/O
                         net (fo=1, routed)           0.800  5351.792    u_core/u_store/u_fabric/u_clb_x7y2/t_119
    SLICE_X54Y124        LUT5 (Prop_lut5_I0_O)        0.124  5351.916 r  u_core/u_store/led_OBUF[1]_inst_i_45/O
                         net (fo=1, routed)           0.340  5352.256    u_core/u_store/u_fabric/u_clb_x7y2/t_125
    SLICE_X54Y125        LUT4 (Prop_lut4_I2_O)        0.124  5352.380 r  u_core/u_store/led_OBUF[1]_inst_i_44/O
                         net (fo=1, routed)           0.446  5352.827    u_core/u_store/led_OBUF[1]_inst_i_44_n_0
    SLICE_X54Y124        LUT6 (Prop_lut6_I5_O)        0.124  5352.951 r  u_core/u_store/led_OBUF[1]_inst_i_43/O
                         net (fo=1, routed)           0.761  5353.712    u_core/u_store/clb_o[10]
    SLICE_X64Y121        LUT6 (Prop_lut6_I5_O)        0.124  5353.836 r  u_core/u_store/led_OBUF[1]_inst_i_42/O
                         net (fo=1, routed)           0.291  5354.127    u_core/u_store/led_OBUF[1]_inst_i_42_n_0
    SLICE_X65Y121        LUT6 (Prop_lut6_I2_O)        0.124  5354.251 r  u_core/u_store/led_OBUF[1]_inst_i_41/O
                         net (fo=1, routed)           0.885  5355.136    u_core/u_store/led_OBUF[1]_inst_i_41_n_0
    SLICE_X84Y122        LUT5 (Prop_lut5_I1_O)        0.124  5355.260 r  u_core/u_store/led_OBUF[1]_inst_i_39/O
                         net (fo=1, routed)           0.574  5355.834    u_core/u_store/u_fabric/u_clb_x8y4/t_119
    SLICE_X85Y122        LUT5 (Prop_lut5_I0_O)        0.124  5355.958 r  u_core/u_store/led_OBUF[1]_inst_i_35/O
                         net (fo=1, routed)           0.439  5356.398    u_core/u_store/u_fabric/u_clb_x8y4/t_125
    SLICE_X87Y120        LUT6 (Prop_lut6_I3_O)        0.124  5356.522 r  u_core/u_store/led_OBUF[1]_inst_i_27/O
                         net (fo=1, routed)           0.470  5356.992    u_core/u_store/u_fabric/u_clb_x8y4/comb
    SLICE_X81Y119        LUT6 (Prop_lut6_I3_O)        0.124  5357.116 r  u_core/u_store/led_OBUF[1]_inst_i_17/O
                         net (fo=2, routed)           0.412  5357.528    u_core/u_store/led_OBUF[1]_inst_i_17_n_0
    SLICE_X81Y119        LUT5 (Prop_lut5_I4_O)        0.124  5357.652 r  u_core/u_store/led_OBUF[1]_inst_i_9/O
                         net (fo=10, routed)          0.505  5358.157    u_core/u_store/u_fabric/r3533
    SLICE_X80Y119        LUT4 (Prop_lut4_I3_O)        0.124  5358.281 r  u_core/u_store/q_i_16__17/O
                         net (fo=3, routed)           0.754  5359.036    u_core/u_store/u_fabric/r2681
    SLICE_X65Y121        LUT6 (Prop_lut6_I3_O)        0.124  5359.160 r  u_core/u_store/q_i_72__8/O
                         net (fo=1, routed)           0.433  5359.593    u_core/u_store/q_i_72__8_n_0
    SLICE_X65Y121        LUT5 (Prop_lut5_I4_O)        0.124  5359.717 r  u_core/u_store/q_i_64__14/O
                         net (fo=2, routed)           0.506  5360.223    u_core/u_store/q_i_64__14_n_0
    SLICE_X64Y121        LUT5 (Prop_lut5_I0_O)        0.124  5360.347 r  u_core/u_store/q_i_40__23/O
                         net (fo=15, routed)          1.098  5361.445    u_core/u_store/u_fabric/r3488
    SLICE_X51Y115        LUT6 (Prop_lut6_I5_O)        0.124  5361.569 r  u_core/u_store/q_i_18__10/O
                         net (fo=5, routed)           0.460  5362.029    u_core/u_store/u_fabric/r2293
    SLICE_X51Y119        LUT5 (Prop_lut5_I3_O)        0.124  5362.153 r  u_core/u_store/q_i_14__12/O
                         net (fo=5, routed)           0.688  5362.842    u_core/u_store/u_fabric/u_clb_x7y5/t_121
    SLICE_X54Y120        LUT5 (Prop_lut5_I2_O)        0.124  5362.966 r  u_core/u_store/q_i_7__14/O
                         net (fo=5, routed)           0.652  5363.618    u_core/u_store/u_fabric/u_clb_x7y5/lut_o6
    SLICE_X51Y120        LUT5 (Prop_lut5_I1_O)        0.124  5363.742 r  u_core/u_store/q_i_5__1/O
                         net (fo=2, routed)           0.373  5364.115    u_core/u_store/u_fabric/u_clb_x7y6/cy_sum
    SLICE_X50Y120        LUT5 (Prop_lut5_I2_O)        0.124  5364.239 r  u_core/u_store/sr[34]_i_2/O
                         net (fo=2, routed)           0.837  5365.076    u_core/u_store/q_reg[26]
    SLICE_X60Y122        LUT5 (Prop_lut5_I4_O)        0.124  5365.200 r  u_core/u_store/a_q[23]_i_21/O
                         net (fo=15, routed)          0.581  5365.781    u_core/u_store/u_fabric/r3495
    SLICE_X65Y125        LUT6 (Prop_lut6_I4_O)        0.124  5365.905 r  u_core/u_store/q_i_49__30/O
                         net (fo=1, routed)           0.652  5366.557    u_core/u_store/q_i_49__30_n_0
    SLICE_X55Y124        LUT6 (Prop_lut6_I0_O)        0.124  5366.681 r  u_core/u_store/q_i_22__15/O
                         net (fo=15, routed)          0.996  5367.678    u_core/u_store/u_fabric/r3479
    SLICE_X65Y116        LUT6 (Prop_lut6_I5_O)        0.124  5367.802 r  u_core/u_store/d_q[24]_i_16/O
                         net (fo=1, routed)           0.433  5368.235    u_core/u_store/d_q[24]_i_16_n_0
    SLICE_X65Y116        LUT5 (Prop_lut5_I0_O)        0.124  5368.359 r  u_core/u_store/d_q[24]_i_10/O
                         net (fo=2, routed)           0.656  5369.015    u_core/u_store/u_fabric/r2761
    SLICE_X65Y109        LUT6 (Prop_lut6_I3_O)        0.124  5369.139 r  u_core/u_store/d_q[24]_i_5__0/O
                         net (fo=1, routed)           0.264  5369.403    u_core/u_store/d_q[24]_i_5__0_n_0
    SLICE_X65Y109        LUT5 (Prop_lut5_I2_O)        0.124  5369.527 r  u_core/u_store/d_q[24]_i_2/O
                         net (fo=20, routed)          1.450  5370.978    u_core/u_store/u_fabric/r3442
    SLICE_X51Y122        LUT6 (Prop_lut6_I5_O)        0.124  5371.102 r  u_core/u_store/q_i_39__13/O
                         net (fo=17, routed)          0.599  5371.700    u_core/u_store/u_fabric/r2463
    SLICE_X56Y123        LUT6 (Prop_lut6_I2_O)        0.124  5371.824 r  u_core/u_store/q_i_45__15/O
                         net (fo=1, routed)           0.000  5371.824    u_core/u_store/u_fabric/u_clb_x7y6/t_101
    SLICE_X56Y123        MUXF7 (Prop_muxf7_I1_O)      0.217  5372.041 r  u_core/u_store/q_reg_i_25__4/O
                         net (fo=2, routed)           0.703  5372.744    u_core/u_store/u_fabric/u_clb_x7y6/t_114
    SLICE_X50Y122        LUT5 (Prop_lut5_I4_O)        0.299  5373.042 r  u_core/u_store/q_i_11__7/O
                         net (fo=4, routed)           0.566  5373.608    u_core/u_store/u_fabric/u_clb_x7y6/t_121
    SLICE_X49Y121        LUT6 (Prop_lut6_I5_O)        0.124  5373.732 r  u_core/u_store/capture_reg_i_16__4/O
                         net (fo=1, routed)           0.574  5374.307    u_core/u_store/capture_reg_i_16__4_n_0
    SLICE_X49Y122        LUT5 (Prop_lut5_I4_O)        0.124  5374.431 r  u_core/u_store/capture_reg_i_13__4/O
                         net (fo=2, routed)           1.113  5375.543    u_core/u_store/u_fabric/r3076
    SLICE_X66Y114        LUT2 (Prop_lut2_I1_O)        0.124  5375.667 r  u_core/u_store/capture_reg_i_10__8/O
                         net (fo=9, routed)           0.609  5376.277    u_core/u_store/u_fabric/r3551
    SLICE_X83Y113        LUT6 (Prop_lut6_I3_O)        0.124  5376.401 r  u_core/u_store/q_i_38__29/O
                         net (fo=1, routed)           0.291  5376.692    u_core/u_store/q_i_38__29_n_0
    SLICE_X84Y113        LUT5 (Prop_lut5_I2_O)        0.124  5376.816 r  u_core/u_store/q_i_17__25/O
                         net (fo=14, routed)          0.942  5377.758    u_core/u_store/u_fabric/r3543
    SLICE_X67Y124        LUT5 (Prop_lut5_I4_O)        0.124  5377.882 r  u_core/u_store/led_OBUF[2]_inst_i_37/O
                         net (fo=1, routed)           0.722  5378.604    u_core/u_store/u_fabric/r2839
    SLICE_X65Y123        LUT3 (Prop_lut3_I2_O)        0.150  5378.754 r  u_core/u_store/led_OBUF[2]_inst_i_31/O
                         net (fo=1, routed)           0.301  5379.055    u_core/u_store/led_OBUF[2]_inst_i_31_n_0
    SLICE_X63Y123        LUT6 (Prop_lut6_I0_O)        0.326  5379.381 r  u_core/u_store/led_OBUF[2]_inst_i_22/O
                         net (fo=2, routed)           0.526  5379.907    u_core/u_store/led_OBUF[2]_inst_i_22_n_0
    SLICE_X64Y123        LUT5 (Prop_lut5_I0_O)        0.124  5380.031 r  u_core/u_store/led_OBUF[2]_inst_i_16/O
                         net (fo=12, routed)          0.718  5380.750    u_core/u_store/u_fabric/r3485
    SLICE_X62Y125        LUT6 (Prop_lut6_I2_O)        0.124  5380.874 r  u_core/u_store/q_i_15__27/O
                         net (fo=7, routed)           0.900  5381.774    u_core/u_store/u_fabric/r1061
    SLICE_X51Y127        MUXF8 (Prop_muxf8_S_O)       0.273  5382.047 r  u_core/u_store/q_reg_i_20__0/O
                         net (fo=2, routed)           0.844  5382.891    u_core/u_store/u_fabric/u_clb_x7y2/t_122
    SLICE_X54Y124        LUT5 (Prop_lut5_I2_O)        0.316  5383.207 r  u_core/u_store/q_i_8__5/O
                         net (fo=5, routed)           0.294  5383.500    u_core/u_store/u_fabric/u_clb_x7y2/lut_o6
    SLICE_X54Y124        LUT5 (Prop_lut5_I4_O)        0.124  5383.625 r  u_core/u_store/q_i_3__7/O
                         net (fo=5, routed)           0.934  5384.559    u_core/u_store/comb_8
    SLICE_X58Y116        LUT4 (Prop_lut4_I1_O)        0.124  5384.683 r  u_core/u_store/led_OBUF[2]_inst_i_39/O
                         net (fo=1, routed)           0.428  5385.111    u_core/u_store/led_OBUF[2]_inst_i_39_n_0
    SLICE_X58Y117        LUT5 (Prop_lut5_I4_O)        0.124  5385.235 r  u_core/u_store/led_OBUF[2]_inst_i_35/O
                         net (fo=1, routed)           0.000  5385.235    u_core/u_store/led_OBUF[2]_inst_i_35_n_0
    SLICE_X58Y117        MUXF7 (Prop_muxf7_I0_O)      0.209  5385.444 r  u_core/u_store/led_OBUF[2]_inst_i_29/O
                         net (fo=1, routed)           0.452  5385.896    u_core/u_store/led_OBUF[2]_inst_i_29_n_0
    SLICE_X58Y117        LUT5 (Prop_lut5_I4_O)        0.297  5386.193 r  u_core/u_store/led_OBUF[2]_inst_i_18/O
                         net (fo=7, routed)           0.934  5387.127    u_core/u_store/u_fabric/r3467
    SLICE_X83Y116        LUT6 (Prop_lut6_I5_O)        0.124  5387.251 r  u_core/u_store/q_i_19__25/O
                         net (fo=17, routed)          1.004  5388.255    u_core/u_store/u_fabric/r1092
    SLICE_X80Y130        LUT6 (Prop_lut6_I4_O)        0.124  5388.379 r  u_core/u_store/q_i_47__2/O
                         net (fo=1, routed)           0.451  5388.831    u_core/u_store/u_fabric/u_clb_x8y2/t_100
    SLICE_X82Y128        LUT6 (Prop_lut6_I5_O)        0.124  5388.955 r  u_core/u_store/q_i_20__0/O
                         net (fo=1, routed)           0.000  5388.955    u_core/u_store/u_fabric/u_clb_x8y2/t_121
    SLICE_X82Y128        MUXF7 (Prop_muxf7_I1_O)      0.247  5389.202 r  u_core/u_store/q_reg_i_9/O
                         net (fo=6, routed)           0.697  5389.899    u_core/u_store/u_fabric/r1083
    SLICE_X84Y121        LUT6 (Prop_lut6_I5_O)        0.298  5390.197 r  u_core/u_store/q_i_3__8/O
                         net (fo=5, routed)           0.684  5390.880    u_core/u_store/comb_6
    SLICE_X84Y127        LUT6 (Prop_lut6_I3_O)        0.124  5391.004 r  u_core/u_store/led_OBUF[1]_inst_i_8/O
                         net (fo=1, routed)           0.279  5391.284    u_core/u_store/led_OBUF[1]_inst_i_8_n_0
    SLICE_X84Y127        LUT5 (Prop_lut5_I4_O)        0.124  5391.408 r  u_core/u_store/led_OBUF[1]_inst_i_3/O
                         net (fo=13, routed)          0.878  5392.286    u_core/u_store/u_fabric/r3542
    SLICE_X87Y117        LUT6 (Prop_lut6_I4_O)        0.124  5392.410 r  u_core/u_store/capture_reg_i_8__12/O
                         net (fo=1, routed)           0.351  5392.760    u_core/u_store/capture_reg_i_8__12_n_0
    SLICE_X86Y117        LUT5 (Prop_lut5_I2_O)        0.124  5392.884 r  u_core/u_store/capture_reg_i_4__6/O
                         net (fo=8, routed)           1.009  5393.894    u_core/u_store/u_fabric/r3556
    SLICE_X65Y122        LUT4 (Prop_lut4_I3_O)        0.124  5394.018 r  u_core/u_store/q_i_15__30/O
                         net (fo=7, routed)           0.926  5394.944    u_core/u_store/u_fabric/r3003
    SLICE_X54Y110        LUT6 (Prop_lut6_I3_O)        0.124  5395.068 r  u_core/u_store/c_q[2]_i_8/O
                         net (fo=1, routed)           0.000  5395.068    u_core/u_store/c_q[2]_i_8_n_0
    SLICE_X54Y110        MUXF7 (Prop_muxf7_I1_O)      0.214  5395.282 r  u_core/u_store/c_q_reg[2]_i_6/O
                         net (fo=1, routed)           0.452  5395.734    u_core/u_store/c_q_reg[2]_i_6_n_0
    SLICE_X54Y110        LUT6 (Prop_lut6_I5_O)        0.297  5396.031 r  u_core/u_store/c_q[2]_i_3__0/O
                         net (fo=6, routed)           0.854  5396.884    u_core/u_store/u_fabric/r3462
    SLICE_X61Y101        LUT6 (Prop_lut6_I4_O)        0.124  5397.008 r  u_core/u_store/mem_reg_i_254__0/O
                         net (fo=2, routed)           0.593  5397.602    u_core/u_store/mem_reg_i_254__0_n_0
    SLICE_X61Y99         LUT5 (Prop_lut5_I2_O)        0.118  5397.720 r  u_core/u_store/mem_reg_i_306__0/O
                         net (fo=1, routed)           0.892  5398.612    u_core/u_store/mem_reg_i_306__0_n_0
    SLICE_X61Y84         LUT6 (Prop_lut6_I2_O)        0.326  5398.938 r  u_core/u_store/mem_reg_i_236__0/O
                         net (fo=1, routed)           0.000  5398.938    u_core/u_store/mem_reg_i_236__0_n_0
    SLICE_X61Y84         MUXF7 (Prop_muxf7_I0_O)      0.212  5399.150 r  u_core/u_store/mem_reg_i_145__0/O
                         net (fo=12, routed)          1.232  5400.382    u_core/u_store/u_fabric/r3035
    SLICE_X95Y83         LUT5 (Prop_lut5_I4_O)        0.299  5400.681 r  u_core/u_store/q_i_27__28/O
                         net (fo=11, routed)          0.937  5401.618    u_core/u_store/u_fabric/r3179
    SLICE_X98Y71         LUT6 (Prop_lut6_I4_O)        0.124  5401.742 r  u_core/u_store/din_qa[5]_i_19/O
                         net (fo=1, routed)           0.000  5401.742    u_core/u_store/din_qa[5]_i_19_n_0
    SLICE_X98Y71         MUXF7 (Prop_muxf7_I1_O)      0.214  5401.956 r  u_core/u_store/din_qa_reg[5]_i_11/O
                         net (fo=14, routed)          1.619  5403.575    u_core/u_store/u_fabric/r2802
    SLICE_X55Y78         LUT6 (Prop_lut6_I5_O)        0.297  5403.872 r  u_core/u_store/q_i_29__15/O
                         net (fo=1, routed)           0.264  5404.136    u_core/u_store/q_i_29__15_n_0
    SLICE_X55Y78         LUT5 (Prop_lut5_I2_O)        0.124  5404.260 r  u_core/u_store/q_i_16__24/O
                         net (fo=11, routed)          0.672  5404.932    u_core/u_store/u_fabric/r3340
    SLICE_X61Y85         LUT6 (Prop_lut6_I5_O)        0.124  5405.056 r  u_core/u_store/q_i_73__9/O
                         net (fo=1, routed)           0.435  5405.491    u_core/u_store/q_i_73__9_n_0
    SLICE_X61Y88         LUT6 (Prop_lut6_I4_O)        0.124  5405.615 r  u_core/u_store/q_i_40__26/O
                         net (fo=2, routed)           0.458  5406.073    u_core/u_store/q_i_40__26_n_0
    SLICE_X56Y87         LUT6 (Prop_lut6_I4_O)        0.124  5406.197 r  u_core/u_store/q_i_17__26/O
                         net (fo=1, routed)           0.579  5406.776    u_core/u_store/q_i_17__26_n_0
    SLICE_X56Y85         LUT6 (Prop_lut6_I1_O)        0.124  5406.900 r  u_core/u_store/q_i_7__18/O
                         net (fo=6, routed)           0.793  5407.693    u_core/u_store/u_fabric/r2401
    SLICE_X61Y91         LUT6 (Prop_lut6_I5_O)        0.124  5407.817 r  u_core/u_store/a_q[20]_i_13/O
                         net (fo=1, routed)           0.640  5408.457    u_core/u_store/a_q[20]_i_13_n_0
    SLICE_X59Y97         LUT5 (Prop_lut5_I4_O)        0.124  5408.581 r  u_core/u_store/a_q[20]_i_8__0/O
                         net (fo=1, routed)           0.000  5408.581    u_core/u_store/a_q[20]_i_8__0_n_0
    SLICE_X59Y97         MUXF7 (Prop_muxf7_I1_O)      0.217  5408.797 r  u_core/u_store/a_q_reg[20]_i_3/O
                         net (fo=22, routed)          0.754  5409.551    u_core/u_store/u_fabric/r3443
    SLICE_X46Y97         LUT6 (Prop_lut6_I5_O)        0.299  5409.850 r  u_core/u_store/a_q[20]_i_1__0/O
                         net (fo=2, routed)           0.592  5410.442    u_core/u_store/drive_reg[148][20]
    SLICE_X42Y96         LUT3 (Prop_lut3_I2_O)        0.117  5410.559 r  u_core/u_store/m_c_i_45__0/O
                         net (fo=2, routed)           0.443  5411.002    u_core/u_store/u_fabric/u_dsp1/u_core/a_v__24[20]
    SLICE_X40Y96         LUT5 (Prop_lut5_I3_O)        0.348  5411.351 r  u_core/u_store/i__carry__4_i_8__2/O
                         net (fo=1, routed)           0.000  5411.351    u_core/u_fabric/u_dsp1/u_core/m_c_8[0]
    SLICE_X40Y96         CARRY4 (Prop_carry4_S[0]_O[3])
                                                      0.606  5411.957 r  u_core/u_fabric/u_dsp1/u_core/__5/i__carry__4/O[3]
                         net (fo=1, routed)           0.628  5412.584    u_core/u_store/m_c_14[3]
    SLICE_X41Y96         LUT3 (Prop_lut3_I0_O)        0.306  5412.891 r  u_core/u_store/m_c_i_20__0/O
                         net (fo=1, routed)           0.921  5413.811    u_core/u_fabric/u_dsp1/u_core/m_c_2[23]
    DSP48_X2Y37          DSP48E1 (Prop_dsp48e1_A[23]_P[0])
                                                      3.841  5417.652 r  u_core/u_fabric/u_dsp1/u_core/m_c/P[0]
                         net (fo=2, routed)           0.979  5418.630    u_core/u_fabric/u_dsp1/u_core/m_c__0[0]
    SLICE_X44Y90         LUT3 (Prop_lut3_I2_O)        0.124  5418.754 r  u_core/u_fabric/u_dsp1/u_core/i__carry_i_4__1/O
                         net (fo=2, routed)           0.540  5419.294    u_core/u_fabric/u_dsp1/u_core/m_x[0]
    SLICE_X49Y90         CARRY4 (Prop_carry4_DI[0]_O[3])
                                                      0.633  5419.927 r  u_core/u_fabric/u_dsp1/u_core/__10/i__carry/O[3]
                         net (fo=3, routed)           0.991  5420.917    u_core/u_fabric/u_dsp1/u_core/__10/i__carry_n_4
    SLICE_X62Y92         LUT3 (Prop_lut3_I2_O)        0.306  5421.224 r  u_core/u_fabric/u_dsp1/u_core/mem_reg_i_272/O
                         net (fo=2, routed)           0.786  5422.010    u_core/u_store/c_q[42]_i_5__0_0[47]
    SLICE_X64Y99         LUT5 (Prop_lut5_I4_O)        0.124  5422.134 r  u_core/u_store/capture_reg_i_10__1/O
                         net (fo=2, routed)           0.500  5422.634    u_core/u_store/capture_reg_i_10__1_n_0
    SLICE_X65Y99         LUT5 (Prop_lut5_I4_O)        0.124  5422.758 r  u_core/u_store/capture_reg_i_4__2/O
                         net (fo=13, routed)          0.994  5423.752    u_core/u_store/u_fabric/r3070
    SLICE_X64Y112        LUT6 (Prop_lut6_I5_O)        0.124  5423.876 r  u_core/u_store/c_q[9]_i_5/O
                         net (fo=1, routed)           0.646  5424.523    u_core/u_store/c_q[9]_i_5_n_0
    SLICE_X58Y107        LUT6 (Prop_lut6_I0_O)        0.124  5424.647 r  u_core/u_store/c_q[9]_i_4/O
                         net (fo=9, routed)           1.240  5425.887    u_core/u_store/u_fabric/r3453
    SLICE_X50Y118        LUT4 (Prop_lut4_I0_O)        0.124  5426.011 r  u_core/u_store/q_i_41__23/O
                         net (fo=1, routed)           0.282  5426.293    u_core/u_store/q_i_41__23_n_0
    SLICE_X50Y118        LUT6 (Prop_lut6_I5_O)        0.124  5426.417 r  u_core/u_store/q_i_22__3/O
                         net (fo=6, routed)           0.704  5427.122    u_core/u_store/u_fabric/r2464
    SLICE_X55Y120        LUT6 (Prop_lut6_I4_O)        0.124  5427.246 r  u_core/u_store/q_i_13__14/O
                         net (fo=5, routed)           0.719  5427.966    u_core/u_store/u_fabric/u_clb_x7y6/t_120
    SLICE_X52Y116        LUT4 (Prop_lut4_I1_O)        0.124  5428.090 r  u_core/u_store/b_q[14]_i_11/O
                         net (fo=1, routed)           0.865  5428.955    u_core/u_store/b_q[14]_i_11_n_0
    SLICE_X61Y111        LUT5 (Prop_lut5_I4_O)        0.124  5429.079 r  u_core/u_store/b_q[14]_i_7/O
                         net (fo=2, routed)           0.591  5429.669    u_core/u_store/b_q[14]_i_7_n_0
    SLICE_X62Y111        LUT5 (Prop_lut5_I4_O)        0.124  5429.793 r  u_core/u_store/b_q[14]_i_3__0/O
                         net (fo=10, routed)          1.187  5430.980    u_core/u_store/u_fabric/r3059
    SLICE_X67Y87         LUT4 (Prop_lut4_I3_O)        0.124  5431.104 r  u_core/u_store/q_i_29__16/O
                         net (fo=11, routed)          0.747  5431.852    u_core/u_store/u_fabric/r3341
    SLICE_X60Y82         LUT6 (Prop_lut6_I5_O)        0.124  5431.976 r  u_core/u_store/mem_reg_i_456/O
                         net (fo=1, routed)           0.302  5432.278    u_core/u_store/mem_reg_i_456_n_0
    SLICE_X60Y80         LUT5 (Prop_lut5_I0_O)        0.124  5432.402 r  u_core/u_store/mem_reg_i_428/O
                         net (fo=2, routed)           0.679  5433.081    u_core/u_store/u_fabric/r2977
    SLICE_X61Y70         LUT6 (Prop_lut6_I5_O)        0.124  5433.205 r  u_core/u_store/mem_reg_i_389/O
                         net (fo=1, routed)           0.000  5433.205    u_core/u_store/mem_reg_i_389_n_0
    SLICE_X61Y70         MUXF7 (Prop_muxf7_I1_O)      0.217  5433.421 r  u_core/u_store/mem_reg_i_310__0/O
                         net (fo=1, routed)           0.671  5434.092    u_core/u_store/mem_reg_i_310__0_n_0
    SLICE_X60Y66         LUT6 (Prop_lut6_I5_O)        0.299  5434.391 r  u_core/u_store/mem_reg_i_215__0/O
                         net (fo=17, routed)          1.287  5435.678    u_core/u_store/u_fabric/r3277
    SLICE_X53Y85         LUT6 (Prop_lut6_I5_O)        0.124  5435.802 r  u_core/u_store/mem_reg_i_473/O
                         net (fo=1, routed)           0.777  5436.580    u_core/u_store/mem_reg_i_473_n_0
    SLICE_X64Y90         LUT5 (Prop_lut5_I0_O)        0.124  5436.704 r  u_core/u_store/mem_reg_i_469/O
                         net (fo=1, routed)           0.299  5437.003    u_core/u_store/mem_reg_i_469_n_0
    SLICE_X64Y91         LUT5 (Prop_lut5_I4_O)        0.124  5437.127 r  u_core/u_store/mem_reg_i_460/O
                         net (fo=1, routed)           0.813  5437.940    u_core/u_store/mem_reg_i_460_n_0
    SLICE_X87Y99         LUT5 (Prop_lut5_I0_O)        0.124  5438.064 r  u_core/u_store/mem_reg_i_438/O
                         net (fo=1, routed)           0.434  5438.498    u_core/u_store/mem_reg_i_438_n_0
    SLICE_X87Y100        LUT5 (Prop_lut5_I4_O)        0.124  5438.622 r  u_core/u_store/mem_reg_i_380__0/O
                         net (fo=1, routed)           0.407  5439.029    u_core/u_store/mem_reg_i_380__0_n_0
    SLICE_X88Y100        LUT5 (Prop_lut5_I0_O)        0.124  5439.153 r  u_core/u_store/mem_reg_i_305__0/O
                         net (fo=1, routed)           0.667  5439.820    u_core/u_store/mem_reg_i_305__0_n_0
    SLICE_X88Y100        LUT5 (Prop_lut5_I4_O)        0.124  5439.944 r  u_core/u_store/mem_reg_i_204__0/O
                         net (fo=1, routed)           0.574  5440.519    u_core/u_store/mem_reg_i_204__0_n_0
    SLICE_X89Y100        LUT5 (Prop_lut5_I0_O)        0.124  5440.643 r  u_core/u_store/mem_reg_i_112__0/O
                         net (fo=11, routed)          1.483  5442.125    u_core/u_store/u_fabric/r2555
    SLICE_X100Y85        LUT6 (Prop_lut6_I2_O)        0.124  5442.250 r  u_core/u_store/q_i_29__13/O
                         net (fo=15, routed)          0.526  5442.776    u_core/u_store/u_fabric/r3140
    SLICE_X97Y80         LUT6 (Prop_lut6_I5_O)        0.124  5442.900 r  u_core/u_store/q_i_79__2/O
                         net (fo=1, routed)           0.361  5443.260    u_core/u_store/q_i_79__2_n_0
    SLICE_X96Y80         LUT5 (Prop_lut5_I2_O)        0.124  5443.384 r  u_core/u_store/q_i_73__11/O
                         net (fo=2, routed)           0.603  5443.987    u_core/u_store/u_fabric/r2620
    SLICE_X92Y82         LUT6 (Prop_lut6_I4_O)        0.124  5444.111 r  u_core/u_store/mem_reg_i_316__0/O
                         net (fo=2, routed)           0.670  5444.781    u_core/u_store/mem_reg_i_316__0_n_0
    SLICE_X92Y82         LUT5 (Prop_lut5_I2_O)        0.124  5444.905 r  u_core/u_store/mem_reg_i_222__0/O
                         net (fo=4, routed)           1.275  5446.180    u_core/u_store/u_fabric/r3195
    SLICE_X67Y80         LUT5 (Prop_lut5_I2_O)        0.124  5446.304 r  u_core/u_store/c_q[19]_i_7/O
                         net (fo=1, routed)           0.433  5446.737    u_core/u_store/c_q[19]_i_7_n_0
    SLICE_X67Y80         LUT5 (Prop_lut5_I2_O)        0.124  5446.861 r  u_core/u_store/c_q[19]_i_4/O
                         net (fo=12, routed)          1.212  5448.073    u_core/u_store/u_fabric/r2560
    SLICE_X59Y100        LUT6 (Prop_lut6_I5_O)        0.124  5448.197 r  u_core/u_store/p_q[47]_i_16/O
                         net (fo=1, routed)           0.422  5448.619    u_core/u_store/p_q[47]_i_16_n_0
    SLICE_X60Y100        LUT5 (Prop_lut5_I2_O)        0.124  5448.743 r  u_core/u_store/p_q[47]_i_9__0/O
                         net (fo=7, routed)           1.121  5449.865    u_core/u_store/u_fabric/r2580
    SLICE_X57Y117        LUT6 (Prop_lut6_I5_O)        0.124  5449.989 r  u_core/u_store/capture_reg_i_7__8/O
                         net (fo=2, routed)           0.414  5450.402    u_core/u_store/capture_reg_i_7__8_n_0
    SLICE_X57Y117        LUT6 (Prop_lut6_I3_O)        0.124  5450.526 r  u_core/u_store/led_OBUF[2]_inst_i_33/O
                         net (fo=1, routed)           0.636  5451.163    u_core/u_store/u_fabric/r3540
    SLICE_X64Y120        LUT6 (Prop_lut6_I2_O)        0.124  5451.287 r  u_core/u_store/led_OBUF[2]_inst_i_25/O
                         net (fo=2, routed)           0.000  5451.287    u_core/u_store/led_OBUF[2]_inst_i_25_n_0
    SLICE_X64Y120        MUXF7 (Prop_muxf7_I0_O)      0.212  5451.499 r  u_core/u_store/q_reg_i_25__7/O
                         net (fo=1, routed)           0.419  5451.917    u_core/u_store/q_reg_i_25__7_n_0
    SLICE_X61Y120        LUT6 (Prop_lut6_I1_O)        0.299  5452.216 r  u_core/u_store/q_i_12__17/O
                         net (fo=1, routed)           0.583  5452.799    u_core/u_store/q_i_12__17_n_0
    SLICE_X55Y121        LUT6 (Prop_lut6_I2_O)        0.124  5452.923 r  u_core/u_store/q_i_6__1/O
                         net (fo=5, routed)           0.838  5453.761    u_core/u_store/u_fabric/r893
    SLICE_X52Y118        LUT5 (Prop_lut5_I4_O)        0.124  5453.885 r  u_core/u_store/q_i_49__17/O
                         net (fo=2, routed)           0.573  5454.458    u_core/u_store/q_i_49__17_n_0
    SLICE_X51Y118        LUT5 (Prop_lut5_I4_O)        0.124  5454.583 r  u_core/u_store/q_i_26__14/O
                         net (fo=3, routed)           0.519  5455.102    u_core/u_store/u_fabric/r2655
    SLICE_X51Y111        LUT5 (Prop_lut5_I0_O)        0.124  5455.226 r  u_core/u_store/c_q[16]_i_7/O
                         net (fo=1, routed)           0.475  5455.701    u_core/u_store/c_q[16]_i_7_n_0
    SLICE_X50Y111        LUT5 (Prop_lut5_I4_O)        0.124  5455.825 r  u_core/u_store/c_q[16]_i_4/O
                         net (fo=5, routed)           0.738  5456.563    u_core/u_store/u_fabric/r3419
    SLICE_X59Y114        LUT5 (Prop_lut5_I2_O)        0.124  5456.687 r  u_core/u_store/q_i_54__25/O
                         net (fo=2, routed)           0.414  5457.101    u_core/u_store/q_i_54__25_n_0
    SLICE_X59Y114        LUT4 (Prop_lut4_I3_O)        0.124  5457.225 r  u_core/u_store/q_i_34__20/O
                         net (fo=2, routed)           1.207  5458.433    u_core/u_store/u_fabric/r3524
    SLICE_X80Y125        LUT4 (Prop_lut4_I3_O)        0.124  5458.557 r  u_core/u_store/q_i_15__29/O
                         net (fo=2, routed)           0.407  5458.964    u_core/u_store/u_fabric/r925
    SLICE_X85Y125        LUT5 (Prop_lut5_I3_O)        0.124  5459.088 r  u_core/u_store/q_i_7__2/O
                         net (fo=2, routed)           0.478  5459.566    u_core/u_store/u_fabric/u_clb_x8y1/lut_o6
    SLICE_X67Y126        LUT5 (Prop_lut5_I4_O)        0.124  5459.690 r  u_core/u_store/q_i_3__4/O
                         net (fo=2, routed)           0.447  5460.137    u_core/u_store/u_fabric/u_clb_x8y1/comb
    SLICE_X67Y129        LUT3 (Prop_lut3_I2_O)        0.124  5460.261 r  u_core/u_store/sr[5]_i_2/O
                         net (fo=5, routed)           0.861  5461.122    u_core/u_store/q_reg[4]
    SLICE_X82Y122        LUT5 (Prop_lut5_I4_O)        0.124  5461.246 r  u_core/u_store/c_q[43]_i_4/O
                         net (fo=1, routed)           0.291  5461.537    u_core/u_store/c_q[43]_i_4_n_0
    SLICE_X83Y122        LUT6 (Prop_lut6_I1_O)        0.124  5461.661 r  u_core/u_store/c_q[43]_i_2__0/O
                         net (fo=9, routed)           0.810  5462.471    u_core/u_store/u_fabric/r2575
    SLICE_X63Y119        LUT6 (Prop_lut6_I5_O)        0.124  5462.595 r  u_core/u_store/c_q[19]_i_10/O
                         net (fo=2, routed)           0.402  5462.998    u_core/u_store/c_q[19]_i_10_n_0
    SLICE_X63Y119        LUT5 (Prop_lut5_I2_O)        0.124  5463.122 r  u_core/u_store/c_q[19]_i_5/O
                         net (fo=10, routed)          1.053  5464.175    u_core/u_store/u_fabric/r2565
    SLICE_X59Y101        LUT6 (Prop_lut6_I5_O)        0.124  5464.299 r  u_core/u_store/reg_qa[17]_i_20/O
                         net (fo=1, routed)           0.433  5464.732    u_core/u_store/reg_qa[17]_i_20_n_0
    SLICE_X59Y101        LUT5 (Prop_lut5_I2_O)        0.124  5464.856 r  u_core/u_store/reg_qa[17]_i_9/O
                         net (fo=12, routed)          1.196  5466.052    u_core/u_store/u_fabric/r2559
    SLICE_X66Y87         LUT5 (Prop_lut5_I4_O)        0.124  5466.176 r  u_core/u_store/capture_reg_i_9__4/O
                         net (fo=1, routed)           0.000  5466.176    u_core/u_store/capture_reg_i_9__4_n_0
    SLICE_X66Y87         MUXF7 (Prop_muxf7_I0_O)      0.209  5466.385 r  u_core/u_store/capture_reg_reg_i_6__1/O
                         net (fo=11, routed)          1.081  5467.466    u_core/u_store/u_fabric/r2543
    SLICE_X66Y73         LUT6 (Prop_lut6_I5_O)        0.297  5467.763 r  u_core/u_store/mem_reg_i_208/O
                         net (fo=1, routed)           0.656  5468.418    u_core/u_store/mem_reg_i_208_n_0
    SLICE_X67Y73         LUT5 (Prop_lut5_I2_O)        0.124  5468.542 r  u_core/u_store/mem_reg_i_113/O
                         net (fo=8, routed)           1.500  5470.042    u_core/u_store/u_fabric/r2533
    SLICE_X91Y81         LUT5 (Prop_lut5_I1_O)        0.124  5470.167 r  u_core/u_store/mem_reg_i_463/O
                         net (fo=1, routed)           0.263  5470.430    u_core/u_store/mem_reg_i_463_n_0
    SLICE_X91Y81         LUT6 (Prop_lut6_I0_O)        0.124  5470.554 r  u_core/u_store/mem_reg_i_447/O
                         net (fo=2, routed)           1.008  5471.562    u_core/u_store/u_fabric/r2619
    SLICE_X105Y75        LUT6 (Prop_lut6_I0_O)        0.124  5471.686 r  u_core/u_store/q_i_76__12/O
                         net (fo=1, routed)           0.322  5472.008    u_core/u_store/q_i_76__12_n_0
    SLICE_X105Y74        LUT5 (Prop_lut5_I0_O)        0.124  5472.132 r  u_core/u_store/q_i_51__25/O
                         net (fo=14, routed)          1.137  5473.269    u_core/u_store/u_fabric/r3168
    SLICE_X87Y72         LUT6 (Prop_lut6_I5_O)        0.124  5473.393 r  u_core/u_store/q_i_35__20/O
                         net (fo=1, routed)           0.154  5473.547    u_core/u_store/q_i_35__20_n_0
    SLICE_X87Y72         LUT5 (Prop_lut5_I4_O)        0.124  5473.671 r  u_core/u_store/q_i_15__25/O
                         net (fo=2, routed)           0.632  5474.303    u_core/u_store/q_i_15__25_n_0
    SLICE_X86Y74         LUT5 (Prop_lut5_I2_O)        0.124  5474.427 r  u_core/u_store/mem_reg_i_386/O
                         net (fo=1, routed)           0.843  5475.270    u_core/u_store/mem_reg_i_386_n_0
    SLICE_X81Y83         LUT6 (Prop_lut6_I4_O)        0.124  5475.394 r  u_core/u_store/mem_reg_i_382__0/O
                         net (fo=1, routed)           0.433  5475.827    u_core/u_store/mem_reg_i_382__0_n_0
    SLICE_X81Y83         LUT6 (Prop_lut6_I5_O)        0.124  5475.951 r  u_core/u_store/mem_reg_i_370__0/O
                         net (fo=1, routed)           0.933  5476.884    u_core/u_store/mem_reg_i_370__0_n_0
    SLICE_X84Y93         LUT6 (Prop_lut6_I5_O)        0.124  5477.008 r  u_core/u_store/mem_reg_i_334/O
                         net (fo=1, routed)           0.285  5477.293    u_core/u_store/u_fabric/r3374
    SLICE_X83Y93         LUT6 (Prop_lut6_I4_O)        0.124  5477.417 r  u_core/u_store/mem_reg_i_277__0/O
                         net (fo=1, routed)           1.485  5478.902    u_core/u_store/mem_reg_i_277__0_n_0
    SLICE_X53Y76         LUT5 (Prop_lut5_I0_O)        0.124  5479.026 r  u_core/u_store/mem_reg_i_188/O
                         net (fo=1, routed)           0.000  5479.026    u_core/u_store/mem_reg_i_188_n_0
    SLICE_X53Y76         MUXF7 (Prop_muxf7_I0_O)      0.212  5479.238 r  u_core/u_store/mem_reg_i_109__0/O
                         net (fo=17, routed)          0.785  5480.023    u_core/u_store/u_fabric/r3278
    SLICE_X50Y89         LUT6 (Prop_lut6_I3_O)        0.299  5480.322 r  u_core/u_store/q_i_48__25/O
                         net (fo=17, routed)          0.947  5481.269    u_core/u_store/u_fabric/r1178
    SLICE_X66Y85         LUT6 (Prop_lut6_I4_O)        0.124  5481.393 r  u_core/u_store/q_i_60__3/O
                         net (fo=1, routed)           0.610  5482.003    u_core/u_store/u_fabric/u_clb_x4y3/t_108
    SLICE_X58Y86         LUT6 (Prop_lut6_I5_O)        0.124  5482.127 r  u_core/u_store/q_i_38__2/O
                         net (fo=1, routed)           0.000  5482.127    u_core/u_store/u_fabric/u_clb_x4y3/t_123
    SLICE_X58Y86         MUXF7 (Prop_muxf7_I1_O)      0.214  5482.341 r  u_core/u_store/q_reg_i_18__2/O
                         net (fo=1, routed)           0.719  5483.060    u_core/u_store/u_fabric/u_clb_x4y3/t_125
    SLICE_X57Y83         LUT6 (Prop_lut6_I0_O)        0.297  5483.357 r  u_core/u_store/q_i_8__8/O
                         net (fo=2, routed)           0.445  5483.802    u_core/u_store/u_fabric/u_clb_x4y3/lut_o6
    SLICE_X57Y83         LUT5 (Prop_lut5_I4_O)        0.124  5483.926 r  u_core/u_store/q_i_3__11/O
                         net (fo=2, routed)           0.415  5484.341    u_core/u_store/u_fabric/u_clb_x4y3/comb
    SLICE_X61Y83         LUT3 (Prop_lut3_I2_O)        0.124  5484.465 r  u_core/u_store/sr[14]_i_2/O
                         net (fo=4, routed)           0.658  5485.123    u_core/u_store/q_reg[9]
    SLICE_X55Y89         LUT5 (Prop_lut5_I4_O)        0.124  5485.247 r  u_core/u_store/q_i_46__20/O
                         net (fo=2, routed)           0.424  5485.671    u_core/u_store/q_i_46__20_n_0
    SLICE_X57Y89         LUT5 (Prop_lut5_I4_O)        0.124  5485.795 r  u_core/u_store/q_i_23__17/O
                         net (fo=11, routed)          1.431  5487.226    u_core/u_store/u_fabric/r3307
    SLICE_X88Y98         LUT4 (Prop_lut4_I3_O)        0.124  5487.350 r  u_core/u_store/q_i_24__20/O
                         net (fo=1, routed)           0.433  5487.783    u_core/u_store/q_i_24__20_n_0
    SLICE_X88Y98         LUT6 (Prop_lut6_I5_O)        0.124  5487.907 r  u_core/u_store/q_i_12__20/O
                         net (fo=17, routed)          0.734  5488.641    u_core/u_store/u_fabric/r1204
    SLICE_X89Y93         LUT6 (Prop_lut6_I4_O)        0.124  5488.765 r  u_core/u_store/q_i_47__4/O
                         net (fo=1, routed)           0.000  5488.765    u_core/u_store/u_fabric/u_clb_x5y3/t_105
    SLICE_X89Y93         MUXF7 (Prop_muxf7_I1_O)      0.217  5488.981 r  u_core/u_store/q_reg_i_35/O
                         net (fo=1, routed)           0.754  5489.735    u_core/u_store/u_fabric/u_clb_x5y3/t_116
    SLICE_X92Y99         LUT6 (Prop_lut6_I5_O)        0.299  5490.034 r  u_core/u_store/q_i_19__5/O
                         net (fo=1, routed)           0.407  5490.441    u_core/u_store/u_fabric/u_clb_x5y3/t_125
    SLICE_X93Y101        LUT6 (Prop_lut6_I0_O)        0.124  5490.565 r  u_core/u_store/q_i_9__3/O
                         net (fo=4, routed)           0.470  5491.035    u_core/u_store/u_fabric/u_clb_x5y3/lut_o6
    SLICE_X95Y102        LUT6 (Prop_lut6_I4_O)        0.124  5491.159 r  u_core/u_store/q_i_6__9/O
                         net (fo=3, routed)           0.558  5491.718    u_core/u_store/u_fabric/r1196
    SLICE_X99Y100        LUT6 (Prop_lut6_I5_O)        0.124  5491.842 r  u_core/u_store/q_i_6__13/O
                         net (fo=3, routed)           0.516  5492.357    u_core/u_store/u_fabric/r1562
    SLICE_X100Y100       LUT5 (Prop_lut5_I0_O)        0.124  5492.481 r  u_core/u_store/q_i_3__30/O
                         net (fo=3, routed)           1.056  5493.538    u_core/u_store/comb_1
    SLICE_X89Y97         LUT5 (Prop_lut5_I2_O)        0.124  5493.662 r  u_core/u_store/d_q[23]_i_12__0/O
                         net (fo=1, routed)           0.595  5494.257    u_core/u_store/d_q[23]_i_12__0_n_0
    SLICE_X84Y95         LUT6 (Prop_lut6_I0_O)        0.124  5494.381 r  u_core/u_store/d_q[23]_i_6/O
                         net (fo=2, routed)           0.296  5494.677    u_core/u_store/d_q[23]_i_6_n_0
    SLICE_X85Y96         LUT5 (Prop_lut5_I4_O)        0.124  5494.801 r  u_core/u_store/d_q[23]_i_2__0/O
                         net (fo=20, routed)          0.756  5495.557    u_core/u_store/u_fabric/r3381
    SLICE_X66Y105        LUT6 (Prop_lut6_I5_O)        0.124  5495.681 r  u_core/u_store/d_q[6]_i_2__0/O
                         net (fo=1, routed)           1.524  5497.205    u_core/u_store/u_fabric/r2062
    SLICE_X39Y94         LUT3 (Prop_lut3_I2_O)        0.118  5497.323 r  u_core/u_store/d_q[6]_i_1__0/O
                         net (fo=3, routed)           0.587  5497.911    u_core/u_store/drive_reg[239][6]
    SLICE_X40Y92         LUT3 (Prop_lut3_I2_O)        0.322  5498.232 r  u_core/u_store/i__carry__0_i_2__2/O
                         net (fo=1, routed)           0.000  5498.232    u_core/u_fabric/u_dsp1/u_core/d_v_4[6]
    SLICE_X40Y92         CARRY4 (Prop_carry4_DI[2]_O[3])
                                                      0.401  5498.633 r  u_core/u_fabric/u_dsp1/u_core/__5/i__carry__0/O[3]
                         net (fo=1, routed)           0.588  5499.221    u_core/u_store/m_c_12[3]
    SLICE_X39Y92         LUT3 (Prop_lut3_I0_O)        0.306  5499.527 r  u_core/u_store/m_c_i_36__0/O
                         net (fo=1, routed)           0.548  5500.075    u_core/u_fabric/u_dsp1/u_core/m_c_2[7]
    DSP48_X2Y37          DSP48E1 (Prop_dsp48e1_A[7]_P[1])
                                                      3.841  5503.916 r  u_core/u_fabric/u_dsp1/u_core/m_c/P[1]
                         net (fo=2, routed)           0.778  5504.694    u_core/u_fabric/u_dsp1/u_core/m_c__0[1]
    SLICE_X39Y92         LUT3 (Prop_lut3_I2_O)        0.124  5504.818 r  u_core/u_fabric/u_dsp1/u_core/i__carry_i_3__1/O
                         net (fo=2, routed)           0.682  5505.500    u_core/u_fabric/u_dsp1/u_core/m_x[1]
    SLICE_X49Y90         CARRY4 (Prop_carry4_DI[1]_CO[3])
                                                      0.507  5506.007 r  u_core/u_fabric/u_dsp1/u_core/__10/i__carry/CO[3]
                         net (fo=1, routed)           0.000  5506.007    u_core/u_fabric/u_dsp1/u_core/__10/i__carry_n_0
    SLICE_X49Y91         CARRY4 (Prop_carry4_CI_O[3])
                                                      0.329  5506.336 r  u_core/u_fabric/u_dsp1/u_core/__10/i__carry__0/O[3]
                         net (fo=3, routed)           0.607  5506.943    u_core/u_fabric/u_dsp1/u_core/__10/i__carry__0_n_4
    SLICE_X50Y91         LUT3 (Prop_lut3_I2_O)        0.306  5507.249 r  u_core/u_fabric/u_dsp1/u_core/c_q[42]_i_16/O
                         net (fo=2, routed)           1.067  5508.316    u_core/u_store/c_q[42]_i_5__0_0[51]
    SLICE_X48Y107        LUT5 (Prop_lut5_I4_O)        0.124  5508.440 r  u_core/u_store/c_q[42]_i_9/O
                         net (fo=1, routed)           0.667  5509.107    u_core/u_store/c_q[42]_i_9_n_0
    SLICE_X48Y107        LUT5 (Prop_lut5_I4_O)        0.124  5509.231 r  u_core/u_store/c_q[42]_i_3__0/O
                         net (fo=22, routed)          1.063  5510.294    u_core/u_store/u_fabric/r3417
    SLICE_X57Y121        LUT6 (Prop_lut6_I5_O)        0.124  5510.418 r  u_core/u_store/q_i_73__10/O
                         net (fo=2, routed)           0.650  5511.068    u_core/u_store/u_fabric/r2660
    SLICE_X62Y115        LUT6 (Prop_lut6_I2_O)        0.124  5511.192 r  u_core/u_store/a_q[24]_i_30/O
                         net (fo=1, routed)           0.296  5511.488    u_core/u_store/a_q[24]_i_30_n_0
    SLICE_X63Y115        LUT5 (Prop_lut5_I4_O)        0.124  5511.612 r  u_core/u_store/a_q[24]_i_24/O
                         net (fo=3, routed)           0.603  5512.215    u_core/u_store/u_fabric/r3481
    SLICE_X62Y120        LUT6 (Prop_lut6_I4_O)        0.124  5512.339 r  u_core/u_store/a_q[24]_i_19/O
                         net (fo=1, routed)           0.000  5512.339    u_core/u_store/a_q[24]_i_19_n_0
    SLICE_X62Y120        MUXF7 (Prop_muxf7_I1_O)      0.214  5512.553 r  u_core/u_store/a_q_reg[24]_i_13/O
                         net (fo=11, routed)          1.309  5513.863    u_core/u_store/u_fabric/r2567
    SLICE_X52Y104        LUT5 (Prop_lut5_I3_O)        0.297  5514.160 r  u_core/u_store/c_q[3]_i_3__0/O
                         net (fo=1, routed)           0.540  5514.700    u_core/u_store/c_q[3]_i_3__0_n_0
    SLICE_X52Y104        LUT6 (Prop_lut6_I0_O)        0.124  5514.824 r  u_core/u_store/c_q[3]_i_2__0/O
                         net (fo=1, routed)           0.557  5515.381    u_core/u_store/u_fabric/r728
    SLICE_X52Y102        LUT3 (Prop_lut3_I2_O)        0.124  5515.505 r  u_core/u_store/c_q[3]_i_1/O
                         net (fo=2, routed)           0.815  5516.320    u_core/u_store/drive_reg[90][3]
    SLICE_X57Y92         LUT6 (Prop_lut6_I0_O)        0.124  5516.444 r  u_core/u_store/i__carry_i_9/O
                         net (fo=1, routed)           0.568  5517.012    u_core/u_fabric/u_dsp0/u_core/p_q_reg[3]_3
    SLICE_X55Y90         LUT4 (Prop_lut4_I3_O)        0.124  5517.136 r  u_core/u_fabric/u_dsp0/u_core/i__carry_i_5/O
                         net (fo=1, routed)           0.000  5517.136    u_core/u_fabric/u_dsp0/u_core/i__carry_i_5_n_0
    SLICE_X55Y90         CARRY4 (Prop_carry4_S[3]_CO[3])
                                                      0.401  5517.537 r  u_core/u_fabric/u_dsp0/u_core/__10/i__carry/CO[3]
                         net (fo=1, routed)           0.000  5517.537    u_core/u_fabric/u_dsp0/u_core/__10/i__carry_n_0
    SLICE_X55Y91         CARRY4 (Prop_carry4_CI_O[3])
                                                      0.329  5517.866 r  u_core/u_fabric/u_dsp0/u_core/__10/i__carry__0/O[3]
                         net (fo=3, routed)           0.711  5518.578    u_core/u_fabric/u_dsp0/u_core/__10/i__carry__0_n_4
    SLICE_X58Y92         LUT3 (Prop_lut3_I2_O)        0.306  5518.884 r  u_core/u_fabric/u_dsp0/u_core/p_q[47]_i_10/O
                         net (fo=3, routed)           1.206  5520.090    u_core/u_store/c_q[42]_i_5__0_0[5]
    SLICE_X58Y110        LUT5 (Prop_lut5_I4_O)        0.124  5520.214 r  u_core/u_store/p_q[47]_i_6__0/O
                         net (fo=9, routed)           0.916  5521.130    u_core/u_store/u_fabric/r3422
    SLICE_X61Y119        LUT4 (Prop_lut4_I3_O)        0.124  5521.254 r  u_core/u_store/q_i_24__19/O
                         net (fo=7, routed)           0.738  5521.992    u_core/u_store/u_fabric/r2664
    SLICE_X59Y126        LUT6 (Prop_lut6_I5_O)        0.124  5522.116 r  u_core/u_store/q_i_59__15/O
                         net (fo=1, routed)           0.000  5522.116    u_core/u_store/q_i_59__15_n_0
    SLICE_X59Y126        MUXF7 (Prop_muxf7_I1_O)      0.217  5522.333 r  u_core/u_store/q_reg_i_56__0/O
                         net (fo=1, routed)           0.436  5522.770    u_core/u_store/q_reg_i_56__0_n_0
    SLICE_X59Y126        LUT5 (Prop_lut5_I4_O)        0.299  5523.068 r  u_core/u_store/q_i_49__28/O
                         net (fo=3, routed)           0.953  5524.021    u_core/u_store/u_fabric/r3465
    SLICE_X67Y120        LUT6 (Prop_lut6_I5_O)        0.124  5524.146 r  u_core/u_store/led_OBUF[1]_inst_i_20/O
                         net (fo=1, routed)           0.582  5524.728    u_core/u_store/led_OBUF[1]_inst_i_20_n_0
    SLICE_X80Y119        LUT4 (Prop_lut4_I3_O)        0.124  5524.852 r  u_core/u_store/led_OBUF[1]_inst_i_11/O
                         net (fo=9, routed)           0.870  5525.722    u_core/u_store/u_fabric/r3534
    SLICE_X83Y125        LUT6 (Prop_lut6_I2_O)        0.124  5525.846 r  u_core/u_store/q_i_11__9/O
                         net (fo=4, routed)           0.811  5526.657    u_core/u_store/u_fabric/r924
    SLICE_X82Y119        LUT6 (Prop_lut6_I4_O)        0.124  5526.781 r  u_core/u_store/led_OBUF[1]_inst_i_23/O
                         net (fo=1, routed)           0.556  5527.337    u_core/u_store/led_OBUF[1]_inst_i_23_n_0
    SLICE_X81Y116        LUT5 (Prop_lut5_I4_O)        0.124  5527.461 r  u_core/u_store/led_OBUF[1]_inst_i_12/O
                         net (fo=3, routed)           0.482  5527.943    u_core/u_store/u_fabric/r2678
    SLICE_X84Y117        LUT6 (Prop_lut6_I5_O)        0.124  5528.067 r  u_core/u_store/b_q[16]_i_13/O
                         net (fo=2, routed)           0.491  5528.558    u_core/u_store/b_q[16]_i_13_n_0
    SLICE_X84Y117        LUT6 (Prop_lut6_I5_O)        0.124  5528.682 r  u_core/u_store/b_q[16]_i_7__0/O
                         net (fo=12, routed)          1.606  5530.288    u_core/u_store/u_fabric/r2573
    SLICE_X64Y85         LUT6 (Prop_lut6_I4_O)        0.124  5530.412 r  u_core/u_store/din_qa[17]_i_31/O
                         net (fo=1, routed)           0.433  5530.845    u_core/u_store/din_qa[17]_i_31_n_0
    SLICE_X64Y85         LUT5 (Prop_lut5_I0_O)        0.124  5530.969 r  u_core/u_store/din_qa[17]_i_22/O
                         net (fo=1, routed)           0.667  5531.636    u_core/u_store/din_qa[17]_i_22_n_0
    SLICE_X64Y85         LUT6 (Prop_lut6_I0_O)        0.124  5531.760 r  u_core/u_store/din_qa[17]_i_17/O
                         net (fo=8, routed)           1.377  5533.137    u_core/u_store/u_fabric/r3342
    SLICE_X96Y91         LUT6 (Prop_lut6_I5_O)        0.124  5533.261 r  u_core/u_store/q_i_44__19/O
                         net (fo=1, routed)           0.286  5533.548    u_core/u_store/q_i_44__19_n_0
    SLICE_X96Y91         LUT5 (Prop_lut5_I4_O)        0.124  5533.672 r  u_core/u_store/q_i_21__11/O
                         net (fo=2, routed)           0.559  5534.231    u_core/u_store/q_i_21__11_n_0
    SLICE_X97Y94         LUT5 (Prop_lut5_I0_O)        0.124  5534.355 r  u_core/u_store/c_q[46]_i_10__0/O
                         net (fo=2, routed)           0.933  5535.288    u_core/u_store/u_fabric/r2984
    SLICE_X85Y100        LUT6 (Prop_lut6_I4_O)        0.124  5535.412 r  u_core/u_store/c_q[46]_i_5/O
                         net (fo=1, routed)           0.432  5535.845    u_core/u_store/c_q[46]_i_5_n_0
    SLICE_X85Y101        LUT5 (Prop_lut5_I2_O)        0.124  5535.969 r  u_core/u_store/c_q[46]_i_2__0/O
                         net (fo=17, routed)          0.647  5536.615    u_core/u_store/u_fabric/r3385
    SLICE_X67Y102        LUT6 (Prop_lut6_I5_O)        0.124  5536.739 r  u_core/u_store/c_q[22]_i_2/O
                         net (fo=1, routed)           1.185  5537.924    u_core/u_store/u_fabric/r2058
    SLICE_X43Y101        LUT3 (Prop_lut3_I2_O)        0.124  5538.048 r  u_core/u_store/c_q[22]_i_1__0/O
                         net (fo=2, routed)           0.600  5538.648    u_core/u_store/drive_reg[214][22]
    SLICE_X43Y99         LUT5 (Prop_lut5_I4_O)        0.124  5538.772 r  u_core/u_store/i__carry__4_i_10__1/O
                         net (fo=1, routed)           0.492  5539.264    u_core/u_store/i__carry__4_i_10__1_n_0
    SLICE_X49Y95         LUT5 (Prop_lut5_I4_O)        0.124  5539.388 r  u_core/u_store/i__carry__4_i_6__1/O
                         net (fo=1, routed)           0.000  5539.388    u_core/u_fabric/u_dsp1/u_core/p_q_reg[23]_0[2]
    SLICE_X49Y95         CARRY4 (Prop_carry4_S[2]_O[3])
                                                      0.352  5539.740 r  u_core/u_fabric/u_dsp1/u_core/__10/i__carry__4/O[3]
                         net (fo=3, routed)           0.468  5540.208    u_core/u_fabric/u_dsp1/u_core/__10/i__carry__4_n_4
    SLICE_X48Y95         LUT3 (Prop_lut3_I2_O)        0.306  5540.515 r  u_core/u_fabric/u_dsp1/u_core/c_q[24]_i_10/O
                         net (fo=2, routed)           1.071  5541.585    u_core/u_store/c_q[42]_i_5__0_0[64]
    SLICE_X63Y102        LUT5 (Prop_lut5_I4_O)        0.124  5541.709 r  u_core/u_store/c_q[42]_i_10__0/O
                         net (fo=2, routed)           0.000  5541.709    u_core/u_store/c_q[42]_i_10__0_n_0
    SLICE_X63Y102        MUXF7 (Prop_muxf7_I0_O)      0.212  5541.921 r  u_core/u_store/q_reg_i_87__0/O
                         net (fo=1, routed)           0.643  5542.564    u_core/u_store/q_reg_i_87__0_n_0
    SLICE_X63Y111        LUT6 (Prop_lut6_I0_O)        0.299  5542.863 r  u_core/u_store/q_i_85__4/O
                         net (fo=3, routed)           1.087  5543.950    u_core/u_store/u_fabric/r2908
    SLICE_X52Y122        LUT6 (Prop_lut6_I5_O)        0.124  5544.074 r  u_core/u_store/q_i_66__22/O
                         net (fo=1, routed)           0.433  5544.507    u_core/u_store/q_i_66__22_n_0
    SLICE_X52Y122        LUT5 (Prop_lut5_I2_O)        0.124  5544.631 r  u_core/u_store/q_i_38__23/O
                         net (fo=14, routed)          1.270  5545.901    u_core/u_store/u_fabric/r3487
    SLICE_X83Y127        LUT4 (Prop_lut4_I3_O)        0.124  5546.025 r  u_core/u_store/q_i_37__30/O
                         net (fo=2, routed)           0.417  5546.442    u_core/u_store/q_i_37__30_n_0
    SLICE_X83Y127        LUT6 (Prop_lut6_I5_O)        0.124  5546.566 r  u_core/u_store/q_i_22__29/O
                         net (fo=9, routed)           0.733  5547.299    u_core/u_store/u_fabric/r2162
    SLICE_X81Y123        MUXF7 (Prop_muxf7_S_O)       0.276  5547.575 r  u_core/u_store/q_reg_i_54/O
                         net (fo=1, routed)           0.000  5547.575    u_core/u_store/u_fabric/u_clb_x8y4/t_113
    SLICE_X81Y123        MUXF8 (Prop_muxf8_I1_O)      0.094  5547.669 r  u_core/u_store/q_reg_i_32__3/O
                         net (fo=4, routed)           0.718  5548.387    u_core/u_store/u_fabric/u_clb_x8y4/t_120
    SLICE_X87Y123        LUT4 (Prop_lut4_I1_O)        0.316  5548.703 r  u_core/u_store/q_i_28__18/O
                         net (fo=1, routed)           0.264  5548.967    u_core/u_store/q_i_28__18_n_0
    SLICE_X87Y123        LUT5 (Prop_lut5_I4_O)        0.124  5549.091 r  u_core/u_store/q_i_12__21/O
                         net (fo=7, routed)           1.606  5550.697    u_core/u_store/u_fabric/r2903
    SLICE_X49Y104        LUT5 (Prop_lut5_I0_O)        0.124  5550.821 r  u_core/u_store/c_q[42]_i_11__0/O
                         net (fo=1, routed)           0.000  5550.821    u_core/u_store/c_q[42]_i_11__0_n_0
    SLICE_X49Y104        MUXF7 (Prop_muxf7_I0_O)      0.212  5551.033 r  u_core/u_store/c_q_reg[42]_i_6/O
                         net (fo=1, routed)           0.438  5551.470    u_core/u_store/c_q_reg[42]_i_6_n_0
    SLICE_X50Y104        LUT6 (Prop_lut6_I5_O)        0.299  5551.769 r  u_core/u_store/c_q[42]_i_2__0/O
                         net (fo=10, routed)          1.047  5552.816    u_core/u_store/u_fabric/r3452
    SLICE_X61Y97         LUT5 (Prop_lut5_I2_O)        0.124  5552.940 r  u_core/u_store/mem_reg_i_206__0/O
                         net (fo=1, routed)           0.151  5553.092    u_core/u_store/mem_reg_i_206__0_n_0
    SLICE_X61Y97         LUT5 (Prop_lut5_I0_O)        0.124  5553.216 r  u_core/u_store/mem_reg_i_125/O
                         net (fo=14, routed)          1.325  5554.541    u_core/u_store/u_fabric/r3055
    SLICE_X55Y77         LUT6 (Prop_lut6_I5_O)        0.124  5554.665 r  u_core/u_store/mem_reg_i_373__0/O
                         net (fo=1, routed)           0.000  5554.665    u_core/u_store/mem_reg_i_373__0_n_0
    SLICE_X55Y77         MUXF7 (Prop_muxf7_I1_O)      0.217  5554.882 r  u_core/u_store/mem_reg_i_290__0/O
                         net (fo=2, routed)           0.449  5555.331    u_core/u_store/mem_reg_i_290__0_n_0
    SLICE_X55Y77         LUT6 (Prop_lut6_I5_O)        0.299  5555.630 r  u_core/u_store/mem_reg_i_187__0/O
                         net (fo=7, routed)           1.242  5556.872    u_core/u_store/u_fabric/r3041
    SLICE_X91Y76         LUT6 (Prop_lut6_I5_O)        0.124  5556.996 r  u_core/u_store/q_i_86__1/O
                         net (fo=1, routed)           0.000  5556.996    u_core/u_store/q_i_86__1_n_0
    SLICE_X91Y76         MUXF7 (Prop_muxf7_I1_O)      0.217  5557.212 r  u_core/u_store/q_reg_i_52__0/O
                         net (fo=2, routed)           0.447  5557.659    u_core/u_store/q_reg_i_52__0_n_0
    SLICE_X92Y76         LUT6 (Prop_lut6_I3_O)        0.299  5557.958 r  u_core/u_store/q_i_76__13/O
                         net (fo=1, routed)           0.702  5558.660    u_core/u_store/q_i_76__13_n_0
    SLICE_X93Y71         LUT6 (Prop_lut6_I1_O)        0.124  5558.784 r  u_core/u_store/q_i_50__8/O
                         net (fo=1, routed)           0.149  5558.933    u_core/u_store/u_fabric/u_clb_x1y5/t_111
    SLICE_X93Y71         LUT5 (Prop_lut5_I0_O)        0.124  5559.057 r  u_core/u_store/q_i_21__3/O
                         net (fo=1, routed)           0.466  5559.523    u_core/u_store/u_fabric/u_clb_x1y5/t_123
    SLICE_X94Y72         LUT5 (Prop_lut5_I0_O)        0.124  5559.647 r  u_core/u_store/q_i_8__13/O
                         net (fo=2, routed)           0.162  5559.810    u_core/u_store/u_fabric/u_clb_x1y5/lut_o6
    SLICE_X94Y72         LUT5 (Prop_lut5_I4_O)        0.124  5559.934 r  u_core/u_store/q_i_3__20/O
                         net (fo=4, routed)           0.834  5560.768    u_core/u_store/comb_0
    SLICE_X89Y75         LUT4 (Prop_lut4_I2_O)        0.124  5560.892 r  u_core/u_store/q_i_86__7/O
                         net (fo=1, routed)           0.443  5561.335    u_core/u_store/q_i_86__7_n_0
    SLICE_X88Y74         LUT5 (Prop_lut5_I4_O)        0.124  5561.459 r  u_core/u_store/q_i_55__23/O
                         net (fo=1, routed)           0.488  5561.947    u_core/u_store/q_i_55__23_n_0
    SLICE_X87Y74         LUT5 (Prop_lut5_I4_O)        0.124  5562.071 r  u_core/u_store/q_i_26__20/O
                         net (fo=16, routed)          1.108  5563.179    u_core/u_store/u_fabric/r3165
    SLICE_X63Y66         LUT6 (Prop_lut6_I5_O)        0.124  5563.303 r  u_core/u_store/q_i_23__23/O
                         net (fo=17, routed)          0.916  5564.219    u_core/u_store/u_fabric/r2220
    SLICE_X65Y75         LUT6 (Prop_lut6_I4_O)        0.124  5564.343 r  u_core/u_store/q_i_63__7/O
                         net (fo=1, routed)           0.000  5564.343    u_core/u_store/u_fabric/u_clb_x2y5/t_101
    SLICE_X65Y75         MUXF7 (Prop_muxf7_I1_O)      0.217  5564.560 r  u_core/u_store/q_reg_i_47__0/O
                         net (fo=1, routed)           0.652  5565.212    u_core/u_store/u_fabric/u_clb_x2y5/t_114
    SLICE_X57Y72         LUT5 (Prop_lut5_I4_O)        0.299  5565.511 r  u_core/u_store/q_i_31__4/O
                         net (fo=2, routed)           0.565  5566.076    u_core/u_store/u_fabric/u_clb_x2y5/t_121
    SLICE_X59Y72         LUT3 (Prop_lut3_I0_O)        0.124  5566.200 r  u_core/u_store/q_i_17__6/O
                         net (fo=5, routed)           0.466  5566.666    u_core/u_store/u_fabric/r2211
    SLICE_X60Y71         LUT5 (Prop_lut5_I4_O)        0.124  5566.790 r  u_core/u_store/q_i_24__12/O
                         net (fo=7, routed)           1.231  5568.021    u_core/u_store/u_fabric/r2933
    SLICE_X92Y74         LUT5 (Prop_lut5_I4_O)        0.124  5568.145 r  u_core/u_store/q_i_64__12/O
                         net (fo=1, routed)           0.378  5568.523    u_core/u_store/q_i_64__12_n_0
    SLICE_X92Y74         LUT6 (Prop_lut6_I5_O)        0.124  5568.647 r  u_core/u_store/q_i_35__22/O
                         net (fo=2, routed)           0.814  5569.460    u_core/u_store/q_i_35__22_n_0
    SLICE_X98Y78         LUT3 (Prop_lut3_I2_O)        0.116  5569.577 r  u_core/u_store/q_i_16__27/O
                         net (fo=16, routed)          0.856  5570.433    u_core/u_store/u_fabric/r3167
    SLICE_X109Y82        LUT6 (Prop_lut6_I5_O)        0.328  5570.761 r  u_core/u_store/capture_reg_i_17__1/O
                         net (fo=1, routed)           0.289  5571.050    u_core/u_store/capture_reg_i_17__1_n_0
    SLICE_X109Y83        LUT5 (Prop_lut5_I0_O)        0.124  5571.174 r  u_core/u_store/capture_reg_i_15__4/O
                         net (fo=2, routed)           0.668  5571.842    u_core/u_store/u_fabric/r2693
    SLICE_X105Y84        LUT5 (Prop_lut5_I0_O)        0.124  5571.966 r  u_core/u_store/mem_reg_i_433/O
                         net (fo=1, routed)           0.000  5571.966    u_core/u_store/mem_reg_i_433_n_0
    SLICE_X105Y84        MUXF7 (Prop_muxf7_I0_O)      0.238  5572.204 r  u_core/u_store/mem_reg_i_377/O
                         net (fo=1, routed)           0.432  5572.636    u_core/u_store/mem_reg_i_377_n_0
    SLICE_X104Y85        LUT6 (Prop_lut6_I5_O)        0.298  5572.934 r  u_core/u_store/mem_reg_i_297/O
                         net (fo=7, routed)           0.557  5573.491    u_core/u_store/u_fabric/r3089
    SLICE_X106Y84        LUT6 (Prop_lut6_I5_O)        0.124  5573.615 r  u_core/u_store/q_i_25__5/O
                         net (fo=18, routed)          1.081  5574.695    u_core/u_store/u_fabric/r962
    SLICE_X101Y69        LUT6 (Prop_lut6_I4_O)        0.124  5574.819 r  u_core/u_store/q_i_54__1/O
                         net (fo=1, routed)           0.580  5575.399    u_core/u_store/u_fabric/u_clb_x1y2/t_104
    SLICE_X106Y69        LUT6 (Prop_lut6_I5_O)        0.124  5575.523 r  u_core/u_store/q_i_31__2/O
                         net (fo=1, routed)           0.433  5575.957    u_core/u_store/u_fabric/u_clb_x1y2/t_122
    SLICE_X106Y69        LUT5 (Prop_lut5_I4_O)        0.124  5576.081 r  u_core/u_store/q_i_16__1/O
                         net (fo=2, routed)           0.826  5576.907    u_core/u_store/u_fabric/u_clb_x1y2/t_125
    SLICE_X111Y77        LUT6 (Prop_lut6_I4_O)        0.124  5577.031 r  u_core/u_store/q_i_6__5/O
                         net (fo=3, routed)           0.529  5577.560    u_core/u_store/u_fabric/r954
    SLICE_X109Y84        LUT6 (Prop_lut6_I5_O)        0.124  5577.684 r  u_core/u_store/q_i_6__8/O
                         net (fo=3, routed)           0.639  5578.323    u_core/u_store/u_fabric/r1118
    SLICE_X111Y79        LUT6 (Prop_lut6_I2_O)        0.124  5578.447 r  u_core/u_store/sr[18]_i_2/O
                         net (fo=3, routed)           1.015  5579.462    u_core/u_store/q_reg[13]
    SLICE_X99Y72         LUT6 (Prop_lut6_I5_O)        0.124  5579.586 r  u_core/u_store/a_q[24]_i_23__0/O
                         net (fo=2, routed)           0.414  5580.000    u_core/u_store/a_q[24]_i_23__0_n_0
    SLICE_X99Y72         LUT6 (Prop_lut6_I5_O)        0.124  5580.124 r  u_core/u_store/q_i_61__24/O
                         net (fo=2, routed)           0.604  5580.728    u_core/u_store/q_i_61__24_n_0
    SLICE_X93Y73         LUT5 (Prop_lut5_I1_O)        0.124  5580.852 r  u_core/u_store/q_i_39__3/O
                         net (fo=2, routed)           0.475  5581.326    u_core/u_store/u_fabric/u_clb_x2y4/t_78
    SLICE_X93Y73         LUT5 (Prop_lut5_I2_O)        0.124  5581.450 r  u_core/u_store/q_i_18__3/O
                         net (fo=1, routed)           0.361  5581.811    u_core/u_store/u_fabric/u_clb_x2y4/t_115
    SLICE_X92Y73         LUT5 (Prop_lut5_I0_O)        0.124  5581.935 r  u_core/u_store/q_i_9__6/O
                         net (fo=5, routed)           0.614  5582.549    u_core/u_store/u_fabric/r1307
    SLICE_X92Y70         LUT6 (Prop_lut6_I5_O)        0.124  5582.673 r  u_core/u_store/q_i_10__10/O
                         net (fo=5, routed)           0.556  5583.229    u_core/u_store/u_fabric/u_clb_x2y4/lut_o6
    SLICE_X90Y76         LUT5 (Prop_lut5_I4_O)        0.124  5583.353 r  u_core/u_store/q_i_8__10/O
                         net (fo=2, routed)           0.494  5583.846    u_core/u_store/u_fabric/u_clb_x2y4/cy_sum
    SLICE_X90Y74         LUT5 (Prop_lut5_I0_O)        0.124  5583.970 r  u_core/u_store/q_i_3__16/O
                         net (fo=4, routed)           0.600  5584.570    u_core/u_store/comb_9
    SLICE_X89Y68         LUT6 (Prop_lut6_I3_O)        0.124  5584.694 r  u_core/u_store/mem_reg_i_180__0/O
                         net (fo=1, routed)           0.154  5584.848    u_core/u_store/mem_reg_i_180__0_n_0
    SLICE_X89Y68         LUT5 (Prop_lut5_I4_O)        0.124  5584.972 r  u_core/u_store/mem_reg_i_103__0/O
                         net (fo=11, routed)          1.120  5586.092    u_core/u_store/u_fabric/r3230
    SLICE_X61Y65         LUT6 (Prop_lut6_I2_O)        0.124  5586.216 r  u_core/u_store/q_i_28__7/O
                         net (fo=4, routed)           0.644  5586.860    u_core/u_store/u_fabric/r2379
    SLICE_X58Y69         LUT6 (Prop_lut6_I4_O)        0.124  5586.984 r  u_core/u_store/q_i_15__9/O
                         net (fo=1, routed)           0.303  5587.287    u_core/u_store/u_fabric/u_clb_x2y6/t_125
    SLICE_X58Y70         LUT6 (Prop_lut6_I0_O)        0.124  5587.411 r  u_core/u_store/q_i_7__17/O
                         net (fo=3, routed)           0.663  5588.074    u_core/u_store/u_fabric/u_clb_x2y6/lut_o6
    SLICE_X60Y70         LUT3 (Prop_lut3_I2_O)        0.124  5588.198 r  u_core/u_store/q_i_8__20/O
                         net (fo=3, routed)           0.455  5588.653    u_core/u_store/q_i_8__20_n_0
    SLICE_X60Y74         LUT5 (Prop_lut5_I4_O)        0.124  5588.777 r  u_core/u_store/q_i_3__24/O
                         net (fo=2, routed)           0.652  5589.429    u_core/u_store/u_fabric/u_clb_x2y6/comb
    SLICE_X56Y67         LUT5 (Prop_lut5_I4_O)        0.124  5589.553 r  u_core/u_store/mem_reg_i_336__0/O
                         net (fo=1, routed)           0.000  5589.553    u_core/u_store/mem_reg_i_336__0_n_0
    SLICE_X56Y67         MUXF7 (Prop_muxf7_I1_O)      0.217  5589.770 r  u_core/u_store/mem_reg_i_284__0/O
                         net (fo=1, routed)           0.441  5590.210    u_core/u_store/mem_reg_i_284__0_n_0
    SLICE_X56Y67         LUT5 (Prop_lut5_I4_O)        0.299  5590.509 r  u_core/u_store/mem_reg_i_196__0/O
                         net (fo=4, routed)           0.527  5591.037    u_core/u_store/u_fabric/r3242
    SLICE_X57Y74         LUT5 (Prop_lut5_I4_O)        0.124  5591.161 r  u_core/u_store/c_q[41]_i_11/O
                         net (fo=1, routed)           0.443  5591.604    u_core/u_store/c_q[41]_i_11_n_0
    SLICE_X58Y74         LUT5 (Prop_lut5_I0_O)        0.124  5591.728 r  u_core/u_store/c_q[41]_i_7__0/O
                         net (fo=17, routed)          1.375  5593.104    u_core/u_store/u_fabric/r3052
    SLICE_X60Y109        LUT6 (Prop_lut6_I5_O)        0.124  5593.228 r  u_core/u_store/d_q[12]_i_2__0/O
                         net (fo=1, routed)           1.448  5594.675    u_core/u_store/u_fabric/r2078
    SLICE_X41Y93         LUT3 (Prop_lut3_I2_O)        0.124  5594.799 r  u_core/u_store/d_q[12]_i_1__0/O
                         net (fo=3, routed)           0.428  5595.227    u_core/u_store/drive_reg[239][12]
    SLICE_X40Y94         LUT5 (Prop_lut5_I2_O)        0.124  5595.351 r  u_core/u_store/i__carry__2_i_8__2/O
                         net (fo=1, routed)           0.000  5595.351    u_core/u_fabric/u_dsp1/u_core/m_c_6[0]
    SLICE_X40Y94         CARRY4 (Prop_carry4_S[0]_O[3])
                                                      0.606  5595.957 r  u_core/u_fabric/u_dsp1/u_core/__5/i__carry__2/O[3]
                         net (fo=1, routed)           0.646  5596.603    u_core/u_store/m_c_10[3]
    SLICE_X41Y94         LUT3 (Prop_lut3_I0_O)        0.306  5596.909 r  u_core/u_store/m_c_i_28__0/O
                         net (fo=1, routed)           0.692  5597.601    u_core/u_fabric/u_dsp1/u_core/m_c_2[15]
    DSP48_X2Y37          DSP48E1 (Prop_dsp48e1_A[15]_P[4])
                                                      3.841  5601.442 r  u_core/u_fabric/u_dsp1/u_core/m_c/P[4]
                         net (fo=2, routed)           0.944  5602.385    u_core/u_fabric/u_dsp1/u_core/m_c__0[4]
    SLICE_X40Y90         LUT3 (Prop_lut3_I2_O)        0.124  5602.509 r  u_core/u_fabric/u_dsp1/u_core/i__carry__0_i_4__1/O
                         net (fo=2, routed)           0.519  5603.028    u_core/u_fabric/u_dsp1/u_core/m_x[4]
    SLICE_X49Y91         CARRY4 (Prop_carry4_DI[0]_O[2])
                                                      0.573  5603.602 r  u_core/u_fabric/u_dsp1/u_core/__10/i__carry__0/O[2]
                         net (fo=3, routed)           0.726  5604.328    u_core/u_fabric/u_dsp1/u_core/__10/i__carry__0_n_5
    SLICE_X58Y91         LUT3 (Prop_lut3_I2_O)        0.302  5604.629 r  u_core/u_fabric/u_dsp1/u_core/d_q[21]_i_4/O
                         net (fo=3, routed)           1.075  5605.704    u_core/u_store/c_q[42]_i_5__0_0[50]
    SLICE_X86Y98         LUT5 (Prop_lut5_I4_O)        0.124  5605.828 r  u_core/u_store/d_q[21]_i_2/O
                         net (fo=21, routed)          1.539  5607.367    u_core/u_store/u_fabric/r3387
    SLICE_X48Y105        LUT6 (Prop_lut6_I5_O)        0.124  5607.491 r  u_core/u_store/d_q[7]_i_2/O
                         net (fo=1, routed)           1.147  5608.639    u_core/u_store/u_fabric/r2108
    SLICE_X42Y96         LUT3 (Prop_lut3_I2_O)        0.150  5608.789 r  u_core/u_store/d_q[7]_i_1__0/O
                         net (fo=3, routed)           0.631  5609.420    u_core/u_store/drive_reg[239][7]
    SLICE_X40Y92         LUT5 (Prop_lut5_I2_O)        0.328  5609.748 r  u_core/u_store/i__carry__0_i_5__2/O
                         net (fo=1, routed)           0.000  5609.748    u_core/u_fabric/u_dsp1/u_core/m_c_4[3]
    SLICE_X40Y92         CARRY4 (Prop_carry4_S[3]_CO[3])
                                                      0.401  5610.149 r  u_core/u_fabric/u_dsp1/u_core/__5/i__carry__0/CO[3]
                         net (fo=1, routed)           0.000  5610.149    u_core/u_fabric/u_dsp1/u_core/__5/i__carry__0_n_0
    SLICE_X40Y93         CARRY4 (Prop_carry4_CI_O[3])
                                                      0.313  5610.462 r  u_core/u_fabric/u_dsp1/u_core/__5/i__carry__1/O[3]
                         net (fo=1, routed)           0.600  5611.062    u_core/u_store/m_c_13[3]
    SLICE_X41Y93         LUT3 (Prop_lut3_I0_O)        0.306  5611.369 r  u_core/u_store/m_c_i_32__0/O
                         net (fo=1, routed)           0.838  5612.207    u_core/u_fabric/u_dsp1/u_core/m_c_2[11]
    DSP48_X2Y37          DSP48E1 (Prop_dsp48e1_A[11]_P[5])
                                                      3.841  5616.047 r  u_core/u_fabric/u_dsp1/u_core/m_c/P[5]
                         net (fo=2, routed)           1.126  5617.174    u_core/u_fabric/u_dsp1/u_core/m_c__0[5]
    SLICE_X40Y90         LUT3 (Prop_lut3_I2_O)        0.150  5617.324 r  u_core/u_fabric/u_dsp1/u_core/i__carry__0_i_3__1/O
                         net (fo=2, routed)           0.649  5617.973    u_core/u_fabric/u_dsp1/u_core/m_x[5]
    SLICE_X49Y91         CARRY4 (Prop_carry4_DI[1]_CO[3])
                                                      0.709  5618.682 r  u_core/u_fabric/u_dsp1/u_core/__10/i__carry__0/CO[3]
                         net (fo=1, routed)           0.000  5618.682    u_core/u_fabric/u_dsp1/u_core/__10/i__carry__0_n_0
    SLICE_X49Y92         CARRY4 (Prop_carry4_CI_O[3])
                                                      0.329  5619.011 r  u_core/u_fabric/u_dsp1/u_core/__10/i__carry__1/O[3]
                         net (fo=3, routed)           0.419  5619.430    u_core/u_fabric/u_dsp1/u_core/__10/i__carry__1_n_4
    SLICE_X48Y93         LUT3 (Prop_lut3_I2_O)        0.306  5619.736 r  u_core/u_fabric/u_dsp1/u_core/mem_reg_i_290/O
                         net (fo=2, routed)           0.903  5620.640    u_core/u_store/c_q[42]_i_5__0_0[54]
    SLICE_X64Y94         LUT5 (Prop_lut5_I4_O)        0.124  5620.764 r  u_core/u_store/c_q[20]_i_7/O
                         net (fo=2, routed)           0.411  5621.175    u_core/u_store/c_q[20]_i_7_n_0
    SLICE_X65Y95         LUT5 (Prop_lut5_I4_O)        0.124  5621.299 r  u_core/u_store/c_q[20]_i_3__0/O
                         net (fo=8, routed)           1.390  5622.689    u_core/u_store/u_fabric/r3072
    SLICE_X65Y118        LUT4 (Prop_lut4_I0_O)        0.124  5622.813 r  u_core/u_store/q_i_67__18/O
                         net (fo=6, routed)           1.020  5623.833    u_core/u_store/u_fabric/r3509
    SLICE_X62Y127        LUT3 (Prop_lut3_I0_O)        0.124  5623.958 r  u_core/u_store/a_q[21]_i_17__0/O
                         net (fo=1, routed)           0.286  5624.244    u_core/u_store/a_q[21]_i_17__0_n_0
    SLICE_X62Y127        LUT6 (Prop_lut6_I4_O)        0.124  5624.368 r  u_core/u_store/a_q[21]_i_14/O
                         net (fo=1, routed)           0.171  5624.539    u_core/u_store/a_q[21]_i_14_n_0
    SLICE_X62Y127        LUT5 (Prop_lut5_I0_O)        0.124  5624.663 r  u_core/u_store/a_q[21]_i_9__0/O
                         net (fo=2, routed)           1.370  5626.033    u_core/u_store/u_fabric/r2917
    SLICE_X52Y107        LUT6 (Prop_lut6_I4_O)        0.124  5626.157 r  u_core/u_store/a_q[21]_i_5__0/O
                         net (fo=1, routed)           0.437  5626.595    u_core/u_store/a_q[21]_i_5__0_n_0
    SLICE_X49Y107        LUT5 (Prop_lut5_I2_O)        0.124  5626.719 r  u_core/u_store/a_q[21]_i_2__0/O
                         net (fo=13, routed)          1.144  5627.863    u_core/u_store/u_fabric/r3454
    SLICE_X56Y116        LUT6 (Prop_lut6_I4_O)        0.124  5627.987 r  u_core/u_store/led_OBUF[0]_inst_i_40/O
                         net (fo=2, routed)           0.720  5628.708    u_core/u_store/led_OBUF[0]_inst_i_40_n_0
    SLICE_X60Y119        LUT5 (Prop_lut5_I0_O)        0.124  5628.832 r  u_core/u_store/led_OBUF[0]_inst_i_37/O
                         net (fo=1, routed)           0.280  5629.111    u_core/u_store/led_OBUF[0]_inst_i_37_n_0
    SLICE_X60Y119        LUT5 (Prop_lut5_I2_O)        0.124  5629.235 r  u_core/u_store/led_OBUF[0]_inst_i_32/O
                         net (fo=1, routed)           0.575  5629.810    u_core/u_store/led_OBUF[0]_inst_i_32_n_0
    SLICE_X65Y119        LUT6 (Prop_lut6_I2_O)        0.124  5629.934 r  u_core/u_store/led_OBUF[0]_inst_i_21/O
                         net (fo=2, routed)           0.641  5630.575    u_core/u_store/u_fabric/r2680
    SLICE_X67Y125        LUT5 (Prop_lut5_I4_O)        0.124  5630.699 r  u_core/u_store/a_q[23]_i_21__0/O
                         net (fo=1, routed)           0.433  5631.132    u_core/u_store/a_q[23]_i_21__0_n_0
    SLICE_X67Y125        LUT5 (Prop_lut5_I0_O)        0.124  5631.256 r  u_core/u_store/a_q[23]_i_17/O
                         net (fo=2, routed)           0.827  5632.083    u_core/u_store/a_q[23]_i_17_n_0
    SLICE_X67Y114        LUT5 (Prop_lut5_I0_O)        0.124  5632.208 r  u_core/u_store/a_q[23]_i_11/O
                         net (fo=6, routed)           0.622  5632.830    u_core/u_store/u_fabric/r3564
    SLICE_X60Y113        LUT6 (Prop_lut6_I1_O)        0.124  5632.954 r  u_core/u_store/mem_reg_i_252__0/O
                         net (fo=1, routed)           0.000  5632.954    u_core/u_store/mem_reg_i_252__0_n_0
    SLICE_X60Y113        MUXF7 (Prop_muxf7_I0_O)      0.238  5633.192 r  u_core/u_store/mem_reg_i_167__0/O
                         net (fo=9, routed)           1.476  5634.667    u_core/u_store/u_fabric/r3061
    SLICE_X85Y91         LUT6 (Prop_lut6_I5_O)        0.298  5634.965 r  u_core/u_store/mem_reg_i_344/O
                         net (fo=1, routed)           0.000  5634.965    u_core/u_store/mem_reg_i_344_n_0
    SLICE_X85Y91         MUXF7 (Prop_muxf7_I1_O)      0.217  5635.182 r  u_core/u_store/mem_reg_i_295/O
                         net (fo=2, routed)           0.452  5635.634    u_core/u_store/mem_reg_i_295_n_0
    SLICE_X85Y91         LUT6 (Prop_lut6_I5_O)        0.299  5635.933 r  u_core/u_store/mem_reg_i_214__0/O
                         net (fo=10, routed)          1.714  5637.647    u_core/u_store/u_fabric/r3047
    SLICE_X52Y72         LUT6 (Prop_lut6_I5_O)        0.124  5637.771 r  u_core/u_store/mem_reg_i_324/O
                         net (fo=1, routed)           0.000  5637.771    u_core/u_store/mem_reg_i_324_n_0
    SLICE_X52Y72         MUXF7 (Prop_muxf7_I1_O)      0.217  5637.988 r  u_core/u_store/mem_reg_i_261/O
                         net (fo=1, routed)           0.441  5638.429    u_core/u_store/mem_reg_i_261_n_0
    SLICE_X52Y72         LUT6 (Prop_lut6_I5_O)        0.299  5638.728 r  u_core/u_store/mem_reg_i_173__0/O
                         net (fo=7, routed)           1.728  5640.456    u_core/u_store/u_fabric/r3033
    SLICE_X90Y76         LUT4 (Prop_lut4_I3_O)        0.124  5640.580 r  u_core/u_store/q_i_75__7/O
                         net (fo=7, routed)           1.401  5641.981    u_core/u_store/u_fabric/r3185
    SLICE_X61Y66         LUT6 (Prop_lut6_I2_O)        0.124  5642.105 r  u_core/u_store/q_i_62__15/O
                         net (fo=17, routed)          0.497  5642.603    u_core/u_store/u_fabric/r2384
    SLICE_X57Y67         LUT6 (Prop_lut6_I4_O)        0.124  5642.727 r  u_core/u_store/q_i_68__5/O
                         net (fo=1, routed)           0.000  5642.727    u_core/u_store/u_fabric/u_clb_x2y6/t_99
    SLICE_X57Y67         MUXF7 (Prop_muxf7_I1_O)      0.217  5642.943 r  u_core/u_store/q_reg_i_56/O
                         net (fo=1, routed)           0.577  5643.521    u_core/u_store/u_fabric/u_clb_x2y6/t_113
    SLICE_X57Y69         LUT3 (Prop_lut3_I2_O)        0.299  5643.819 r  u_core/u_store/q_i_32__11/O
                         net (fo=2, routed)           0.446  5644.265    u_core/u_store/u_fabric/u_clb_x2y6/t_120
    SLICE_X57Y69         LUT5 (Prop_lut5_I4_O)        0.124  5644.389 r  u_core/u_store/q_i_17__8/O
                         net (fo=3, routed)           0.623  5645.012    u_core/u_store/u_fabric/r2375
    SLICE_X54Y67         LUT5 (Prop_lut5_I4_O)        0.124  5645.136 r  u_core/u_store/q_i_86__0/O
                         net (fo=1, routed)           0.000  5645.136    u_core/u_store/q_i_86__0_n_0
    SLICE_X54Y67         MUXF7 (Prop_muxf7_I0_O)      0.209  5645.345 r  u_core/u_store/q_reg_i_81/O
                         net (fo=1, routed)           0.469  5645.814    u_core/u_store/q_reg_i_81_n_0
    SLICE_X54Y67         LUT6 (Prop_lut6_I5_O)        0.297  5646.111 r  u_core/u_store/q_i_75__9/O
                         net (fo=4, routed)           0.775  5646.886    u_core/u_store/u_fabric/r3031
    SLICE_X66Y65         LUT6 (Prop_lut6_I4_O)        0.124  5647.010 r  u_core/u_store/din_qa[15]_i_31/O
                         net (fo=1, routed)           0.450  5647.459    u_core/u_store/din_qa[15]_i_31_n_0
    SLICE_X63Y64         LUT5 (Prop_lut5_I1_O)        0.124  5647.583 r  u_core/u_store/din_qa[15]_i_27/O
                         net (fo=1, routed)           0.722  5648.306    u_core/u_store/u_fabric/u_clb_x2y6/t_102
    SLICE_X58Y68         LUT5 (Prop_lut5_I2_O)        0.124  5648.430 r  u_core/u_store/din_qa[15]_i_21/O
                         net (fo=1, routed)           0.433  5648.863    u_core/u_store/u_fabric/u_clb_x2y6/t_121
    SLICE_X59Y70         LUT6 (Prop_lut6_I5_O)        0.124  5648.987 r  u_core/u_store/din_qa[15]_i_14__0/O
                         net (fo=1, routed)           0.717  5649.704    u_core/u_store/din_qa[15]_i_14__0_n_0
    SLICE_X64Y71         LUT5 (Prop_lut5_I4_O)        0.124  5649.828 r  u_core/u_store/din_qa[15]_i_5/O
                         net (fo=12, routed)          0.754  5650.583    u_core/u_store/u_fabric/r3046
    SLICE_X57Y73         LUT6 (Prop_lut6_I5_O)        0.124  5650.707 r  u_core/u_store/a_q[23]_i_13/O
                         net (fo=1, routed)           0.000  5650.707    u_core/u_store/a_q[23]_i_13_n_0
    SLICE_X57Y73         MUXF7 (Prop_muxf7_I1_O)      0.217  5650.923 r  u_core/u_store/a_q_reg[23]_i_7/O
                         net (fo=1, routed)           0.433  5651.357    u_core/u_store/a_q_reg[23]_i_7_n_0
    SLICE_X57Y73         LUT6 (Prop_lut6_I5_O)        0.299  5651.656 r  u_core/u_store/a_q[23]_i_3__0/O
                         net (fo=13, routed)          1.213  5652.869    u_core/u_store/u_fabric/r3050
    SLICE_X63Y96         LUT6 (Prop_lut6_I5_O)        0.124  5652.993 r  u_core/u_store/c_q[28]_i_2__0/O
                         net (fo=1, routed)           1.168  5654.161    u_core/u_store/u_fabric/r2074
    SLICE_X47Y97         LUT3 (Prop_lut3_I2_O)        0.150  5654.311 r  u_core/u_store/c_q[28]_i_1__0/O
                         net (fo=2, routed)           0.436  5654.748    u_core/u_store/drive_reg[214][28]
    SLICE_X47Y97         LUT5 (Prop_lut5_I4_O)        0.353  5655.101 r  u_core/u_store/i__carry__6_i_12__0/O
                         net (fo=1, routed)           0.301  5655.401    u_core/u_store/i__carry__6_i_12__0_n_0
    SLICE_X49Y97         LUT5 (Prop_lut5_I4_O)        0.124  5655.525 r  u_core/u_store/i__carry__6_i_8__0/O
                         net (fo=1, routed)           0.000  5655.525    u_core/u_fabric/u_dsp1/u_core/p_q_reg[31]_0[0]
    SLICE_X49Y97         CARRY4 (Prop_carry4_S[0]_O[3])
                                                      0.606  5656.131 r  u_core/u_fabric/u_dsp1/u_core/__10/i__carry__6/O[3]
                         net (fo=3, routed)           0.862  5656.994    u_core/u_fabric/u_dsp1/u_core/__10/i__carry__6_n_4
    SLICE_X48Y97         LUT3 (Prop_lut3_I2_O)        0.306  5657.300 r  u_core/u_fabric/u_dsp1/u_core/c_q[42]_i_15/O
                         net (fo=2, routed)           1.205  5658.505    u_core/u_store/c_q[42]_i_5__0_0[72]
    SLICE_X60Y107        LUT5 (Prop_lut5_I1_O)        0.124  5658.629 r  u_core/u_store/c_q[41]_i_6/O
                         net (fo=2, routed)           0.468  5659.097    u_core/u_store/c_q[41]_i_6_n_0
    SLICE_X62Y107        LUT5 (Prop_lut5_I4_O)        0.124  5659.221 r  u_core/u_store/q_i_81__4/O
                         net (fo=1, routed)           0.282  5659.503    u_core/u_store/q_i_81__4_n_0
    SLICE_X62Y107        LUT5 (Prop_lut5_I2_O)        0.124  5659.627 r  u_core/u_store/q_i_60__15/O
                         net (fo=1, routed)           0.646  5660.273    u_core/u_store/q_i_60__15_n_0
    SLICE_X63Y112        LUT6 (Prop_lut6_I3_O)        0.124  5660.397 r  u_core/u_store/q_i_39__18/O
                         net (fo=9, routed)           0.967  5661.363    u_core/u_store/u_fabric/r3553
    SLICE_X87Y116        LUT4 (Prop_lut4_I2_O)        0.124  5661.487 r  u_core/u_store/c_q[41]_i_11__0/O
                         net (fo=16, routed)          1.214  5662.701    u_core/u_store/u_fabric/r2819
    SLICE_X89Y95         LUT6 (Prop_lut6_I5_O)        0.124  5662.825 r  u_core/u_store/b_q[16]_i_8__0/O
                         net (fo=1, routed)           0.433  5663.258    u_core/u_store/b_q[16]_i_8__0_n_0
    SLICE_X89Y95         LUT6 (Prop_lut6_I5_O)        0.124  5663.382 r  u_core/u_store/b_q[16]_i_4/O
                         net (fo=1, routed)           0.434  5663.817    u_core/u_store/b_q[16]_i_4_n_0
    SLICE_X89Y94         LUT5 (Prop_lut5_I0_O)        0.124  5663.941 r  u_core/u_store/b_q[16]_i_2__0/O
                         net (fo=16, routed)          0.507  5664.448    u_core/u_store/u_fabric/r3394
    SLICE_X80Y95         LUT6 (Prop_lut6_I5_O)        0.124  5664.572 r  u_core/u_store/c_q[36]_i_10__0/O
                         net (fo=1, routed)           1.174  5665.746    u_core/u_store/c_q[36]_i_10__0_n_0
    SLICE_X61Y81         LUT5 (Prop_lut5_I2_O)        0.124  5665.870 r  u_core/u_store/c_q[36]_i_9/O
                         net (fo=1, routed)           0.263  5666.133    u_core/u_store/c_q[36]_i_9_n_0
    SLICE_X61Y81         LUT5 (Prop_lut5_I2_O)        0.124  5666.257 r  u_core/u_store/c_q[36]_i_6__0/O
                         net (fo=1, routed)           0.461  5666.719    u_core/u_store/c_q[36]_i_6__0_n_0
    SLICE_X62Y83         LUT5 (Prop_lut5_I0_O)        0.124  5666.843 r  u_core/u_store/c_q[36]_i_5/O
                         net (fo=9, routed)           1.286  5668.128    u_core/u_store/u_fabric/r3060
    SLICE_X87Y94         LUT6 (Prop_lut6_I5_O)        0.124  5668.252 r  u_core/u_store/c_q[47]_i_18/O
                         net (fo=1, routed)           0.000  5668.252    u_core/u_store/c_q[47]_i_18_n_0
    SLICE_X87Y94         MUXF7 (Prop_muxf7_I1_O)      0.217  5668.469 r  u_core/u_store/c_q_reg[47]_i_10/O
                         net (fo=1, routed)           0.433  5668.903    u_core/u_store/c_q_reg[47]_i_10_n_0
    SLICE_X87Y94         LUT6 (Prop_lut6_I5_O)        0.299  5669.202 r  u_core/u_store/c_q[47]_i_4/O
                         net (fo=11, routed)          1.009  5670.210    u_core/u_store/u_fabric/r3062
    SLICE_X66Y100        LUT6 (Prop_lut6_I2_O)        0.124  5670.334 r  u_core/u_store/c_q[12]_i_2/O
                         net (fo=1, routed)           1.160  5671.494    u_core/u_store/u_fabric/r2072
    SLICE_X45Y98         LUT3 (Prop_lut3_I2_O)        0.124  5671.618 r  u_core/u_store/c_q[12]_i_1__0/O
                         net (fo=2, routed)           0.440  5672.058    u_core/u_store/drive_reg[214][12]
    SLICE_X45Y96         LUT5 (Prop_lut5_I4_O)        0.124  5672.182 r  u_core/u_store/i__carry__2_i_12__0/O
                         net (fo=1, routed)           0.493  5672.675    u_core/u_store/i__carry__2_i_12__0_n_0
    SLICE_X49Y93         LUT5 (Prop_lut5_I4_O)        0.124  5672.799 r  u_core/u_store/i__carry__2_i_8__0/O
                         net (fo=1, routed)           0.000  5672.799    u_core/u_fabric/u_dsp1/u_core/p_q_reg[15]_0[0]
    SLICE_X49Y93         CARRY4 (Prop_carry4_S[0]_O[3])
                                                      0.606  5673.405 r  u_core/u_fabric/u_dsp1/u_core/__10/i__carry__2/O[3]
                         net (fo=3, routed)           0.604  5674.009    u_core/u_fabric/u_dsp1/u_core/__10/i__carry__2_n_4
    SLICE_X50Y93         LUT3 (Prop_lut3_I2_O)        0.306  5674.315 r  u_core/u_fabric/u_dsp1/u_core/a_q[21]_i_18/O
                         net (fo=2, routed)           0.944  5675.259    u_core/u_store/c_q[42]_i_5__0_0[58]
    SLICE_X56Y103        LUT5 (Prop_lut5_I4_O)        0.124  5675.383 r  u_core/u_store/a_q[20]_i_11__0/O
                         net (fo=1, routed)           0.000  5675.383    u_core/u_store/a_q[20]_i_11__0_n_0
    SLICE_X56Y103        MUXF7 (Prop_muxf7_I0_O)      0.212  5675.595 r  u_core/u_store/a_q_reg[20]_i_6/O
                         net (fo=1, routed)           0.441  5676.036    u_core/u_store/a_q_reg[20]_i_6_n_0
    SLICE_X56Y103        LUT6 (Prop_lut6_I5_O)        0.299  5676.335 r  u_core/u_store/a_q[20]_i_2/O
                         net (fo=15, routed)          0.958  5677.293    u_core/u_store/u_fabric/r3448
    SLICE_X55Y122        LUT4 (Prop_lut4_I3_O)        0.124  5677.417 r  u_core/u_store/q_i_23__10/O
                         net (fo=7, routed)           0.906  5678.323    u_core/u_store/u_fabric/r3002
    SLICE_X66Y113        LUT5 (Prop_lut5_I1_O)        0.124  5678.447 r  u_core/u_store/c_q[45]_i_16/O
                         net (fo=1, routed)           0.282  5678.729    u_core/u_store/c_q[45]_i_16_n_0
    SLICE_X66Y113        LUT5 (Prop_lut5_I4_O)        0.124  5678.854 r  u_core/u_store/c_q[45]_i_10/O
                         net (fo=2, routed)           0.318  5679.172    u_core/u_store/u_fabric/r3018
    SLICE_X66Y115        LUT6 (Prop_lut6_I3_O)        0.124  5679.296 r  u_core/u_store/c_q[43]_i_13/O
                         net (fo=2, routed)           0.657  5679.953    u_core/u_store/c_q[43]_i_13_n_0
    SLICE_X67Y115        LUT5 (Prop_lut5_I2_O)        0.124  5680.077 r  u_core/u_store/c_q[43]_i_5/O
                         net (fo=10, routed)          1.205  5681.281    u_core/u_store/u_fabric/r3545
    SLICE_X90Y117        LUT4 (Prop_lut4_I3_O)        0.124  5681.405 r  u_core/u_store/c_q[43]_i_2/O
                         net (fo=16, routed)          1.047  5682.452    u_core/u_store/u_fabric/r2821
    SLICE_X62Y113        LUT6 (Prop_lut6_I5_O)        0.124  5682.576 r  u_core/u_store/c_q[44]_i_19__0/O
                         net (fo=1, routed)           0.161  5682.737    u_core/u_store/c_q[44]_i_19__0_n_0
    SLICE_X62Y113        LUT6 (Prop_lut6_I0_O)        0.124  5682.861 r  u_core/u_store/c_q[44]_i_8/O
                         net (fo=2, routed)           1.069  5683.931    u_core/u_store/c_q[44]_i_8_n_0
    SLICE_X62Y92         LUT5 (Prop_lut5_I2_O)        0.124  5684.055 r  u_core/u_store/din_qa[5]_i_39/O
                         net (fo=1, routed)           0.706  5684.761    u_core/u_store/din_qa[5]_i_39_n_0
    SLICE_X61Y79         LUT6 (Prop_lut6_I5_O)        0.124  5684.885 r  u_core/u_store/din_qa[5]_i_37/O
                         net (fo=1, routed)           0.263  5685.148    u_core/u_store/din_qa[5]_i_37_n_0
    SLICE_X61Y79         LUT6 (Prop_lut6_I4_O)        0.124  5685.272 r  u_core/u_store/din_qa[5]_i_33/O
                         net (fo=3, routed)           0.825  5686.097    u_core/u_store/u_fabric/r2634
    SLICE_X62Y89         LUT5 (Prop_lut5_I4_O)        0.124  5686.221 r  u_core/u_store/c_q[47]_i_9/O
                         net (fo=1, routed)           0.303  5686.524    u_core/u_store/c_q[47]_i_9_n_0
    SLICE_X64Y89         LUT5 (Prop_lut5_I2_O)        0.124  5686.648 r  u_core/u_store/c_q[47]_i_7/O
                         net (fo=4, routed)           0.938  5687.586    u_core/u_store/u_fabric/r3303
    SLICE_X84Y93         LUT6 (Prop_lut6_I5_O)        0.124  5687.710 r  u_core/u_store/c_q[47]_i_6__0/O
                         net (fo=1, routed)           0.000  5687.710    u_core/u_store/c_q[47]_i_6__0_n_0
    SLICE_X84Y93         MUXF7 (Prop_muxf7_I1_O)      0.217  5687.927 r  u_core/u_store/c_q_reg[47]_i_4/O
                         net (fo=23, routed)          1.340  5689.267    u_core/u_store/u_fabric/r2572
    SLICE_X63Y116        LUT5 (Prop_lut5_I4_O)        0.299  5689.566 r  u_core/u_store/q_i_56__27/O
                         net (fo=3, routed)           0.625  5690.190    u_core/u_store/u_fabric/r3478
    SLICE_X55Y118        LUT6 (Prop_lut6_I5_O)        0.124  5690.314 r  u_core/u_store/c_q[0]_i_11/O
                         net (fo=1, routed)           0.436  5690.751    u_core/u_store/c_q[0]_i_11_n_0
    SLICE_X54Y117        LUT5 (Prop_lut5_I0_O)        0.124  5690.875 r  u_core/u_store/c_q[0]_i_8/O
                         net (fo=2, routed)           0.808  5691.683    u_core/u_store/u_fabric/r2671
    SLICE_X53Y108        LUT6 (Prop_lut6_I3_O)        0.124  5691.807 r  u_core/u_store/a_q[21]_i_12__0/O
                         net (fo=1, routed)           0.000  5691.807    u_core/u_store/a_q[21]_i_12__0_n_0
    SLICE_X53Y108        MUXF7 (Prop_muxf7_I1_O)      0.217  5692.023 r  u_core/u_store/a_q_reg[21]_i_6/O
                         net (fo=2, routed)           0.544  5692.568    u_core/u_store/a_q_reg[21]_i_6_n_0
    SLICE_X54Y107        LUT6 (Prop_lut6_I5_O)        0.299  5692.867 r  u_core/u_store/a_q[21]_i_2/O
                         net (fo=21, routed)          0.846  5693.712    u_core/u_store/u_fabric/r3436
    SLICE_X62Y112        LUT5 (Prop_lut5_I4_O)        0.124  5693.836 r  u_core/u_store/c_q[44]_i_10/O
                         net (fo=5, routed)           0.817  5694.654    u_core/u_store/u_fabric/r3008
    SLICE_X56Y115        LUT3 (Prop_lut3_I0_O)        0.120  5694.774 r  u_core/u_store/din_qa[10]_i_12/O
                         net (fo=2, routed)           0.451  5695.225    u_core/u_store/din_qa[10]_i_12_n_0
    SLICE_X57Y116        LUT5 (Prop_lut5_I0_O)        0.327  5695.552 r  u_core/u_store/din_qa[10]_i_10/O
                         net (fo=1, routed)           0.454  5696.007    u_core/u_store/din_qa[10]_i_10_n_0
    SLICE_X60Y115        LUT6 (Prop_lut6_I4_O)        0.124  5696.131 r  u_core/u_store/din_qa[10]_i_6/O
                         net (fo=1, routed)           1.175  5697.306    u_core/u_store/din_qa[10]_i_6_n_0
    SLICE_X60Y90         LUT6 (Prop_lut6_I4_O)        0.124  5697.430 r  u_core/u_store/din_qa[10]_i_3__0/O
                         net (fo=6, routed)           0.900  5698.331    u_core/u_store/u_fabric/r3295
    SLICE_X57Y79         LUT5 (Prop_lut5_I0_O)        0.124  5698.455 r  u_core/u_store/d_q[23]_i_10__0/O
                         net (fo=5, routed)           0.948  5699.402    u_core/u_store/u_fabric/r2978
    SLICE_X63Y86         LUT3 (Prop_lut3_I2_O)        0.124  5699.526 r  u_core/u_store/mem_reg_i_368__0/O
                         net (fo=2, routed)           0.494  5700.021    u_core/u_store/mem_reg_i_368__0_n_0
    SLICE_X63Y84         LUT5 (Prop_lut5_I0_O)        0.124  5700.145 r  u_core/u_store/q_i_87__5/O
                         net (fo=1, routed)           0.565  5700.710    u_core/u_store/q_i_87__5_n_0
    SLICE_X65Y81         LUT6 (Prop_lut6_I4_O)        0.124  5700.834 r  u_core/u_store/q_i_65__16/O
                         net (fo=1, routed)           0.304  5701.138    u_core/u_store/q_i_65__16_n_0
    SLICE_X66Y81         LUT6 (Prop_lut6_I5_O)        0.124  5701.262 r  u_core/u_store/q_i_39__29/O
                         net (fo=10, routed)          0.892  5702.154    u_core/u_store/u_fabric/r3175
    SLICE_X66Y67         LUT6 (Prop_lut6_I3_O)        0.124  5702.278 r  u_core/u_store/din_qa[15]_i_13__0/O
                         net (fo=1, routed)           0.409  5702.687    u_core/u_store/din_qa[15]_i_13__0_n_0
    SLICE_X64Y67         LUT5 (Prop_lut5_I2_O)        0.124  5702.811 r  u_core/u_store/din_qa[15]_i_9__0/O
                         net (fo=2, routed)           0.784  5703.595    u_core/u_store/u_fabric/r2956
    SLICE_X83Y72         LUT6 (Prop_lut6_I4_O)        0.124  5703.719 r  u_core/u_store/din_qa[15]_i_5__0/O
                         net (fo=2, routed)           0.403  5704.123    u_core/u_store/din_qa[15]_i_5__0_n_0
    SLICE_X83Y72         LUT5 (Prop_lut5_I2_O)        0.124  5704.247 r  u_core/u_store/din_qa[15]_i_2/O
                         net (fo=16, routed)          0.545  5704.792    u_core/u_store/u_fabric/r3219
    SLICE_X89Y69         LUT6 (Prop_lut6_I4_O)        0.124  5704.916 r  u_core/u_store/din_qa[16]_i_30/O
                         net (fo=1, routed)           0.149  5705.065    u_core/u_store/din_qa[16]_i_30_n_0
    SLICE_X89Y69         LUT5 (Prop_lut5_I2_O)        0.124  5705.189 r  u_core/u_store/din_qa[16]_i_22/O
                         net (fo=5, routed)           1.279  5706.468    u_core/u_store/u_fabric/r2793
    SLICE_X107Y75        LUT6 (Prop_lut6_I5_O)        0.124  5706.592 r  u_core/u_store/q_i_40__20/O
                         net (fo=2, routed)           0.509  5707.102    u_core/u_store/q_i_40__20_n_0
    SLICE_X105Y75        LUT5 (Prop_lut5_I2_O)        0.124  5707.226 r  u_core/u_store/q_i_21__23/O
                         net (fo=3, routed)           0.318  5707.543    u_core/u_store/u_fabric/r2775
    SLICE_X105Y77        LUT6 (Prop_lut6_I5_O)        0.124  5707.667 r  u_core/u_store/capture_reg_i_12__4/O
                         net (fo=11, routed)          0.485  5708.152    u_core/u_store/u_fabric/r3099
    SLICE_X103Y79        LUT5 (Prop_lut5_I2_O)        0.124  5708.276 r  u_core/u_store/q_i_25__9/O
                         net (fo=1, routed)           0.433  5708.709    u_core/u_store/q_i_25__9_n_0
    SLICE_X103Y79        LUT4 (Prop_lut4_I3_O)        0.124  5708.833 r  u_core/u_store/q_i_11__19/O
                         net (fo=8, routed)           1.441  5710.274    u_core/u_store/u_fabric/r2538
    SLICE_X86Y81         LUT3 (Prop_lut3_I2_O)        0.148  5710.422 r  u_core/u_store/din_qa[9]_i_6/O
                         net (fo=2, routed)           0.636  5711.058    u_core/u_store/din_qa[9]_i_6_n_0
    SLICE_X80Y85         LUT6 (Prop_lut6_I2_O)        0.328  5711.386 r  u_core/u_store/din_qa[9]_i_4/O
                         net (fo=2, routed)           0.170  5711.556    u_core/u_store/u_fabric/r3270
    SLICE_X80Y85         LUT5 (Prop_lut5_I2_O)        0.124  5711.680 r  u_core/u_store/d_q[21]_i_8__0/O
                         net (fo=5, routed)           0.799  5712.478    u_core/u_store/u_fabric/r2640
    SLICE_X63Y91         LUT6 (Prop_lut6_I2_O)        0.124  5712.602 r  u_core/u_store/q_i_48__27/O
                         net (fo=1, routed)           0.149  5712.751    u_core/u_store/q_i_48__27_n_0
    SLICE_X63Y91         LUT5 (Prop_lut5_I2_O)        0.124  5712.875 r  u_core/u_store/q_i_24__13/O
                         net (fo=3, routed)           0.955  5713.830    u_core/u_store/u_fabric/r3319
    SLICE_X82Y97         LUT6 (Prop_lut6_I3_O)        0.124  5713.954 r  u_core/u_store/q_i_13__31/O
                         net (fo=2, routed)           0.599  5714.553    u_core/u_store/q_i_13__31_n_0
    SLICE_X82Y98         LUT6 (Prop_lut6_I3_O)        0.124  5714.677 r  u_core/u_store/c_q[40]_i_30/O
                         net (fo=1, routed)           0.968  5715.645    u_core/u_store/u_fabric/r3536
    SLICE_X84Y116        LUT6 (Prop_lut6_I0_O)        0.124  5715.769 r  u_core/u_store/c_q[40]_i_25/O
                         net (fo=1, routed)           0.773  5716.542    u_core/u_store/c_q[40]_i_25_n_0
    SLICE_X59Y116        LUT6 (Prop_lut6_I2_O)        0.124  5716.666 r  u_core/u_store/c_q[40]_i_19/O
                         net (fo=1, routed)           0.000  5716.666    u_core/u_store/c_q[40]_i_19_n_0
    SLICE_X59Y116        MUXF7 (Prop_muxf7_I0_O)      0.212  5716.878 r  u_core/u_store/c_q_reg[40]_i_12/O
                         net (fo=2, routed)           0.658  5717.536    u_core/u_store/u_fabric/r2753
    SLICE_X59Y106        LUT6 (Prop_lut6_I5_O)        0.299  5717.835 r  u_core/u_store/c_q[40]_i_5__0/O
                         net (fo=1, routed)           0.264  5718.099    u_core/u_store/c_q[40]_i_5__0_n_0
    SLICE_X59Y106        LUT5 (Prop_lut5_I2_O)        0.124  5718.223 r  u_core/u_store/c_q[40]_i_2/O
                         net (fo=21, routed)          0.992  5719.215    u_core/u_store/u_fabric/r3440
    SLICE_X48Y116        LUT6 (Prop_lut6_I5_O)        0.124  5719.339 r  u_core/u_store/led_OBUF[0]_inst_i_27/O
                         net (fo=1, routed)           0.433  5719.772    u_core/u_store/led_OBUF[0]_inst_i_27_n_0
    SLICE_X48Y116        LUT5 (Prop_lut5_I0_O)        0.124  5719.896 r  u_core/u_store/led_OBUF[0]_inst_i_15/O
                         net (fo=6, routed)           1.468  5721.364    u_core/u_store/u_fabric/r2830
    SLICE_X87Y125        LUT6 (Prop_lut6_I5_O)        0.124  5721.488 r  u_core/u_store/led_OBUF[0]_inst_i_7/O
                         net (fo=1, routed)           0.433  5721.921    u_core/u_store/led_OBUF[0]_inst_i_7_n_0
    SLICE_X87Y125        LUT5 (Prop_lut5_I2_O)        0.124  5722.045 r  u_core/u_store/led_OBUF[0]_inst_i_3/O
                         net (fo=7, routed)           0.827  5722.873    u_core/u_store/u_fabric/r3531
    SLICE_X85Y116        LUT5 (Prop_lut5_I4_O)        0.124  5722.997 r  u_core/u_store/c_q[40]_i_10/O
                         net (fo=4, routed)           0.744  5723.742    u_core/u_store/u_fabric/r2765
    SLICE_X67Y117        LUT6 (Prop_lut6_I5_O)        0.124  5723.866 r  u_core/u_store/a_q[23]_i_70/O
                         net (fo=1, routed)           0.740  5724.606    u_core/u_store/a_q[23]_i_70_n_0
    SLICE_X63Y121        LUT5 (Prop_lut5_I4_O)        0.124  5724.730 r  u_core/u_store/a_q[23]_i_67/O
                         net (fo=1, routed)           0.263  5724.993    u_core/u_store/a_q[23]_i_67_n_0
    SLICE_X63Y121        LUT5 (Prop_lut5_I4_O)        0.124  5725.117 r  u_core/u_store/a_q[23]_i_47/O
                         net (fo=1, routed)           0.151  5725.269    u_core/u_store/a_q[23]_i_47_n_0
    SLICE_X63Y121        LUT5 (Prop_lut5_I0_O)        0.124  5725.393 r  u_core/u_store/a_q[23]_i_22__0/O
                         net (fo=15, routed)          0.342  5725.735    u_core/u_store/u_fabric/r3494
    SLICE_X62Y119        LUT6 (Prop_lut6_I3_O)        0.124  5725.859 r  u_core/u_store/a_q[23]_i_8__0/O
                         net (fo=1, routed)           0.161  5726.020    u_core/u_store/a_q[23]_i_8__0_n_0
    SLICE_X62Y119        LUT5 (Prop_lut5_I2_O)        0.124  5726.144 r  u_core/u_store/a_q[23]_i_3/O
                         net (fo=18, routed)          1.258  5727.402    u_core/u_store/u_fabric/r2813
    SLICE_X81Y104        LUT6 (Prop_lut6_I5_O)        0.124  5727.526 r  u_core/u_store/d_q[21]_i_8/O
                         net (fo=1, routed)           0.000  5727.526    u_core/u_store/d_q[21]_i_8_n_0
    SLICE_X81Y104        MUXF7 (Prop_muxf7_I0_O)      0.212  5727.738 r  u_core/u_store/d_q_reg[21]_i_4/O
                         net (fo=1, routed)           0.436  5728.174    u_core/u_store/d_q_reg[21]_i_4_n_0
    SLICE_X81Y104        LUT5 (Prop_lut5_I0_O)        0.299  5728.473 r  u_core/u_store/d_q[21]_i_2__0/O
                         net (fo=16, routed)          0.918  5729.391    u_core/u_store/u_fabric/r3361
    SLICE_X66Y95         LUT6 (Prop_lut6_I5_O)        0.124  5729.515 r  u_core/u_store/q_i_39__22/O
                         net (fo=1, routed)           0.709  5730.224    u_core/u_store/q_i_39__22_n_0
    SLICE_X65Y84         LUT6 (Prop_lut6_I0_O)        0.124  5730.348 r  u_core/u_store/q_i_19__15/O
                         net (fo=15, routed)          1.669  5732.017    u_core/u_store/u_fabric/r3328
    SLICE_X96Y98         LUT6 (Prop_lut6_I5_O)        0.124  5732.141 r  u_core/u_store/q_i_41__16/O
                         net (fo=17, routed)          0.716  5732.856    u_core/u_store/u_fabric/r2273
    SLICE_X97Y103        LUT6 (Prop_lut6_I2_O)        0.124  5732.980 r  u_core/u_store/q_i_62__10/O
                         net (fo=1, routed)           0.000  5732.980    u_core/u_store/u_fabric/u_clb_x5y5/t_109
    SLICE_X97Y103        MUXF7 (Prop_muxf7_I1_O)      0.217  5733.197 r  u_core/u_store/q_reg_i_34__3/O
                         net (fo=2, routed)           0.495  5733.692    u_core/u_store/u_fabric/u_clb_x5y5/t_118
    SLICE_X97Y101        LUT5 (Prop_lut5_I4_O)        0.299  5733.991 r  u_core/u_store/q_i_14__11/O
                         net (fo=1, routed)           0.433  5734.424    u_core/u_store/u_fabric/u_clb_x5y5/t_123
    SLICE_X97Y101        LUT5 (Prop_lut5_I0_O)        0.124  5734.548 r  u_core/u_store/q_i_7__13/O
                         net (fo=3, routed)           0.585  5735.133    u_core/u_store/u_fabric/u_clb_x5y5/lut_o6
    SLICE_X100Y100       LUT6 (Prop_lut6_I1_O)        0.124  5735.257 r  u_core/u_store/c_q[15]_i_9/O
                         net (fo=1, routed)           0.899  5736.157    u_core/u_store/clb_o[27]
    SLICE_X85Y99         LUT5 (Prop_lut5_I0_O)        0.124  5736.281 r  u_core/u_store/c_q[15]_i_8/O
                         net (fo=1, routed)           0.574  5736.855    u_core/u_store/c_q[15]_i_8_n_0
    SLICE_X85Y98         LUT5 (Prop_lut5_I4_O)        0.124  5736.979 r  u_core/u_store/c_q[15]_i_5/O
                         net (fo=10, routed)          0.532  5737.511    u_core/u_store/u_fabric/r3398
    SLICE_X85Y100        LUT6 (Prop_lut6_I2_O)        0.124  5737.635 r  u_core/u_store/c_q[7]_i_5/O
                         net (fo=2, routed)           0.598  5738.232    u_core/u_store/c_q[7]_i_5_n_0
    SLICE_X85Y94         LUT3 (Prop_lut3_I0_O)        0.124  5738.356 r  u_core/u_store/c_q[7]_i_4/O
                         net (fo=5, routed)           1.344  5739.700    u_core/u_store/u_fabric/r3404
    SLICE_X53Y103        LUT4 (Prop_lut4_I0_O)        0.124  5739.824 r  u_core/u_store/a_q[2]_i_3/O
                         net (fo=1, routed)           0.403  5740.228    u_core/u_store/a_q[2]_i_3_n_0
    SLICE_X53Y103        LUT6 (Prop_lut6_I0_O)        0.124  5740.352 r  u_core/u_store/a_q[2]_i_2/O
                         net (fo=1, routed)           0.950  5741.301    u_core/u_store/u_fabric/r2096
    SLICE_X51Y92         LUT3 (Prop_lut3_I2_O)        0.124  5741.425 r  u_core/u_store/a_q[2]_i_1__0/O
                         net (fo=2, routed)           0.645  5742.070    u_core/u_store/drive_reg[148][2]
    SLICE_X42Y91         LUT3 (Prop_lut3_I2_O)        0.117  5742.188 r  u_core/u_store/m_c_i_63__0/O
                         net (fo=2, routed)           0.428  5742.615    u_core/u_store/u_fabric/u_dsp1/u_core/a_v__24[2]
    SLICE_X40Y91         LUT5 (Prop_lut5_I3_O)        0.348  5742.963 r  u_core/u_store/i__carry_i_6__2/O
                         net (fo=1, routed)           0.000  5742.963    u_core/u_fabric/u_dsp1/u_core/m_c_3[2]
    SLICE_X40Y91         CARRY4 (Prop_carry4_S[2]_O[3])
                                                      0.352  5743.315 r  u_core/u_fabric/u_dsp1/u_core/__5/i__carry/O[3]
                         net (fo=1, routed)           0.661  5743.976    u_core/u_store/m_c_11[3]
    SLICE_X41Y91         LUT3 (Prop_lut3_I0_O)        0.306  5744.282 r  u_core/u_store/m_c_i_40__0/O
                         net (fo=1, routed)           0.796  5745.079    u_core/u_fabric/u_dsp1/u_core/m_c_2[3]
    DSP48_X2Y37          DSP48E1 (Prop_dsp48e1_A[3]_P[8])
                                                      3.841  5748.919 r  u_core/u_fabric/u_dsp1/u_core/m_c/P[8]
                         net (fo=2, routed)           0.955  5749.875    u_core/u_fabric/u_dsp1/u_core/m_c__0[8]
    SLICE_X45Y92         LUT3 (Prop_lut3_I2_O)        0.124  5749.999 r  u_core/u_fabric/u_dsp1/u_core/i__carry__1_i_4__1/O
                         net (fo=2, routed)           0.540  5750.538    u_core/u_fabric/u_dsp1/u_core/m_x[8]
    SLICE_X49Y92         CARRY4 (Prop_carry4_DI[0]_O[2])
                                                      0.573  5751.111 r  u_core/u_fabric/u_dsp1/u_core/__10/i__carry__1/O[2]
                         net (fo=3, routed)           0.587  5751.699    u_core/u_fabric/u_dsp1/u_core/__10/i__carry__1_n_5
    SLICE_X50Y93         LUT3 (Prop_lut3_I2_O)        0.302  5752.000 r  u_core/u_fabric/u_dsp1/u_core/d_q[20]_i_15/O
                         net (fo=2, routed)           0.869  5752.870    u_core/u_fabric/u_dsp0/u_core/c_q_reg[4]_i_7[1]
    SLICE_X51Y105        LUT5 (Prop_lut5_I0_O)        0.124  5752.994 r  u_core/u_fabric/u_dsp0/u_core/d_q[20]_i_13__0/O
                         net (fo=1, routed)           0.000  5752.994    u_core/u_store/d_q[20]_i_3__0_0
    SLICE_X51Y105        MUXF7 (Prop_muxf7_I0_O)      0.212  5753.206 r  u_core/u_store/d_q_reg[20]_i_9/O
                         net (fo=2, routed)           0.448  5753.653    u_core/u_store/d_q_reg[20]_i_9_n_0
    SLICE_X51Y105        LUT5 (Prop_lut5_I4_O)        0.299  5753.952 r  u_core/u_store/d_q[20]_i_3__0/O
                         net (fo=21, routed)          1.576  5755.528    u_core/u_store/u_fabric/r2807
    SLICE_X80Y87         LUT6 (Prop_lut6_I5_O)        0.124  5755.652 r  u_core/u_store/q_i_58__20/O
                         net (fo=2, routed)           0.515  5756.167    u_core/u_store/q_i_58__20_n_0
    SLICE_X81Y87         LUT6 (Prop_lut6_I2_O)        0.124  5756.291 r  u_core/u_store/q_i_61__23/O
                         net (fo=2, routed)           1.344  5757.635    u_core/u_store/q_i_61__23_n_0
    SLICE_X97Y93         LUT6 (Prop_lut6_I1_O)        0.124  5757.759 r  u_core/u_store/q_i_52__6/O
                         net (fo=1, routed)           0.395  5758.154    u_core/u_store/u_fabric/u_clb_x5y4/t_78
    SLICE_X95Y93         LUT5 (Prop_lut5_I2_O)        0.124  5758.278 r  u_core/u_store/q_i_30__5/O
                         net (fo=1, routed)           0.573  5758.852    u_core/u_store/u_fabric/u_clb_x5y4/t_115
    SLICE_X95Y93         LUT5 (Prop_lut5_I0_O)        0.124  5758.976 r  u_core/u_store/q_i_14__8/O
                         net (fo=4, routed)           0.756  5759.731    u_core/u_store/u_fabric/r1561
    SLICE_X97Y101        LUT6 (Prop_lut6_I5_O)        0.124  5759.855 r  u_core/u_store/q_i_7__9/O
                         net (fo=4, routed)           0.486  5760.341    u_core/u_store/u_fabric/u_clb_x5y4/lut_o6
    SLICE_X98Y99         LUT5 (Prop_lut5_I4_O)        0.124  5760.465 r  u_core/u_store/q_i_8__11/O
                         net (fo=2, routed)           0.465  5760.930    u_core/u_store/q_i_8__11_n_0
    SLICE_X99Y99         LUT6 (Prop_lut6_I5_O)        0.124  5761.054 r  u_core/u_store/sr[21]_i_2/O
                         net (fo=4, routed)           1.150  5762.205    u_core/u_store/q_reg[15]
    SLICE_X87Y96         LUT6 (Prop_lut6_I5_O)        0.124  5762.329 r  u_core/u_store/mem_reg_i_406/O
                         net (fo=1, routed)           0.263  5762.592    u_core/u_store/mem_reg_i_406_n_0
    SLICE_X87Y96         LUT6 (Prop_lut6_I2_O)        0.124  5762.716 r  u_core/u_store/mem_reg_i_341__0/O
                         net (fo=5, routed)           1.035  5763.750    u_core/u_store/u_fabric/r2967
    SLICE_X60Y87         LUT5 (Prop_lut5_I3_O)        0.124  5763.875 r  u_core/u_store/q_i_38__27/O
                         net (fo=2, routed)           0.567  5764.441    u_core/u_store/q_i_38__27_n_0
    SLICE_X56Y87         LUT5 (Prop_lut5_I4_O)        0.124  5764.565 r  u_core/u_store/c_q[47]_i_9__0/O
                         net (fo=3, routed)           0.430  5764.996    u_core/u_store/u_fabric/r3352
    SLICE_X56Y85         LUT5 (Prop_lut5_I1_O)        0.124  5765.120 r  u_core/u_store/q_i_22__19/O
                         net (fo=2, routed)           0.687  5765.807    u_core/u_store/u_fabric/r2406
    SLICE_X49Y85         LUT5 (Prop_lut5_I3_O)        0.124  5765.931 r  u_core/u_store/q_i_15__10/O
                         net (fo=1, routed)           0.263  5766.194    u_core/u_store/u_fabric/u_clb_x4y6/t_125
    SLICE_X49Y85         LUT4 (Prop_lut4_I3_O)        0.124  5766.318 r  u_core/u_store/q_i_6__21/O
                         net (fo=1, routed)           0.572  5766.890    u_core/u_store/u_fabric/u_clb_x4y6/cy_sum
    SLICE_X49Y83         LUT5 (Prop_lut5_I0_O)        0.124  5767.014 r  u_core/u_store/q_i_3__25/O
                         net (fo=3, routed)           0.908  5767.922    u_core/u_store/u_fabric/u_clb_x4y6/comb
    SLICE_X67Y82         LUT6 (Prop_lut6_I3_O)        0.124  5768.046 r  u_core/u_store/mem_reg_i_360__0/O
                         net (fo=2, routed)           0.849  5768.895    u_core/u_store/mem_reg_i_360__0_n_0
    SLICE_X82Y87         LUT5 (Prop_lut5_I4_O)        0.124  5769.019 r  u_core/u_store/mem_reg_i_307__0/O
                         net (fo=3, routed)           1.104  5770.123    u_core/u_store/u_fabric/r3350
    SLICE_X90Y98         LUT4 (Prop_lut4_I2_O)        0.124  5770.247 r  u_core/u_store/d_q[23]_i_9__0/O
                         net (fo=1, routed)           0.502  5770.749    u_core/u_store/d_q[23]_i_9__0_n_0
    SLICE_X90Y98         LUT5 (Prop_lut5_I0_O)        0.124  5770.873 r  u_core/u_store/d_q[23]_i_4/O
                         net (fo=14, routed)          1.803  5772.675    u_core/u_store/u_fabric/r3064
    SLICE_X62Y124        LUT4 (Prop_lut4_I3_O)        0.124  5772.799 r  u_core/u_store/a_q[23]_i_17__0/O
                         net (fo=16, routed)          0.514  5773.313    u_core/u_store/u_fabric/r3497
    SLICE_X64Y124        LUT3 (Prop_lut3_I1_O)        0.120  5773.433 r  u_core/u_store/led_OBUF[1]_inst_i_32/O
                         net (fo=1, routed)           0.455  5773.888    u_core/u_store/led_OBUF[1]_inst_i_32_n_0
    SLICE_X64Y125        LUT6 (Prop_lut6_I0_O)        0.327  5774.215 r  u_core/u_store/led_OBUF[1]_inst_i_24/O
                         net (fo=2, routed)           0.745  5774.961    u_core/u_store/u_fabric/r2928
    SLICE_X65Y112        LUT6 (Prop_lut6_I4_O)        0.124  5775.085 r  u_core/u_store/c_q[17]_i_8/O
                         net (fo=1, routed)           0.415  5775.500    u_core/u_store/c_q[17]_i_8_n_0
    SLICE_X64Y112        LUT5 (Prop_lut5_I2_O)        0.124  5775.624 r  u_core/u_store/c_q[17]_i_6/O
                         net (fo=4, routed)           0.579  5776.203    u_core/u_store/u_fabric/r3562
    SLICE_X64Y114        LUT4 (Prop_lut4_I3_O)        0.118  5776.321 r  u_core/u_store/c_q[1]_i_10/O
                         net (fo=6, routed)           0.658  5776.979    u_core/u_store/u_fabric/r3001
    SLICE_X57Y116        LUT5 (Prop_lut5_I4_O)        0.326  5777.306 r  u_core/u_store/c_q[45]_i_12__0/O
                         net (fo=1, routed)           0.578  5777.883    u_core/u_store/c_q[45]_i_12__0_n_0
    SLICE_X61Y116        LUT5 (Prop_lut5_I2_O)        0.124  5778.007 r  u_core/u_store/c_q[45]_i_8/O
                         net (fo=3, routed)           0.417  5778.424    u_core/u_store/u_fabric/r3516
    SLICE_X61Y114        LUT6 (Prop_lut6_I2_O)        0.124  5778.548 r  u_core/u_store/c_q[45]_i_4__0/O
                         net (fo=10, routed)          1.101  5779.648    u_core/u_store/u_fabric/r3057
    SLICE_X66Y99         LUT6 (Prop_lut6_I5_O)        0.124  5779.772 r  u_core/u_store/mem_reg_i_320__0/O
                         net (fo=1, routed)           0.000  5779.772    u_core/u_store/mem_reg_i_320__0_n_0
    SLICE_X66Y99         MUXF7 (Prop_muxf7_I1_O)      0.214  5779.986 r  u_core/u_store/mem_reg_i_255__0/O
                         net (fo=2, routed)           0.945  5780.931    u_core/u_store/mem_reg_i_255__0_n_0
    SLICE_X61Y99         LUT3 (Prop_lut3_I2_O)        0.297  5781.228 r  u_core/u_store/mem_reg_i_168__0/O
                         net (fo=12, routed)          0.959  5782.188    u_core/u_store/u_fabric/r3051
    SLICE_X87Y95         LUT6 (Prop_lut6_I3_O)        0.124  5782.312 r  u_core/u_store/din_qa[5]_i_10__0/O
                         net (fo=1, routed)           0.000  5782.312    u_core/u_store/din_qa[5]_i_10__0_n_0
    SLICE_X87Y95         MUXF7 (Prop_muxf7_I0_O)      0.212  5782.523 r  u_core/u_store/din_qa_reg[5]_i_6/O
                         net (fo=2, routed)           0.596  5783.120    u_core/u_store/din_qa_reg[5]_i_6_n_0
    SLICE_X87Y94         LUT6 (Prop_lut6_I5_O)        0.299  5783.418 r  u_core/u_store/din_qa[5]_i_4__0/O
                         net (fo=15, routed)          1.815  5785.233    u_core/u_store/u_fabric/r3045
    SLICE_X92Y66         LUT6 (Prop_lut6_I4_O)        0.124  5785.357 r  u_core/u_store/capture_reg_i_26/O
                         net (fo=1, routed)           0.452  5785.810    u_core/u_store/capture_reg_i_26_n_0
    SLICE_X92Y66         LUT6 (Prop_lut6_I4_O)        0.124  5785.934 r  u_core/u_store/capture_reg_i_20__0/O
                         net (fo=1, routed)           0.502  5786.436    u_core/u_store/capture_reg_i_20__0_n_0
    SLICE_X92Y66         LUT5 (Prop_lut5_I0_O)        0.124  5786.560 r  u_core/u_store/capture_reg_i_16__3/O
                         net (fo=2, routed)           0.851  5787.410    u_core/u_store/u_fabric/r2939
    SLICE_X99Y75         LUT5 (Prop_lut5_I0_O)        0.124  5787.534 r  u_core/u_store/mem_reg_i_415/O
                         net (fo=2, routed)           0.594  5788.128    u_core/u_store/mem_reg_i_415_n_0
    SLICE_X101Y73        LUT5 (Prop_lut5_I4_O)        0.124  5788.252 r  u_core/u_store/mem_reg_i_353__0/O
                         net (fo=4, routed)           1.532  5789.785    u_core/u_store/u_fabric/r3134
    SLICE_X66Y67         LUT3 (Prop_lut3_I1_O)        0.124  5789.909 r  u_core/u_store/mem_reg_i_446/O
                         net (fo=2, routed)           0.605  5790.514    u_core/u_store/mem_reg_i_446_n_0
    SLICE_X66Y65         LUT4 (Prop_lut4_I0_O)        0.124  5790.638 r  u_core/u_store/mem_reg_i_416/O
                         net (fo=3, routed)           0.436  5791.074    u_core/u_store/u_fabric/r3191
    SLICE_X65Y64         LUT6 (Prop_lut6_I0_O)        0.124  5791.198 r  u_core/u_store/mem_reg_i_354/O
                         net (fo=1, routed)           0.560  5791.758    u_core/u_store/mem_reg_i_354_n_0
    SLICE_X61Y64         LUT5 (Prop_lut5_I0_O)        0.124  5791.882 r  u_core/u_store/mem_reg_i_268__0/O
                         net (fo=2, routed)           0.800  5792.683    u_core/u_store/u_fabric/r2958
    SLICE_X65Y72         LUT5 (Prop_lut5_I2_O)        0.124  5792.807 r  u_core/u_store/mem_reg_i_158/O
                         net (fo=1, routed)           0.394  5793.201    u_core/u_store/mem_reg_i_158_n_0
    SLICE_X67Y72         LUT5 (Prop_lut5_I2_O)        0.124  5793.325 r  u_core/u_store/mem_reg_i_83/O
                         net (fo=15, routed)          1.097  5794.422    u_core/u_store/u_fabric/r3221
    SLICE_X88Y75         LUT4 (Prop_lut4_I3_O)        0.124  5794.546 r  u_core/u_store/q_i_25__16/O
                         net (fo=3, routed)           0.786  5795.333    u_core/u_store/u_fabric/r2711
    SLICE_X103Y75        LUT6 (Prop_lut6_I3_O)        0.124  5795.457 r  u_core/u_store/q_i_94/O
                         net (fo=1, routed)           0.433  5795.890    u_core/u_store/q_i_94_n_0
    SLICE_X103Y75        LUT5 (Prop_lut5_I4_O)        0.124  5796.014 r  u_core/u_store/q_i_76__2/O
                         net (fo=2, routed)           0.663  5796.677    u_core/u_store/q_i_76__2_n_0
    SLICE_X102Y75        LUT5 (Prop_lut5_I0_O)        0.124  5796.801 r  u_core/u_store/q_i_66__17/O
                         net (fo=1, routed)           0.614  5797.415    u_core/u_store/q_i_66__17_n_0
    SLICE_X97Y77         LUT6 (Prop_lut6_I0_O)        0.124  5797.539 r  u_core/u_store/q_i_45__22/O
                         net (fo=7, routed)           1.017  5798.556    u_core/u_store/u_fabric/r3184
    SLICE_X82Y71         LUT5 (Prop_lut5_I4_O)        0.124  5798.680 r  u_core/u_store/a_q[24]_i_11__0/O
                         net (fo=2, routed)           0.906  5799.586    u_core/u_store/a_q[24]_i_11__0_n_0
    SLICE_X67Y75         LUT6 (Prop_lut6_I4_O)        0.124  5799.710 r  u_core/u_store/q_i_54__29/O
                         net (fo=1, routed)           0.604  5800.314    u_core/u_store/q_i_54__29_n_0
    SLICE_X62Y79         LUT6 (Prop_lut6_I4_O)        0.124  5800.438 r  u_core/u_store/q_i_23__21/O
                         net (fo=5, routed)           1.294  5801.732    u_core/u_store/u_fabric/r2972
    SLICE_X86Y91         LUT5 (Prop_lut5_I1_O)        0.124  5801.856 r  u_core/u_store/b_q[15]_i_25/O
                         net (fo=1, routed)           0.404  5802.261    u_core/u_store/b_q[15]_i_25_n_0
    SLICE_X87Y91         LUT5 (Prop_lut5_I4_O)        0.124  5802.385 r  u_core/u_store/b_q[15]_i_14/O
                         net (fo=2, routed)           0.741  5803.126    u_core/u_store/u_fabric/r2988
    SLICE_X86Y98         LUT5 (Prop_lut5_I2_O)        0.124  5803.250 r  u_core/u_store/b_q[9]_i_6/O
                         net (fo=2, routed)           0.685  5803.935    u_core/u_store/b_q[9]_i_6_n_0
    SLICE_X92Y98         LUT5 (Prop_lut5_I2_O)        0.124  5804.059 r  u_core/u_store/b_q[9]_i_3__0/O
                         net (fo=4, routed)           1.011  5805.070    u_core/u_store/u_fabric/r3406
    SLICE_X67Y99         LUT6 (Prop_lut6_I4_O)        0.124  5805.194 r  u_core/u_store/c_q[4]_i_6__0/O
                         net (fo=1, routed)           0.361  5805.554    u_core/u_store/c_q[4]_i_6__0_n_0
    SLICE_X66Y99         LUT5 (Prop_lut5_I0_O)        0.124  5805.678 r  u_core/u_store/c_q[4]_i_3__0/O
                         net (fo=9, routed)           0.827  5806.505    u_core/u_store/u_fabric/r3068
    SLICE_X61Y107        LUT6 (Prop_lut6_I0_O)        0.124  5806.629 r  u_core/u_store/d_q[4]_i_2__0/O
                         net (fo=1, routed)           1.627  5808.257    u_core/u_store/u_fabric/r2077
    SLICE_X39Y94         LUT3 (Prop_lut3_I2_O)        0.150  5808.407 r  u_core/u_store/d_q[4]_i_1__0/O
                         net (fo=3, routed)           0.599  5809.005    u_core/u_store/drive_reg[239][4]
    SLICE_X40Y92         LUT5 (Prop_lut5_I2_O)        0.332  5809.337 r  u_core/u_store/i__carry__0_i_8__2/O
                         net (fo=1, routed)           0.000  5809.337    u_core/u_fabric/u_dsp1/u_core/m_c_4[0]
    SLICE_X40Y92         CARRY4 (Prop_carry4_S[0]_O[2])
                                                      0.547  5809.884 r  u_core/u_fabric/u_dsp1/u_core/__5/i__carry__0/O[2]
                         net (fo=1, routed)           0.501  5810.385    u_core/u_store/m_c_12[2]
    SLICE_X41Y92         LUT3 (Prop_lut3_I0_O)        0.302  5810.687 r  u_core/u_store/m_c_i_37__0/O
                         net (fo=1, routed)           0.692  5811.379    u_core/u_fabric/u_dsp1/u_core/m_c_2[6]
    DSP48_X2Y37          DSP48E1 (Prop_dsp48e1_A[6]_P[9])
                                                      3.841  5815.220 r  u_core/u_fabric/u_dsp1/u_core/m_c/P[9]
                         net (fo=2, routed)           1.157  5816.377    u_core/u_fabric/u_dsp1/u_core/m_c__0[9]
    SLICE_X45Y92         LUT3 (Prop_lut3_I2_O)        0.152  5816.529 r  u_core/u_fabric/u_dsp1/u_core/i__carry__1_i_3__1/O
                         net (fo=2, routed)           0.539  5817.068    u_core/u_fabric/u_dsp1/u_core/m_x[9]
    SLICE_X49Y92         CARRY4 (Prop_carry4_DI[1]_CO[3])
                                                      0.715  5817.783 r  u_core/u_fabric/u_dsp1/u_core/__10/i__carry__1/CO[3]
                         net (fo=1, routed)           0.000  5817.783    u_core/u_fabric/u_dsp1/u_core/__10/i__carry__1_n_0
    SLICE_X49Y93         CARRY4 (Prop_carry4_CI_O[2])
                                                      0.256  5818.039 r  u_core/u_fabric/u_dsp1/u_core/__10/i__carry__2/O[2]
                         net (fo=3, routed)           0.806  5818.844    u_core/u_fabric/u_dsp1/u_core/__10/i__carry__2_n_5
    SLICE_X50Y93         LUT3 (Prop_lut3_I2_O)        0.302  5819.146 r  u_core/u_fabric/u_dsp1/u_core/a_q[24]_i_10/O
                         net (fo=2, routed)           1.164  5820.311    u_core/u_store/c_q[42]_i_5__0_0[57]
    SLICE_X83Y95         LUT5 (Prop_lut5_I4_O)        0.124  5820.435 r  u_core/u_store/din_qa[5]_i_9/O
                         net (fo=2, routed)           0.418  5820.853    u_core/u_store/din_qa[5]_i_9_n_0
    SLICE_X87Y95         LUT5 (Prop_lut5_I4_O)        0.124  5820.977 r  u_core/u_store/din_qa[5]_i_5__0/O
                         net (fo=4, routed)           1.292  5822.269    u_core/u_store/u_fabric/r3408
    SLICE_X57Y105        LUT4 (Prop_lut4_I0_O)        0.124  5822.393 r  u_core/u_store/c_q[23]_i_3/O
                         net (fo=1, routed)           0.433  5822.826    u_core/u_store/c_q[23]_i_3_n_0
    SLICE_X57Y105        LUT6 (Prop_lut6_I0_O)        0.124  5822.950 r  u_core/u_store/c_q[23]_i_2/O
                         net (fo=1, routed)           1.278  5824.229    u_core/u_store/u_fabric/r2104
    SLICE_X45Y98         LUT3 (Prop_lut3_I2_O)        0.150  5824.378 r  u_core/u_store/c_q[23]_i_1__0/O
                         net (fo=2, routed)           0.448  5824.826    u_core/u_store/drive_reg[214][23]
    SLICE_X45Y98         LUT5 (Prop_lut5_I4_O)        0.326  5825.152 r  u_core/u_store/i__carry__4_i_9__1/O
                         net (fo=1, routed)           0.592  5825.744    u_core/u_store/i__carry__4_i_9__1_n_0
    SLICE_X49Y95         LUT5 (Prop_lut5_I4_O)        0.124  5825.868 r  u_core/u_store/i__carry__4_i_5__1/O
                         net (fo=1, routed)           0.000  5825.868    u_core/u_fabric/u_dsp1/u_core/p_q_reg[23]_0[3]
    SLICE_X49Y95         CARRY4 (Prop_carry4_S[3]_CO[3])
                                                      0.401  5826.269 r  u_core/u_fabric/u_dsp1/u_core/__10/i__carry__4/CO[3]
                         net (fo=1, routed)           0.000  5826.269    u_core/u_fabric/u_dsp1/u_core/__10/i__carry__4_n_0
    SLICE_X49Y96         CARRY4 (Prop_carry4_CI_O[1])
                                                      0.348  5826.617 r  u_core/u_fabric/u_dsp1/u_core/__10/i__carry__5/O[1]
                         net (fo=3, routed)           0.652  5827.269    u_core/u_fabric/u_dsp1/u_core/__10/i__carry__5_n_6
    SLICE_X48Y96         LUT3 (Prop_lut3_I2_O)        0.303  5827.572 r  u_core/u_fabric/u_dsp1/u_core/c_q[10]_i_5/O
                         net (fo=2, routed)           0.993  5828.565    u_core/u_store/c_q[42]_i_5__0_0[66]
    SLICE_X50Y110        LUT5 (Prop_lut5_I4_O)        0.124  5828.689 r  u_core/u_store/c_q[10]_i_3__0/O
                         net (fo=4, routed)           1.088  5829.777    u_core/u_store/u_fabric/r3459
    SLICE_X50Y123        LUT4 (Prop_lut4_I0_O)        0.124  5829.901 r  u_core/u_store/q_i_22__10/O
                         net (fo=7, routed)           1.275  5831.176    u_core/u_store/u_fabric/r2992
    SLICE_X87Y118        LUT6 (Prop_lut6_I1_O)        0.124  5831.300 r  u_core/u_store/c_q[45]_i_5/O
                         net (fo=1, routed)           0.263  5831.563    u_core/u_store/c_q[45]_i_5_n_0
    SLICE_X87Y118        LUT6 (Prop_lut6_I1_O)        0.124  5831.687 r  u_core/u_store/c_q[45]_i_3__0/O
                         net (fo=11, routed)          1.285  5832.972    u_core/u_store/u_fabric/r3071
    SLICE_X59Y108        LUT5 (Prop_lut5_I1_O)        0.124  5833.096 r  u_core/u_store/a_q[21]_i_3__0/O
                         net (fo=14, routed)          0.828  5833.924    u_core/u_store/u_fabric/r3449
    SLICE_X61Y102        LUT4 (Prop_lut4_I0_O)        0.124  5834.048 r  u_core/u_store/b_q[3]_i_3__0/O
                         net (fo=1, routed)           0.551  5834.599    u_core/u_store/b_q[3]_i_3__0_n_0
    SLICE_X61Y99         LUT6 (Prop_lut6_I5_O)        0.124  5834.723 r  u_core/u_store/b_q[3]_i_2/O
                         net (fo=1, routed)           1.084  5835.807    u_core/u_store/u_fabric/r2038
    SLICE_X46Y91         LUT3 (Prop_lut3_I2_O)        0.117  5835.924 r  u_core/u_store/b_q[3]_i_1__0/O
                         net (fo=2, routed)           0.665  5836.589    u_core/u_dsp1/b_v[3]
    SLICE_X43Y91         LUT3 (Prop_lut3_I2_O)        0.348  5836.938 r  u_core/m_c_i_15__0/O
                         net (fo=1, routed)           0.843  5837.781    u_core/u_fabric/u_dsp1/u_core/m_c_1[3]
    DSP48_X2Y37          DSP48E1 (Prop_dsp48e1_B[3]_P[12])
                                                      3.656  5841.437 r  u_core/u_fabric/u_dsp1/u_core/m_c/P[12]
                         net (fo=2, routed)           0.930  5842.367    u_core/u_fabric/u_dsp1/u_core/m_c__0[12]
    SLICE_X41Y93         LUT3 (Prop_lut3_I2_O)        0.124  5842.491 r  u_core/u_fabric/u_dsp1/u_core/i__carry__2_i_4__1/O
                         net (fo=2, routed)           0.642  5843.133    u_core/u_fabric/u_dsp1/u_core/m_x[12]
    SLICE_X49Y93         CARRY4 (Prop_carry4_DI[0]_O[1])
                                                      0.420  5843.553 r  u_core/u_fabric/u_dsp1/u_core/__10/i__carry__2/O[1]
                         net (fo=3, routed)           0.837  5844.390    u_core/u_fabric/u_dsp1/u_core/__10/i__carry__2_n_6
    SLICE_X56Y93         LUT3 (Prop_lut3_I2_O)        0.303  5844.693 r  u_core/u_fabric/u_dsp1/u_core/b_q[15]_i_19/O
                         net (fo=3, routed)           0.911  5845.604    u_core/u_store/c_q[42]_i_5__0_0[56]
    SLICE_X80Y94         LUT5 (Prop_lut5_I4_O)        0.124  5845.729 r  u_core/u_store/c_q[31]_i_9/O
                         net (fo=1, routed)           0.667  5846.396    u_core/u_store/c_q[31]_i_9_n_0
    SLICE_X80Y94         LUT5 (Prop_lut5_I4_O)        0.124  5846.520 r  u_core/u_store/c_q[31]_i_6/O
                         net (fo=10, routed)          1.086  5847.606    u_core/u_store/u_fabric/r3402
    SLICE_X58Y103        LUT4 (Prop_lut4_I0_O)        0.124  5847.730 r  u_core/u_store/c_q[31]_i_4/O
                         net (fo=1, routed)           0.282  5848.012    u_core/u_store/c_q[31]_i_4_n_0
    SLICE_X58Y103        LUT6 (Prop_lut6_I5_O)        0.124  5848.136 r  u_core/u_store/c_q[31]_i_2__0/O
                         net (fo=1, routed)           1.178  5849.314    u_core/u_store/u_fabric/r2105
    SLICE_X42Y99         LUT3 (Prop_lut3_I2_O)        0.124  5849.438 r  u_core/u_store/c_q[31]_i_1__0/O
                         net (fo=2, routed)           0.450  5849.888    u_core/u_store/drive_reg[214][31]
    SLICE_X43Y98         LUT5 (Prop_lut5_I4_O)        0.124  5850.012 r  u_core/u_store/i__carry__6_i_9__0/O
                         net (fo=1, routed)           0.609  5850.621    u_core/u_store/i__carry__6_i_9__0_n_0
    SLICE_X49Y97         LUT5 (Prop_lut5_I4_O)        0.124  5850.745 r  u_core/u_store/i__carry__6_i_5__0/O
                         net (fo=1, routed)           0.000  5850.745    u_core/u_fabric/u_dsp1/u_core/p_q_reg[31]_0[3]
    SLICE_X49Y97         CARRY4 (Prop_carry4_S[3]_CO[3])
                                                      0.401  5851.146 r  u_core/u_fabric/u_dsp1/u_core/__10/i__carry__6/CO[3]
                         net (fo=1, routed)           0.000  5851.146    u_core/u_fabric/u_dsp1/u_core/__10/i__carry__6_n_0
    SLICE_X49Y98         CARRY4 (Prop_carry4_CI_O[2])
                                                      0.256  5851.402 r  u_core/u_fabric/u_dsp1/u_core/__10/i__carry__7/O[2]
                         net (fo=3, routed)           0.959  5852.360    u_core/u_fabric/u_dsp1/u_core/__10/i__carry__7_n_5
    SLICE_X50Y98         LUT3 (Prop_lut3_I2_O)        0.302  5852.662 r  u_core/u_fabric/u_dsp1/u_core/d_q[20]_i_17/O
                         net (fo=2, routed)           0.696  5853.358    u_core/u_store/c_q[42]_i_5__0_0[75]
    SLICE_X51Y102        LUT6 (Prop_lut6_I5_O)        0.124  5853.482 r  u_core/u_store/d_q[20]_i_11/O
                         net (fo=1, routed)           0.000  5853.482    u_core/u_store/d_q[20]_i_11_n_0
    SLICE_X51Y102        MUXF7 (Prop_muxf7_I1_O)      0.217  5853.699 r  u_core/u_store/d_q_reg[20]_i_6/O
                         net (fo=1, routed)           0.436  5854.136    u_core/u_store/d_q_reg[20]_i_6_n_0
    SLICE_X51Y102        LUT5 (Prop_lut5_I4_O)        0.299  5854.435 r  u_core/u_store/d_q[20]_i_2/O
                         net (fo=13, routed)          0.935  5855.370    u_core/u_store/u_fabric/r2824
    SLICE_X63Y107        LUT6 (Prop_lut6_I5_O)        0.124  5855.494 r  u_core/u_store/c_q[41]_i_9__0/O
                         net (fo=1, routed)           0.263  5855.757    u_core/u_store/c_q[41]_i_9__0_n_0
    SLICE_X63Y107        LUT6 (Prop_lut6_I5_O)        0.124  5855.881 r  u_core/u_store/c_q[41]_i_4/O
                         net (fo=2, routed)           0.434  5856.315    u_core/u_store/c_q[41]_i_4_n_0
    SLICE_X62Y107        LUT5 (Prop_lut5_I0_O)        0.124  5856.439 r  u_core/u_store/c_q[41]_i_2__0/O
                         net (fo=17, routed)          0.684  5857.124    u_core/u_store/u_fabric/r3446
    SLICE_X63Y114        LUT6 (Prop_lut6_I3_O)        0.124  5857.248 r  u_core/u_store/q_i_55__14/O
                         net (fo=2, routed)           0.363  5857.611    u_core/u_store/q_i_55__14_n_0
    SLICE_X62Y114        LUT6 (Prop_lut6_I2_O)        0.124  5857.735 r  u_core/u_store/q_i_38__14/O
                         net (fo=11, routed)          0.602  5858.336    u_core/u_store/u_fabric/r3503
    SLICE_X61Y114        LUT6 (Prop_lut6_I5_O)        0.124  5858.460 r  u_core/u_store/c_q[1]_i_13/O
                         net (fo=1, routed)           0.351  5858.812    u_core/u_store/c_q[1]_i_13_n_0
    SLICE_X60Y114        LUT5 (Prop_lut5_I0_O)        0.124  5858.936 r  u_core/u_store/c_q[1]_i_9/O
                         net (fo=3, routed)           0.769  5859.704    u_core/u_store/u_fabric/r3007
    SLICE_X58Y110        LUT5 (Prop_lut5_I2_O)        0.124  5859.828 r  u_core/u_store/c_q[1]_i_6/O
                         net (fo=1, routed)           0.291  5860.120    u_core/u_store/c_q[1]_i_6_n_0
    SLICE_X56Y110        LUT5 (Prop_lut5_I2_O)        0.124  5860.244 r  u_core/u_store/c_q[1]_i_4/O
                         net (fo=19, routed)          0.903  5861.146    u_core/u_store/u_fabric/r3439
    SLICE_X63Y122        LUT6 (Prop_lut6_I5_O)        0.124  5861.270 r  u_core/u_store/q_i_27__4/O
                         net (fo=6, routed)           0.847  5862.118    u_core/u_store/u_fabric/r2300
    SLICE_X56Y120        LUT6 (Prop_lut6_I4_O)        0.124  5862.242 r  u_core/u_store/q_i_16__8/O
                         net (fo=6, routed)           0.600  5862.841    u_core/u_store/u_fabric/u_clb_x7y5/t_120
    SLICE_X57Y121        LUT4 (Prop_lut4_I0_O)        0.150  5862.991 r  u_core/u_store/q_i_24__26/O
                         net (fo=7, routed)           0.827  5863.818    u_core/u_store/u_fabric/r2990
    SLICE_X66Y114        LUT5 (Prop_lut5_I4_O)        0.326  5864.144 r  u_core/u_store/c_q[44]_i_4/O
                         net (fo=4, routed)           0.459  5864.604    u_core/u_store/c_q[44]_i_4_n_0
    SLICE_X64Y113        LUT6 (Prop_lut6_I1_O)        0.124  5864.728 r  u_core/u_store/c_q[44]_i_2__0/O
                         net (fo=6, routed)           0.943  5865.670    u_core/u_store/u_fabric/r3073
    SLICE_X82Y99         LUT6 (Prop_lut6_I2_O)        0.124  5865.794 r  u_core/u_store/q_i_48__19/O
                         net (fo=1, routed)           0.821  5866.615    u_core/u_store/q_i_48__19_n_0
    SLICE_X90Y101        LUT6 (Prop_lut6_I2_O)        0.124  5866.739 r  u_core/u_store/q_i_23__15/O
                         net (fo=15, routed)          1.831  5868.571    u_core/u_store/u_fabric/r2801
    SLICE_X85Y69         LUT6 (Prop_lut6_I5_O)        0.124  5868.695 r  u_core/u_store/mem_reg_i_120__0/O
                         net (fo=1, routed)           0.404  5869.099    u_core/u_store/mem_reg_i_120__0_n_0
    SLICE_X85Y68         LUT5 (Prop_lut5_I2_O)        0.124  5869.223 r  u_core/u_store/mem_reg_i_71__0/O
                         net (fo=11, routed)          1.058  5870.281    u_core/u_store/u_fabric/r3232
    SLICE_X94Y71         LUT4 (Prop_lut4_I3_O)        0.124  5870.405 r  u_core/u_store/mem_reg_i_375/O
                         net (fo=5, routed)           0.684  5871.089    u_core/u_store/u_fabric/r2851
    SLICE_X101Y77        LUT5 (Prop_lut5_I1_O)        0.124  5871.213 r  u_core/u_store/mem_reg_i_323/O
                         net (fo=2, routed)           0.149  5871.362    u_core/u_store/mem_reg_i_323_n_0
    SLICE_X101Y77        LUT5 (Prop_lut5_I2_O)        0.124  5871.486 r  u_core/u_store/mem_reg_i_228/O
                         net (fo=1, routed)           0.511  5871.998    u_core/u_store/mem_reg_i_228_n_0
    SLICE_X103Y83        LUT6 (Prop_lut6_I5_O)        0.124  5872.122 r  u_core/u_store/mem_reg_i_128/O
                         net (fo=7, routed)           0.615  5872.737    u_core/u_store/u_fabric/r2546
    SLICE_X102Y78        LUT6 (Prop_lut6_I3_O)        0.124  5872.861 r  u_core/u_store/q_i_32__17/O
                         net (fo=1, routed)           1.140  5874.000    u_core/u_store/q_i_32__17_n_0
    SLICE_X87Y72         LUT5 (Prop_lut5_I2_O)        0.124  5874.125 r  u_core/u_store/q_i_14__24/O
                         net (fo=2, routed)           0.000  5874.125    u_core/u_store/q_i_14__24_n_0
    SLICE_X87Y72         MUXF7 (Prop_muxf7_I0_O)      0.212  5874.336 r  u_core/u_store/q_reg_i_7__0/O
                         net (fo=15, routed)          1.058  5875.395    u_core/u_store/u_fabric/r2798
    SLICE_X58Y65         LUT6 (Prop_lut6_I5_O)        0.299  5875.693 r  u_core/u_store/mem_reg_i_333/O
                         net (fo=1, routed)           0.000  5875.693    u_core/u_store/mem_reg_i_333_n_0
    SLICE_X58Y65         MUXF7 (Prop_muxf7_I1_O)      0.247  5875.940 r  u_core/u_store/mem_reg_i_236/O
                         net (fo=1, routed)           0.000  5875.940    u_core/u_store/mem_reg_i_236_n_0
    SLICE_X58Y65         MUXF8 (Prop_muxf8_I0_O)      0.098  5876.039 r  u_core/u_store/mem_reg_i_136/O
                         net (fo=20, routed)          1.608  5877.646    u_core/u_store/u_fabric/r2804
    SLICE_X59Y103        LUT6 (Prop_lut6_I5_O)        0.319  5877.965 r  u_core/u_store/d_q[12]_i_2/O
                         net (fo=1, routed)           1.189  5879.154    u_core/u_store/u_fabric/r846
    SLICE_X47Y95         LUT3 (Prop_lut3_I2_O)        0.119  5879.273 r  u_core/u_store/d_q[12]_i_1/O
                         net (fo=3, routed)           0.835  5880.108    u_core/u_store/drive_reg[115][12]
    SLICE_X54Y94         LUT5 (Prop_lut5_I2_O)        0.332  5880.440 r  u_core/u_store/i__carry__2_i_8__1/O
                         net (fo=1, routed)           0.000  5880.440    u_core/u_fabric/u_dsp0/u_core/m_c_3[0]
    SLICE_X54Y94         CARRY4 (Prop_carry4_S[0]_O[3])
                                                      0.608  5881.048 r  u_core/u_fabric/u_dsp0/u_core/__5/i__carry__2/O[3]
                         net (fo=1, routed)           0.590  5881.638    u_core/u_store/m_c_3[3]
    SLICE_X56Y94         LUT3 (Prop_lut3_I0_O)        0.307  5881.945 r  u_core/u_store/m_c_i_28/O
                         net (fo=1, routed)           1.305  5883.250    u_core/u_fabric/u_dsp0/u_core/A[15]
    DSP48_X2Y36          DSP48E1 (Prop_dsp48e1_A[15]_P[1])
                                                      3.841  5887.091 r  u_core/u_fabric/u_dsp0/u_core/m_c/P[1]
                         net (fo=3, routed)           1.389  5888.480    u_core/u_fabric/u_dsp0/u_core/m_c__0[1]
    SLICE_X55Y90         LUT3 (Prop_lut3_I2_O)        0.150  5888.630 r  u_core/u_fabric/u_dsp0/u_core/i__carry_i_3/O
                         net (fo=1, routed)           0.000  5888.630    u_core/u_fabric/u_dsp0/u_core/m_x[1]
    SLICE_X55Y90         CARRY4 (Prop_carry4_DI[1]_O[2])
                                                      0.498  5889.128 r  u_core/u_fabric/u_dsp0/u_core/__10/i__carry/O[2]
                         net (fo=3, routed)           0.558  5889.686    u_core/u_fabric/u_dsp0/u_core/__10/i__carry_n_5
    SLICE_X59Y91         LUT3 (Prop_lut3_I2_O)        0.302  5889.987 r  u_core/u_fabric/u_dsp0/u_core/reg_qa[17]_i_27/O
                         net (fo=2, routed)           0.787  5890.774    u_core/u_fabric/u_dsp0/u_core/dsp_p[2]
    SLICE_X59Y100        LUT6 (Prop_lut6_I1_O)        0.124  5890.898 r  u_core/u_fabric/u_dsp0/u_core/c_q[41]_i_17/O
                         net (fo=1, routed)           0.000  5890.898    u_core/u_store/c_q[41]_i_7_0
    SLICE_X59Y100        MUXF7 (Prop_muxf7_I0_O)      0.212  5891.110 r  u_core/u_store/c_q_reg[41]_i_15/O
                         net (fo=1, routed)           0.354  5891.464    u_core/u_store/c_q_reg[41]_i_15_n_0
    SLICE_X58Y100        LUT6 (Prop_lut6_I5_O)        0.299  5891.763 r  u_core/u_store/c_q[41]_i_7/O
                         net (fo=10, routed)          1.418  5893.180    u_core/u_store/u_fabric/r2576
    SLICE_X67Y118        LUT5 (Prop_lut5_I2_O)        0.124  5893.304 r  u_core/u_store/a_q[23]_i_62/O
                         net (fo=2, routed)           0.872  5894.176    u_core/u_store/u_fabric/r2769
    SLICE_X54Y125        LUT6 (Prop_lut6_I5_O)        0.124  5894.300 r  u_core/u_store/a_q[23]_i_39/O
                         net (fo=1, routed)           0.492  5894.792    u_core/u_store/a_q[23]_i_39_n_0
    SLICE_X54Y125        LUT5 (Prop_lut5_I0_O)        0.124  5894.916 r  u_core/u_store/a_q[23]_i_18/O
                         net (fo=14, routed)          1.171  5896.086    u_core/u_store/u_fabric/r3498
    SLICE_X80Y128        LUT6 (Prop_lut6_I2_O)        0.124  5896.210 r  u_core/u_store/c_q[40]_i_20/O
                         net (fo=1, routed)           0.488  5896.698    u_core/u_store/c_q[40]_i_20_n_0
    SLICE_X80Y128        LUT5 (Prop_lut5_I0_O)        0.124  5896.822 r  u_core/u_store/c_q[40]_i_19__0/O
                         net (fo=2, routed)           0.713  5897.535    u_core/u_store/u_fabric/r2836
    SLICE_X81Y121        LUT6 (Prop_lut6_I5_O)        0.124  5897.659 r  u_core/u_store/q_i_42__25/O
                         net (fo=2, routed)           0.308  5897.967    u_core/u_store/q_i_42__25_n_0
    SLICE_X80Y122        LUT5 (Prop_lut5_I2_O)        0.124  5898.091 r  u_core/u_store/q_i_26__13/O
                         net (fo=6, routed)           1.000  5899.091    u_core/u_store/u_fabric/r3558
    SLICE_X66Y126        LUT5 (Prop_lut5_I0_O)        0.124  5899.215 r  u_core/u_store/q_i_33__13/O
                         net (fo=3, routed)           0.778  5899.994    u_core/u_store/u_fabric/r2927
    SLICE_X54Y126        LUT6 (Prop_lut6_I3_O)        0.124  5900.118 r  u_core/u_store/c_q[44]_i_47/O
                         net (fo=1, routed)           0.371  5900.489    u_core/u_store/c_q[44]_i_47_n_0
    SLICE_X54Y126        LUT5 (Prop_lut5_I4_O)        0.124  5900.613 r  u_core/u_store/c_q[44]_i_42/O
                         net (fo=2, routed)           0.584  5901.197    u_core/u_store/c_q[44]_i_42_n_0
    SLICE_X55Y126        LUT5 (Prop_lut5_I0_O)        0.124  5901.321 r  u_core/u_store/c_q[44]_i_29/O
                         net (fo=16, routed)          0.749  5902.070    u_core/u_store/u_fabric/r3471
    SLICE_X67Y120        LUT6 (Prop_lut6_I3_O)        0.124  5902.194 r  u_core/u_store/capture_reg_i_18__1/O
                         net (fo=1, routed)           0.402  5902.596    u_core/u_store/capture_reg_i_18__1_n_0
    SLICE_X67Y120        LUT5 (Prop_lut5_I2_O)        0.124  5902.720 r  u_core/u_store/capture_reg_i_14__1/O
                         net (fo=2, routed)           0.696  5903.416    u_core/u_store/u_fabric/r2772
    SLICE_X64Y128        LUT6 (Prop_lut6_I4_O)        0.124  5903.540 r  u_core/u_store/capture_reg_i_10__11/O
                         net (fo=2, routed)           0.312  5903.852    u_core/u_store/capture_reg_i_10__11_n_0
    SLICE_X64Y127        LUT5 (Prop_lut5_I2_O)        0.124  5903.976 r  u_core/u_store/capture_reg_i_4__0/O
                         net (fo=9, routed)           1.363  5905.338    u_core/u_store/u_fabric/r3550
    SLICE_X87Y113        LUT6 (Prop_lut6_I1_O)        0.124  5905.462 r  u_core/u_store/c_q[37]_i_14/O
                         net (fo=1, routed)           0.000  5905.462    u_core/u_store/c_q[37]_i_14_n_0
    SLICE_X87Y113        MUXF7 (Prop_muxf7_I1_O)      0.217  5905.679 r  u_core/u_store/c_q_reg[37]_i_7/O
                         net (fo=1, routed)           1.070  5906.749    u_core/u_store/c_q_reg[37]_i_7_n_0
    SLICE_X89Y102        LUT5 (Prop_lut5_I2_O)        0.299  5907.047 r  u_core/u_store/c_q[37]_i_3__0/O
                         net (fo=15, routed)          0.603  5907.651    u_core/u_store/u_fabric/r3377
    SLICE_X88Y99         LUT5 (Prop_lut5_I4_O)        0.124  5907.775 r  u_core/u_store/c_q[37]_i_9/O
                         net (fo=1, routed)           0.280  5908.055    u_core/u_store/c_q[37]_i_9_n_0
    SLICE_X88Y99         LUT5 (Prop_lut5_I0_O)        0.124  5908.179 r  u_core/u_store/c_q[37]_i_4/O
                         net (fo=5, routed)           0.643  5908.822    u_core/u_store/u_fabric/r3365
    SLICE_X83Y101        LUT6 (Prop_lut6_I3_O)        0.124  5908.946 r  u_core/u_store/mem_reg_i_239/O
                         net (fo=1, routed)           0.407  5909.353    u_core/u_store/mem_reg_i_239_n_0
    SLICE_X84Y101        LUT6 (Prop_lut6_I0_O)        0.124  5909.477 r  u_core/u_store/mem_reg_i_140/O
                         net (fo=8, routed)           1.389  5910.866    u_core/u_store/u_fabric/r2557
    SLICE_X65Y89         LUT6 (Prop_lut6_I5_O)        0.124  5910.990 r  u_core/u_store/din_qa[4]_i_10/O
                         net (fo=1, routed)           0.000  5910.990    u_core/u_store/din_qa[4]_i_10_n_0
    SLICE_X65Y89         MUXF7 (Prop_muxf7_I1_O)      0.217  5911.207 r  u_core/u_store/din_qa_reg[4]_i_6/O
                         net (fo=2, routed)           0.730  5911.937    u_core/u_store/din_qa_reg[4]_i_6_n_0
    SLICE_X65Y85         LUT6 (Prop_lut6_I5_O)        0.299  5912.236 r  u_core/u_store/din_qa[4]_i_4/O
                         net (fo=13, routed)          1.385  5913.621    u_core/u_store/u_fabric/r2535
    SLICE_X107Y84        LUT5 (Prop_lut5_I4_O)        0.124  5913.745 r  u_core/u_store/q_i_73__7/O
                         net (fo=1, routed)           0.418  5914.163    u_core/u_store/q_i_73__7_n_0
    SLICE_X108Y84        LUT6 (Prop_lut6_I1_O)        0.124  5914.287 r  u_core/u_store/q_i_69__12/O
                         net (fo=2, routed)           0.421  5914.708    u_core/u_store/u_fabric/r3100
    SLICE_X107Y83        LUT5 (Prop_lut5_I3_O)        0.124  5914.833 r  u_core/u_store/q_i_74__13/O
                         net (fo=5, routed)           1.464  5916.296    u_core/u_store/u_fabric/r2612
    SLICE_X93Y67         LUT6 (Prop_lut6_I3_O)        0.124  5916.420 r  u_core/u_store/q_i_53__15/O
                         net (fo=1, routed)           0.290  5916.710    u_core/u_store/q_i_53__15_n_0
    SLICE_X93Y66         LUT5 (Prop_lut5_I2_O)        0.124  5916.834 r  u_core/u_store/q_i_24__18/O
                         net (fo=15, routed)          1.492  5918.326    u_core/u_store/u_fabric/r3222
    SLICE_X61Y75         LUT5 (Prop_lut5_I4_O)        0.124  5918.450 r  u_core/u_store/din_qa[7]_i_5__0/O
                         net (fo=1, routed)           0.599  5919.049    u_core/u_store/din_qa[7]_i_5__0_n_0
    SLICE_X61Y74         LUT5 (Prop_lut5_I0_O)        0.124  5919.173 r  u_core/u_store/din_qa[7]_i_3/O
                         net (fo=7, routed)           0.455  5919.627    u_core/u_store/u_fabric/r3240
    SLICE_X63Y72         LUT6 (Prop_lut6_I0_O)        0.124  5919.751 r  u_core/u_store/q_i_37__18/O
                         net (fo=4, routed)           0.601  5920.353    u_core/u_store/u_fabric/r2215
    SLICE_X56Y71         LUT3 (Prop_lut3_I0_O)        0.120  5920.473 r  u_core/u_store/q_i_23__1/O
                         net (fo=3, routed)           0.589  5921.062    u_core/u_store/u_fabric/u_clb_x2y5/t_123
    SLICE_X58Y73         LUT6 (Prop_lut6_I5_O)        0.327  5921.389 r  u_core/u_store/q_i_9__7/O
                         net (fo=1, routed)           0.000  5921.389    u_core/u_store/u_fabric/u_clb_x2y5/cy_sum
    SLICE_X58Y73         MUXF7 (Prop_muxf7_I1_O)      0.214  5921.603 r  u_core/u_store/q_reg_i_3__1/O
                         net (fo=3, routed)           0.579  5922.182    u_core/u_store/u_fabric/u_clb_x2y5/comb
    SLICE_X63Y72         LUT3 (Prop_lut3_I2_O)        0.292  5922.474 r  u_core/u_store/sr[25]_i_2/O
                         net (fo=3, routed)           0.579  5923.053    u_core/u_store/q_reg[18]
    SLICE_X65Y69         LUT5 (Prop_lut5_I1_O)        0.332  5923.385 r  u_core/u_store/mem_reg_i_199__0/O
                         net (fo=1, routed)           0.263  5923.648    u_core/u_store/mem_reg_i_199__0_n_0
    SLICE_X65Y69         LUT5 (Prop_lut5_I4_O)        0.124  5923.772 r  u_core/u_store/mem_reg_i_115__0/O
                         net (fo=9, routed)           0.751  5924.523    u_core/u_store/u_fabric/r3236
    SLICE_X84Y69         LUT5 (Prop_lut5_I4_O)        0.124  5924.647 r  u_core/u_store/din_qa[16]_i_9__0/O
                         net (fo=1, routed)           0.761  5925.408    u_core/u_store/din_qa[16]_i_9__0_n_0
    SLICE_X95Y73         LUT6 (Prop_lut6_I1_O)        0.124  5925.532 r  u_core/u_store/din_qa[16]_i_4__0/O
                         net (fo=5, routed)           0.886  5926.418    u_core/u_store/u_fabric/r3032
    SLICE_X84Y74         LUT6 (Prop_lut6_I5_O)        0.124  5926.542 r  u_core/u_store/q_i_33__17/O
                         net (fo=15, routed)          1.525  5928.067    u_core/u_store/u_fabric/r3173
    SLICE_X107Y68        LUT6 (Prop_lut6_I5_O)        0.124  5928.191 r  u_core/u_store/mem_reg_i_430/O
                         net (fo=1, routed)           0.403  5928.595    u_core/u_store/mem_reg_i_430_n_0
    SLICE_X107Y68        LUT5 (Prop_lut5_I0_O)        0.124  5928.719 r  u_core/u_store/mem_reg_i_374/O
                         net (fo=2, routed)           0.912  5929.631    u_core/u_store/u_fabric/r2857
    SLICE_X100Y69        LUT5 (Prop_lut5_I0_O)        0.124  5929.755 r  u_core/u_store/mem_reg_i_291__0/O
                         net (fo=3, routed)           0.486  5930.241    u_core/u_store/mem_reg_i_291__0_n_0
    SLICE_X93Y69         LUT6 (Prop_lut6_I3_O)        0.124  5930.365 r  u_core/u_store/q_i_39__25/O
                         net (fo=1, routed)           1.337  5931.702    u_core/u_store/q_i_39__25_n_0
    SLICE_X63Y79         LUT6 (Prop_lut6_I4_O)        0.124  5931.826 r  u_core/u_store/q_i_19__29/O
                         net (fo=4, routed)           1.549  5933.375    u_core/u_store/u_fabric/r2716
    SLICE_X95Y92         LUT6 (Prop_lut6_I5_O)        0.124  5933.499 r  u_core/u_store/c_q[47]_i_25/O
                         net (fo=2, routed)           0.425  5933.924    u_core/u_store/c_q[47]_i_25_n_0
    SLICE_X94Y92         LUT5 (Prop_lut5_I4_O)        0.116  5934.041 r  u_core/u_store/mem_reg_i_374__0/O
                         net (fo=1, routed)           0.729  5934.770    u_core/u_store/mem_reg_i_374__0_n_0
    SLICE_X87Y93         LUT5 (Prop_lut5_I0_O)        0.328  5935.098 r  u_core/u_store/mem_reg_i_345/O
                         net (fo=1, routed)           0.403  5935.501    u_core/u_store/mem_reg_i_345_n_0
    SLICE_X87Y93         LUT6 (Prop_lut6_I0_O)        0.124  5935.625 r  u_core/u_store/mem_reg_i_296__0/O
                         net (fo=4, routed)           1.314  5936.939    u_core/u_store/u_fabric/r2981
    SLICE_X67Y79         LUT6 (Prop_lut6_I1_O)        0.124  5937.063 r  u_core/u_store/mem_reg_i_216__0/O
                         net (fo=1, routed)           0.351  5937.414    u_core/u_store/mem_reg_i_216__0_n_0
    SLICE_X66Y79         LUT5 (Prop_lut5_I2_O)        0.124  5937.538 r  u_core/u_store/mem_reg_i_134/O
                         net (fo=16, routed)          0.507  5938.045    u_core/u_store/u_fabric/r3273
    SLICE_X65Y80         LUT6 (Prop_lut6_I5_O)        0.124  5938.169 r  u_core/u_store/q_i_27__7/O
                         net (fo=17, routed)          0.834  5939.003    u_core/u_store/u_fabric/r2246
    SLICE_X55Y88         LUT6 (Prop_lut6_I4_O)        0.124  5939.127 r  u_core/u_store/q_i_59__10/O
                         net (fo=1, routed)           0.000  5939.127    u_core/u_store/u_fabric/u_clb_x4y5/t_97
    SLICE_X55Y88         MUXF7 (Prop_muxf7_I1_O)      0.217  5939.344 r  u_core/u_store/q_reg_i_34__2/O
                         net (fo=2, routed)           0.720  5940.063    u_core/u_store/u_fabric/u_clb_x4y5/t_112
    SLICE_X48Y85         LUT5 (Prop_lut5_I4_O)        0.299  5940.362 r  u_core/u_store/q_i_18__6/O
                         net (fo=4, routed)           0.337  5940.700    u_core/u_store/u_fabric/r2237
    SLICE_X48Y86         LUT6 (Prop_lut6_I5_O)        0.124  5940.824 r  u_core/u_store/q_i_7__12/O
                         net (fo=4, routed)           0.439  5941.263    u_core/u_store/u_fabric/u_clb_x4y5/lut_o6
    SLICE_X48Y85         LUT3 (Prop_lut3_I2_O)        0.124  5941.387 r  u_core/u_store/q_i_8__15/O
                         net (fo=2, routed)           0.310  5941.697    u_core/u_store/q_i_8__15_n_0
    SLICE_X47Y85         LUT6 (Prop_lut6_I5_O)        0.124  5941.821 r  u_core/u_store/sr[26]_i_2/O
                         net (fo=3, routed)           1.053  5942.874    u_core/u_store/q_reg[19]
    SLICE_X67Y86         LUT6 (Prop_lut6_I5_O)        0.124  5942.998 r  u_core/u_store/din_qa[17]_i_21/O
                         net (fo=2, routed)           0.894  5943.892    u_core/u_store/din_qa[17]_i_21_n_0
    SLICE_X82Y91         LUT6 (Prop_lut6_I5_O)        0.124  5944.016 r  u_core/u_store/q_i_63__23/O
                         net (fo=2, routed)           1.061  5945.077    u_core/u_store/q_i_63__23_n_0
    SLICE_X92Y101        LUT5 (Prop_lut5_I1_O)        0.124  5945.201 r  u_core/u_store/q_i_40__8/O
                         net (fo=2, routed)           0.689  5945.890    u_core/u_store/u_fabric/u_clb_x5y5/t_79
    SLICE_X92Y101        LUT5 (Prop_lut5_I0_O)        0.124  5946.014 r  u_core/u_store/q_i_18__7/O
                         net (fo=1, routed)           0.566  5946.580    u_core/u_store/u_fabric/u_clb_x5y5/t_115
    SLICE_X95Y99         LUT5 (Prop_lut5_I0_O)        0.124  5946.704 r  u_core/u_store/q_i_8__16/O
                         net (fo=6, routed)           0.453  5947.157    u_core/u_store/u_fabric/r2263
    SLICE_X94Y97         LUT5 (Prop_lut5_I4_O)        0.124  5947.281 r  u_core/u_store/q_i_20__16/O
                         net (fo=8, routed)           1.686  5948.968    u_core/u_store/u_fabric/r2963
    SLICE_X52Y85         LUT5 (Prop_lut5_I1_O)        0.124  5949.092 r  u_core/u_store/q_i_54__20/O
                         net (fo=1, routed)           0.000  5949.092    u_core/u_store/q_i_54__20_n_0
    SLICE_X52Y85         MUXF7 (Prop_muxf7_I0_O)      0.238  5949.330 r  u_core/u_store/q_reg_i_25__6/O
                         net (fo=1, routed)           0.000  5949.330    u_core/u_store/q_reg_i_25__6_n_0
    SLICE_X52Y85         MUXF8 (Prop_muxf8_I0_O)      0.104  5949.434 r  u_core/u_store/q_reg_i_11/O
                         net (fo=3, routed)           0.898  5950.332    u_core/u_store/u_fabric/r2961
    SLICE_X61Y80         LUT5 (Prop_lut5_I1_O)        0.316  5950.647 r  u_core/u_store/mem_reg_i_247/O
                         net (fo=2, routed)           0.167  5950.814    u_core/u_store/mem_reg_i_247_n_0
    SLICE_X61Y80         LUT5 (Prop_lut5_I4_O)        0.124  5950.938 r  u_core/u_store/mem_reg_i_161__0/O
                         net (fo=3, routed)           1.024  5951.962    u_core/u_store/u_fabric/r3300
    SLICE_X51Y68         LUT5 (Prop_lut5_I4_O)        0.124  5952.086 r  u_core/u_store/mem_reg_i_311/O
                         net (fo=2, routed)           0.163  5952.249    u_core/u_store/mem_reg_i_311_n_0
    SLICE_X51Y68         LUT5 (Prop_lut5_I0_O)        0.124  5952.373 r  u_core/u_store/mem_reg_i_244/O
                         net (fo=8, routed)           1.012  5953.385    u_core/u_store/u_fabric/r3025
    SLICE_X65Y68         LUT6 (Prop_lut6_I3_O)        0.124  5953.509 r  u_core/u_store/q_i_82__9/O
                         net (fo=1, routed)           0.000  5953.509    u_core/u_store/q_i_82__9_n_0
    SLICE_X65Y68         MUXF7 (Prop_muxf7_I0_O)      0.212  5953.721 r  u_core/u_store/q_reg_i_48__1/O
                         net (fo=2, routed)           0.469  5954.190    u_core/u_store/q_reg_i_48__1_n_0
    SLICE_X66Y68         LUT6 (Prop_lut6_I5_O)        0.299  5954.489 r  u_core/u_store/q_i_22__20/O
                         net (fo=8, routed)           1.660  5956.149    u_core/u_store/u_fabric/r3023
    SLICE_X107Y75        LUT2 (Prop_lut2_I1_O)        0.124  5956.273 r  u_core/u_store/capture_reg_i_6__7/O
                         net (fo=6, routed)           0.725  5956.999    u_core/u_store/u_fabric/r3127
    SLICE_X101Y77        LUT6 (Prop_lut6_I0_O)        0.124  5957.123 r  u_core/u_store/mem_reg_i_322/O
                         net (fo=2, routed)           0.000  5957.123    u_core/u_store/mem_reg_i_322_n_0
    SLICE_X101Y77        MUXF7 (Prop_muxf7_I1_O)      0.217  5957.339 r  u_core/u_store/mem_reg_i_288__0/O
                         net (fo=9, routed)           0.940  5958.279    u_core/u_store/u_fabric/r3109
    SLICE_X110Y80        LUT6 (Prop_lut6_I5_O)        0.299  5958.578 r  u_core/u_store/q_i_46__17/O
                         net (fo=8, routed)           0.716  5959.294    u_core/u_store/u_fabric/r1292
    SLICE_X106Y75        MUXF7 (Prop_muxf7_S_O)       0.276  5959.570 r  u_core/u_store/q_reg_i_66/O
                         net (fo=1, routed)           0.000  5959.570    u_core/u_store/u_fabric/u_clb_x1y4/t_115
    SLICE_X106Y75        MUXF8 (Prop_muxf8_I1_O)      0.094  5959.665 r  u_core/u_store/q_reg_i_36__0/O
                         net (fo=3, routed)           0.733  5960.398    u_core/u_store/u_fabric/u_clb_x1y4/t_121
    SLICE_X101Y75        LUT6 (Prop_lut6_I5_O)        0.316  5960.714 r  u_core/u_store/q_i_27__19/O
                         net (fo=7, routed)           1.053  5961.767    u_core/u_store/u_fabric/r2840
    SLICE_X91Y65         LUT5 (Prop_lut5_I1_O)        0.124  5961.891 r  u_core/u_store/q_i_29__7/O
                         net (fo=1, routed)           0.000  5961.891    u_core/u_store/q_i_29__7_n_0
    SLICE_X91Y65         MUXF7 (Prop_muxf7_I0_O)      0.212  5962.103 r  u_core/u_store/q_reg_i_16__3/O
                         net (fo=1, routed)           0.450  5962.553    u_core/u_store/q_reg_i_16__3_n_0
    SLICE_X91Y64         LUT5 (Prop_lut5_I4_O)        0.299  5962.852 r  u_core/u_store/q_i_7__28/O
                         net (fo=3, routed)           0.423  5963.275    u_core/u_store/u_fabric/r2864
    SLICE_X93Y65         LUT6 (Prop_lut6_I1_O)        0.124  5963.399 r  u_core/u_store/q_i_38__20/O
                         net (fo=2, routed)           0.402  5963.801    u_core/u_store/q_i_38__20_n_0
    SLICE_X93Y65         LUT5 (Prop_lut5_I2_O)        0.124  5963.925 r  u_core/u_store/q_i_19__20/O
                         net (fo=14, routed)          0.932  5964.857    u_core/u_store/u_fabric/r3217
    SLICE_X96Y76         LUT5 (Prop_lut5_I4_O)        0.124  5964.981 r  u_core/u_store/mem_reg_i_130/O
                         net (fo=2, routed)           0.447  5965.428    u_core/u_store/mem_reg_i_130_n_0
    SLICE_X94Y75         LUT6 (Prop_lut6_I5_O)        0.124  5965.552 r  u_core/u_store/c_q[45]_i_27/O
                         net (fo=5, routed)           0.695  5966.248    u_core/u_store/u_fabric/r2615
    SLICE_X105Y81        LUT6 (Prop_lut6_I5_O)        0.124  5966.372 r  u_core/u_store/q_i_84__0/O
                         net (fo=1, routed)           0.426  5966.798    u_core/u_store/q_i_84__0_n_0
    SLICE_X105Y82        LUT5 (Prop_lut5_I4_O)        0.124  5966.922 r  u_core/u_store/q_i_59__13/O
                         net (fo=2, routed)           0.491  5967.413    u_core/u_store/q_i_59__13_n_0
    SLICE_X100Y82        LUT3 (Prop_lut3_I0_O)        0.124  5967.537 r  u_core/u_store/q_i_33__22/O
                         net (fo=4, routed)           0.606  5968.142    u_core/u_store/u_fabric/r3141
    SLICE_X96Y81         LUT6 (Prop_lut6_I5_O)        0.124  5968.266 r  u_core/u_store/c_q[45]_i_14__0/O
                         net (fo=1, routed)           0.466  5968.732    u_core/u_store/c_q[45]_i_14__0_n_0
    SLICE_X96Y81         LUT6 (Prop_lut6_I0_O)        0.124  5968.856 r  u_core/u_store/c_q[45]_i_9/O
                         net (fo=11, routed)          1.317  5970.173    u_core/u_store/u_fabric/r2554
    SLICE_X66Y70         LUT6 (Prop_lut6_I5_O)        0.124  5970.297 r  u_core/u_store/c_q[46]_i_19/O
                         net (fo=1, routed)           0.000  5970.297    u_core/u_store/c_q[46]_i_19_n_0
    SLICE_X66Y70         MUXF7 (Prop_muxf7_I1_O)      0.214  5970.511 r  u_core/u_store/c_q_reg[46]_i_15/O
                         net (fo=1, routed)           0.452  5970.963    u_core/u_store/c_q_reg[46]_i_15_n_0
    SLICE_X66Y70         LUT6 (Prop_lut6_I5_O)        0.297  5971.260 r  u_core/u_store/c_q[46]_i_7__0/O
                         net (fo=14, routed)          1.384  5972.644    u_core/u_store/u_fabric/r2558
    SLICE_X64Y101        LUT6 (Prop_lut6_I5_O)        0.124  5972.768 r  u_core/u_store/c_q[35]_i_2/O
                         net (fo=1, routed)           0.812  5973.581    u_core/u_store/u_fabric/r732
    SLICE_X58Y98         LUT3 (Prop_lut3_I2_O)        0.150  5973.730 r  u_core/u_store/c_q[35]_i_1/O
                         net (fo=2, routed)           0.454  5974.185    u_core/u_store/drive_reg[90][35]
    SLICE_X56Y97         LUT6 (Prop_lut6_I0_O)        0.328  5974.513 r  u_core/u_store/i__carry__7_i_9/O
                         net (fo=1, routed)           0.430  5974.943    u_core/u_fabric/u_dsp0/u_core/p_q_reg[35]_2
    SLICE_X55Y98         LUT4 (Prop_lut4_I3_O)        0.124  5975.067 r  u_core/u_fabric/u_dsp0/u_core/i__carry__7_i_5/O
                         net (fo=1, routed)           0.000  5975.067    u_core/u_fabric/u_dsp0/u_core/i__carry__7_i_5_n_0
    SLICE_X55Y98         CARRY4 (Prop_carry4_S[3]_O[3])
                                                      0.248  5975.315 r  u_core/u_fabric/u_dsp0/u_core/__10/i__carry__7/O[3]
                         net (fo=3, routed)           0.638  5975.954    u_core/u_fabric/u_dsp0/u_core/__10/i__carry__7_n_4
    SLICE_X52Y97         LUT3 (Prop_lut3_I2_O)        0.306  5976.260 r  u_core/u_fabric/u_dsp0/u_core/i__carry__3_i_13/O
                         net (fo=3, routed)           0.616  5976.876    u_core/u_store/c_q[42]_i_5__0_0[32]
    SLICE_X47Y96         LUT5 (Prop_lut5_I0_O)        0.124  5977.000 r  u_core/u_store/i__carry__3_i_10__0/O
                         net (fo=1, routed)           0.454  5977.455    u_core/u_store/i__carry__3_i_10__0_n_0
    SLICE_X49Y94         LUT5 (Prop_lut5_I4_O)        0.124  5977.579 r  u_core/u_store/i__carry__3_i_6__0/O
                         net (fo=1, routed)           0.000  5977.579    u_core/u_fabric/u_dsp1/u_core/p_q_reg[19]_0[2]
    SLICE_X49Y94         CARRY4 (Prop_carry4_S[2]_O[2])
                                                      0.248  5977.827 r  u_core/u_fabric/u_dsp1/u_core/__10/i__carry__3/O[2]
                         net (fo=3, routed)           0.716  5978.542    u_core/u_fabric/u_dsp1/u_core/__10/i__carry__3_n_5
    SLICE_X52Y94         LUT3 (Prop_lut3_I2_O)        0.302  5978.844 r  u_core/u_fabric/u_dsp1/u_core/c_q[4]_i_11/O
                         net (fo=2, routed)           0.742  5979.586    u_core/u_fabric/u_dsp0/u_core/c_q_reg[4]_i_7[2]
    SLICE_X56Y99         LUT5 (Prop_lut5_I0_O)        0.124  5979.710 r  u_core/u_fabric/u_dsp0/u_core/c_q[4]_i_9__0/O
                         net (fo=1, routed)           0.000  5979.710    u_core/u_store/c_q[4]_i_3_0
    SLICE_X56Y99         MUXF7 (Prop_muxf7_I0_O)      0.212  5979.922 r  u_core/u_store/c_q_reg[4]_i_7/O
                         net (fo=1, routed)           0.436  5980.359    u_core/u_store/c_q_reg[4]_i_7_n_0
    SLICE_X56Y99         LUT5 (Prop_lut5_I4_O)        0.299  5980.658 r  u_core/u_store/c_q[4]_i_3/O
                         net (fo=12, routed)          1.317  5981.975    u_core/u_store/u_fabric/r2826
    SLICE_X49Y114        LUT6 (Prop_lut6_I5_O)        0.124  5982.099 r  u_core/u_store/q_i_29__10/O
                         net (fo=1, routed)           0.291  5982.390    u_core/u_store/q_i_29__10_n_0
    SLICE_X49Y115        LUT6 (Prop_lut6_I3_O)        0.124  5982.514 r  u_core/u_store/q_i_17__12/O
                         net (fo=7, routed)           1.483  5983.997    u_core/u_store/u_fabric/r2828
    SLICE_X88Y124        LUT6 (Prop_lut6_I5_O)        0.124  5984.121 r  u_core/u_store/c_q[40]_i_15__0/O
                         net (fo=1, routed)           0.161  5984.282    u_core/u_store/c_q[40]_i_15__0_n_0
    SLICE_X88Y124        LUT5 (Prop_lut5_I2_O)        0.124  5984.406 r  u_core/u_store/c_q[40]_i_7/O
                         net (fo=10, routed)          0.615  5985.021    u_core/u_store/u_fabric/r3523
    SLICE_X86Y122        LUT4 (Prop_lut4_I3_O)        0.124  5985.145 r  u_core/u_store/q_i_76__9/O
                         net (fo=2, routed)           1.027  5986.171    u_core/u_store/u_fabric/r2683
    SLICE_X54Y116        LUT6 (Prop_lut6_I5_O)        0.124  5986.295 r  u_core/u_store/q_i_46__19/O
                         net (fo=1, routed)           0.384  5986.679    u_core/u_store/q_i_46__19_n_0
    SLICE_X53Y116        LUT5 (Prop_lut5_I0_O)        0.124  5986.803 r  u_core/u_store/q_i_21__14/O
                         net (fo=15, routed)          1.246  5988.049    u_core/u_store/u_fabric/r3490
    SLICE_X66Y124        LUT6 (Prop_lut6_I2_O)        0.124  5988.173 r  u_core/u_store/d_q[20]_i_12__0/O
                         net (fo=2, routed)           0.298  5988.471    u_core/u_store/d_q[20]_i_12__0_n_0
    SLICE_X66Y124        LUT5 (Prop_lut5_I2_O)        0.124  5988.595 r  u_core/u_store/d_q[20]_i_10/O
                         net (fo=1, routed)           0.340  5988.936    u_core/u_store/d_q[20]_i_10_n_0
    SLICE_X66Y125        LUT5 (Prop_lut5_I2_O)        0.124  5989.060 r  u_core/u_store/d_q[20]_i_5__0/O
                         net (fo=8, routed)           1.051  5990.111    u_core/u_store/u_fabric/r3552
    SLICE_X80Y112        LUT5 (Prop_lut5_I2_O)        0.124  5990.235 r  u_core/u_store/d_q[20]_i_2__0/O
                         net (fo=13, routed)          1.008  5991.243    u_core/u_store/u_fabric/r3063
    SLICE_X81Y99         LUT4 (Prop_lut4_I3_O)        0.124  5991.367 r  u_core/u_store/c_q[47]_i_3__0/O
                         net (fo=17, routed)          0.686  5992.053    u_core/u_store/u_fabric/r3391
    SLICE_X65Y104        LUT6 (Prop_lut6_I5_O)        0.124  5992.177 r  u_core/u_store/a_q[18]_i_2/O
                         net (fo=1, routed)           1.255  5993.432    u_core/u_store/u_fabric/r2098
    SLICE_X43Y95         LUT3 (Prop_lut3_I2_O)        0.118  5993.550 r  u_core/u_store/a_q[18]_i_1__0/O
                         net (fo=2, routed)           0.597  5994.146    u_core/u_store/drive_reg[148][18]
    SLICE_X38Y95         LUT3 (Prop_lut3_I2_O)        0.326  5994.473 r  u_core/u_store/m_c_i_47__0/O
                         net (fo=2, routed)           0.451  5994.923    u_core/u_store/u_fabric/u_dsp1/u_core/a_v__24[18]
    SLICE_X40Y95         LUT5 (Prop_lut5_I3_O)        0.124  5995.047 r  u_core/u_store/i__carry__3_i_6__2/O
                         net (fo=1, routed)           0.000  5995.047    u_core/u_fabric/u_dsp1/u_core/m_c_7[2]
    SLICE_X40Y95         CARRY4 (Prop_carry4_S[2]_O[3])
                                                      0.352  5995.399 r  u_core/u_fabric/u_dsp1/u_core/__5/i__carry__3/O[3]
                         net (fo=1, routed)           0.646  5996.045    u_core/u_store/m_c_9[3]
    SLICE_X41Y95         LUT3 (Prop_lut3_I0_O)        0.306  5996.352 r  u_core/u_store/m_c_i_24__0/O
                         net (fo=1, routed)           0.692  5997.043    u_core/u_fabric/u_dsp1/u_core/m_c_2[19]
    DSP48_X2Y37          DSP48E1 (Prop_dsp48e1_A[19]_P[13])
                                                      3.841  6000.884 r  u_core/u_fabric/u_dsp1/u_core/m_c/P[13]
                         net (fo=2, routed)           0.938  6001.823    u_core/u_fabric/u_dsp1/u_core/m_c__0[13]
    SLICE_X41Y93         LUT3 (Prop_lut3_I2_O)        0.149  6001.972 r  u_core/u_fabric/u_dsp1/u_core/i__carry__2_i_3__1/O
                         net (fo=2, routed)           0.503  6002.475    u_core/u_fabric/u_dsp1/u_core/m_x[13]
    SLICE_X49Y93         CARRY4 (Prop_carry4_DI[1]_CO[3])
                                                      0.715  6003.189 r  u_core/u_fabric/u_dsp1/u_core/__10/i__carry__2/CO[3]
                         net (fo=1, routed)           0.000  6003.189    u_core/u_fabric/u_dsp1/u_core/__10/i__carry__2_n_0
    SLICE_X49Y94         CARRY4 (Prop_carry4_CI_CO[3])
                                                      0.114  6003.303 r  u_core/u_fabric/u_dsp1/u_core/__10/i__carry__3/CO[3]
                         net (fo=1, routed)           0.000  6003.303    u_core/u_fabric/u_dsp1/u_core/__10/i__carry__3_n_0
    SLICE_X49Y95         CARRY4 (Prop_carry4_CI_O[2])
                                                      0.256  6003.559 r  u_core/u_fabric/u_dsp1/u_core/__10/i__carry__4/O[2]
                         net (fo=3, routed)           0.831  6004.390    u_core/u_fabric/u_dsp1/u_core/__10/i__carry__4_n_5
    SLICE_X58Y96         LUT3 (Prop_lut3_I2_O)        0.302  6004.691 r  u_core/u_fabric/u_dsp1/u_core/d_q[23]_i_5/O
                         net (fo=2, routed)           1.255  6005.946    u_core/u_store/c_q[42]_i_5__0_0[63]
    SLICE_X86Y103        LUT5 (Prop_lut5_I4_O)        0.124  6006.070 r  u_core/u_store/d_q[23]_i_2/O
                         net (fo=9, routed)           1.078  6007.149    u_core/u_store/u_fabric/r3399
    SLICE_X97Y94         LUT4 (Prop_lut4_I3_O)        0.124  6007.273 r  u_core/u_store/q_i_71__10/O
                         net (fo=5, routed)           1.644  6008.917    u_core/u_store/u_fabric/r2983
    SLICE_X60Y70         LUT6 (Prop_lut6_I3_O)        0.124  6009.041 r  u_core/u_store/mem_reg_i_370/O
                         net (fo=1, routed)           0.440  6009.481    u_core/u_store/mem_reg_i_370_n_0
    SLICE_X59Y70         LUT5 (Prop_lut5_I2_O)        0.124  6009.605 r  u_core/u_store/mem_reg_i_289__0/O
                         net (fo=5, routed)           0.577  6010.182    u_core/u_store/u_fabric/r3298
    SLICE_X55Y76         LUT6 (Prop_lut6_I3_O)        0.124  6010.306 r  u_core/u_store/mem_reg_i_329__0/O
                         net (fo=1, routed)           1.361  6011.667    u_core/u_store/mem_reg_i_329__0_n_0
    SLICE_X101Y76        LUT6 (Prop_lut6_I4_O)        0.124  6011.791 r  u_core/u_store/mem_reg_i_231__0/O
                         net (fo=5, routed)           0.753  6012.543    u_core/u_store/u_fabric/r2686
    SLICE_X95Y66         LUT6 (Prop_lut6_I5_O)        0.124  6012.667 r  u_core/u_store/mem_reg_i_378__0/O
                         net (fo=1, routed)           0.000  6012.667    u_core/u_store/mem_reg_i_378__0_n_0
    SLICE_X95Y66         MUXF7 (Prop_muxf7_I0_O)      0.212  6012.879 r  u_core/u_store/mem_reg_i_298/O
                         net (fo=2, routed)           0.652  6013.532    u_core/u_store/u_fabric/r2710
    SLICE_X94Y62         LUT6 (Prop_lut6_I4_O)        0.299  6013.831 r  u_core/u_store/mem_reg_i_228__0/O
                         net (fo=1, routed)           0.432  6014.263    u_core/u_store/mem_reg_i_228__0_n_0
    SLICE_X94Y61         LUT5 (Prop_lut5_I2_O)        0.124  6014.387 r  u_core/u_store/mem_reg_i_140__0/O
                         net (fo=16, routed)          1.080  6015.466    u_core/u_store/u_fabric/r3228
    SLICE_X84Y73         LUT5 (Prop_lut5_I4_O)        0.124  6015.590 r  u_core/u_store/mem_reg_i_224__0/O
                         net (fo=1, routed)           0.159  6015.749    u_core/u_store/mem_reg_i_224__0_n_0
    SLICE_X84Y73         LUT5 (Prop_lut5_I0_O)        0.124  6015.873 r  u_core/u_store/mem_reg_i_139/O
                         net (fo=9, routed)           0.529  6016.402    u_core/u_store/u_fabric/r3238
    SLICE_X83Y69         LUT6 (Prop_lut6_I1_O)        0.124  6016.526 r  u_core/u_store/capture_reg_i_12__9/O
                         net (fo=1, routed)           0.000  6016.526    u_core/u_store/capture_reg_i_12__9_n_0
    SLICE_X83Y69         MUXF7 (Prop_muxf7_I1_O)      0.217  6016.743 r  u_core/u_store/capture_reg_reg_i_8/O
                         net (fo=2, routed)           0.916  6017.659    u_core/u_store/capture_reg_reg_i_8_n_0
    SLICE_X98Y69         LUT3 (Prop_lut3_I2_O)        0.299  6017.958 r  u_core/u_store/capture_reg_i_4__8/O
                         net (fo=9, routed)           0.596  6018.554    u_core/u_store/u_fabric/r3115
    SLICE_X100Y71        LUT4 (Prop_lut4_I3_O)        0.117  6018.671 r  u_core/u_store/q_i_19__27/O
                         net (fo=3, routed)           0.590  6019.261    u_core/u_store/u_fabric/r2854
    SLICE_X99Y74         LUT6 (Prop_lut6_I1_O)        0.331  6019.592 r  u_core/u_store/q_i_83/O
                         net (fo=1, routed)           0.000  6019.592    u_core/u_store/q_i_83_n_0
    SLICE_X99Y74         MUXF7 (Prop_muxf7_I1_O)      0.217  6019.809 r  u_core/u_store/q_reg_i_58/O
                         net (fo=2, routed)           0.450  6020.259    u_core/u_store/q_reg_i_58_n_0
    SLICE_X98Y74         LUT5 (Prop_lut5_I4_O)        0.299  6020.558 r  u_core/u_store/q_i_31__18/O
                         net (fo=15, routed)          0.529  6021.087    u_core/u_store/u_fabric/r3147
    SLICE_X96Y75         LUT6 (Prop_lut6_I3_O)        0.124  6021.211 r  u_core/u_store/reg_qa[17]_i_14/O
                         net (fo=1, routed)           0.171  6021.382    u_core/u_store/reg_qa[17]_i_14_n_0
    SLICE_X96Y75         LUT5 (Prop_lut5_I2_O)        0.124  6021.506 r  u_core/u_store/reg_qa[17]_i_7/O
                         net (fo=15, routed)          1.311  6022.817    u_core/u_store/u_fabric/r2800
    SLICE_X81Y84         LUT6 (Prop_lut6_I5_O)        0.124  6022.941 r  u_core/u_store/q_i_54__19/O
                         net (fo=2, routed)           0.450  6023.392    u_core/u_store/q_i_54__19_n_0
    SLICE_X81Y83         LUT5 (Prop_lut5_I2_O)        0.124  6023.516 r  u_core/u_store/q_i_27__11/O
                         net (fo=11, routed)          1.084  6024.600    u_core/u_store/u_fabric/r3315
    SLICE_X54Y86         LUT6 (Prop_lut6_I5_O)        0.124  6024.724 r  u_core/u_store/q_i_45__18/O
                         net (fo=1, routed)           0.466  6025.189    u_core/u_store/q_i_45__18_n_0
    SLICE_X54Y86         LUT5 (Prop_lut5_I4_O)        0.124  6025.313 r  u_core/u_store/q_i_22__7/O
                         net (fo=2, routed)           0.432  6025.746    u_core/u_store/q_i_22__7_n_0
    SLICE_X54Y85         LUT5 (Prop_lut5_I2_O)        0.124  6025.870 r  u_core/u_store/c_q[36]_i_18/O
                         net (fo=1, routed)           0.511  6026.380    u_core/u_store/c_q[36]_i_18_n_0
    SLICE_X54Y78         LUT6 (Prop_lut6_I2_O)        0.124  6026.504 r  u_core/u_store/c_q[36]_i_15/O
                         net (fo=1, routed)           0.286  6026.791    u_core/u_store/c_q[36]_i_15_n_0
    SLICE_X54Y78         LUT5 (Prop_lut5_I4_O)        0.124  6026.915 r  u_core/u_store/c_q[36]_i_10/O
                         net (fo=1, routed)           0.750  6027.665    u_core/u_store/c_q[36]_i_10_n_0
    SLICE_X48Y84         LUT6 (Prop_lut6_I2_O)        0.124  6027.789 r  u_core/u_store/c_q[36]_i_4/O
                         net (fo=17, routed)          1.565  6029.353    u_core/u_store/u_fabric/r2812
    SLICE_X90Y92         LUT6 (Prop_lut6_I5_O)        0.124  6029.477 r  u_core/u_store/c_q[39]_i_6/O
                         net (fo=1, routed)           0.282  6029.759    u_core/u_store/c_q[39]_i_6_n_0
    SLICE_X90Y92         LUT6 (Prop_lut6_I5_O)        0.124  6029.883 r  u_core/u_store/c_q[39]_i_3/O
                         net (fo=1, routed)           0.303  6030.186    u_core/u_store/c_q[39]_i_3_n_0
    SLICE_X90Y91         LUT5 (Prop_lut5_I0_O)        0.124  6030.310 r  u_core/u_store/c_q[39]_i_2/O
                         net (fo=15, routed)          1.613  6031.923    u_core/u_store/u_fabric/r3396
    SLICE_X54Y101        LUT6 (Prop_lut6_I5_O)        0.124  6032.047 r  u_core/u_store/c_q[39]_i_1__0/O
                         net (fo=2, routed)           0.595  6032.643    u_core/u_store/drive_reg[214][39]
    SLICE_X46Y101        LUT5 (Prop_lut5_I4_O)        0.124  6032.767 r  u_core/u_store/i__carry__8_i_9__0/O
                         net (fo=1, routed)           0.568  6033.335    u_core/u_store/i__carry__8_i_9__0_n_0
    SLICE_X49Y99         LUT5 (Prop_lut5_I4_O)        0.124  6033.459 r  u_core/u_store/i__carry__8_i_5__0/O
                         net (fo=1, routed)           0.000  6033.459    u_core/u_fabric/u_dsp1/u_core/p_q_reg[39]_0[3]
    SLICE_X49Y99         CARRY4 (Prop_carry4_S[3]_CO[3])
                                                      0.401  6033.860 r  u_core/u_fabric/u_dsp1/u_core/__10/i__carry__8/CO[3]
                         net (fo=1, routed)           0.001  6033.860    u_core/u_fabric/u_dsp1/u_core/__10/i__carry__8_n_0
    SLICE_X49Y100        CARRY4 (Prop_carry4_CI_CO[3])
                                                      0.114  6033.974 r  u_core/u_fabric/u_dsp1/u_core/__10/i__carry__9/CO[3]
                         net (fo=1, routed)           0.000  6033.974    u_core/u_fabric/u_dsp1/u_core/__10/i__carry__9_n_0
    SLICE_X49Y101        CARRY4 (Prop_carry4_CI_O[2])
                                                      0.256  6034.230 r  u_core/u_fabric/u_dsp1/u_core/__10/i__carry__10/O[2]
                         net (fo=3, routed)           0.420  6034.650    u_core/u_fabric/u_dsp1/u_core/__10/i__carry__10_n_5
    SLICE_X48Y100        LUT3 (Prop_lut3_I2_O)        0.302  6034.952 r  u_core/u_fabric/u_dsp1/u_core/b_q[17]_i_14/O
                         net (fo=2, routed)           1.047  6035.999    u_core/u_store/c_q[42]_i_5__0_0[86]
    SLICE_X81Y99         LUT5 (Prop_lut5_I4_O)        0.124  6036.123 r  u_core/u_store/b_q[17]_i_7__0/O
                         net (fo=16, routed)          1.229  6037.352    u_core/u_store/u_fabric/r3395
    SLICE_X51Y96         LUT6 (Prop_lut6_I5_O)        0.124  6037.476 r  u_core/u_store/b_q[17]_i_3__0/O
                         net (fo=2, routed)           0.772  6038.248    u_core/u_dsp1/b_v[17]
    SLICE_X42Y94         LUT3 (Prop_lut3_I2_O)        0.124  6038.372 r  u_core/m_c_i_1__0/O
                         net (fo=1, routed)           0.622  6038.995    u_core/u_fabric/u_dsp1/u_core/m_c_1[17]
    DSP48_X2Y37          DSP48E1 (Prop_dsp48e1_B[17]_P[20])
                                                      3.656  6042.650 r  u_core/u_fabric/u_dsp1/u_core/m_c/P[20]
                         net (fo=2, routed)           1.069  6043.719    u_core/u_fabric/u_dsp1/u_core/m_c__0[20]
    SLICE_X44Y90         LUT3 (Prop_lut3_I2_O)        0.119  6043.838 r  u_core/u_fabric/u_dsp1/u_core/i__carry__4_i_4__1/O
                         net (fo=2, routed)           0.859  6044.697    u_core/u_store/m_x[20]
    SLICE_X49Y95         LUT5 (Prop_lut5_I0_O)        0.332  6045.029 r  u_core/u_store/i__carry__4_i_8__1/O
                         net (fo=1, routed)           0.000  6045.029    u_core/u_fabric/u_dsp1/u_core/p_q_reg[23]_0[0]
    SLICE_X49Y95         CARRY4 (Prop_carry4_S[0]_O[0])
                                                      0.247  6045.276 r  u_core/u_fabric/u_dsp1/u_core/__10/i__carry__4/O[0]
                         net (fo=4, routed)           1.231  6046.508    u_core/u_fabric/u_dsp1/u_core/__10/i__carry__4_n_7
    SLICE_X58Y95         LUT3 (Prop_lut3_I2_O)        0.299  6046.807 r  u_core/u_fabric/u_dsp1/u_core/c_q[45]_i_13/O
                         net (fo=2, routed)           1.346  6048.152    u_core/u_store/c_q[42]_i_5__0_0[61]
    SLICE_X94Y95         LUT5 (Prop_lut5_I4_O)        0.124  6048.276 r  u_core/u_store/c_q[45]_i_6/O
                         net (fo=2, routed)           0.293  6048.569    u_core/u_store/c_q[45]_i_6_n_0
    SLICE_X97Y95         LUT5 (Prop_lut5_I4_O)        0.124  6048.693 r  u_core/u_store/c_q[45]_i_2/O
                         net (fo=19, routed)          1.514  6050.207    u_core/u_store/u_fabric/r3379
    SLICE_X65Y102        LUT6 (Prop_lut6_I5_O)        0.124  6050.331 r  u_core/u_store/a_q[16]_i_2__0/O
                         net (fo=1, routed)           1.351  6051.682    u_core/u_store/u_fabric/r2021
    SLICE_X44Y94         LUT3 (Prop_lut3_I2_O)        0.150  6051.832 r  u_core/u_store/a_q[16]_i_1__0/O
                         net (fo=2, routed)           1.013  6052.845    u_core/u_store/drive_reg[148][16]
    SLICE_X41Y91         LUT3 (Prop_lut3_I2_O)        0.326  6053.171 r  u_core/u_store/m_c_i_49__0/O
                         net (fo=2, routed)           0.570  6053.740    u_core/u_store/u_fabric/u_dsp1/u_core/a_v__24[16]
    SLICE_X40Y95         LUT5 (Prop_lut5_I3_O)        0.124  6053.864 r  u_core/u_store/i__carry__3_i_8__2/O
                         net (fo=1, routed)           0.000  6053.864    u_core/u_fabric/u_dsp1/u_core/m_c_7[0]
    SLICE_X40Y95         CARRY4 (Prop_carry4_S[0]_O[2])
                                                      0.547  6054.411 r  u_core/u_fabric/u_dsp1/u_core/__5/i__carry__3/O[2]
                         net (fo=1, routed)           0.586  6054.997    u_core/u_store/m_c_9[2]
    SLICE_X39Y95         LUT3 (Prop_lut3_I0_O)        0.302  6055.299 r  u_core/u_store/m_c_i_25__0/O
                         net (fo=1, routed)           0.535  6055.834    u_core/u_fabric/u_dsp1/u_core/m_c_2[18]
    DSP48_X2Y37          DSP48E1 (Prop_dsp48e1_A[18]_P[24])
                                                      3.841  6059.675 r  u_core/u_fabric/u_dsp1/u_core/m_c/P[24]
                         net (fo=2, routed)           0.648  6060.323    u_core/u_fabric/u_dsp1/u_core/m_c__0[24]
    SLICE_X36Y92         LUT3 (Prop_lut3_I2_O)        0.124  6060.447 r  u_core/u_fabric/u_dsp1/u_core/i__carry__5_i_4__0/O
                         net (fo=2, routed)           0.880  6061.327    u_core/u_fabric/u_dsp1/u_core/m_x[24]
    SLICE_X49Y96         CARRY4 (Prop_carry4_DI[0]_CO[3])
                                                      0.526  6061.853 r  u_core/u_fabric/u_dsp1/u_core/__10/i__carry__5/CO[3]
                         net (fo=1, routed)           0.000  6061.853    u_core/u_fabric/u_dsp1/u_core/__10/i__carry__5_n_0
    SLICE_X49Y97         CARRY4 (Prop_carry4_CI_O[2])
                                                      0.256  6062.109 r  u_core/u_fabric/u_dsp1/u_core/__10/i__carry__6/O[2]
                         net (fo=3, routed)           0.441  6062.550    u_core/u_fabric/u_dsp1/u_core/__10/i__carry__6_n_5
    SLICE_X50Y97         LUT3 (Prop_lut3_I2_O)        0.302  6062.852 r  u_core/u_fabric/u_dsp1/u_core/c_q[31]_i_5/O
                         net (fo=2, routed)           1.510  6064.362    u_core/u_store/c_q[42]_i_5__0_0[71]
    SLICE_X85Y105        LUT5 (Prop_lut5_I4_O)        0.124  6064.486 r  u_core/u_store/c_q[31]_i_3__0/O
                         net (fo=4, routed)           0.653  6065.139    u_core/u_store/u_fabric/r3405
    SLICE_X67Y103        LUT6 (Prop_lut6_I0_O)        0.124  6065.263 r  u_core/u_store/b_q[1]_i_2__0/O
                         net (fo=1, routed)           1.170  6066.433    u_core/u_store/u_fabric/r2099
    SLICE_X43Y91         LUT3 (Prop_lut3_I2_O)        0.124  6066.557 r  u_core/u_store/b_q[1]_i_1__0/O
                         net (fo=2, routed)           0.617  6067.174    u_core/u_dsp1/b_v[1]
    SLICE_X38Y91         LUT3 (Prop_lut3_I2_O)        0.150  6067.324 r  u_core/m_c_i_17__0/O
                         net (fo=1, routed)           0.552  6067.876    u_core/u_fabric/u_dsp1/u_core/m_c_1[1]
    DSP48_X2Y37          DSP48E1 (Prop_dsp48e1_B[1]_P[28])
                                                      3.860  6071.736 r  u_core/u_fabric/u_dsp1/u_core/m_c/P[28]
                         net (fo=2, routed)           0.989  6072.726    u_core/u_fabric/u_dsp1/u_core/m_c__0[28]
    SLICE_X40Y90         LUT3 (Prop_lut3_I2_O)        0.124  6072.850 r  u_core/u_fabric/u_dsp1/u_core/i__carry__6_i_4__0/O
                         net (fo=2, routed)           0.836  6073.686    u_core/u_fabric/u_dsp1/u_core/m_x[28]
    SLICE_X49Y97         CARRY4 (Prop_carry4_DI[0]_O[1])
                                                      0.420  6074.106 r  u_core/u_fabric/u_dsp1/u_core/__10/i__carry__6/O[1]
                         net (fo=3, routed)           0.570  6074.676    u_core/u_fabric/u_dsp1/u_core/__10/i__carry__6_n_6
    SLICE_X50Y97         LUT3 (Prop_lut3_I2_O)        0.303  6074.979 r  u_core/u_fabric/u_dsp1/u_core/b_q[17]_i_16/O
                         net (fo=2, routed)           1.288  6076.267    u_core/u_store/c_q[42]_i_5__0_0[70]
    SLICE_X84Y95         LUT5 (Prop_lut5_I1_O)        0.124  6076.391 r  u_core/u_store/b_q[17]_i_12__0/O
                         net (fo=2, routed)           0.434  6076.825    u_core/u_store/b_q[17]_i_12__0_n_0
    SLICE_X84Y94         LUT5 (Prop_lut5_I4_O)        0.124  6076.949 r  u_core/u_store/mem_reg_i_459/O
                         net (fo=1, routed)           0.403  6077.352    u_core/u_store/mem_reg_i_459_n_0
    SLICE_X85Y94         LUT6 (Prop_lut6_I3_O)        0.124  6077.476 r  u_core/u_store/mem_reg_i_429/O
                         net (fo=7, routed)           1.117  6078.593    u_core/u_store/u_fabric/r2971
    SLICE_X63Y84         LUT5 (Prop_lut5_I4_O)        0.124  6078.717 r  u_core/u_store/mem_reg_i_330__0/O
                         net (fo=1, routed)           0.433  6079.150    u_core/u_store/mem_reg_i_330__0_n_0
    SLICE_X63Y84         LUT5 (Prop_lut5_I2_O)        0.124  6079.274 r  u_core/u_store/mem_reg_i_273/O
                         net (fo=3, routed)           1.097  6080.371    u_core/u_store/u_fabric/r3354
    SLICE_X85Y96         LUT6 (Prop_lut6_I0_O)        0.124  6080.495 r  u_core/u_store/p_q[47]_i_9/O
                         net (fo=1, routed)           0.000  6080.495    u_core/u_store/p_q[47]_i_9_n_0
    SLICE_X85Y96         MUXF7 (Prop_muxf7_I1_O)      0.217  6080.712 r  u_core/u_store/p_q_reg[47]_i_7/O
                         net (fo=11, routed)          1.436  6082.147    u_core/u_store/u_fabric/r3066
    SLICE_X82Y117        LUT5 (Prop_lut5_I0_O)        0.299  6082.446 r  u_core/u_store/d_q[22]_i_7__0/O
                         net (fo=2, routed)           0.162  6082.608    u_core/u_store/d_q[22]_i_7__0_n_0
    SLICE_X82Y117        LUT5 (Prop_lut5_I0_O)        0.124  6082.732 r  u_core/u_store/d_q[22]_i_5/O
                         net (fo=8, routed)           0.730  6083.462    u_core/u_store/u_fabric/r3547
    SLICE_X83Y124        LUT6 (Prop_lut6_I0_O)        0.124  6083.586 r  u_core/u_store/led_OBUF[0]_inst_i_20/O
                         net (fo=6, routed)           0.696  6084.283    u_core/u_store/led_OBUF[0]_inst_i_20_n_0
    SLICE_X83Y117        LUT6 (Prop_lut6_I2_O)        0.124  6084.407 r  u_core/u_store/q_i_26__8/O
                         net (fo=1, routed)           0.263  6084.670    u_core/u_store/q_i_26__8_n_0
    SLICE_X83Y117        LUT6 (Prop_lut6_I5_O)        0.124  6084.794 r  u_core/u_store/q_i_14__18/O
                         net (fo=2, routed)           0.858  6085.651    u_core/u_store/u_fabric/r1088
    SLICE_X82Y127        MUXF7 (Prop_muxf7_S_O)       0.292  6085.943 r  u_core/u_store/q_reg_i_7/O
                         net (fo=2, routed)           0.658  6086.602    u_core/u_store/u_fabric/u_clb_x8y2/t_125
    SLICE_X84Y121        LUT6 (Prop_lut6_I0_O)        0.297  6086.898 r  u_core/u_store/q_i_11__1/O
                         net (fo=2, routed)           0.671  6087.569    u_core/u_store/u_fabric/u_clb_x8y2/lut_o6
    SLICE_X85Y121        LUT4 (Prop_lut4_I2_O)        0.124  6087.693 r  u_core/u_store/q_i_5/O
                         net (fo=4, routed)           0.434  6088.127    u_core/u_store/u_fabric/r1084
    SLICE_X85Y120        LUT6 (Prop_lut6_I2_O)        0.124  6088.251 r  u_core/u_store/sr[17]_i_2/O
                         net (fo=2, routed)           0.692  6088.943    u_core/u_store/q_reg[12]
    SLICE_X65Y124        LUT5 (Prop_lut5_I4_O)        0.124  6089.067 r  u_core/u_store/led_OBUF[2]_inst_i_9/O
                         net (fo=2, routed)           0.332  6089.399    u_core/u_store/led_OBUF[2]_inst_i_9_n_0
    SLICE_X65Y125        LUT5 (Prop_lut5_I4_O)        0.124  6089.523 r  u_core/u_store/led_OBUF[2]_inst_i_4/O
                         net (fo=13, routed)          1.107  6090.630    u_core/u_store/u_fabric/r3548
    SLICE_X64Y119        LUT6 (Prop_lut6_I2_O)        0.124  6090.754 r  u_core/u_store/q_i_76__6/O
                         net (fo=1, routed)           0.838  6091.593    u_core/u_store/q_i_76__6_n_0
    SLICE_X54Y121        LUT6 (Prop_lut6_I0_O)        0.124  6091.717 r  u_core/u_store/q_i_63__22/O
                         net (fo=2, routed)           0.493  6092.210    u_core/u_store/q_i_63__22_n_0
    SLICE_X55Y121        LUT3 (Prop_lut3_I0_O)        0.150  6092.360 r  u_core/u_store/q_i_36__25/O
                         net (fo=14, routed)          0.678  6093.038    u_core/u_store/u_fabric/r3491
    SLICE_X67Y123        LUT6 (Prop_lut6_I4_O)        0.326  6093.364 r  u_core/u_store/c_q[43]_i_16/O
                         net (fo=1, routed)           0.154  6093.518    u_core/u_store/c_q[43]_i_16_n_0
    SLICE_X67Y123        LUT5 (Prop_lut5_I0_O)        0.124  6093.642 r  u_core/u_store/c_q[43]_i_12/O
                         net (fo=2, routed)           0.688  6094.330    u_core/u_store/u_fabric/r2682
    SLICE_X80Y125        LUT6 (Prop_lut6_I4_O)        0.124  6094.454 r  u_core/u_store/capture_reg_i_8__11/O
                         net (fo=2, routed)           0.711  6095.165    u_core/u_store/capture_reg_i_8__11_n_0
    SLICE_X80Y130        LUT5 (Prop_lut5_I2_O)        0.124  6095.289 r  u_core/u_store/capture_reg_i_4__5/O
                         net (fo=10, routed)          1.009  6096.298    u_core/u_store/u_fabric/r3544
    SLICE_X86Y123        LUT4 (Prop_lut4_I3_O)        0.124  6096.422 r  u_core/u_store/d_q[24]_i_11__0/O
                         net (fo=5, routed)           1.214  6097.636    u_core/u_store/u_fabric/r2755
    SLICE_X57Y110        LUT6 (Prop_lut6_I5_O)        0.124  6097.760 r  u_core/u_store/c_q[8]_i_12/O
                         net (fo=1, routed)           0.000  6097.760    u_core/u_store/c_q[8]_i_12_n_0
    SLICE_X57Y110        MUXF7 (Prop_muxf7_I1_O)      0.217  6097.977 r  u_core/u_store/c_q_reg[8]_i_8/O
                         net (fo=2, routed)           0.449  6098.426    u_core/u_store/c_q_reg[8]_i_8_n_0
    SLICE_X57Y110        LUT6 (Prop_lut6_I5_O)        0.299  6098.725 r  u_core/u_store/c_q[8]_i_4__0/O
                         net (fo=10, routed)          0.471  6099.195    u_core/u_store/u_fabric/r3429
    SLICE_X56Y113        LUT6 (Prop_lut6_I4_O)        0.124  6099.319 r  u_core/u_store/q_i_29__24/O
                         net (fo=9, routed)           0.600  6099.919    u_core/u_store/u_fabric/r1068
    SLICE_X52Y113        MUXF7 (Prop_muxf7_S_O)       0.276  6100.195 r  u_core/u_store/q_reg_i_40/O
                         net (fo=1, routed)           0.000  6100.195    u_core/u_store/u_fabric/u_clb_x7y2/t_113
    SLICE_X52Y113        MUXF8 (Prop_muxf8_I1_O)      0.094  6100.290 r  u_core/u_store/q_reg_i_18__1/O
                         net (fo=3, routed)           1.084  6101.374    u_core/u_store/u_fabric/u_clb_x7y2/t_120
    SLICE_X57Y123        LUT5 (Prop_lut5_I4_O)        0.316  6101.689 r  u_core/u_store/q_i_7__4/O
                         net (fo=5, routed)           0.447  6102.136    u_core/u_store/u_fabric/r1057
    SLICE_X57Y125        LUT5 (Prop_lut5_I0_O)        0.124  6102.260 r  u_core/u_store/q_i_26__26/O
                         net (fo=1, routed)           0.549  6102.810    u_core/u_store/q_i_26__26_n_0
    SLICE_X57Y129        LUT5 (Prop_lut5_I4_O)        0.124  6102.934 r  u_core/u_store/q_i_12__18/O
                         net (fo=3, routed)           1.201  6104.134    u_core/u_store/u_fabric/r2745
    SLICE_X60Y108        LUT5 (Prop_lut5_I0_O)        0.124  6104.258 r  u_core/u_store/d_q[24]_i_6__0/O
                         net (fo=1, routed)           0.465  6104.723    u_core/u_store/d_q[24]_i_6__0_n_0
    SLICE_X61Y109        LUT5 (Prop_lut5_I4_O)        0.124  6104.847 r  u_core/u_store/d_q[24]_i_2__0/O
                         net (fo=10, routed)          1.082  6105.929    u_core/u_store/u_fabric/r3421
    SLICE_X46Y105        LUT6 (Prop_lut6_I5_O)        0.124  6106.053 r  u_core/u_store/d_q[17]_i_2/O
                         net (fo=1, routed)           1.179  6107.232    u_core/u_store/u_fabric/r816
    SLICE_X46Y95         LUT3 (Prop_lut3_I2_O)        0.150  6107.382 r  u_core/u_store/d_q[17]_i_1/O
                         net (fo=3, routed)           0.845  6108.228    u_core/u_store/drive_reg[115][17]
    SLICE_X54Y95         LUT5 (Prop_lut5_I2_O)        0.328  6108.556 r  u_core/u_store/i__carry__3_i_7__1/O
                         net (fo=1, routed)           0.000  6108.556    u_core/u_fabric/u_dsp0/u_core/m_c_4[1]
    SLICE_X54Y95         CARRY4 (Prop_carry4_S[1]_O[3])
                                                      0.643  6109.199 r  u_core/u_fabric/u_dsp0/u_core/__5/i__carry__3/O[3]
                         net (fo=1, routed)           0.554  6109.752    u_core/u_store/m_c_5[3]
    SLICE_X57Y95         LUT3 (Prop_lut3_I0_O)        0.307  6110.060 r  u_core/u_store/m_c_i_24/O
                         net (fo=1, routed)           1.161  6111.221    u_core/u_fabric/u_dsp0/u_core/A[19]
    DSP48_X2Y36          DSP48E1 (Prop_dsp48e1_A[19]_P[4])
                                                      3.841  6115.062 r  u_core/u_fabric/u_dsp0/u_core/m_c/P[4]
                         net (fo=3, routed)           1.533  6116.595    u_core/u_fabric/u_dsp0/u_core/m_c__0[4]
    SLICE_X55Y91         LUT3 (Prop_lut3_I2_O)        0.150  6116.745 r  u_core/u_fabric/u_dsp0/u_core/i__carry__0_i_4/O
                         net (fo=1, routed)           0.000  6116.745    u_core/u_fabric/u_dsp0/u_core/m_x[4]
    SLICE_X55Y91         CARRY4 (Prop_carry4_DI[0]_O[1])
                                                      0.364  6117.108 r  u_core/u_fabric/u_dsp0/u_core/__10/i__carry__0/O[1]
                         net (fo=3, routed)           0.845  6117.953    u_core/u_fabric/u_dsp0/u_core/__10/i__carry__0_n_6
    SLICE_X57Y95         LUT3 (Prop_lut3_I2_O)        0.303  6118.256 r  u_core/u_fabric/u_dsp0/u_core/b_q[17]_i_18/O
                         net (fo=2, routed)           1.241  6119.498    u_core/u_store/c_q[42]_i_5__0_0[3]
    SLICE_X90Y97         LUT5 (Prop_lut5_I4_O)        0.124  6119.622 r  u_core/u_store/c_q[13]_i_8/O
                         net (fo=1, routed)           0.000  6119.622    u_core/u_store/c_q[13]_i_8_n_0
    SLICE_X90Y97         MUXF7 (Prop_muxf7_I0_O)      0.209  6119.831 r  u_core/u_store/c_q_reg[13]_i_7/O
                         net (fo=2, routed)           0.452  6120.283    u_core/u_store/c_q_reg[13]_i_7_n_0
    SLICE_X90Y97         LUT5 (Prop_lut5_I4_O)        0.297  6120.580 r  u_core/u_store/c_q[5]_i_5/O
                         net (fo=1, routed)           0.737  6121.316    u_core/u_store/c_q[5]_i_5_n_0
    SLICE_X89Y101        LUT6 (Prop_lut6_I0_O)        0.124  6121.440 r  u_core/u_store/c_q[5]_i_3/O
                         net (fo=5, routed)           0.750  6122.190    u_core/u_store/u_fabric/r3357
    SLICE_X90Y96         LUT6 (Prop_lut6_I4_O)        0.124  6122.314 r  u_core/u_store/din_qa[16]_i_16/O
                         net (fo=1, routed)           0.492  6122.806    u_core/u_store/din_qa[16]_i_16_n_0
    SLICE_X90Y96         LUT5 (Prop_lut5_I2_O)        0.124  6122.930 r  u_core/u_store/din_qa[16]_i_7/O
                         net (fo=11, routed)          1.172  6124.103    u_core/u_store/u_fabric/r2553
    SLICE_X92Y81         LUT5 (Prop_lut5_I4_O)        0.124  6124.227 r  u_core/u_store/capture_reg_i_13__1/O
                         net (fo=2, routed)           0.685  6124.911    u_core/u_store/capture_reg_i_13__1_n_0
    SLICE_X97Y81         LUT5 (Prop_lut5_I4_O)        0.124  6125.035 r  u_core/u_store/mem_reg_i_478/O
                         net (fo=1, routed)           0.436  6125.471    u_core/u_store/mem_reg_i_478_n_0
    SLICE_X99Y81         LUT5 (Prop_lut5_I2_O)        0.124  6125.595 r  u_core/u_store/mem_reg_i_477/O
                         net (fo=1, routed)           0.286  6125.881    u_core/u_store/mem_reg_i_477_n_0
    SLICE_X101Y81        LUT6 (Prop_lut6_I1_O)        0.124  6126.005 r  u_core/u_store/mem_reg_i_476/O
                         net (fo=1, routed)           0.434  6126.440    u_core/u_store/mem_reg_i_476_n_0
    SLICE_X101Y80        LUT6 (Prop_lut6_I0_O)        0.124  6126.564 r  u_core/u_store/mem_reg_i_472/O
                         net (fo=1, routed)           0.574  6127.138    u_core/u_store/mem_reg_i_472_n_0
    SLICE_X98Y77         LUT5 (Prop_lut5_I2_O)        0.124  6127.262 r  u_core/u_store/mem_reg_i_466/O
                         net (fo=1, routed)           0.544  6127.806    u_core/u_store/mem_reg_i_466_n_0
    SLICE_X98Y77         LUT6 (Prop_lut6_I2_O)        0.124  6127.930 r  u_core/u_store/mem_reg_i_453/O
                         net (fo=1, routed)           0.731  6128.661    u_core/u_store/u_fabric/r2689
    SLICE_X104Y77        LUT5 (Prop_lut5_I2_O)        0.124  6128.785 r  u_core/u_store/mem_reg_i_422/O
                         net (fo=1, routed)           0.303  6129.088    u_core/u_store/mem_reg_i_422_n_0
    SLICE_X104Y78        LUT5 (Prop_lut5_I4_O)        0.124  6129.212 r  u_core/u_store/mem_reg_i_359__0/O
                         net (fo=7, routed)           0.710  6129.922    u_core/u_store/u_fabric/r3143
    SLICE_X98Y82         LUT6 (Prop_lut6_I5_O)        0.124  6130.046 r  u_core/u_store/q_i_31__19/O
                         net (fo=17, routed)          1.179  6131.226    u_core/u_store/u_fabric/r988
    SLICE_X97Y60         LUT6 (Prop_lut6_I4_O)        0.124  6131.350 r  u_core/u_store/q_i_74/O
                         net (fo=1, routed)           0.000  6131.350    u_core/u_store/u_fabric/u_clb_x2y2/t_101
    SLICE_X97Y60         MUXF7 (Prop_muxf7_I1_O)      0.217  6131.566 r  u_core/u_store/q_reg_i_44/O
                         net (fo=1, routed)           0.667  6132.234    u_core/u_store/u_fabric/u_clb_x2y2/t_114
    SLICE_X94Y68         LUT5 (Prop_lut5_I4_O)        0.299  6132.533 r  u_core/u_store/q_i_20/O
                         net (fo=2, routed)           0.789  6133.321    u_core/u_store/u_fabric/u_clb_x2y2/t_121
    SLICE_X94Y76         LUT3 (Prop_lut3_I0_O)        0.124  6133.445 r  u_core/u_store/q_i_10__5/O
                         net (fo=5, routed)           0.595  6134.040    u_core/u_store/u_fabric/r979
    SLICE_X95Y79         LUT6 (Prop_lut6_I5_O)        0.124  6134.164 r  u_core/u_store/q_i_9__0/O
                         net (fo=7, routed)           0.894  6135.058    u_core/u_store/u_fabric/u_clb_x2y2/lut_o6
    SLICE_X94Y76         LUT5 (Prop_lut5_I4_O)        0.150  6135.208 r  u_core/u_store/din_qa[15]_i_23/O
                         net (fo=1, routed)           0.575  6135.783    u_core/u_store/din_qa[15]_i_23_n_0
    SLICE_X93Y77         LUT6 (Prop_lut6_I5_O)        0.328  6136.111 r  u_core/u_store/din_qa[15]_i_18/O
                         net (fo=2, routed)           0.605  6136.715    u_core/u_store/clb_o[7]
    SLICE_X97Y76         LUT5 (Prop_lut5_I1_O)        0.124  6136.839 r  u_core/u_store/din_qa[7]_i_7__0/O
                         net (fo=2, routed)           0.416  6137.255    u_core/u_store/din_qa[7]_i_7__0_n_0
    SLICE_X97Y76         LUT5 (Prop_lut5_I4_O)        0.124  6137.379 r  u_core/u_store/din_qa[7]_i_4/O
                         net (fo=8, routed)           0.443  6137.823    u_core/u_store/u_fabric/r3213
    SLICE_X96Y77         LUT6 (Prop_lut6_I2_O)        0.124  6137.947 r  u_core/u_store/capture_reg_i_7__5/O
                         net (fo=4, routed)           0.711  6138.658    u_core/u_store/u_fabric/r2531
    SLICE_X99Y81         LUT6 (Prop_lut6_I1_O)        0.124  6138.782 r  u_core/u_store/q_i_42__20/O
                         net (fo=2, routed)           0.293  6139.074    u_core/u_store/q_i_42__20_n_0
    SLICE_X101Y81        LUT5 (Prop_lut5_I4_O)        0.124  6139.198 r  u_core/u_store/q_i_19__24/O
                         net (fo=2, routed)           0.451  6139.649    u_core/u_store/u_fabric/r2529
    SLICE_X101Y80        LUT6 (Prop_lut6_I1_O)        0.124  6139.773 r  u_core/u_store/din_qa[15]_i_16/O
                         net (fo=5, routed)           0.594  6140.367    u_core/u_store/u_fabric/r2610
    SLICE_X97Y78         LUT6 (Prop_lut6_I5_O)        0.124  6140.491 r  u_core/u_store/q_i_15__18/O
                         net (fo=1, routed)           0.433  6140.924    u_core/u_store/q_i_15__18_n_0
    SLICE_X97Y78         LUT6 (Prop_lut6_I3_O)        0.124  6141.048 r  u_core/u_store/q_i_7__21/O
                         net (fo=3, routed)           0.611  6141.659    u_core/u_store/u_fabric/r2618
    SLICE_X98Y76         LUT3 (Prop_lut3_I2_O)        0.124  6141.783 r  u_core/u_store/din_qa[15]_i_15__0/O
                         net (fo=2, routed)           0.294  6142.077    u_core/u_store/din_qa[15]_i_15__0_n_0
    SLICE_X98Y76         LUT5 (Prop_lut5_I0_O)        0.124  6142.201 r  u_core/u_store/din_qa[15]_i_8__0/O
                         net (fo=1, routed)           0.165  6142.366    u_core/u_store/din_qa[15]_i_8__0_n_0
    SLICE_X98Y76         LUT5 (Prop_lut5_I2_O)        0.124  6142.490 r  u_core/u_store/din_qa[15]_i_3__0/O
                         net (fo=22, routed)          1.012  6143.502    u_core/u_store/u_fabric/r3218
    SLICE_X105Y82        LUT5 (Prop_lut5_I4_O)        0.124  6143.626 r  u_core/u_store/q_i_78__11/O
                         net (fo=1, routed)           0.712  6144.337    u_core/u_store/q_i_78__11_n_0
    SLICE_X111Y82        LUT5 (Prop_lut5_I4_O)        0.124  6144.461 r  u_core/u_store/q_i_66__13/O
                         net (fo=1, routed)           0.000  6144.461    u_core/u_store/q_i_66__13_n_0
    SLICE_X111Y82        MUXF7 (Prop_muxf7_I0_O)      0.212  6144.673 r  u_core/u_store/q_reg_i_34__5/O
                         net (fo=9, routed)           1.402  6146.075    u_core/u_store/u_fabric/r3118
    SLICE_X100Y69        LUT6 (Prop_lut6_I4_O)        0.299  6146.374 r  u_core/u_store/mem_reg_i_292__0/O
                         net (fo=3, routed)           0.598  6146.972    u_core/u_store/mem_reg_i_292__0_n_0
    SLICE_X93Y69         LUT4 (Prop_lut4_I3_O)        0.124  6147.096 r  u_core/u_store/mem_reg_i_188__0/O
                         net (fo=8, routed)           1.294  6148.390    u_core/u_store/u_fabric/r3030
    SLICE_X63Y72         LUT5 (Prop_lut5_I1_O)        0.124  6148.514 r  u_core/u_store/mem_reg_i_114__0/O
                         net (fo=17, routed)          1.305  6149.819    u_core/u_store/u_fabric/r3279
    SLICE_X51Y84         LUT4 (Prop_lut4_I3_O)        0.124  6149.943 r  u_core/u_store/b_q[15]_i_17/O
                         net (fo=6, routed)           1.628  6151.571    u_core/u_store/u_fabric/r2962
    SLICE_X86Y95         LUT5 (Prop_lut5_I0_O)        0.124  6151.695 r  u_core/u_store/b_q[15]_i_9/O
                         net (fo=1, routed)           0.670  6152.365    u_core/u_store/b_q[15]_i_9_n_0
    SLICE_X86Y95         LUT5 (Prop_lut5_I4_O)        0.124  6152.489 r  u_core/u_store/b_q[15]_i_3__0/O
                         net (fo=21, routed)          1.227  6153.716    u_core/u_store/u_fabric/r3383
    SLICE_X63Y104        LUT6 (Prop_lut6_I5_O)        0.124  6153.840 r  u_core/u_store/c_q[38]_i_2/O
                         net (fo=1, routed)           1.278  6155.118    u_core/u_store/u_fabric/r2060
    SLICE_X43Y101        LUT3 (Prop_lut3_I2_O)        0.150  6155.268 r  u_core/u_store/c_q[38]_i_1__0/O
                         net (fo=2, routed)           0.589  6155.856    u_core/u_store/drive_reg[214][38]
    SLICE_X47Y100        LUT5 (Prop_lut5_I4_O)        0.332  6156.188 r  u_core/u_store/i__carry__8_i_10__0/O
                         net (fo=1, routed)           0.596  6156.784    u_core/u_store/i__carry__8_i_10__0_n_0
    SLICE_X49Y99         LUT5 (Prop_lut5_I4_O)        0.124  6156.908 r  u_core/u_store/i__carry__8_i_6__0/O
                         net (fo=1, routed)           0.000  6156.908    u_core/u_fabric/u_dsp1/u_core/p_q_reg[39]_0[2]
    SLICE_X49Y99         CARRY4 (Prop_carry4_S[2]_O[2])
                                                      0.248  6157.156 r  u_core/u_fabric/u_dsp1/u_core/__10/i__carry__8/O[2]
                         net (fo=3, routed)           0.646  6157.802    u_core/u_fabric/u_dsp1/u_core/__10/i__carry__8_n_5
    SLICE_X48Y99         LUT3 (Prop_lut3_I2_O)        0.302  6158.104 r  u_core/u_fabric/u_dsp1/u_core/b_q[16]_i_7/O
                         net (fo=2, routed)           1.289  6159.393    u_core/u_store/c_q[42]_i_5__0_0[79]
    SLICE_X83Y98         LUT5 (Prop_lut5_I4_O)        0.124  6159.517 r  u_core/u_store/b_q[16]_i_3__0/O
                         net (fo=21, routed)          0.604  6160.121    u_core/u_store/u_fabric/r3389
    SLICE_X67Y101        LUT4 (Prop_lut4_I3_O)        0.124  6160.245 r  u_core/u_store/b_q[9]_i_4/O
                         net (fo=1, routed)           0.615  6160.860    u_core/u_store/b_q[9]_i_4_n_0
    SLICE_X67Y101        LUT6 (Prop_lut6_I5_O)        0.124  6160.984 r  u_core/u_store/b_q[9]_i_2__0/O
                         net (fo=1, routed)           1.491  6162.475    u_core/u_store/u_fabric/r2100
    SLICE_X44Y91         LUT3 (Prop_lut3_I2_O)        0.150  6162.625 r  u_core/u_store/b_q[9]_i_1__0/O
                         net (fo=2, routed)           0.716  6163.341    u_core/u_dsp1/b_v[9]
    SLICE_X39Y91         LUT3 (Prop_lut3_I2_O)        0.332  6163.673 r  u_core/m_c_i_9__0/O
                         net (fo=1, routed)           0.548  6164.222    u_core/u_fabric/u_dsp1/u_core/m_c_1[9]
    DSP48_X2Y37          DSP48E1 (Prop_dsp48e1_B[9]_P[32])
                                                      3.656  6167.877 r  u_core/u_fabric/u_dsp1/u_core/m_c/P[32]
                         net (fo=2, routed)           1.109  6168.986    u_core/u_fabric/u_dsp1/u_core/m_c__0[32]
    SLICE_X45Y99         LUT3 (Prop_lut3_I2_O)        0.124  6169.110 r  u_core/u_fabric/u_dsp1/u_core/i__carry__7_i_4__0/O
                         net (fo=2, routed)           0.498  6169.608    u_core/u_fabric/u_dsp1/u_core/m_x[32]
    SLICE_X49Y98         CARRY4 (Prop_carry4_DI[0]_O[1])
                                                      0.420  6170.028 r  u_core/u_fabric/u_dsp1/u_core/__10/i__carry__7/O[1]
                         net (fo=4, routed)           0.977  6171.005    u_core/u_fabric/u_dsp1/u_core/D[2]
    SLICE_X58Y97         LUT3 (Prop_lut3_I2_O)        0.303  6171.308 r  u_core/u_fabric/u_dsp1/u_core/c_q[18]_i_10/O
                         net (fo=1, routed)           0.991  6172.299    u_core/u_store/c_q[42]_i_5__0_0[74]
    SLICE_X60Y109        LUT5 (Prop_lut5_I1_O)        0.124  6172.423 r  u_core/u_store/c_q[18]_i_7/O
                         net (fo=2, routed)           0.587  6173.010    u_core/u_store/c_q[18]_i_7_n_0
    SLICE_X60Y110        LUT5 (Prop_lut5_I4_O)        0.124  6173.134 r  u_core/u_store/c_q[18]_i_3/O
                         net (fo=5, routed)           0.942  6174.076    u_core/u_store/u_fabric/r3460
    SLICE_X51Y103        LUT6 (Prop_lut6_I0_O)        0.124  6174.200 r  u_core/u_store/d_q[18]_i_2/O
                         net (fo=1, routed)           0.955  6175.155    u_core/u_store/u_fabric/r2094
    SLICE_X42Y96         LUT3 (Prop_lut3_I2_O)        0.124  6175.279 r  u_core/u_store/d_q[18]_i_1__0/O
                         net (fo=3, routed)           0.770  6176.049    u_core/u_store/drive_reg[239][18]
    SLICE_X40Y95         LUT3 (Prop_lut3_I2_O)        0.153  6176.202 r  u_core/u_store/i__carry__3_i_2__2/O
                         net (fo=1, routed)           0.000  6176.202    u_core/u_fabric/u_dsp1/u_core/d_v_4[18]
    SLICE_X40Y95         CARRY4 (Prop_carry4_DI[2]_CO[3])
                                                      0.353  6176.555 r  u_core/u_fabric/u_dsp1/u_core/__5/i__carry__3/CO[3]
                         net (fo=1, routed)           0.000  6176.555    u_core/u_fabric/u_dsp1/u_core/__5/i__carry__3_n_0
    SLICE_X40Y96         CARRY4 (Prop_carry4_CI_O[0])
                                                      0.222  6176.777 r  u_core/u_fabric/u_dsp1/u_core/__5/i__carry__4/O[0]
                         net (fo=1, routed)           0.661  6177.439    u_core/u_store/m_c_14[0]
    SLICE_X41Y96         LUT3 (Prop_lut3_I0_O)        0.325  6177.764 r  u_core/u_store/m_c_i_23__0/O
                         net (fo=1, routed)           0.780  6178.544    u_core/u_fabric/u_dsp1/u_core/m_c_2[20]
    DSP48_X2Y37          DSP48E1 (Prop_dsp48e1_A[20]_P[33])
                                                      4.049  6182.593 r  u_core/u_fabric/u_dsp1/u_core/m_c/P[33]
                         net (fo=2, routed)           1.296  6183.889    u_core/u_fabric/u_dsp1/u_core/m_c__0[33]
    SLICE_X45Y99         LUT3 (Prop_lut3_I2_O)        0.150  6184.039 r  u_core/u_fabric/u_dsp1/u_core/i__carry__7_i_3__0/O
                         net (fo=2, routed)           0.630  6184.668    u_core/u_fabric/u_dsp1/u_core/m_x[33]
    SLICE_X49Y98         CARRY4 (Prop_carry4_DI[1]_CO[3])
                                                      0.715  6185.383 r  u_core/u_fabric/u_dsp1/u_core/__10/i__carry__7/CO[3]
                         net (fo=1, routed)           0.000  6185.383    u_core/u_fabric/u_dsp1/u_core/__10/i__carry__7_n_0
    SLICE_X49Y99         CARRY4 (Prop_carry4_CI_O[0])
                                                      0.235  6185.618 r  u_core/u_fabric/u_dsp1/u_core/__10/i__carry__8/O[0]
                         net (fo=3, routed)           0.661  6186.280    u_core/u_fabric/u_dsp1/u_core/__10/i__carry__8_n_7
    SLICE_X48Y99         LUT3 (Prop_lut3_I2_O)        0.299  6186.579 r  u_core/u_fabric/u_dsp1/u_core/b_q[17]_i_23/O
                         net (fo=2, routed)           1.375  6187.954    u_core/u_store/c_q[42]_i_5__0_0[77]
    SLICE_X90Y94         LUT5 (Prop_lut5_I1_O)        0.124  6188.078 r  u_core/u_store/b_q[17]_i_15__0/O
                         net (fo=1, routed)           0.639  6188.717    u_core/u_store/b_q[17]_i_15__0_n_0
    SLICE_X98Y93         LUT5 (Prop_lut5_I4_O)        0.124  6188.841 r  u_core/u_store/b_q[17]_i_7/O
                         net (fo=23, routed)          1.565  6190.406    u_core/u_store/u_fabric/r3371
    SLICE_X62Y96         LUT6 (Prop_lut6_I5_O)        0.124  6190.530 r  u_core/u_store/b_q[17]_i_3/O
                         net (fo=2, routed)           1.181  6191.710    u_core/u_dsp0/b_v[17]
    SLICE_X42Y95         LUT3 (Prop_lut3_I2_O)        0.124  6191.834 r  u_core/m_c_i_1/O
                         net (fo=1, routed)           0.582  6192.417    u_core/u_fabric/u_dsp0/u_core/B[17]
    DSP48_X2Y36          DSP48E1 (Prop_dsp48e1_B[17]_P[5])
                                                      3.656  6196.072 r  u_core/u_fabric/u_dsp0/u_core/m_c/P[5]
                         net (fo=3, routed)           1.389  6197.461    u_core/u_fabric/u_dsp0/u_core/m_c__0[5]
    SLICE_X55Y91         LUT3 (Prop_lut3_I2_O)        0.150  6197.611 r  u_core/u_fabric/u_dsp0/u_core/i__carry__0_i_3/O
                         net (fo=1, routed)           0.000  6197.611    u_core/u_fabric/u_dsp0/u_core/m_x[5]
    SLICE_X55Y91         CARRY4 (Prop_carry4_DI[1]_CO[3])
                                                      0.470  6198.081 r  u_core/u_fabric/u_dsp0/u_core/__10/i__carry__0/CO[3]
                         net (fo=1, routed)           0.000  6198.081    u_core/u_fabric/u_dsp0/u_core/__10/i__carry__0_n_0
    SLICE_X55Y92         CARRY4 (Prop_carry4_CI_O[2])
                                                      0.256  6198.337 r  u_core/u_fabric/u_dsp0/u_core/__10/i__carry__1/O[2]
                         net (fo=3, routed)           0.441  6198.778    u_core/u_fabric/u_dsp0/u_core/__10/i__carry__1_n_5
    SLICE_X58Y92         LUT3 (Prop_lut3_I2_O)        0.302  6199.080 r  u_core/u_fabric/u_dsp0/u_core/c_q[8]_i_15/O
                         net (fo=2, routed)           0.829  6199.909    u_core/u_store/c_q[42]_i_5__0_0[8]
    SLICE_X65Y103        LUT5 (Prop_lut5_I4_O)        0.124  6200.033 r  u_core/u_store/c_q[8]_i_13/O
                         net (fo=1, routed)           0.000  6200.033    u_core/u_store/c_q[8]_i_13_n_0
    SLICE_X65Y103        MUXF7 (Prop_muxf7_I0_O)      0.212  6200.245 r  u_core/u_store/c_q_reg[8]_i_10/O
                         net (fo=3, routed)           0.376  6200.622    u_core/u_store/c_q_reg[8]_i_10_n_0
    SLICE_X64Y103        LUT6 (Prop_lut6_I5_O)        0.299  6200.920 r  u_core/u_store/c_q[8]_i_5__0/O
                         net (fo=17, routed)          0.547  6201.467    u_core/u_store/u_fabric/r2578
    SLICE_X65Y108        LUT6 (Prop_lut6_I4_O)        0.124  6201.591 r  u_core/u_store/c_q[8]_i_5/O
                         net (fo=1, routed)           0.403  6201.995    u_core/u_store/c_q[8]_i_5_n_0
    SLICE_X65Y108        LUT5 (Prop_lut5_I0_O)        0.124  6202.119 r  u_core/u_store/c_q[8]_i_4/O
                         net (fo=21, routed)          1.103  6203.221    u_core/u_store/u_fabric/r3444
    SLICE_X58Y99         LUT6 (Prop_lut6_I2_O)        0.124  6203.345 r  u_core/u_store/c_q[8]_i_2/O
                         net (fo=1, routed)           0.880  6204.226    u_core/u_store/u_fabric/r1945
    SLICE_X48Y96         LUT3 (Prop_lut3_I2_O)        0.117  6204.343 r  u_core/u_store/c_q[8]_i_1__0/O
                         net (fo=2, routed)           0.324  6204.667    u_core/u_store/drive_reg[214][8]
    SLICE_X48Y94         LUT5 (Prop_lut5_I4_O)        0.332  6204.999 r  u_core/u_store/i__carry__1_i_12__0/O
                         net (fo=1, routed)           0.445  6205.444    u_core/u_store/i__carry__1_i_12__0_n_0
    SLICE_X49Y92         LUT5 (Prop_lut5_I4_O)        0.124  6205.568 r  u_core/u_store/i__carry__1_i_8__0/O
                         net (fo=1, routed)           0.000  6205.568    u_core/u_fabric/u_dsp1/u_core/p_q_reg[11]_0[0]
    SLICE_X49Y92         CARRY4 (Prop_carry4_S[0]_O[1])
                                                      0.424  6205.992 r  u_core/u_fabric/u_dsp1/u_core/__10/i__carry__1/O[1]
                         net (fo=3, routed)           0.692  6206.684    u_core/u_fabric/u_dsp1/u_core/__10/i__carry__1_n_6
    SLICE_X53Y91         LUT3 (Prop_lut3_I2_O)        0.303  6206.987 r  u_core/u_fabric/u_dsp1/u_core/c_q[42]_i_7/O
                         net (fo=3, routed)           1.166  6208.153    u_core/u_store/c_q[42]_i_5__0_0[53]
    SLICE_X60Y107        LUT5 (Prop_lut5_I4_O)        0.124  6208.277 r  u_core/u_store/c_q[42]_i_3/O
                         net (fo=15, routed)          0.536  6208.813    u_core/u_store/u_fabric/r3447
    SLICE_X60Y107        LUT6 (Prop_lut6_I2_O)        0.124  6208.937 r  u_core/u_store/c_q[1]_i_2__0/O
                         net (fo=1, routed)           1.108  6210.045    u_core/u_store/u_fabric/r2040
    SLICE_X44Y99         LUT3 (Prop_lut3_I2_O)        0.124  6210.169 r  u_core/u_store/c_q[1]_i_1__0/O
                         net (fo=2, routed)           0.671  6210.840    u_core/u_store/drive_reg[214][1]
    SLICE_X46Y93         LUT5 (Prop_lut5_I4_O)        0.124  6210.964 r  u_core/u_store/i__carry_i_11__0/O
                         net (fo=1, routed)           0.456  6211.420    u_core/u_store/i__carry_i_11__0_n_0
    SLICE_X49Y90         LUT5 (Prop_lut5_I4_O)        0.124  6211.544 r  u_core/u_store/i__carry_i_7__0/O
                         net (fo=1, routed)           0.000  6211.544    u_core/u_fabric/u_dsp1/u_core/p_q_reg[3]_0[1]
    SLICE_X49Y90         CARRY4 (Prop_carry4_S[1]_O[1])
                                                      0.227  6211.771 r  u_core/u_fabric/u_dsp1/u_core/__10/i__carry/O[1]
                         net (fo=3, routed)           0.545  6212.316    u_core/u_fabric/u_dsp1/u_core/__10/i__carry_n_6
    SLICE_X53Y91         LUT3 (Prop_lut3_I2_O)        0.303  6212.619 r  u_core/u_fabric/u_dsp1/u_core/c_q[41]_i_8/O
                         net (fo=3, routed)           0.921  6213.540    u_core/u_store/c_q[42]_i_5__0_0[46]
    SLICE_X62Y98         LUT5 (Prop_lut5_I4_O)        0.124  6213.664 r  u_core/u_store/c_q[41]_i_3__0/O
                         net (fo=20, routed)          1.458  6215.122    u_core/u_store/u_fabric/r3441
    SLICE_X59Y128        LUT4 (Prop_lut4_I0_O)        0.124  6215.246 r  u_core/u_store/q_i_24__9/O
                         net (fo=6, routed)           0.678  6215.923    u_core/u_store/u_fabric/r2746
    SLICE_X66Y124        LUT5 (Prop_lut5_I4_O)        0.124  6216.047 r  u_core/u_store/d_q[20]_i_18/O
                         net (fo=2, routed)           0.351  6216.399    u_core/u_store/d_q[20]_i_18_n_0
    SLICE_X67Y124        LUT5 (Prop_lut5_I4_O)        0.124  6216.523 r  u_core/u_store/led_OBUF[1]_inst_i_36/O
                         net (fo=1, routed)           0.594  6217.117    u_core/u_store/u_fabric/r2770
    SLICE_X87Y124        LUT6 (Prop_lut6_I3_O)        0.124  6217.241 r  u_core/u_store/led_OBUF[1]_inst_i_29/O
                         net (fo=1, routed)           0.000  6217.241    u_core/u_store/led_OBUF[1]_inst_i_29_n_0
    SLICE_X87Y124        MUXF7 (Prop_muxf7_I1_O)      0.217  6217.458 r  u_core/u_store/led_OBUF[1]_inst_i_18/O
                         net (fo=2, routed)           0.430  6217.887    u_core/u_store/led_OBUF[1]_inst_i_18_n_0
    SLICE_X85Y124        LUT6 (Prop_lut6_I5_O)        0.299  6218.186 r  u_core/u_store/q_i_81__7/O
                         net (fo=1, routed)           0.799  6218.985    u_core/u_store/q_i_81__7_n_0
    SLICE_X66Y121        LUT6 (Prop_lut6_I4_O)        0.124  6219.109 r  u_core/u_store/q_i_71__16/O
                         net (fo=1, routed)           0.000  6219.109    u_core/u_store/q_i_71__16_n_0
    SLICE_X66Y121        MUXF7 (Prop_muxf7_I1_O)      0.214  6219.323 r  u_core/u_store/q_reg_i_48__3/O
                         net (fo=1, routed)           0.634  6219.957    u_core/u_store/q_reg_i_48__3_n_0
    SLICE_X55Y120        LUT5 (Prop_lut5_I4_O)        0.297  6220.254 r  u_core/u_store/q_i_26__15/O
                         net (fo=14, routed)          1.063  6221.316    u_core/u_store/u_fabric/r3492
    SLICE_X67Y127        LUT6 (Prop_lut6_I5_O)        0.124  6221.440 r  u_core/u_store/c_q[43]_i_31/O
                         net (fo=1, routed)           0.614  6222.054    u_core/u_store/c_q[43]_i_31_n_0
    SLICE_X82Y129        LUT5 (Prop_lut5_I4_O)        0.124  6222.178 r  u_core/u_store/c_q[43]_i_26/O
                         net (fo=2, routed)           0.395  6222.573    u_core/u_store/c_q[43]_i_26_n_0
    SLICE_X85Y129        LUT5 (Prop_lut5_I2_O)        0.124  6222.697 r  u_core/u_store/c_q[43]_i_20__0/O
                         net (fo=2, routed)           0.411  6223.108    u_core/u_store/c_q[43]_i_20__0_n_0
    SLICE_X85Y129        LUT5 (Prop_lut5_I2_O)        0.124  6223.232 r  u_core/u_store/c_q[43]_i_14__0/O
                         net (fo=6, routed)           0.684  6223.917    u_core/u_store/u_fabric/r3539
    SLICE_X87Y122        LUT4 (Prop_lut4_I2_O)        0.124  6224.041 r  u_core/u_store/q_i_22__17/O
                         net (fo=1, routed)           0.433  6224.474    u_core/u_store/q_i_22__17_n_0
    SLICE_X87Y122        LUT6 (Prop_lut6_I0_O)        0.124  6224.598 r  u_core/u_store/q_i_13__23/O
                         net (fo=2, routed)           0.808  6225.406    u_core/u_store/u_fabric/r1252
    SLICE_X86Y128        LUT5 (Prop_lut5_I3_O)        0.124  6225.530 r  u_core/u_store/a_q[22]_i_5/O
                         net (fo=6, routed)           0.896  6226.425    u_core/u_store/u_fabric/r1247
    SLICE_X91Y121        LUT5 (Prop_lut5_I4_O)        0.124  6226.549 r  u_core/u_store/a_q[22]_i_2/O
                         net (fo=19, routed)          2.037  6228.586    u_core/u_store/u_fabric/r2817
    SLICE_X61Y84         LUT6 (Prop_lut6_I5_O)        0.124  6228.710 r  u_core/u_store/q_i_41__20/O
                         net (fo=3, routed)           0.597  6229.307    u_core/u_store/q_i_41__20_n_0
    SLICE_X67Y86         LUT6 (Prop_lut6_I3_O)        0.124  6229.431 r  u_core/u_store/din_qa[17]_i_28/O
                         net (fo=1, routed)           0.000  6229.431    u_core/u_store/din_qa[17]_i_28_n_0
    SLICE_X67Y86         MUXF7 (Prop_muxf7_I1_O)      0.217  6229.648 r  u_core/u_store/din_qa_reg[17]_i_20/O
                         net (fo=2, routed)           0.949  6230.597    u_core/u_store/din_qa_reg[17]_i_20_n_0
    SLICE_X82Y91         LUT3 (Prop_lut3_I0_O)        0.299  6230.896 r  u_core/u_store/din_qa[17]_i_16/O
                         net (fo=7, routed)           0.950  6231.846    u_core/u_store/u_fabric/r3344
    SLICE_X67Y84         LUT6 (Prop_lut6_I1_O)        0.124  6231.970 r  u_core/u_store/din_qa[17]_i_10/O
                         net (fo=2, routed)           0.402  6232.372    u_core/u_store/din_qa[17]_i_10_n_0
    SLICE_X67Y84         LUT6 (Prop_lut6_I2_O)        0.124  6232.496 r  u_core/u_store/q_i_27__10/O
                         net (fo=7, routed)           1.461  6233.957    u_core/u_store/u_fabric/r3183
    SLICE_X111Y76        LUT6 (Prop_lut6_I0_O)        0.124  6234.081 r  u_core/u_store/q_i_11__21/O
                         net (fo=4, routed)           0.812  6234.893    u_core/u_store/u_fabric/r2841
    SLICE_X103Y73        LUT6 (Prop_lut6_I5_O)        0.124  6235.017 r  u_core/u_store/mem_reg_i_235/O
                         net (fo=11, routed)          0.732  6235.750    u_core/u_store/u_fabric/r3101
    SLICE_X104Y79        LUT4 (Prop_lut4_I3_O)        0.124  6235.874 r  u_core/u_store/mem_reg_i_137__0/O
                         net (fo=15, routed)          1.943  6237.817    u_core/u_store/u_fabric/r2782
    SLICE_X58Y68         LUT6 (Prop_lut6_I5_O)        0.124  6237.941 r  u_core/u_store/mem_reg_i_328/O
                         net (fo=1, routed)           0.000  6237.941    u_core/u_store/mem_reg_i_328_n_0
    SLICE_X58Y68         MUXF7 (Prop_muxf7_I1_O)      0.214  6238.155 r  u_core/u_store/mem_reg_i_268/O
                         net (fo=1, routed)           0.298  6238.453    u_core/u_store/mem_reg_i_268_n_0
    SLICE_X56Y68         LUT5 (Prop_lut5_I4_O)        0.297  6238.750 r  u_core/u_store/mem_reg_i_176__0/O
                         net (fo=13, routed)          0.786  6239.536    u_core/u_store/u_fabric/r3286
    SLICE_X62Y78         LUT5 (Prop_lut5_I2_O)        0.124  6239.660 r  u_core/u_store/mem_reg_i_211/O
                         net (fo=2, routed)           0.567  6240.227    u_core/u_store/mem_reg_i_211_n_0
    SLICE_X63Y79         LUT5 (Prop_lut5_I0_O)        0.124  6240.351 r  u_core/u_store/mem_reg_i_130__0/O
                         net (fo=9, routed)           0.692  6241.042    u_core/u_store/u_fabric/r3290
    SLICE_X63Y88         LUT5 (Prop_lut5_I3_O)        0.124  6241.167 r  u_core/u_store/q_i_57__30/O
                         net (fo=1, routed)           0.000  6241.167    u_core/u_store/q_i_57__30_n_0
    SLICE_X63Y88         MUXF7 (Prop_muxf7_I1_O)      0.217  6241.383 r  u_core/u_store/q_reg_i_42__3/O
                         net (fo=2, routed)           0.450  6241.834    u_core/u_store/q_reg_i_42__3_n_0
    SLICE_X63Y90         LUT5 (Prop_lut5_I2_O)        0.299  6242.133 r  u_core/u_store/q_i_24__21/O
                         net (fo=15, routed)          1.015  6243.148    u_core/u_store/u_fabric/r3329
    SLICE_X49Y88         LUT6 (Prop_lut6_I5_O)        0.124  6243.272 r  u_core/u_store/din_qa[5]_i_8/O
                         net (fo=1, routed)           0.402  6243.675    u_core/u_store/din_qa[5]_i_8_n_0
    SLICE_X49Y88         LUT5 (Prop_lut5_I0_O)        0.124  6243.799 r  u_core/u_store/din_qa[5]_i_4/O
                         net (fo=15, routed)          1.952  6245.750    u_core/u_store/u_fabric/r2797
    SLICE_X108Y77        LUT6 (Prop_lut6_I5_O)        0.124  6245.875 r  u_core/u_store/capture_reg_i_14__0/O
                         net (fo=1, routed)           0.466  6246.340    u_core/u_store/capture_reg_i_14__0_n_0
    SLICE_X108Y77        LUT6 (Prop_lut6_I2_O)        0.124  6246.464 r  u_core/u_store/capture_reg_i_9__10/O
                         net (fo=10, routed)          0.480  6246.944    u_core/u_store/u_fabric/r3107
    SLICE_X112Y76        LUT6 (Prop_lut6_I2_O)        0.124  6247.068 r  u_core/u_store/q_i_45__27/O
                         net (fo=6, routed)           1.005  6248.073    u_core/u_store/u_fabric/r1128
    SLICE_X105Y68        MUXF7 (Prop_muxf7_S_O)       0.296  6248.369 r  u_core/u_store/q_reg_i_59/O
                         net (fo=1, routed)           0.442  6248.811    u_core/u_store/u_fabric/u_clb_x1y3/t_115
    SLICE_X105Y69        LUT5 (Prop_lut5_I0_O)        0.298  6249.109 r  u_core/u_store/q_i_32__4/O
                         net (fo=2, routed)           0.887  6249.996    u_core/u_store/u_fabric/u_clb_x1y3/t_121
    SLICE_X106Y74        LUT3 (Prop_lut3_I0_O)        0.124  6250.120 r  u_core/u_store/q_i_16__5/O
                         net (fo=5, routed)           0.862  6250.982    u_core/u_store/u_fabric/r1117
    SLICE_X109Y84        LUT3 (Prop_lut3_I2_O)        0.124  6251.106 r  u_core/u_store/q_i_7__32/O
                         net (fo=3, routed)           0.694  6251.800    u_core/u_store/u_fabric/u_clb_x1y3/lut_o6
    SLICE_X109Y84        LUT3 (Prop_lut3_I2_O)        0.150  6251.950 r  u_core/u_store/q_i_8__7/O
                         net (fo=2, routed)           0.302  6252.252    u_core/u_store/q_i_8__7_n_0
    SLICE_X109Y85        LUT6 (Prop_lut6_I5_O)        0.326  6252.578 r  u_core/u_store/sr[12]_i_2/O
                         net (fo=4, routed)           0.798  6253.376    u_core/u_store/q_reg[8]
    SLICE_X103Y75        LUT6 (Prop_lut6_I5_O)        0.124  6253.500 r  u_core/u_store/q_i_77__7/O
                         net (fo=2, routed)           0.661  6254.161    u_core/u_store/q_i_77__7_n_0
    SLICE_X102Y75        LUT3 (Prop_lut3_I2_O)        0.146  6254.307 r  u_core/u_store/q_i_43__21/O
                         net (fo=14, routed)          0.968  6255.275    u_core/u_store/u_fabric/r3170
    SLICE_X107Y72        LUT6 (Prop_lut6_I3_O)        0.328  6255.604 r  u_core/u_store/mem_reg_i_356/O
                         net (fo=1, routed)           0.154  6255.757    u_core/u_store/mem_reg_i_356_n_0
    SLICE_X107Y72        LUT5 (Prop_lut5_I2_O)        0.124  6255.881 r  u_core/u_store/mem_reg_i_303/O
                         net (fo=2, routed)           1.011  6256.892    u_core/u_store/u_fabric/r2783
    SLICE_X100Y82        LUT5 (Prop_lut5_I0_O)        0.124  6257.016 r  u_core/u_store/mem_reg_i_235__0/O
                         net (fo=2, routed)           0.585  6257.601    u_core/u_store/mem_reg_i_235__0_n_0
    SLICE_X101Y82        LUT5 (Prop_lut5_I4_O)        0.124  6257.725 r  u_core/u_store/mem_reg_i_144__0/O
                         net (fo=14, routed)          1.076  6258.801    u_core/u_store/u_fabric/r3122
    SLICE_X98Y68         LUT6 (Prop_lut6_I1_O)        0.124  6258.925 r  u_core/u_store/mem_reg_i_292/O
                         net (fo=2, routed)           0.683  6259.607    u_core/u_store/mem_reg_i_292_n_0
    SLICE_X98Y68         LUT5 (Prop_lut5_I2_O)        0.124  6259.731 r  u_core/u_store/mem_reg_i_209/O
                         net (fo=6, routed)           0.952  6260.683    u_core/u_store/u_fabric/r3128
    SLICE_X90Y74         LUT2 (Prop_lut2_I0_O)        0.124  6260.807 r  u_core/u_store/mem_reg_i_126__0/O
                         net (fo=7, routed)           1.381  6262.188    u_core/u_store/u_fabric/r3038
    SLICE_X59Y67         LUT6 (Prop_lut6_I4_O)        0.124  6262.312 r  u_core/u_store/q_i_81__8/O
                         net (fo=1, routed)           0.000  6262.312    u_core/u_store/q_i_81__8_n_0
    SLICE_X59Y67         MUXF7 (Prop_muxf7_I1_O)      0.217  6262.529 r  u_core/u_store/q_reg_i_50/O
                         net (fo=1, routed)           0.329  6262.859    u_core/u_store/q_reg_i_50_n_0
    SLICE_X60Y68         LUT5 (Prop_lut5_I0_O)        0.299  6263.158 r  u_core/u_store/q_i_24__14/O
                         net (fo=12, routed)          1.210  6264.368    u_core/u_store/u_fabric/r2779
    SLICE_X92Y65         LUT6 (Prop_lut6_I5_O)        0.124  6264.492 r  u_core/u_store/mem_reg_i_225__0/O
                         net (fo=1, routed)           0.000  6264.492    u_core/u_store/mem_reg_i_225__0_n_0
    SLICE_X92Y65         MUXF7 (Prop_muxf7_I1_O)      0.214  6264.706 r  u_core/u_store/mem_reg_i_127/O
                         net (fo=2, routed)           0.675  6265.380    u_core/u_store/mem_reg_i_127_n_0
    SLICE_X93Y65         LUT5 (Prop_lut5_I4_O)        0.297  6265.677 r  u_core/u_store/mem_reg_i_71/O
                         net (fo=13, routed)          1.027  6266.704    u_core/u_store/u_fabric/r3207
    SLICE_X102Y73        LUT6 (Prop_lut6_I5_O)        0.124  6266.828 r  u_core/u_store/q_i_69__19/O
                         net (fo=1, routed)           0.641  6267.469    u_core/u_store/q_i_69__19_n_0
    SLICE_X102Y73        LUT5 (Prop_lut5_I4_O)        0.124  6267.593 r  u_core/u_store/q_i_40__16/O
                         net (fo=1, routed)           0.000  6267.593    u_core/u_store/q_i_40__16_n_0
    SLICE_X102Y73        MUXF7 (Prop_muxf7_I1_O)      0.214  6267.807 r  u_core/u_store/q_reg_i_25__5/O
                         net (fo=2, routed)           0.521  6268.327    u_core/u_store/q_reg_i_25__5_n_0
    SLICE_X102Y74        LUT5 (Prop_lut5_I4_O)        0.297  6268.624 r  u_core/u_store/q_i_14__28/O
                         net (fo=3, routed)           0.752  6269.376    u_core/u_store/u_fabric/r2595
    SLICE_X106Y77        LUT6 (Prop_lut6_I5_O)        0.124  6269.500 r  u_core/u_store/capture_reg_i_4__3/O
                         net (fo=12, routed)          0.734  6270.234    u_core/u_store/u_fabric/r3114
    SLICE_X105Y74        LUT5 (Prop_lut5_I4_O)        0.124  6270.358 r  u_core/u_store/mem_reg_i_286__0/O
                         net (fo=6, routed)           0.982  6271.340    u_core/u_store/u_fabric/r2844
    SLICE_X101Y64        LUT5 (Prop_lut5_I4_O)        0.124  6271.464 r  u_core/u_store/mem_reg_i_352/O
                         net (fo=1, routed)           0.526  6271.990    u_core/u_store/mem_reg_i_352_n_0
    SLICE_X100Y64        LUT5 (Prop_lut5_I4_O)        0.124  6272.114 r  u_core/u_store/mem_reg_i_300/O
                         net (fo=2, routed)           0.794  6272.908    u_core/u_store/u_fabric/r2868
    SLICE_X90Y65         LUT6 (Prop_lut6_I2_O)        0.124  6273.032 r  u_core/u_store/mem_reg_i_231/O
                         net (fo=1, routed)           0.286  6273.319    u_core/u_store/mem_reg_i_231_n_0
    SLICE_X90Y65         LUT5 (Prop_lut5_I2_O)        0.124  6273.443 r  u_core/u_store/mem_reg_i_143__0/O
                         net (fo=14, routed)          0.696  6274.139    u_core/u_store/u_fabric/r3209
    SLICE_X92Y70         LUT6 (Prop_lut6_I5_O)        0.124  6274.263 r  u_core/u_store/q_i_58__18/O
                         net (fo=1, routed)           0.491  6274.754    u_core/u_store/q_i_58__18_n_0
    SLICE_X92Y71         LUT5 (Prop_lut5_I4_O)        0.124  6274.878 r  u_core/u_store/q_i_28__8/O
                         net (fo=1, routed)           0.162  6275.040    u_core/u_store/q_i_28__8_n_0
    SLICE_X92Y71         LUT5 (Prop_lut5_I0_O)        0.124  6275.164 r  u_core/u_store/q_i_12__14/O
                         net (fo=7, routed)           0.757  6275.921    u_core/u_store/u_fabric/r2777
    SLICE_X99Y78         LUT5 (Prop_lut5_I4_O)        0.124  6276.045 r  u_core/u_store/q_i_57__16/O
                         net (fo=1, routed)           0.407  6276.452    u_core/u_store/q_i_57__16_n_0
    SLICE_X99Y78         LUT5 (Prop_lut5_I4_O)        0.124  6276.576 r  u_core/u_store/q_i_32__14/O
                         net (fo=12, routed)          0.822  6277.398    u_core/u_store/u_fabric/r3153
    SLICE_X102Y82        LUT3 (Prop_lut3_I2_O)        0.117  6277.515 r  u_core/u_store/mem_reg_i_448/O
                         net (fo=1, routed)           0.411  6277.926    u_core/u_store/mem_reg_i_448_n_0
    SLICE_X103Y83        LUT6 (Prop_lut6_I4_O)        0.331  6278.257 r  u_core/u_store/mem_reg_i_418/O
                         net (fo=2, routed)           0.542  6278.799    u_core/u_store/mem_reg_i_418_n_0
    SLICE_X103Y84        LUT3 (Prop_lut3_I0_O)        0.118  6278.917 r  u_core/u_store/mem_reg_i_358__0/O
                         net (fo=2, routed)           0.616  6279.533    u_core/u_store/u_fabric/r3149
    SLICE_X98Y83         LUT6 (Prop_lut6_I0_O)        0.326  6279.859 r  u_core/u_store/mem_reg_i_272__0/O
                         net (fo=2, routed)           0.640  6280.499    u_core/u_store/mem_reg_i_272__0_n_0
    SLICE_X90Y83         LUT6 (Prop_lut6_I5_O)        0.124  6280.623 r  u_core/u_store/q_i_28__29/O
                         net (fo=16, routed)          1.176  6281.799    u_core/u_store/u_fabric/r3310
    SLICE_X55Y83         LUT6 (Prop_lut6_I5_O)        0.124  6281.923 r  u_core/u_store/mem_reg_i_441/O
                         net (fo=1, routed)           0.000  6281.923    u_core/u_store/mem_reg_i_441_n_0
    SLICE_X55Y83         MUXF7 (Prop_muxf7_I1_O)      0.217  6282.140 r  u_core/u_store/mem_reg_i_387/O
                         net (fo=1, routed)           0.436  6282.577    u_core/u_store/mem_reg_i_387_n_0
    SLICE_X55Y83         LUT6 (Prop_lut6_I5_O)        0.299  6282.875 r  u_core/u_store/mem_reg_i_308/O
                         net (fo=2, routed)           0.622  6283.498    u_core/u_store/u_fabric/r2887
    SLICE_X55Y75         LUT6 (Prop_lut6_I5_O)        0.124  6283.622 r  u_core/u_store/mem_reg_i_211__0/O
                         net (fo=2, routed)           0.508  6284.130    u_core/u_store/mem_reg_i_211__0_n_0
    SLICE_X55Y74         LUT6 (Prop_lut6_I3_O)        0.124  6284.254 f  u_core/u_store/q_i_88__2/O
                         net (fo=1, routed)           0.151  6284.406    u_core/u_store/q_i_88__2_n_0
    SLICE_X55Y74         LUT6 (Prop_lut6_I1_O)        0.124  6284.530 r  u_core/u_store/q_i_83__5/O
                         net (fo=1, routed)           0.929  6285.458    u_core/u_store/q_i_83__5_n_0
    SLICE_X80Y76         LUT5 (Prop_lut5_I0_O)        0.124  6285.583 r  u_core/u_store/q_i_73__8/O
                         net (fo=1, routed)           0.441  6286.024    u_core/u_store/q_i_73__8_n_0
    SLICE_X84Y76         LUT6 (Prop_lut6_I3_O)        0.124  6286.148 r  u_core/u_store/q_i_42__24/O
                         net (fo=2, routed)           1.284  6287.433    u_core/u_store/q_i_42__24_n_0
    SLICE_X110Y77        LUT6 (Prop_lut6_I4_O)        0.124  6287.557 r  u_core/u_store/q_i_96/O
                         net (fo=1, routed)           0.000  6287.557    u_core/u_store/q_i_96_n_0
    SLICE_X110Y77        MUXF7 (Prop_muxf7_I1_O)      0.217  6287.773 r  u_core/u_store/q_reg_i_92/O
                         net (fo=1, routed)           0.756  6288.530    u_core/u_store/u_fabric/r2698
    SLICE_X105Y71        LUT6 (Prop_lut6_I4_O)        0.299  6288.829 r  u_core/u_store/q_i_70__18/O
                         net (fo=1, routed)           0.149  6288.978    u_core/u_store/q_i_70__18_n_0
    SLICE_X105Y71        LUT5 (Prop_lut5_I2_O)        0.124  6289.102 r  u_core/u_store/q_i_46__22/O
                         net (fo=14, routed)          0.707  6289.809    u_core/u_store/u_fabric/r3174
    SLICE_X100Y68        LUT5 (Prop_lut5_I0_O)        0.124  6289.933 r  u_core/u_store/a_q[24]_i_22/O
                         net (fo=2, routed)           0.619  6290.551    u_core/u_store/a_q[24]_i_22_n_0
    SLICE_X100Y68        LUT3 (Prop_lut3_I0_O)        0.124  6290.675 r  u_core/u_store/a_q[24]_i_16__0/O
                         net (fo=11, routed)          0.436  6291.111    u_core/u_store/u_fabric/r3176
    SLICE_X99Y67         LUT6 (Prop_lut6_I5_O)        0.124  6291.235 r  u_core/u_store/mem_reg_i_337/O
                         net (fo=1, routed)           0.563  6291.798    u_core/u_store/mem_reg_i_337_n_0
    SLICE_X98Y67         LUT5 (Prop_lut5_I0_O)        0.124  6291.922 r  u_core/u_store/mem_reg_i_287/O
                         net (fo=2, routed)           0.497  6292.418    u_core/u_store/u_fabric/r2866
    SLICE_X98Y67         LUT6 (Prop_lut6_I1_O)        0.124  6292.542 r  u_core/u_store/mem_reg_i_201/O
                         net (fo=2, routed)           0.413  6292.956    u_core/u_store/mem_reg_i_201_n_0
    SLICE_X97Y66         LUT5 (Prop_lut5_I2_O)        0.124  6293.080 r  u_core/u_store/mem_reg_i_118/O
                         net (fo=19, routed)          1.462  6294.542    u_core/u_store/u_fabric/r3201
    SLICE_X59Y71         LUT6 (Prop_lut6_I5_O)        0.124  6294.666 r  u_core/u_store/din_qa[13]_i_7/O
                         net (fo=1, routed)           0.361  6295.026    u_core/u_store/din_qa[13]_i_7_n_0
    SLICE_X58Y71         LUT5 (Prop_lut5_I2_O)        0.124  6295.150 r  u_core/u_store/din_qa[13]_i_3/O
                         net (fo=18, routed)          0.791  6295.941    u_core/u_store/u_fabric/r2806
    SLICE_X55Y64         LUT6 (Prop_lut6_I5_O)        0.124  6296.065 r  u_core/u_store/mem_reg_i_315/O
                         net (fo=1, routed)           0.151  6296.216    u_core/u_store/mem_reg_i_315_n_0
    SLICE_X55Y64         LUT6 (Prop_lut6_I5_O)        0.124  6296.340 r  u_core/u_store/mem_reg_i_248/O
                         net (fo=1, routed)           0.154  6296.494    u_core/u_store/mem_reg_i_248_n_0
    SLICE_X55Y64         LUT5 (Prop_lut5_I0_O)        0.124  6296.618 r  u_core/u_store/mem_reg_i_162__0/O
                         net (fo=11, routed)          1.558  6298.176    u_core/u_store/u_fabric/r3284
    SLICE_X45Y80         LUT4 (Prop_lut4_I0_O)        0.124  6298.300 r  u_core/u_store/q_i_62__16/O
                         net (fo=1, routed)           0.403  6298.704    u_core/u_store/q_i_62__16_n_0
    SLICE_X45Y80         LUT6 (Prop_lut6_I5_O)        0.124  6298.828 r  u_core/u_store/q_i_60__12/O
                         net (fo=16, routed)          1.014  6299.842    u_core/u_store/u_fabric/r2247
    SLICE_X63Y86         LUT6 (Prop_lut6_I2_O)        0.124  6299.966 r  u_core/u_store/q_i_56__4/O
                         net (fo=1, routed)           0.000  6299.966    u_core/u_store/u_fabric/u_clb_x4y5/t_99
    SLICE_X63Y86         MUXF7 (Prop_muxf7_I1_O)      0.217  6300.183 r  u_core/u_store/q_reg_i_32__4/O
                         net (fo=2, routed)           1.183  6301.366    u_core/u_store/u_fabric/u_clb_x4y5/t_113
    SLICE_X48Y85         LUT6 (Prop_lut6_I3_O)        0.299  6301.665 r  u_core/u_store/q_i_24__17/O
                         net (fo=7, routed)           0.927  6302.592    u_core/u_store/u_fabric/r2960
    SLICE_X62Y88         LUT5 (Prop_lut5_I0_O)        0.124  6302.716 r  u_core/u_store/q_i_53__28/O
                         net (fo=1, routed)           0.282  6302.998    u_core/u_store/q_i_53__28_n_0
    SLICE_X62Y88         LUT5 (Prop_lut5_I4_O)        0.124  6303.122 r  u_core/u_store/q_i_28__16/O
                         net (fo=16, routed)          0.507  6303.629    u_core/u_store/u_fabric/r3331
    SLICE_X66Y88         LUT6 (Prop_lut6_I4_O)        0.124  6303.753 r  u_core/u_store/we_qa_i_10/O
                         net (fo=1, routed)           0.427  6304.181    u_core/u_store/we_qa_i_10_n_0
    SLICE_X66Y87         LUT5 (Prop_lut5_I2_O)        0.124  6304.305 r  u_core/u_store/we_qa_i_9/O
                         net (fo=1, routed)           0.808  6305.113    u_core/u_store/we_qa_i_9_n_0
    SLICE_X58Y78         LUT5 (Prop_lut5_I4_O)        0.124  6305.237 r  u_core/u_store/we_qa_i_6/O
                         net (fo=1, routed)           0.307  6305.544    u_core/u_store/we_qa_i_6_n_0
    SLICE_X58Y77         LUT5 (Prop_lut5_I2_O)        0.124  6305.668 r  u_core/u_store/we_qa_i_3__0/O
                         net (fo=19, routed)          1.139  6306.807    u_core/u_store/u_fabric/r3272
    SLICE_X47Y82         LUT6 (Prop_lut6_I2_O)        0.124  6306.931 r  u_core/u_store/q_i_33__29/O
                         net (fo=8, routed)           1.164  6308.096    u_core/u_store/u_fabric/r1546
    SLICE_X64Y86         MUXF7 (Prop_muxf7_S_O)       0.276  6308.372 r  u_core/u_store/q_reg_i_41__0/O
                         net (fo=1, routed)           0.000  6308.372    u_core/u_store/u_fabric/u_clb_x4y4/t_117
    SLICE_X64Y86         MUXF8 (Prop_muxf8_I1_O)      0.094  6308.466 r  u_core/u_store/q_reg_i_23__7/O
                         net (fo=1, routed)           0.597  6309.063    u_core/u_store/u_fabric/u_clb_x4y4/t_122
    SLICE_X57Y86         LUT5 (Prop_lut5_I4_O)        0.316  6309.379 r  u_core/u_store/q_i_11__4/O
                         net (fo=3, routed)           0.649  6310.028    u_core/u_store/u_fabric/u_clb_x4y4/t_125
    SLICE_X56Y86         LUT4 (Prop_lut4_I3_O)        0.124  6310.152 r  u_core/u_store/q_i_7__8/O
                         net (fo=1, routed)           0.420  6310.571    u_core/u_store/u_fabric/u_clb_x4y4/cy_sum
    SLICE_X56Y86         LUT3 (Prop_lut3_I1_O)        0.124  6310.695 r  u_core/u_store/q_reg_i_3__0/O
                         net (fo=3, routed)           0.457  6311.152    u_core/u_store/u_fabric/u_clb_x4y4/comb
    SLICE_X63Y87         LUT6 (Prop_lut6_I3_O)        0.124  6311.276 r  u_core/u_store/q_i_59__22/O
                         net (fo=2, routed)           0.586  6311.862    u_core/u_store/q_i_59__22_n_0
    SLICE_X81Y87         LUT5 (Prop_lut5_I4_O)        0.124  6311.986 r  u_core/u_store/q_i_28__15/O
                         net (fo=11, routed)          1.281  6313.268    u_core/u_store/u_fabric/r3338
    SLICE_X95Y96         LUT6 (Prop_lut6_I5_O)        0.124  6313.392 r  u_core/u_store/a_q[24]_i_20/O
                         net (fo=1, routed)           0.452  6313.844    u_core/u_store/a_q[24]_i_20_n_0
    SLICE_X92Y96         LUT5 (Prop_lut5_I0_O)        0.124  6313.968 r  u_core/u_store/a_q[24]_i_14/O
                         net (fo=2, routed)           0.313  6314.281    u_core/u_store/u_fabric/r2896
    SLICE_X91Y96         LUT6 (Prop_lut6_I0_O)        0.124  6314.405 r  u_core/u_store/a_q[24]_i_11/O
                         net (fo=1, routed)           0.652  6315.057    u_core/u_store/a_q[24]_i_11_n_0
    SLICE_X98Y97         LUT5 (Prop_lut5_I2_O)        0.124  6315.181 r  u_core/u_store/a_q[24]_i_6/O
                         net (fo=23, routed)          1.927  6317.107    u_core/u_store/u_fabric/r3363
    SLICE_X50Y105        LUT6 (Prop_lut6_I5_O)        0.124  6317.231 r  u_core/u_store/d_q[15]_i_2__0/O
                         net (fo=1, routed)           0.811  6318.042    u_core/u_store/u_fabric/r877
    SLICE_X44Y98         LUT3 (Prop_lut3_I2_O)        0.124  6318.167 r  u_core/u_store/d_q[15]_i_1/O
                         net (fo=3, routed)           1.078  6319.245    u_core/u_store/drive_reg[115][15]
    SLICE_X54Y94         LUT5 (Prop_lut5_I2_O)        0.124  6319.369 r  u_core/u_store/i__carry__2_i_5__1/O
                         net (fo=1, routed)           0.000  6319.369    u_core/u_fabric/u_dsp0/u_core/m_c_3[3]
    SLICE_X54Y94         CARRY4 (Prop_carry4_S[3]_CO[3])
                                                      0.376  6319.745 r  u_core/u_fabric/u_dsp0/u_core/__5/i__carry__2/CO[3]
                         net (fo=1, routed)           0.000  6319.745    u_core/u_fabric/u_dsp0/u_core/__5/i__carry__2_n_0
    SLICE_X54Y95         CARRY4 (Prop_carry4_CI_O[2])
                                                      0.239  6319.983 r  u_core/u_fabric/u_dsp0/u_core/__5/i__carry__3/O[2]
                         net (fo=1, routed)           0.532  6320.516    u_core/u_store/m_c_5[2]
    SLICE_X50Y95         LUT3 (Prop_lut3_I0_O)        0.301  6320.816 r  u_core/u_store/m_c_i_25/O
                         net (fo=1, routed)           0.893  6321.709    u_core/u_fabric/u_dsp0/u_core/A[18]
    DSP48_X2Y36          DSP48E1 (Prop_dsp48e1_A[18]_P[8])
                                                      3.841  6325.550 r  u_core/u_fabric/u_dsp0/u_core/m_c/P[8]
                         net (fo=3, routed)           1.410  6326.960    u_core/u_fabric/u_dsp0/u_core/m_c__0[8]
    SLICE_X55Y92         LUT3 (Prop_lut3_I2_O)        0.118  6327.078 r  u_core/u_fabric/u_dsp0/u_core/i__carry__1_i_4/O
                         net (fo=1, routed)           0.000  6327.078    u_core/u_fabric/u_dsp0/u_core/m_x[8]
    SLICE_X55Y92         CARRY4 (Prop_carry4_DI[0]_O[1])
                                                      0.364  6327.442 r  u_core/u_fabric/u_dsp0/u_core/__10/i__carry__1/O[1]
                         net (fo=3, routed)           0.578  6328.020    u_core/u_fabric/u_dsp0/u_core/__10/i__carry__1_n_6
    SLICE_X58Y92         LUT3 (Prop_lut3_I2_O)        0.303  6328.323 r  u_core/u_fabric/u_dsp0/u_core/a_q[20]_i_10/O
                         net (fo=3, routed)           0.826  6329.149    u_core/u_store/c_q[42]_i_5__0_0[7]
    SLICE_X61Y103        LUT5 (Prop_lut5_I4_O)        0.124  6329.273 r  u_core/u_store/a_q[20]_i_6/O
                         net (fo=1, routed)           0.263  6329.537    u_core/u_store/a_q[20]_i_6_n_0
    SLICE_X61Y103        LUT5 (Prop_lut5_I4_O)        0.124  6329.661 r  u_core/u_store/a_q[20]_i_2__0/O
                         net (fo=17, routed)          0.736  6330.397    u_core/u_store/u_fabric/r3423
    SLICE_X61Y99         LUT4 (Prop_lut4_I3_O)        0.124  6330.521 r  u_core/u_store/d_q[18]_i_3/O
                         net (fo=1, routed)           0.263  6330.784    u_core/u_store/d_q[18]_i_3_n_0
    SLICE_X61Y99         LUT6 (Prop_lut6_I5_O)        0.124  6330.908 r  u_core/u_store/d_q[18]_i_2__0/O
                         net (fo=1, routed)           1.033  6331.941    u_core/u_store/u_fabric/r862
    SLICE_X53Y95         LUT3 (Prop_lut3_I2_O)        0.153  6332.094 r  u_core/u_store/d_q[18]_i_1/O
                         net (fo=3, routed)           0.667  6332.760    u_core/u_store/drive_reg[115][18]
    SLICE_X54Y95         LUT5 (Prop_lut5_I2_O)        0.327  6333.087 r  u_core/u_store/i__carry__3_i_6__1/O
                         net (fo=1, routed)           0.000  6333.087    u_core/u_fabric/u_dsp0/u_core/m_c_4[2]
    SLICE_X54Y95         CARRY4 (Prop_carry4_S[2]_CO[3])
                                                      0.380  6333.467 r  u_core/u_fabric/u_dsp0/u_core/__5/i__carry__3/CO[3]
                         net (fo=1, routed)           0.000  6333.467    u_core/u_fabric/u_dsp0/u_core/__5/i__carry__3_n_0
    SLICE_X54Y96         CARRY4 (Prop_carry4_CI_O[3])
                                                      0.315  6333.782 r  u_core/u_fabric/u_dsp0/u_core/__5/i__carry__4/O[3]
                         net (fo=1, routed)           0.676  6334.458    u_core/u_store/m_c_7[3]
    SLICE_X53Y92         LUT5 (Prop_lut5_I0_O)        0.307  6334.766 r  u_core/u_store/m_c_i_20/O
                         net (fo=1, routed)           0.961  6335.727    u_core/u_fabric/u_dsp0/u_core/A[23]
    DSP48_X2Y36          DSP48E1 (Prop_dsp48e1_A[23]_P[9])
                                                      3.841  6339.567 r  u_core/u_fabric/u_dsp0/u_core/m_c/P[9]
                         net (fo=3, routed)           1.540  6341.107    u_core/u_fabric/u_dsp0/u_core/m_c__0[9]
    SLICE_X55Y92         LUT3 (Prop_lut3_I2_O)        0.150  6341.257 r  u_core/u_fabric/u_dsp0/u_core/i__carry__1_i_3/O
                         net (fo=1, routed)           0.000  6341.257    u_core/u_fabric/u_dsp0/u_core/m_x[9]
    SLICE_X55Y92         CARRY4 (Prop_carry4_DI[1]_CO[3])
                                                      0.470  6341.727 r  u_core/u_fabric/u_dsp0/u_core/__10/i__carry__1/CO[3]
                         net (fo=1, routed)           0.000  6341.727    u_core/u_fabric/u_dsp0/u_core/__10/i__carry__1_n_0
    SLICE_X55Y93         CARRY4 (Prop_carry4_CI_O[3])
                                                      0.329  6342.056 r  u_core/u_fabric/u_dsp0/u_core/__10/i__carry__2/O[3]
                         net (fo=3, routed)           0.588  6342.644    u_core/u_fabric/u_dsp0/u_core/__10/i__carry__2_n_4
    SLICE_X59Y93         LUT3 (Prop_lut3_I2_O)        0.306  6342.950 r  u_core/u_fabric/u_dsp0/u_core/c_q[40]_i_8/O
                         net (fo=3, routed)           1.178  6344.128    u_core/u_store/c_q[42]_i_5__0_0[12]
    SLICE_X50Y111        LUT6 (Prop_lut6_I5_O)        0.124  6344.252 r  u_core/u_store/led_OBUF[0]_inst_i_43/O
                         net (fo=1, routed)           0.502  6344.754    u_core/u_store/led_OBUF[0]_inst_i_43_n_0
    SLICE_X50Y111        LUT5 (Prop_lut5_I2_O)        0.124  6344.878 r  u_core/u_store/led_OBUF[0]_inst_i_42/O
                         net (fo=1, routed)           0.814  6345.692    u_core/u_store/led_OBUF[0]_inst_i_42_n_0
    SLICE_X59Y114        LUT5 (Prop_lut5_I2_O)        0.124  6345.816 r  u_core/u_store/led_OBUF[0]_inst_i_38/O
                         net (fo=1, routed)           0.443  6346.259    u_core/u_store/u_fabric/r2586
    SLICE_X67Y114        LUT6 (Prop_lut6_I5_O)        0.124  6346.383 r  u_core/u_store/led_OBUF[0]_inst_i_34/O
                         net (fo=1, routed)           0.431  6346.814    u_core/u_store/led_OBUF[0]_inst_i_34_n_0
    SLICE_X67Y112        LUT5 (Prop_lut5_I2_O)        0.124  6346.938 r  u_core/u_store/led_OBUF[0]_inst_i_23/O
                         net (fo=3, routed)           0.999  6347.937    u_core/u_store/u_fabric/r2588
    SLICE_X82Y121        LUT4 (Prop_lut4_I0_O)        0.124  6348.061 r  u_core/u_store/led_OBUF[0]_inst_i_13/O
                         net (fo=10, routed)          0.584  6348.645    u_core/u_store/u_fabric/r3518
    SLICE_X86Y127        LUT5 (Prop_lut5_I4_O)        0.124  6348.769 r  u_core/u_store/q_i_71__4/O
                         net (fo=2, routed)           1.559  6350.328    u_core/u_store/u_fabric/r2835
    SLICE_X50Y115        LUT6 (Prop_lut6_I0_O)        0.124  6350.452 r  u_core/u_store/q_i_64__22/O
                         net (fo=1, routed)           0.501  6350.954    u_core/u_store/q_i_64__22_n_0
    SLICE_X50Y116        LUT5 (Prop_lut5_I0_O)        0.124  6351.078 r  u_core/u_store/q_i_46__23/O
                         net (fo=12, routed)          1.079  6352.157    u_core/u_store/u_fabric/r3477
    SLICE_X58Y124        LUT4 (Prop_lut4_I3_O)        0.124  6352.281 r  u_core/u_store/q_i_34__19/O
                         net (fo=1, routed)           0.466  6352.747    u_core/u_store/q_i_34__19_n_0
    SLICE_X58Y124        LUT6 (Prop_lut6_I5_O)        0.124  6352.871 r  u_core/u_store/q_i_16__26/O
                         net (fo=2, routed)           0.480  6353.352    u_core/u_store/u_fabric/r1226
    SLICE_X58Y126        LUT5 (Prop_lut5_I1_O)        0.124  6353.476 r  u_core/u_store/q_i_9__4/O
                         net (fo=5, routed)           0.924  6354.399    u_core/u_store/u_fabric/r1221
    SLICE_X53Y121        LUT5 (Prop_lut5_I2_O)        0.124  6354.523 r  u_core/u_store/q_i_3__13/O
                         net (fo=2, routed)           0.574  6355.098    u_core/u_store/u_fabric/u_clb_x7y3/comb
    SLICE_X53Y120        LUT3 (Prop_lut3_I2_O)        0.124  6355.222 r  u_core/u_store/sr[16]_i_2/O
                         net (fo=3, routed)           0.514  6355.736    u_core/u_store/q_reg[11]
    SLICE_X53Y114        LUT5 (Prop_lut5_I4_O)        0.124  6355.860 r  u_core/u_store/a_q[24]_i_27/O
                         net (fo=1, routed)           0.641  6356.501    u_core/u_store/a_q[24]_i_27_n_0
    SLICE_X53Y115        LUT5 (Prop_lut5_I4_O)        0.124  6356.625 r  u_core/u_store/a_q[24]_i_23/O
                         net (fo=11, routed)          1.119  6357.744    u_core/u_store/u_fabric/r3469
    SLICE_X88Y117        LUT6 (Prop_lut6_I2_O)        0.124  6357.868 r  u_core/u_store/q_i_20__7/O
                         net (fo=8, routed)           0.799  6358.667    u_core/u_store/u_fabric/r930
    SLICE_X88Y123        MUXF7 (Prop_muxf7_S_O)       0.276  6358.942 r  u_core/u_store/q_reg_i_26/O
                         net (fo=1, routed)           0.774  6359.716    u_core/u_store/u_fabric/u_clb_x8y1/t_113
    SLICE_X86Y125        LUT3 (Prop_lut3_I2_O)        0.328  6360.044 r  u_core/u_store/q_i_12__1/O
                         net (fo=2, routed)           0.491  6360.535    u_core/u_store/u_fabric/u_clb_x8y1/t_120
    SLICE_X85Y124        LUT3 (Prop_lut3_I2_O)        0.331  6360.866 r  u_core/u_store/q_i_6__3/O
                         net (fo=6, routed)           0.750  6361.617    u_core/u_store/u_fabric/r919
    SLICE_X81Y122        LUT5 (Prop_lut5_I0_O)        0.124  6361.741 r  u_core/u_store/q_i_20__24/O
                         net (fo=6, routed)           0.697  6362.438    u_core/u_store/u_fabric/r2657
    SLICE_X63Y120        LUT5 (Prop_lut5_I4_O)        0.124  6362.562 r  u_core/u_store/q_i_46__18/O
                         net (fo=1, routed)           0.000  6362.562    u_core/u_store/q_i_46__18_n_0
    SLICE_X63Y120        MUXF7 (Prop_muxf7_I0_O)      0.212  6362.774 r  u_core/u_store/q_reg_i_26__4/O
                         net (fo=2, routed)           0.449  6363.223    u_core/u_store/q_reg_i_26__4_n_0
    SLICE_X63Y120        LUT6 (Prop_lut6_I5_O)        0.299  6363.522 r  u_core/u_store/led_OBUF[2]_inst_i_17/O
                         net (fo=3, routed)           0.465  6363.987    u_core/u_store/u_fabric/r3473
    SLICE_X60Y122        LUT6 (Prop_lut6_I3_O)        0.124  6364.111 r  u_core/u_store/d_q[24]_i_13/O
                         net (fo=1, routed)           0.000  6364.111    u_core/u_store/d_q[24]_i_13_n_0
    SLICE_X60Y122        MUXF7 (Prop_muxf7_I1_O)      0.217  6364.328 r  u_core/u_store/d_q_reg[24]_i_7/O
                         net (fo=10, routed)          1.477  6365.805    u_core/u_store/u_fabric/r2569
    SLICE_X53Y103        LUT4 (Prop_lut4_I2_O)        0.299  6366.104 r  u_core/u_store/b_q[5]_i_3__0/O
                         net (fo=1, routed)           0.154  6366.258    u_core/u_store/b_q[5]_i_3__0_n_0
    SLICE_X53Y103        LUT6 (Prop_lut6_I0_O)        0.124  6366.382 r  u_core/u_store/b_q[5]_i_2__0/O
                         net (fo=1, routed)           1.052  6367.434    u_core/u_store/u_fabric/r726
    SLICE_X46Y94         LUT3 (Prop_lut3_I2_O)        0.116  6367.550 r  u_core/u_store/b_q[5]_i_1/O
                         net (fo=2, routed)           0.475  6368.025    u_core/u_dsp0/b_v[5]
    SLICE_X42Y93         LUT3 (Prop_lut3_I2_O)        0.328  6368.354 r  u_core/m_c_i_13/O
                         net (fo=1, routed)           0.755  6369.109    u_core/u_fabric/u_dsp0/u_core/B[5]
    DSP48_X2Y36          DSP48E1 (Prop_dsp48e1_B[5]_P[12])
                                                      3.656  6372.765 r  u_core/u_fabric/u_dsp0/u_core/m_c/P[12]
                         net (fo=3, routed)           1.529  6374.294    u_core/u_fabric/u_dsp0/u_core/m_c__0[12]
    SLICE_X55Y93         LUT3 (Prop_lut3_I2_O)        0.150  6374.444 r  u_core/u_fabric/u_dsp0/u_core/i__carry__2_i_4/O
                         net (fo=1, routed)           0.000  6374.444    u_core/u_fabric/u_dsp0/u_core/m_x[12]
    SLICE_X55Y93         CARRY4 (Prop_carry4_DI[0]_O[2])
                                                      0.513  6374.957 r  u_core/u_fabric/u_dsp0/u_core/__10/i__carry__2/O[2]
                         net (fo=3, routed)           0.420  6375.377    u_core/u_fabric/u_dsp0/u_core/__10/i__carry__2_n_5
    SLICE_X59Y93         LUT3 (Prop_lut3_I2_O)        0.302  6375.679 r  u_core/u_fabric/u_dsp0/u_core/c_q[47]_i_16/O
                         net (fo=2, routed)           1.066  6376.745    u_core/u_store/c_q[42]_i_5__0_0[11]
    SLICE_X87Y93         LUT5 (Prop_lut5_I4_O)        0.124  6376.869 r  u_core/u_store/c_q[47]_i_8__0/O
                         net (fo=2, routed)           0.163  6377.031    u_core/u_store/c_q[47]_i_8__0_n_0
    SLICE_X87Y93         LUT5 (Prop_lut5_I4_O)        0.124  6377.155 r  u_core/u_store/c_q[47]_i_3/O
                         net (fo=18, routed)          1.122  6378.277    u_core/u_store/u_fabric/r3390
    SLICE_X91Y102        LUT4 (Prop_lut4_I0_O)        0.124  6378.401 r  u_core/u_store/mem_reg_i_343__0/O
                         net (fo=5, routed)           1.888  6380.289    u_core/u_store/u_fabric/r2889
    SLICE_X50Y87         LUT6 (Prop_lut6_I5_O)        0.124  6380.413 r  u_core/u_store/q_i_37__25/O
                         net (fo=1, routed)           0.000  6380.413    u_core/u_store/q_i_37__25_n_0
    SLICE_X50Y87         MUXF7 (Prop_muxf7_I1_O)      0.247  6380.660 r  u_core/u_store/q_reg_i_22__3/O
                         net (fo=1, routed)           0.000  6380.660    u_core/u_store/q_reg_i_22__3_n_0
    SLICE_X50Y87         MUXF8 (Prop_muxf8_I0_O)      0.098  6380.758 r  u_core/u_store/q_reg_i_11__0/O
                         net (fo=3, routed)           1.014  6381.772    u_core/u_store/u_fabric/r2871
    SLICE_X57Y77         LUT5 (Prop_lut5_I0_O)        0.319  6382.091 r  u_core/u_store/mem_reg_i_253/O
                         net (fo=2, routed)           0.149  6382.240    u_core/u_store/mem_reg_i_253_n_0
    SLICE_X57Y77         LUT5 (Prop_lut5_I4_O)        0.124  6382.364 r  u_core/u_store/mem_reg_i_147/O
                         net (fo=14, routed)          0.916  6383.280    u_core/u_store/u_fabric/r3263
    SLICE_X60Y81         LUT3 (Prop_lut3_I2_O)        0.124  6383.404 r  u_core/u_store/c_q[43]_i_7__0/O
                         net (fo=1, routed)           0.488  6383.892    u_core/u_store/c_q[43]_i_7__0_n_0
    SLICE_X60Y81         LUT5 (Prop_lut5_I0_O)        0.124  6384.016 r  u_core/u_store/c_q[43]_i_3__0/O
                         net (fo=9, routed)           1.207  6385.223    u_core/u_store/u_fabric/r2568
    SLICE_X52Y98         LUT6 (Prop_lut6_I5_O)        0.124  6385.347 r  u_core/u_store/c_q[43]_i_1/O
                         net (fo=2, routed)           0.169  6385.516    u_core/u_store/drive_reg[90][43]
    SLICE_X52Y98         LUT6 (Prop_lut6_I0_O)        0.124  6385.640 r  u_core/u_store/i__carry__10_i_3/O
                         net (fo=3, routed)           0.695  6386.334    u_core/u_store/g_frame[40].cfg_reg[5153]_1[0]
    SLICE_X55Y100        LUT2 (Prop_lut2_I1_O)        0.124  6386.458 r  u_core/u_store/i__carry__9_i_5/O
                         net (fo=1, routed)           0.000  6386.458    u_core/u_fabric/u_dsp0/u_core/S[1]
    SLICE_X55Y100        CARRY4 (Prop_carry4_S[3]_CO[3])
                                                      0.401  6386.859 r  u_core/u_fabric/u_dsp0/u_core/__10/i__carry__9/CO[3]
                         net (fo=1, routed)           0.000  6386.859    u_core/u_fabric/u_dsp0/u_core/__10/i__carry__9_n_0
    SLICE_X55Y101        CARRY4 (Prop_carry4_CI_O[3])
                                                      0.329  6387.188 r  u_core/u_fabric/u_dsp0/u_core/__10/i__carry__10/O[3]
                         net (fo=4, routed)           0.692  6387.880    u_core/u_fabric/u_dsp0/u_core/g_frame[40].cfg_reg[5153][6]
    SLICE_X52Y101        LUT3 (Prop_lut3_I2_O)        0.306  6388.187 r  u_core/u_fabric/u_dsp0/u_core/d_q[24]_i_8/O
                         net (fo=2, routed)           0.751  6388.938    u_core/u_store/c_q[42]_i_5__0_0[44]
    SLICE_X53Y109        LUT5 (Prop_lut5_I4_O)        0.124  6389.062 r  u_core/u_store/d_q[24]_i_3/O
                         net (fo=17, routed)          0.986  6390.048    u_core/u_store/u_fabric/r3420
    SLICE_X56Y102        LUT6 (Prop_lut6_I5_O)        0.124  6390.172 r  u_core/u_store/d_q[24]_i_1/O
                         net (fo=2, routed)           0.527  6390.699    u_core/u_store/drive_reg[115][24]
    SLICE_X54Y97         LUT5 (Prop_lut5_I0_O)        0.124  6390.823 r  u_core/u_store/i__carry__5_i_1__0/O
                         net (fo=1, routed)           0.000  6390.823    u_core/u_fabric/u_dsp0/u_core/m_c_6[0]
    SLICE_X54Y97         CARRY4 (Prop_carry4_S[0]_O[0])
                                                      0.252  6391.075 r  u_core/u_fabric/u_dsp0/u_core/__5/i__carry__5/O[0]
                         net (fo=1, routed)           0.676  6391.751    u_core/u_store/m_c_8[0]
    SLICE_X50Y95         LUT5 (Prop_lut5_I0_O)        0.295  6392.046 r  u_core/u_store/m_c_i_19/O
                         net (fo=6, routed)           1.069  6393.116    u_core/u_fabric/u_dsp0/u_core/A[24]
    DSP48_X2Y36          DSP48E1 (Prop_dsp48e1_A[27]_P[13])
                                                      3.841  6396.957 r  u_core/u_fabric/u_dsp0/u_core/m_c/P[13]
                         net (fo=3, routed)           1.389  6398.345    u_core/u_fabric/u_dsp0/u_core/m_c__0[13]
    SLICE_X55Y93         LUT3 (Prop_lut3_I2_O)        0.150  6398.495 r  u_core/u_fabric/u_dsp0/u_core/i__carry__2_i_3/O
                         net (fo=1, routed)           0.000  6398.495    u_core/u_fabric/u_dsp0/u_core/m_x[13]
    SLICE_X55Y93         CARRY4 (Prop_carry4_DI[1]_CO[3])
                                                      0.470  6398.965 r  u_core/u_fabric/u_dsp0/u_core/__10/i__carry__2/CO[3]
                         net (fo=1, routed)           0.000  6398.965    u_core/u_fabric/u_dsp0/u_core/__10/i__carry__2_n_0
    SLICE_X55Y94         CARRY4 (Prop_carry4_CI_O[2])
                                                      0.256  6399.221 r  u_core/u_fabric/u_dsp0/u_core/__10/i__carry__3/O[2]
                         net (fo=3, routed)           0.587  6399.809    u_core/u_fabric/u_dsp0/u_core/__10/i__carry__3_n_5
    SLICE_X56Y94         LUT3 (Prop_lut3_I2_O)        0.302  6400.110 r  u_core/u_fabric/u_dsp0/u_core/i__carry_i_15/O
                         net (fo=3, routed)           0.928  6401.039    u_core/u_store/c_q[42]_i_5__0_0[15]
    SLICE_X51Y106        LUT5 (Prop_lut5_I4_O)        0.124  6401.163 r  u_core/u_store/mem_reg_i_282__0/O
                         net (fo=1, routed)           0.351  6401.513    u_core/u_store/mem_reg_i_282__0_n_0
    SLICE_X50Y106        LUT5 (Prop_lut5_I4_O)        0.124  6401.637 r  u_core/u_store/mem_reg_i_174__0/O
                         net (fo=10, routed)          0.757  6402.394    u_core/u_store/u_fabric/r2563
    SLICE_X67Y106        LUT6 (Prop_lut6_I5_O)        0.124  6402.518 r  u_core/u_store/c_q[27]_i_2__0/O
                         net (fo=1, routed)           0.819  6403.337    u_core/u_store/u_fabric/r731
    SLICE_X58Y98         LUT3 (Prop_lut3_I2_O)        0.124  6403.461 r  u_core/u_store/c_q[27]_i_1/O
                         net (fo=2, routed)           0.446  6403.907    u_core/u_store/drive_reg[90][27]
    SLICE_X57Y96         LUT6 (Prop_lut6_I0_O)        0.124  6404.031 r  u_core/u_store/i__carry__5_i_9/O
                         net (fo=1, routed)           0.413  6404.444    u_core/u_fabric/u_dsp0/u_core/p_q_reg[27]_2
    SLICE_X55Y96         LUT4 (Prop_lut4_I3_O)        0.124  6404.568 r  u_core/u_fabric/u_dsp0/u_core/i__carry__5_i_5/O
                         net (fo=1, routed)           0.000  6404.568    u_core/u_fabric/u_dsp0/u_core/i__carry__5_i_5_n_0
    SLICE_X55Y96         CARRY4 (Prop_carry4_S[3]_CO[3])
                                                      0.401  6404.969 r  u_core/u_fabric/u_dsp0/u_core/__10/i__carry__5/CO[3]
                         net (fo=1, routed)           0.000  6404.969    u_core/u_fabric/u_dsp0/u_core/__10/i__carry__5_n_0
    SLICE_X55Y97         CARRY4 (Prop_carry4_CI_O[3])
                                                      0.329  6405.298 r  u_core/u_fabric/u_dsp0/u_core/__10/i__carry__6/O[3]
                         net (fo=4, routed)           0.686  6405.983    u_core/u_fabric/u_dsp0/u_core/g_frame[40].cfg_reg[5153][5]
    SLICE_X52Y97         LUT3 (Prop_lut3_I2_O)        0.306  6406.290 r  u_core/u_fabric/u_dsp0/u_core/i__carry__2_i_14/O
                         net (fo=2, routed)           0.995  6407.284    u_core/u_store/c_q[42]_i_5__0_0[28]
    SLICE_X58Y110        LUT5 (Prop_lut5_I1_O)        0.124  6407.408 r  u_core/u_store/p_q[47]_i_14/O
                         net (fo=2, routed)           0.586  6407.994    u_core/u_store/p_q[47]_i_14_n_0
    SLICE_X59Y110        LUT5 (Prop_lut5_I4_O)        0.124  6408.118 r  u_core/u_store/p_q[47]_i_8__0/O
                         net (fo=6, routed)           0.955  6409.073    u_core/u_store/u_fabric/r3411
    SLICE_X54Y120        LUT6 (Prop_lut6_I5_O)        0.124  6409.197 r  u_core/u_store/q_i_59__21/O
                         net (fo=1, routed)           0.000  6409.197    u_core/u_store/q_i_59__21_n_0
    SLICE_X54Y120        MUXF7 (Prop_muxf7_I1_O)      0.214  6409.411 r  u_core/u_store/q_reg_i_46__3/O
                         net (fo=4, routed)           0.913  6410.325    u_core/u_store/u_fabric/r2584
    SLICE_X65Y117        LUT2 (Prop_lut2_I1_O)        0.297  6410.622 r  u_core/u_store/q_i_37__27/O
                         net (fo=10, routed)          0.795  6411.417    u_core/u_store/u_fabric/r3482
    SLICE_X62Y123        LUT6 (Prop_lut6_I2_O)        0.124  6411.541 r  u_core/u_store/q_i_17__14/O
                         net (fo=5, routed)           0.602  6412.143    u_core/u_store/u_fabric/r1062
    SLICE_X59Y123        LUT6 (Prop_lut6_I2_O)        0.124  6412.267 r  u_core/u_store/q_i_23__16/O
                         net (fo=7, routed)           0.708  6412.976    u_core/u_store/u_fabric/r2744
    SLICE_X59Y117        LUT5 (Prop_lut5_I4_O)        0.124  6413.100 r  u_core/u_store/q_i_65__15/O
                         net (fo=1, routed)           0.263  6413.363    u_core/u_store/q_i_65__15_n_0
    SLICE_X59Y117        LUT5 (Prop_lut5_I4_O)        0.124  6413.487 r  u_core/u_store/q_i_39__15/O
                         net (fo=8, routed)           0.765  6414.251    u_core/u_store/u_fabric/r3483
    SLICE_X63Y119        LUT4 (Prop_lut4_I2_O)        0.124  6414.375 r  u_core/u_store/c_q[19]_i_9/O
                         net (fo=2, routed)           0.697  6415.073    u_core/u_store/c_q[19]_i_9_n_0
    SLICE_X63Y110        LUT6 (Prop_lut6_I5_O)        0.124  6415.197 r  u_core/u_store/a_q[23]_i_16__0/O
                         net (fo=11, routed)          1.386  6416.583    u_core/u_store/u_fabric/r3304
    SLICE_X56Y83         LUT6 (Prop_lut6_I5_O)        0.124  6416.707 r  u_core/u_store/reg_qa[17]_i_17/O
                         net (fo=2, routed)           0.611  6417.318    u_core/u_store/reg_qa[17]_i_17_n_0
    SLICE_X54Y81         LUT5 (Prop_lut5_I2_O)        0.124  6417.442 r  u_core/u_store/reg_qa[17]_i_8/O
                         net (fo=15, routed)          0.933  6418.375    u_core/u_store/u_fabric/r2789
    SLICE_X56Y71         LUT6 (Prop_lut6_I5_O)        0.124  6418.499 r  u_core/u_store/mem_reg_i_281/O
                         net (fo=1, routed)           0.000  6418.499    u_core/u_store/mem_reg_i_281_n_0
    SLICE_X56Y71         MUXF7 (Prop_muxf7_I1_O)      0.217  6418.716 r  u_core/u_store/mem_reg_i_193/O
                         net (fo=1, routed)           0.603  6419.319    u_core/u_store/mem_reg_i_193_n_0
    SLICE_X54Y71         LUT5 (Prop_lut5_I4_O)        0.299  6419.618 r  u_core/u_store/mem_reg_i_111/O
                         net (fo=15, routed)          1.351  6420.969    u_core/u_store/u_fabric/r3288
    SLICE_X67Y90         LUT6 (Prop_lut6_I4_O)        0.124  6421.093 r  u_core/u_store/a_q[23]_i_58/O
                         net (fo=2, routed)           0.500  6421.593    u_core/u_store/a_q[23]_i_58_n_0
    SLICE_X66Y90         LUT5 (Prop_lut5_I4_O)        0.124  6421.717 r  u_core/u_store/a_q[23]_i_33/O
                         net (fo=1, routed)           0.162  6421.879    u_core/u_store/a_q[23]_i_33_n_0
    SLICE_X66Y90         LUT5 (Prop_lut5_I2_O)        0.124  6422.003 r  u_core/u_store/a_q[23]_i_14__0/O
                         net (fo=14, routed)          0.914  6422.917    u_core/u_store/u_fabric/r3325
    SLICE_X80Y92         LUT6 (Prop_lut6_I4_O)        0.124  6423.041 r  u_core/u_store/q_i_53__27/O
                         net (fo=2, routed)           0.352  6423.393    u_core/u_store/q_i_53__27_n_0
    SLICE_X81Y92         LUT5 (Prop_lut5_I2_O)        0.124  6423.517 r  u_core/u_store/c_q[46]_i_10/O
                         net (fo=1, routed)           0.438  6423.955    u_core/u_store/c_q[46]_i_10_n_0
    SLICE_X81Y96         LUT6 (Prop_lut6_I0_O)        0.124  6424.079 r  u_core/u_store/c_q[46]_i_8__0/O
                         net (fo=2, routed)           0.600  6424.679    u_core/u_store/u_fabric/r2650
    SLICE_X80Y101        LUT6 (Prop_lut6_I4_O)        0.124  6424.803 r  u_core/u_store/c_q[46]_i_5__0/O
                         net (fo=2, routed)           0.669  6425.472    u_core/u_store/c_q[46]_i_5__0_n_0
    SLICE_X80Y101        LUT5 (Prop_lut5_I2_O)        0.124  6425.596 r  u_core/u_store/c_q[46]_i_3/O
                         net (fo=19, routed)          1.110  6426.706    u_core/u_store/u_fabric/r3384
    SLICE_X58Y108        LUT6 (Prop_lut6_I2_O)        0.124  6426.830 r  u_core/u_store/c_q[31]_i_2/O
                         net (fo=1, routed)           1.160  6427.990    u_core/u_store/u_fabric/r873
    SLICE_X53Y97         LUT3 (Prop_lut3_I2_O)        0.124  6428.114 r  u_core/u_store/c_q[31]_i_1/O
                         net (fo=2, routed)           0.161  6428.275    u_core/u_store/drive_reg[90][31]
    SLICE_X53Y97         LUT6 (Prop_lut6_I0_O)        0.124  6428.399 r  u_core/u_store/i__carry__6_i_9/O
                         net (fo=1, routed)           0.658  6429.057    u_core/u_fabric/u_dsp0/u_core/p_q_reg[31]_2
    SLICE_X55Y97         LUT4 (Prop_lut4_I3_O)        0.124  6429.181 r  u_core/u_fabric/u_dsp0/u_core/i__carry__6_i_5/O
                         net (fo=1, routed)           0.000  6429.181    u_core/u_fabric/u_dsp0/u_core/i__carry__6_i_5_n_0
    SLICE_X55Y97         CARRY4 (Prop_carry4_S[3]_CO[3])
                                                      0.401  6429.582 r  u_core/u_fabric/u_dsp0/u_core/__10/i__carry__6/CO[3]
                         net (fo=1, routed)           0.000  6429.582    u_core/u_fabric/u_dsp0/u_core/__10/i__carry__6_n_0
    SLICE_X55Y98         CARRY4 (Prop_carry4_CI_CO[3])
                                                      0.114  6429.696 r  u_core/u_fabric/u_dsp0/u_core/__10/i__carry__7/CO[3]
                         net (fo=1, routed)           0.000  6429.696    u_core/u_fabric/u_dsp0/u_core/__10/i__carry__7_n_0
    SLICE_X55Y99         CARRY4 (Prop_carry4_CI_O[3])
                                                      0.329  6430.025 r  u_core/u_fabric/u_dsp0/u_core/__10/i__carry__8/O[3]
                         net (fo=3, routed)           0.624  6430.648    u_core/u_fabric/u_dsp0/u_core/__10/i__carry__8_n_4
    SLICE_X53Y99         LUT3 (Prop_lut3_I2_O)        0.306  6430.955 r  u_core/u_fabric/u_dsp0/u_core/a_q[20]_i_8/O
                         net (fo=4, routed)           0.841  6431.795    u_core/u_store/c_q[42]_i_5__0_0[36]
    SLICE_X51Y109        LUT5 (Prop_lut5_I4_O)        0.124  6431.919 r  u_core/u_store/a_q[20]_i_3/O
                         net (fo=20, routed)          0.967  6432.887    u_core/u_store/u_fabric/r3418
    SLICE_X64Y107        LUT6 (Prop_lut6_I5_O)        0.124  6433.011 r  u_core/u_store/d_q[16]_i_2/O
                         net (fo=1, routed)           1.313  6434.324    u_core/u_store/u_fabric/r720
    SLICE_X46Y95         LUT3 (Prop_lut3_I2_O)        0.124  6434.448 r  u_core/u_store/d_q[16]_i_1/O
                         net (fo=3, routed)           0.698  6435.146    u_core/u_store/drive_reg[115][16]
    SLICE_X54Y95         LUT5 (Prop_lut5_I2_O)        0.124  6435.270 r  u_core/u_store/i__carry__3_i_8__1/O
                         net (fo=1, routed)           0.000  6435.270    u_core/u_fabric/u_dsp0/u_core/m_c_4[0]
    SLICE_X54Y95         CARRY4 (Prop_carry4_S[0]_O[1])
                                                      0.427  6435.696 r  u_core/u_fabric/u_dsp0/u_core/__5/i__carry__3/O[1]
                         net (fo=1, routed)           0.633  6436.329    u_core/u_store/m_c_5[1]
    SLICE_X51Y95         LUT3 (Prop_lut3_I0_O)        0.306  6436.635 r  u_core/u_store/m_c_i_26/O
                         net (fo=1, routed)           0.920  6437.555    u_core/u_fabric/u_dsp0/u_core/A[17]
    DSP48_X2Y36          DSP48E1 (Prop_dsp48e1_A[17]_P[16])
                                                      3.841  6441.396 r  u_core/u_fabric/u_dsp0/u_core/m_c/P[16]
                         net (fo=3, routed)           1.510  6442.906    u_core/u_fabric/u_dsp0/u_core/m_c__0[16]
    SLICE_X55Y94         LUT3 (Prop_lut3_I2_O)        0.150  6443.056 r  u_core/u_fabric/u_dsp0/u_core/i__carry__3_i_4/O
                         net (fo=1, routed)           0.000  6443.056    u_core/u_fabric/u_dsp0/u_core/m_x[16]
    SLICE_X55Y94         CARRY4 (Prop_carry4_DI[0]_CO[3])
                                                      0.483  6443.539 r  u_core/u_fabric/u_dsp0/u_core/__10/i__carry__3/CO[3]
                         net (fo=1, routed)           0.000  6443.539    u_core/u_fabric/u_dsp0/u_core/__10/i__carry__3_n_0
    SLICE_X55Y95         CARRY4 (Prop_carry4_CI_O[3])
                                                      0.329  6443.868 r  u_core/u_fabric/u_dsp0/u_core/__10/i__carry__4/O[3]
                         net (fo=4, routed)           0.694  6444.562    u_core/u_store/d_q[9]_i_3__0_0[1]
    SLICE_X53Y99         LUT6 (Prop_lut6_I3_O)        0.306  6444.868 r  u_core/u_store/c_q[9]_i_4__0/O
                         net (fo=10, routed)          1.272  6446.140    u_core/u_store/u_fabric/r3414
    SLICE_X58Y113        LUT4 (Prop_lut4_I3_O)        0.124  6446.264 r  u_core/u_store/q_i_66__12/O
                         net (fo=1, routed)           0.282  6446.546    u_core/u_store/q_i_66__12_n_0
    SLICE_X58Y113        LUT6 (Prop_lut6_I5_O)        0.124  6446.670 r  u_core/u_store/q_i_41__15/O
                         net (fo=8, routed)           0.726  6447.396    u_core/u_store/u_fabric/r904
    SLICE_X53Y113        MUXF7 (Prop_muxf7_S_O)       0.276  6447.672 r  u_core/u_store/q_reg_i_34/O
                         net (fo=1, routed)           0.889  6448.561    u_core/u_store/u_fabric/u_clb_x7y1/t_117
    SLICE_X55Y117        LUT3 (Prop_lut3_I2_O)        0.299  6448.860 r  u_core/u_store/q_i_16__0/O
                         net (fo=1, routed)           0.296  6449.156    u_core/u_store/u_fabric/u_clb_x7y1/t_122
    SLICE_X55Y119        LUT6 (Prop_lut6_I1_O)        0.124  6449.280 r  u_core/u_store/q_i_7__1/O
                         net (fo=3, routed)           0.811  6450.091    u_core/u_store/u_fabric/u_clb_x7y1/lut_o6
    SLICE_X52Y123        LUT5 (Prop_lut5_I4_O)        0.124  6450.215 r  u_core/u_store/q_i_3__3/O
                         net (fo=2, routed)           0.587  6450.803    u_core/u_store/u_fabric/u_clb_x7y1/comb
    SLICE_X53Y127        LUT3 (Prop_lut3_I2_O)        0.124  6450.927 r  u_core/u_store/sr[4]_i_2/O
                         net (fo=4, routed)           0.721  6451.647    u_core/u_store/q_reg[3]
    SLICE_X60Y126        LUT5 (Prop_lut5_I4_O)        0.124  6451.771 r  u_core/u_store/c_q[44]_i_46/O
                         net (fo=2, routed)           0.455  6452.227    u_core/u_store/c_q[44]_i_46_n_0
    SLICE_X60Y128        LUT6 (Prop_lut6_I5_O)        0.124  6452.351 r  u_core/u_store/c_q[44]_i_30/O
                         net (fo=14, routed)          0.610  6452.960    u_core/u_store/u_fabric/r3464
    SLICE_X62Y126        LUT6 (Prop_lut6_I5_O)        0.124  6453.084 r  u_core/u_store/c_q[42]_i_19/O
                         net (fo=1, routed)           0.161  6453.245    u_core/u_store/c_q[42]_i_19_n_0
    SLICE_X62Y126        LUT5 (Prop_lut5_I2_O)        0.124  6453.369 r  u_core/u_store/c_q[42]_i_11/O
                         net (fo=3, routed)           0.951  6454.320    u_core/u_store/u_fabric/r2663
    SLICE_X58Y109        LUT5 (Prop_lut5_I4_O)        0.124  6454.444 r  u_core/u_store/c_q[42]_i_5/O
                         net (fo=1, routed)           0.446  6454.890    u_core/u_store/c_q[42]_i_5_n_0
    SLICE_X57Y107        LUT5 (Prop_lut5_I2_O)        0.124  6455.014 r  u_core/u_store/c_q[42]_i_2/O
                         net (fo=20, routed)          0.980  6455.994    u_core/u_store/u_fabric/r3434
    SLICE_X60Y116        LUT4 (Prop_lut4_I0_O)        0.124  6456.118 r  u_core/u_store/capture_reg_i_15__1/O
                         net (fo=5, routed)           1.200  6457.318    u_core/u_store/u_fabric/r2764
    SLICE_X66Y128        LUT3 (Prop_lut3_I2_O)        0.150  6457.468 r  u_core/u_store/capture_reg_i_12__7/O
                         net (fo=2, routed)           0.587  6458.055    u_core/u_store/capture_reg_i_12__7_n_0
    SLICE_X67Y128        LUT5 (Prop_lut5_I4_O)        0.328  6458.383 r  u_core/u_store/capture_reg_i_10__7/O
                         net (fo=2, routed)           0.445  6458.828    u_core/u_store/capture_reg_i_10__7_n_0
    SLICE_X67Y128        LUT5 (Prop_lut5_I2_O)        0.124  6458.952 r  u_core/u_store/capture_reg_i_5__9/O
                         net (fo=3, routed)           1.101  6460.052    u_core/u_store/u_fabric/r3529
    SLICE_X67Y118        LUT6 (Prop_lut6_I0_O)        0.124  6460.176 r  u_core/u_store/led_OBUF[0]_inst_i_10/O
                         net (fo=2, routed)           0.494  6460.670    u_core/u_store/led_OBUF[0]_inst_i_10_n_0
    SLICE_X82Y118        LUT6 (Prop_lut6_I2_O)        0.124  6460.794 r  u_core/u_store/a_q[22]_i_5__0/O
                         net (fo=1, routed)           0.000  6460.794    u_core/u_store/a_q[22]_i_5__0_n_0
    SLICE_X82Y118        MUXF7 (Prop_muxf7_I1_O)      0.214  6461.008 r  u_core/u_store/a_q_reg[22]_i_2/O
                         net (fo=12, routed)          1.524  6462.532    u_core/u_store/u_fabric/r2571
    SLICE_X62Y109        LUT5 (Prop_lut5_I0_O)        0.297  6462.829 r  u_core/u_store/c_q[41]_i_9/O
                         net (fo=1, routed)           0.282  6463.111    u_core/u_store/c_q[41]_i_9_n_0
    SLICE_X62Y109        LUT6 (Prop_lut6_I5_O)        0.124  6463.235 r  u_core/u_store/c_q[41]_i_3/O
                         net (fo=21, routed)          1.029  6464.264    u_core/u_store/u_fabric/r3410
    SLICE_X47Y106        LUT4 (Prop_lut4_I3_O)        0.124  6464.388 r  u_core/u_store/b_q[11]_i_3__0/O
                         net (fo=1, routed)           0.154  6464.542    u_core/u_store/b_q[11]_i_3__0_n_0
    SLICE_X47Y106        LUT6 (Prop_lut6_I5_O)        0.124  6464.667 r  u_core/u_store/b_q[11]_i_2__0/O
                         net (fo=1, routed)           0.924  6465.590    u_core/u_store/u_fabric/r807
    SLICE_X46Y94         LUT3 (Prop_lut3_I2_O)        0.124  6465.714 r  u_core/u_store/b_q[11]_i_1/O
                         net (fo=2, routed)           0.450  6466.165    u_core/u_dsp0/b_v[11]
    SLICE_X44Y92         LUT3 (Prop_lut3_I2_O)        0.124  6466.289 r  u_core/m_c_i_7/O
                         net (fo=1, routed)           0.770  6467.059    u_core/u_fabric/u_dsp0/u_core/B[11]
    DSP48_X2Y36          DSP48E1 (Prop_dsp48e1_B[11]_P[20])
                                                      3.656  6470.714 r  u_core/u_fabric/u_dsp0/u_core/m_c/P[20]
                         net (fo=3, routed)           1.607  6472.322    u_core/u_fabric/u_dsp0/u_core/m_c__0[20]
    SLICE_X55Y95         LUT3 (Prop_lut3_I2_O)        0.150  6472.472 r  u_core/u_fabric/u_dsp0/u_core/i__carry__4_i_4/O
                         net (fo=1, routed)           0.000  6472.472    u_core/u_fabric/u_dsp0/u_core/m_x[20]
    SLICE_X55Y95         CARRY4 (Prop_carry4_DI[0]_O[2])
                                                      0.513  6472.985 r  u_core/u_fabric/u_dsp0/u_core/__10/i__carry__4/O[2]
                         net (fo=3, routed)           0.456  6473.441    u_core/u_fabric/u_dsp0/u_core/__10/i__carry__4_n_5
    SLICE_X56Y95         LUT3 (Prop_lut3_I2_O)        0.302  6473.743 r  u_core/u_fabric/u_dsp0/u_core/i__carry__0_i_15/O
                         net (fo=3, routed)           1.156  6474.899    u_core/u_store/c_q[42]_i_5__0_0[19]
    SLICE_X86Y100        LUT5 (Prop_lut5_I4_O)        0.124  6475.023 r  u_core/u_store/d_q[22]_i_7/O
                         net (fo=1, routed)           0.000  6475.023    u_core/u_store/d_q[22]_i_7_n_0
    SLICE_X86Y100        MUXF7 (Prop_muxf7_I0_O)      0.209  6475.232 r  u_core/u_store/d_q_reg[22]_i_5/O
                         net (fo=1, routed)           0.452  6475.684    u_core/u_store/d_q_reg[22]_i_5_n_0
    SLICE_X86Y100        LUT6 (Prop_lut6_I5_O)        0.297  6475.981 r  u_core/u_store/d_q[22]_i_2__0/O
                         net (fo=23, routed)          0.521  6476.501    u_core/u_store/u_fabric/r3386
    SLICE_X87Y97         LUT5 (Prop_lut5_I4_O)        0.124  6476.625 r  u_core/u_store/d_q[23]_i_13__0/O
                         net (fo=1, routed)           0.000  6476.625    u_core/u_store/d_q[23]_i_13__0_n_0
    SLICE_X87Y97         MUXF7 (Prop_muxf7_I1_O)      0.217  6476.842 r  u_core/u_store/d_q_reg[23]_i_6/O
                         net (fo=2, routed)           0.449  6477.292    u_core/u_store/d_q_reg[23]_i_6_n_0
    SLICE_X87Y97         LUT5 (Prop_lut5_I0_O)        0.299  6477.590 r  u_core/u_store/d_q[23]_i_3__0/O
                         net (fo=14, routed)          0.620  6478.210    u_core/u_store/u_fabric/r3392
    SLICE_X87Y102        LUT4 (Prop_lut4_I0_O)        0.124  6478.334 r  u_core/u_store/q_i_39__23/O
                         net (fo=6, routed)           1.522  6479.856    u_core/u_store/u_fabric/r2875
    SLICE_X64Y84         LUT5 (Prop_lut5_I4_O)        0.124  6479.980 r  u_core/u_store/mem_reg_i_392/O
                         net (fo=1, routed)           0.416  6480.396    u_core/u_store/mem_reg_i_392_n_0
    SLICE_X64Y83         LUT5 (Prop_lut5_I4_O)        0.124  6480.520 r  u_core/u_store/mem_reg_i_314/O
                         net (fo=2, routed)           0.760  6481.280    u_core/u_store/u_fabric/r2879
    SLICE_X63Y78         LUT6 (Prop_lut6_I5_O)        0.124  6481.404 r  u_core/u_store/mem_reg_i_218__0/O
                         net (fo=1, routed)           0.290  6481.694    u_core/u_store/mem_reg_i_218__0_n_0
    SLICE_X63Y77         LUT5 (Prop_lut5_I2_O)        0.124  6481.818 r  u_core/u_store/mem_reg_i_120/O
                         net (fo=16, routed)          0.713  6482.530    u_core/u_store/u_fabric/r3255
    SLICE_X63Y85         LUT5 (Prop_lut5_I4_O)        0.124  6482.654 r  u_core/u_store/c_q[44]_i_32/O
                         net (fo=2, routed)           0.559  6483.214    u_core/u_store/u_fabric/r2630
    SLICE_X63Y89         LUT6 (Prop_lut6_I5_O)        0.124  6483.338 r  u_core/u_store/c_q[44]_i_22__0/O
                         net (fo=1, routed)           0.439  6483.777    u_core/u_store/c_q[44]_i_22__0_n_0
    SLICE_X57Y89         LUT5 (Prop_lut5_I2_O)        0.124  6483.901 r  u_core/u_store/c_q[44]_i_11/O
                         net (fo=15, routed)          1.277  6485.179    u_core/u_store/u_fabric/r3326
    SLICE_X84Y96         LUT6 (Prop_lut6_I3_O)        0.124  6485.303 r  u_core/u_store/q_i_18__28/O
                         net (fo=17, routed)          0.883  6486.186    u_core/u_store/u_fabric/r1040
    SLICE_X93Y96         LUT6 (Prop_lut6_I4_O)        0.124  6486.310 r  u_core/u_store/q_i_67__2/O
                         net (fo=1, routed)           0.000  6486.310    u_core/u_store/u_fabric/u_clb_x5y2/t_105
    SLICE_X93Y96         MUXF7 (Prop_muxf7_I1_O)      0.217  6486.527 r  u_core/u_store/q_reg_i_47/O
                         net (fo=1, routed)           0.436  6486.963    u_core/u_store/u_fabric/u_clb_x5y2/t_116
    SLICE_X93Y96         LUT6 (Prop_lut6_I5_O)        0.299  6487.262 r  u_core/u_store/q_i_24__0/O
                         net (fo=1, routed)           0.423  6487.685    u_core/u_store/u_fabric/u_clb_x5y2/t_125
    SLICE_X92Y97         LUT6 (Prop_lut6_I0_O)        0.124  6487.809 r  u_core/u_store/q_i_10__6/O
                         net (fo=2, routed)           0.594  6488.403    u_core/u_store/u_fabric/u_clb_x5y2/lut_o6
    SLICE_X91Y94         LUT5 (Prop_lut5_I4_O)        0.124  6488.527 r  u_core/u_store/q_i_3__6/O
                         net (fo=2, routed)           0.413  6488.940    u_core/u_store/u_fabric/u_clb_x5y2/comb
    SLICE_X91Y92         LUT3 (Prop_lut3_I2_O)        0.124  6489.064 r  u_core/u_store/sr[9]_i_2/O
                         net (fo=4, routed)           1.224  6490.288    u_core/u_store/q_reg[7]
    SLICE_X82Y100        LUT5 (Prop_lut5_I0_O)        0.124  6490.412 r  u_core/u_store/d_q[21]_i_7/O
                         net (fo=2, routed)           0.305  6490.716    u_core/u_store/d_q[21]_i_7_n_0
    SLICE_X83Y101        LUT5 (Prop_lut5_I4_O)        0.124  6490.840 r  u_core/u_store/d_q[21]_i_3__0/O
                         net (fo=20, routed)          1.142  6491.982    u_core/u_store/u_fabric/r3380
    SLICE_X98Y98         LUT6 (Prop_lut6_I3_O)        0.124  6492.106 r  u_core/u_store/din_qa[13]_i_21/O
                         net (fo=1, routed)           0.000  6492.106    u_core/u_store/din_qa[13]_i_21_n_0
    SLICE_X98Y98         MUXF7 (Prop_muxf7_I1_O)      0.214  6492.320 r  u_core/u_store/din_qa_reg[13]_i_15/O
                         net (fo=2, routed)           0.634  6492.954    u_core/u_store/din_qa_reg[13]_i_15_n_0
    SLICE_X98Y92         LUT3 (Prop_lut3_I2_O)        0.289  6493.243 r  u_core/u_store/din_qa[13]_i_10/O
                         net (fo=12, routed)          2.059  6495.302    u_core/u_store/u_fabric/r2803
    SLICE_X51Y79         LUT6 (Prop_lut6_I5_O)        0.328  6495.630 r  u_core/u_store/mem_reg_i_278__0/O
                         net (fo=1, routed)           0.399  6496.030    u_core/u_store/mem_reg_i_278__0_n_0
    SLICE_X53Y79         LUT6 (Prop_lut6_I3_O)        0.124  6496.154 r  u_core/u_store/mem_reg_i_173/O
                         net (fo=15, routed)          2.418  6498.572    u_core/u_store/u_fabric/r2781
    SLICE_X99Y68         LUT6 (Prop_lut6_I5_O)        0.124  6498.696 r  u_core/u_store/mem_reg_i_296/O
                         net (fo=1, routed)           0.000  6498.696    u_core/u_store/mem_reg_i_296_n_0
    SLICE_X99Y68         MUXF7 (Prop_muxf7_I1_O)      0.217  6498.913 r  u_core/u_store/mem_reg_i_194/O
                         net (fo=2, routed)           0.657  6499.570    u_core/u_store/mem_reg_i_194_n_0
    SLICE_X98Y68         LUT5 (Prop_lut5_I4_O)        0.299  6499.869 r  u_core/u_store/mem_reg_i_105__0/O
                         net (fo=12, routed)          1.064  6500.933    u_core/u_store/u_fabric/r3199
    SLICE_X95Y80         LUT3 (Prop_lut3_I2_O)        0.124  6501.057 r  u_core/u_store/q_i_42__23/O
                         net (fo=3, routed)           0.434  6501.491    u_core/u_store/q_i_42__23_n_0
    SLICE_X97Y79         LUT5 (Prop_lut5_I4_O)        0.124  6501.615 r  u_core/u_store/q_i_72__12/O
                         net (fo=1, routed)           0.457  6502.072    u_core/u_store/q_i_72__12_n_0
    SLICE_X98Y80         LUT4 (Prop_lut4_I3_O)        0.124  6502.196 r  u_core/u_store/q_i_46__16/O
                         net (fo=7, routed)           1.021  6503.217    u_core/u_store/u_fabric/r3144
    SLICE_X96Y63         LUT4 (Prop_lut4_I3_O)        0.124  6503.341 r  u_core/u_store/q_i_60__21/O
                         net (fo=1, routed)           0.282  6503.623    u_core/u_store/q_i_60__21_n_0
    SLICE_X96Y63         LUT6 (Prop_lut6_I5_O)        0.124  6503.747 r  u_core/u_store/q_i_32__19/O
                         net (fo=6, routed)           0.857  6504.604    u_core/u_store/u_fabric/r86
    SLICE_X90Y67         MUXF7 (Prop_muxf7_S_O)       0.292  6504.896 r  u_core/u_store/q_reg_i_29/O
                         net (fo=1, routed)           0.508  6505.404    u_core/u_store/u_fabric/u_clb_x2y1/t_115
    SLICE_X90Y74         LUT5 (Prop_lut5_I0_O)        0.297  6505.701 r  u_core/u_store/q_i_15__1/O
                         net (fo=2, routed)           0.527  6506.228    u_core/u_store/u_fabric/u_clb_x2y1/t_121
    SLICE_X90Y69         LUT6 (Prop_lut6_I5_O)        0.124  6506.352 r  u_core/u_store/q_i_17__22/O
                         net (fo=7, routed)           1.369  6507.721    u_core/u_store/u_fabric/r2597
    SLICE_X107Y82        LUT5 (Prop_lut5_I1_O)        0.124  6507.845 r  u_core/u_store/c_q[45]_i_19/O
                         net (fo=2, routed)           0.553  6508.397    u_core/u_store/c_q[45]_i_19_n_0
    SLICE_X107Y81        LUT6 (Prop_lut6_I1_O)        0.124  6508.521 r  u_core/u_store/c_q[45]_i_16__0/O
                         net (fo=7, routed)           1.156  6509.677    u_core/u_store/u_fabric/r2530
    SLICE_X94Y75         LUT4 (Prop_lut4_I3_O)        0.124  6509.801 r  u_core/u_store/mem_reg_i_264__0/O
                         net (fo=5, routed)           0.903  6510.704    u_core/u_store/u_fabric/r3214
    SLICE_X90Y67         LUT4 (Prop_lut4_I0_O)        0.124  6510.828 r  u_core/u_store/q_i_66__21/O
                         net (fo=2, routed)           1.129  6511.958    u_core/u_store/u_fabric/r2709
    SLICE_X108Y72        LUT6 (Prop_lut6_I5_O)        0.124  6512.082 r  u_core/u_store/q_i_52__20/O
                         net (fo=1, routed)           0.504  6512.585    u_core/u_store/q_i_52__20_n_0
    SLICE_X109Y72        LUT5 (Prop_lut5_I0_O)        0.124  6512.709 r  u_core/u_store/q_i_24__11/O
                         net (fo=7, routed)           1.287  6513.996    u_core/u_store/u_fabric/r3151
    SLICE_X95Y81         LUT6 (Prop_lut6_I1_O)        0.124  6514.120 r  u_core/u_store/q_i_13__18/O
                         net (fo=2, routed)           0.736  6514.856    u_core/u_store/q_i_13__18_n_0
    SLICE_X87Y81         LUT5 (Prop_lut5_I2_O)        0.124  6514.980 r  u_core/u_store/q_i_7__26/O
                         net (fo=10, routed)          0.915  6515.896    u_core/u_store/u_fabric/r2552
    SLICE_X67Y81         LUT6 (Prop_lut6_I5_O)        0.124  6516.020 r  u_core/u_store/c_q[39]_i_3__0/O
                         net (fo=14, routed)          1.643  6517.662    u_core/u_store/u_fabric/r2566
    SLICE_X54Y111        LUT5 (Prop_lut5_I4_O)        0.124  6517.786 r  u_core/u_store/b_q[10]_i_4/O
                         net (fo=3, routed)           0.472  6518.258    u_core/u_store/u_fabric/r3424
    SLICE_X57Y109        LUT6 (Prop_lut6_I2_O)        0.124  6518.382 r  u_core/u_store/b_q[10]_i_2/O
                         net (fo=1, routed)           1.237  6519.619    u_core/u_store/u_fabric/r711
    SLICE_X53Y94         LUT3 (Prop_lut3_I2_O)        0.124  6519.743 r  u_core/u_store/b_q[10]_i_1/O
                         net (fo=2, routed)           0.616  6520.359    u_core/u_dsp0/b_v[10]
    SLICE_X44Y92         LUT3 (Prop_lut3_I2_O)        0.124  6520.483 r  u_core/m_c_i_8/O
                         net (fo=1, routed)           0.707  6521.190    u_core/u_fabric/u_dsp0/u_core/B[10]
    DSP48_X2Y36          DSP48E1 (Prop_dsp48e1_B[10]_P[21])
                                                      3.656  6524.846 r  u_core/u_fabric/u_dsp0/u_core/m_c/P[21]
                         net (fo=3, routed)           1.600  6526.445    u_core/u_fabric/u_dsp0/u_core/m_c__0[21]
    SLICE_X55Y95         LUT3 (Prop_lut3_I2_O)        0.150  6526.595 r  u_core/u_fabric/u_dsp0/u_core/i__carry__4_i_3/O
                         net (fo=1, routed)           0.000  6526.595    u_core/u_fabric/u_dsp0/u_core/m_x[21]
    SLICE_X55Y95         CARRY4 (Prop_carry4_DI[1]_CO[3])
                                                      0.470  6527.065 r  u_core/u_fabric/u_dsp0/u_core/__10/i__carry__4/CO[3]
                         net (fo=1, routed)           0.000  6527.065    u_core/u_fabric/u_dsp0/u_core/__10/i__carry__4_n_0
    SLICE_X55Y96         CARRY4 (Prop_carry4_CI_O[0])
                                                      0.235  6527.300 r  u_core/u_fabric/u_dsp0/u_core/__10/i__carry__5/O[0]
                         net (fo=3, routed)           1.039  6528.339    u_core/u_fabric/u_dsp0/u_core/__10/i__carry__5_n_7
    SLICE_X53Y95         LUT3 (Prop_lut3_I2_O)        0.299  6528.638 r  u_core/u_fabric/u_dsp0/u_core/i__carry__0_i_13/O
                         net (fo=3, routed)           1.305  6529.943    u_core/u_store/c_q[42]_i_5__0_0[21]
    SLICE_X60Y106        LUT5 (Prop_lut5_I1_O)        0.124  6530.067 r  u_core/u_store/c_q[40]_i_12/O
                         net (fo=1, routed)           0.000  6530.067    u_core/u_store/c_q[40]_i_12_n_0
    SLICE_X60Y106        MUXF7 (Prop_muxf7_I0_O)      0.212  6530.279 r  u_core/u_store/c_q_reg[40]_i_6/O
                         net (fo=2, routed)           0.457  6530.735    u_core/u_store/c_q_reg[40]_i_6_n_0
    SLICE_X60Y106        LUT6 (Prop_lut6_I5_O)        0.299  6531.034 r  u_core/u_store/c_q[40]_i_2__0/O
                         net (fo=11, routed)          0.941  6531.976    u_core/u_store/u_fabric/r3413
    SLICE_X45Y104        LUT4 (Prop_lut4_I3_O)        0.124  6532.100 r  u_core/u_store/b_q[3]_i_3/O
                         net (fo=1, routed)           0.263  6532.363    u_core/u_store/b_q[3]_i_3_n_0
    SLICE_X45Y104        LUT6 (Prop_lut6_I5_O)        0.124  6532.487 r  u_core/u_store/b_q[3]_i_2__0/O
                         net (fo=1, routed)           0.777  6533.264    u_core/u_store/u_fabric/r806
    SLICE_X44Y96         LUT3 (Prop_lut3_I2_O)        0.119  6533.383 r  u_core/u_store/b_q[3]_i_1/O
                         net (fo=2, routed)           0.606  6533.989    u_core/u_dsp0/b_v[3]
    SLICE_X42Y93         LUT3 (Prop_lut3_I2_O)        0.332  6534.321 r  u_core/m_c_i_15/O
                         net (fo=1, routed)           0.744  6535.065    u_core/u_fabric/u_dsp0/u_core/B[3]
    DSP48_X2Y36          DSP48E1 (Prop_dsp48e1_B[3]_P[28])
                                                      3.656  6538.721 r  u_core/u_fabric/u_dsp0/u_core/m_c/P[28]
                         net (fo=3, routed)           1.599  6540.320    u_core/u_fabric/u_dsp0/u_core/m_c__0[28]
    SLICE_X55Y97         LUT3 (Prop_lut3_I2_O)        0.150  6540.470 r  u_core/u_fabric/u_dsp0/u_core/i__carry__6_i_4/O
                         net (fo=1, routed)           0.000  6540.470    u_core/u_fabric/u_dsp0/u_core/m_x[28]
    SLICE_X55Y97         CARRY4 (Prop_carry4_DI[0]_O[1])
                                                      0.364  6540.833 r  u_core/u_fabric/u_dsp0/u_core/__10/i__carry__6/O[1]
                         net (fo=3, routed)           1.055  6541.889    u_core/u_fabric/u_dsp0/u_core/__10/i__carry__6_n_6
    SLICE_X52Y95         LUT3 (Prop_lut3_I2_O)        0.303  6542.192 r  u_core/u_fabric/u_dsp0/u_core/i__carry__2_i_16/O
                         net (fo=3, routed)           1.302  6543.494    u_core/u_store/c_q[42]_i_5__0_0[26]
    SLICE_X90Y95         LUT5 (Prop_lut5_I1_O)        0.124  6543.618 r  u_core/u_store/b_q[17]_i_12/O
                         net (fo=1, routed)           0.600  6544.217    u_core/u_store/b_q[17]_i_12_n_0
    SLICE_X94Y95         LUT5 (Prop_lut5_I4_O)        0.124  6544.341 r  u_core/u_store/b_q[17]_i_6/O
                         net (fo=21, routed)          0.867  6545.209    u_core/u_store/u_fabric/r3382
    SLICE_X93Y105        LUT6 (Prop_lut6_I4_O)        0.124  6545.333 r  u_core/u_store/c_q[44]_i_15__0/O
                         net (fo=3, routed)           0.802  6546.135    u_core/u_store/u_fabric/r1200
    SLICE_X95Y100        LUT6 (Prop_lut6_I4_O)        0.124  6546.259 r  u_core/u_store/c_q[44]_i_6/O
                         net (fo=1, routed)           0.648  6546.907    u_core/u_store/c_q[44]_i_6_n_0
    SLICE_X100Y98        LUT5 (Prop_lut5_I4_O)        0.124  6547.031 r  u_core/u_store/c_q[44]_i_2/O
                         net (fo=17, routed)          1.797  6548.828    u_core/u_store/u_fabric/r2816
    SLICE_X51Y101        LUT6 (Prop_lut6_I2_O)        0.124  6548.952 r  u_core/u_store/c_q[44]_i_1/O
                         net (fo=2, routed)           0.420  6549.373    u_core/u_store/drive_reg[90][44]
    SLICE_X53Y100        LUT6 (Prop_lut6_I0_O)        0.124  6549.497 r  u_core/u_store/i__carry__10_i_2/O
                         net (fo=3, routed)           0.774  6550.271    u_core/u_store/g_frame[40].cfg_reg[5153]_1[1]
    SLICE_X55Y101        LUT2 (Prop_lut2_I1_O)        0.124  6550.395 r  u_core/u_store/i__carry__10_i_7/O
                         net (fo=1, routed)           0.000  6550.395    u_core/u_fabric/u_dsp0/u_core/p_q_reg[47]_4[0]
    SLICE_X55Y101        CARRY4 (Prop_carry4_S[0]_O[1])
                                                      0.424  6550.818 r  u_core/u_fabric/u_dsp0/u_core/__10/i__carry__10/O[1]
                         net (fo=3, routed)           0.610  6551.429    u_core/u_fabric/u_dsp0/u_core/__10/i__carry__10_n_6
    SLICE_X54Y101        LUT3 (Prop_lut3_I2_O)        0.303  6551.732 r  u_core/u_fabric/u_dsp0/u_core/i__carry__6_i_15/O
                         net (fo=3, routed)           0.701  6552.433    u_core/u_store/c_q[42]_i_5__0_0[42]
    SLICE_X82Y101        LUT5 (Prop_lut5_I1_O)        0.124  6552.557 r  u_core/u_store/c_q[29]_i_7/O
                         net (fo=2, routed)           0.670  6553.227    u_core/u_store/c_q[29]_i_7_n_0
    SLICE_X82Y102        LUT5 (Prop_lut5_I4_O)        0.124  6553.351 r  u_core/u_store/c_q[29]_i_3__0/O
                         net (fo=8, routed)           1.003  6554.354    u_core/u_store/u_fabric/r3375
    SLICE_X88Y94         LUT4 (Prop_lut4_I0_O)        0.118  6554.472 r  u_core/u_store/q_i_12__30/O
                         net (fo=7, routed)           1.333  6555.805    u_core/u_store/u_fabric/r2639
    SLICE_X64Y82         LUT5 (Prop_lut5_I1_O)        0.326  6556.131 r  u_core/u_store/din_qa[17]_i_25/O
                         net (fo=1, routed)           0.000  6556.131    u_core/u_store/din_qa[17]_i_25_n_0
    SLICE_X64Y82         MUXF7 (Prop_muxf7_I0_O)      0.212  6556.343 r  u_core/u_store/din_qa_reg[17]_i_19/O
                         net (fo=2, routed)           0.802  6557.146    u_core/u_store/din_qa_reg[17]_i_19_n_0
    SLICE_X63Y75         LUT3 (Prop_lut3_I2_O)        0.299  6557.444 r  u_core/u_store/din_qa[17]_i_13__0/O
                         net (fo=2, routed)           0.725  6558.170    u_core/u_store/u_fabric/r2641
    SLICE_X67Y74         LUT6 (Prop_lut6_I5_O)        0.124  6558.294 r  u_core/u_store/mem_reg_i_368/O
                         net (fo=1, routed)           0.000  6558.294    u_core/u_store/mem_reg_i_368_n_0
    SLICE_X67Y74         MUXF7 (Prop_muxf7_I1_O)      0.217  6558.511 r  u_core/u_store/mem_reg_i_286/O
                         net (fo=1, routed)           0.433  6558.944    u_core/u_store/mem_reg_i_286_n_0
    SLICE_X67Y74         LUT6 (Prop_lut6_I5_O)        0.299  6559.243 r  u_core/u_store/mem_reg_i_179__0/O
                         net (fo=4, routed)           0.488  6559.731    u_core/u_store/u_fabric/r3265
    SLICE_X67Y76         LUT5 (Prop_lut5_I2_O)        0.124  6559.855 r  u_core/u_store/mem_reg_i_241/O
                         net (fo=3, routed)           0.700  6560.556    u_core/u_store/mem_reg_i_241_n_0
    SLICE_X83Y76         LUT6 (Prop_lut6_I5_O)        0.124  6560.680 r  u_core/u_store/q_i_22__14/O
                         net (fo=6, routed)           1.236  6561.916    u_core/u_store/u_fabric/r3096
    SLICE_X108Y78        LUT5 (Prop_lut5_I4_O)        0.124  6562.040 r  u_core/u_store/reg_qa[17]_i_12/O
                         net (fo=10, routed)          0.721  6562.760    u_core/u_store/u_fabric/r2792
    SLICE_X107Y73        LUT6 (Prop_lut6_I4_O)        0.124  6562.884 r  u_core/u_store/c_q[47]_i_34/O
                         net (fo=1, routed)           0.441  6563.326    u_core/u_store/c_q[47]_i_34_n_0
    SLICE_X107Y72        LUT5 (Prop_lut5_I2_O)        0.124  6563.450 r  u_core/u_store/c_q[47]_i_22/O
                         net (fo=11, routed)          1.261  6564.710    u_core/u_store/u_fabric/r3180
    SLICE_X86Y75         LUT6 (Prop_lut6_I4_O)        0.124  6564.834 r  u_core/u_store/c_q[47]_i_19/O
                         net (fo=3, routed)           0.642  6565.476    u_core/u_store/c_q[47]_i_19_n_0
    SLICE_X82Y72         LUT6 (Prop_lut6_I0_O)        0.124  6565.600 r  u_core/u_store/c_q[47]_i_11__0/O
                         net (fo=2, routed)           0.453  6566.053    u_core/u_store/c_q[47]_i_11__0_n_0
    SLICE_X80Y72         LUT5 (Prop_lut5_I0_O)        0.124  6566.177 r  u_core/u_store/c_q[47]_i_5__0/O
                         net (fo=12, routed)          1.173  6567.350    u_core/u_store/u_fabric/r3044
    SLICE_X66Y82         LUT5 (Prop_lut5_I2_O)        0.124  6567.474 r  u_core/u_store/a_q[23]_i_10__0/O
                         net (fo=11, routed)          1.303  6568.777    u_core/u_store/u_fabric/r3339
    SLICE_X84Y99         LUT6 (Prop_lut6_I0_O)        0.124  6568.901 r  u_core/u_store/a_q[23]_i_4/O
                         net (fo=1, routed)           0.488  6569.389    u_core/u_store/a_q[23]_i_4_n_0
    SLICE_X84Y99         LUT5 (Prop_lut5_I0_O)        0.124  6569.513 r  u_core/u_store/a_q[23]_i_2/O
                         net (fo=18, routed)          1.269  6570.782    u_core/u_store/u_fabric/r2818
    SLICE_X51Y101        LUT6 (Prop_lut6_I2_O)        0.124  6570.906 r  u_core/u_store/c_q[28]_i_2/O
                         net (fo=1, routed)           0.994  6571.900    u_core/u_store/u_fabric/r842
    SLICE_X60Y96         LUT3 (Prop_lut3_I2_O)        0.124  6572.024 r  u_core/u_store/c_q[28]_i_1/O
                         net (fo=2, routed)           0.512  6572.537    u_core/u_store/drive_reg[90][28]
    SLICE_X56Y96         LUT6 (Prop_lut6_I0_O)        0.124  6572.661 r  u_core/u_store/i__carry__6_i_12/O
                         net (fo=1, routed)           0.413  6573.073    u_core/u_fabric/u_dsp0/u_core/p_q_reg[31]_0
    SLICE_X55Y97         LUT4 (Prop_lut4_I3_O)        0.124  6573.197 r  u_core/u_fabric/u_dsp0/u_core/i__carry__6_i_8/O
                         net (fo=1, routed)           0.000  6573.197    u_core/u_fabric/u_dsp0/u_core/i__carry__6_i_8_n_0
    SLICE_X55Y97         CARRY4 (Prop_carry4_S[0]_O[0])
                                                      0.247  6573.444 r  u_core/u_fabric/u_dsp0/u_core/__10/i__carry__6/O[0]
                         net (fo=3, routed)           0.813  6574.257    u_core/u_fabric/u_dsp0/u_core/__10/i__carry__6_n_7
    SLICE_X52Y96         LUT3 (Prop_lut3_I2_O)        0.299  6574.556 r  u_core/u_fabric/u_dsp0/u_core/b_q[16]_i_8/O
                         net (fo=3, routed)           1.260  6575.816    u_core/u_store/c_q[42]_i_5__0_0[25]
    SLICE_X86Y101        LUT5 (Prop_lut5_I4_O)        0.124  6575.940 r  u_core/u_store/b_q[16]_i_3/O
                         net (fo=20, routed)          1.392  6577.332    u_core/u_store/u_fabric/r3364
    SLICE_X52Y99         LUT6 (Prop_lut6_I5_O)        0.124  6577.456 r  u_core/u_store/b_q[16]_i_1/O
                         net (fo=2, routed)           1.031  6578.486    u_core/u_dsp0/b_v[16]
    SLICE_X42Y95         LUT3 (Prop_lut3_I2_O)        0.124  6578.610 r  u_core/m_c_i_2/O
                         net (fo=1, routed)           0.703  6579.313    u_core/u_fabric/u_dsp0/u_core/B[16]
    DSP48_X2Y36          DSP48E1 (Prop_dsp48e1_B[16]_P[36])
                                                      3.656  6582.969 r  u_core/u_fabric/u_dsp0/u_core/m_c/P[36]
                         net (fo=3, routed)           1.708  6584.678    u_core/u_fabric/u_dsp0/u_core/m_c__0[36]
    SLICE_X55Y99         LUT4 (Prop_lut4_I0_O)        0.124  6584.802 r  u_core/u_fabric/u_dsp0/u_core/i__carry__8_i_8/O
                         net (fo=1, routed)           0.000  6584.802    u_core/u_fabric/u_dsp0/u_core/i__carry__8_i_8_n_0
    SLICE_X55Y99         CARRY4 (Prop_carry4_S[0]_O[2])
                                                      0.547  6585.349 r  u_core/u_fabric/u_dsp0/u_core/__10/i__carry__8/O[2]
                         net (fo=3, routed)           0.769  6586.117    u_core/u_fabric/u_dsp0/u_core/__10/i__carry__8_n_5
    SLICE_X53Y99         LUT3 (Prop_lut3_I2_O)        0.302  6586.419 r  u_core/u_fabric/u_dsp0/u_core/i__carry__4_i_14/O
                         net (fo=3, routed)           1.206  6587.625    u_core/u_store/c_q[42]_i_5__0_0[35]
    SLICE_X88Y101        LUT5 (Prop_lut5_I1_O)        0.124  6587.749 r  u_core/u_store/b_q[16]_i_9/O
                         net (fo=1, routed)           0.000  6587.749    u_core/u_store/b_q[16]_i_9_n_0
    SLICE_X88Y101        MUXF7 (Prop_muxf7_I0_O)      0.212  6587.960 r  u_core/u_store/b_q_reg[16]_i_6/O
                         net (fo=1, routed)           0.590  6588.551    u_core/u_store/b_q_reg[16]_i_6_n_0
    SLICE_X88Y101        LUT5 (Prop_lut5_I4_O)        0.299  6588.850 r  u_core/u_store/b_q[16]_i_2/O
                         net (fo=17, routed)          1.019  6589.868    u_core/u_store/u_fabric/r3369
    SLICE_X93Y93         LUT5 (Prop_lut5_I4_O)        0.124  6589.992 r  u_core/u_store/mem_reg_i_256__0/O
                         net (fo=5, routed)           1.485  6591.477    u_core/u_store/u_fabric/r2643
    SLICE_X57Y76         LUT6 (Prop_lut6_I3_O)        0.124  6591.601 r  u_core/u_store/mem_reg_i_171__0/O
                         net (fo=2, routed)           0.441  6592.042    u_core/u_store/mem_reg_i_171__0_n_0
    SLICE_X56Y76         LUT6 (Prop_lut6_I2_O)        0.124  6592.166 r  u_core/u_store/q_i_46__27/O
                         net (fo=1, routed)           0.620  6592.786    u_core/u_store/q_i_46__27_n_0
    SLICE_X59Y81         LUT6 (Prop_lut6_I1_O)        0.124  6592.910 r  u_core/u_store/q_i_24/O
                         net (fo=1, routed)           0.589  6593.499    u_core/u_store/u_fabric/u_clb_x4y2/t_119
    SLICE_X55Y84         LUT5 (Prop_lut5_I0_O)        0.124  6593.623 r  u_core/u_store/q_i_11__0/O
                         net (fo=1, routed)           0.151  6593.774    u_core/u_store/u_fabric/u_clb_x4y2/t_125
    SLICE_X55Y84         LUT4 (Prop_lut4_I2_O)        0.124  6593.898 r  u_core/u_store/q_i_6__6/O
                         net (fo=1, routed)           0.000  6593.898    u_core/u_store/q_i_6__6_n_0
    SLICE_X55Y84         MUXF7 (Prop_muxf7_I0_O)      0.212  6594.110 r  u_core/u_store/q_reg_i_3/O
                         net (fo=3, routed)           0.697  6594.808    u_core/u_store/u_fabric/u_clb_x4y2/comb
    SLICE_X58Y89         LUT3 (Prop_lut3_I2_O)        0.299  6595.106 r  u_core/u_store/sr[8]_i_2/O
                         net (fo=3, routed)           0.577  6595.684    u_core/u_store/q_reg[6]
    SLICE_X56Y89         LUT5 (Prop_lut5_I4_O)        0.124  6595.808 r  u_core/u_store/c_q[35]_i_11/O
                         net (fo=2, routed)           0.303  6596.111    u_core/u_store/c_q[35]_i_11_n_0
    SLICE_X56Y90         LUT5 (Prop_lut5_I4_O)        0.124  6596.235 r  u_core/u_store/q_i_37__22/O
                         net (fo=6, routed)           0.491  6596.726    u_core/u_store/u_fabric/r3305
    SLICE_X60Y89         LUT5 (Prop_lut5_I4_O)        0.124  6596.850 r  u_core/u_store/mem_reg_i_362__0/O
                         net (fo=1, routed)           0.484  6597.334    u_core/u_store/mem_reg_i_362__0_n_0
    SLICE_X61Y90         LUT5 (Prop_lut5_I4_O)        0.124  6597.458 r  u_core/u_store/mem_reg_i_275__0/O
                         net (fo=1, routed)           0.000  6597.458    u_core/u_store/mem_reg_i_275__0_n_0
    SLICE_X61Y90         MUXF7 (Prop_muxf7_I1_O)      0.217  6597.675 r  u_core/u_store/mem_reg_i_161/O
                         net (fo=11, routed)          1.053  6598.729    u_core/u_store/u_fabric/r2551
    SLICE_X53Y80         LUT6 (Prop_lut6_I4_O)        0.299  6599.027 r  u_core/u_store/q_i_76__5/O
                         net (fo=16, routed)          0.671  6599.699    u_core/u_store/q_i_76__5_n_0
    SLICE_X47Y83         LUT6 (Prop_lut6_I2_O)        0.124  6599.823 r  u_core/u_store/q_i_71/O
                         net (fo=1, routed)           0.807  6600.629    u_core/u_store/u_fabric/u_clb_x4y2/t_78
    SLICE_X45Y84         LUT6 (Prop_lut6_I1_O)        0.124  6600.753 r  u_core/u_store/q_i_45__4/O
                         net (fo=1, routed)           0.000  6600.753    u_core/u_store/u_fabric/u_clb_x4y2/t_115
    SLICE_X45Y84         MUXF7 (Prop_muxf7_I1_O)      0.217  6600.970 r  u_core/u_store/q_reg_i_23__2/O
                         net (fo=1, routed)           0.000  6600.970    u_core/u_store/u_fabric/u_clb_x4y2/t_121
    SLICE_X45Y84         MUXF8 (Prop_muxf8_I1_O)      0.094  6601.064 r  u_core/u_store/q_reg_i_10/O
                         net (fo=7, routed)           1.125  6602.189    u_core/u_store/u_fabric/r1005
    SLICE_X54Y85         LUT5 (Prop_lut5_I4_O)        0.340  6602.529 r  u_core/u_store/q_i_24__24/O
                         net (fo=1, routed)           0.469  6602.999    u_core/u_store/q_i_24__24_n_0
    SLICE_X54Y85         LUT5 (Prop_lut5_I4_O)        0.328  6603.327 r  u_core/u_store/q_i_11__17/O
                         net (fo=3, routed)           0.719  6604.045    u_core/u_store/u_fabric/r2715
    SLICE_X54Y77         LUT5 (Prop_lut5_I1_O)        0.124  6604.169 r  u_core/u_store/din_qa[2]_i_6/O
                         net (fo=1, routed)           0.000  6604.169    u_core/u_store/din_qa[2]_i_6_n_0
    SLICE_X54Y77         MUXF7 (Prop_muxf7_I0_O)      0.209  6604.378 r  u_core/u_store/din_qa_reg[2]_i_5/O
                         net (fo=2, routed)           0.478  6604.856    u_core/u_store/din_qa_reg[2]_i_5_n_0
    SLICE_X55Y74         LUT6 (Prop_lut6_I5_O)        0.297  6605.153 r  u_core/u_store/din_qa[2]_i_4/O
                         net (fo=8, routed)           1.089  6606.242    u_core/u_store/u_fabric/r3259
    SLICE_X81Y82         LUT2 (Prop_lut2_I1_O)        0.124  6606.366 r  u_core/u_store/q_i_55__16/O
                         net (fo=1, routed)           0.000  6606.366    u_core/u_store/q_i_55__16_n_0
    SLICE_X81Y82         MUXF7 (Prop_muxf7_I0_O)      0.212  6606.578 r  u_core/u_store/q_reg_i_31__8/O
                         net (fo=4, routed)           1.218  6607.796    u_core/u_store/u_fabric/r2632
    SLICE_X87Y99         LUT5 (Prop_lut5_I0_O)        0.299  6608.095 r  u_core/u_store/q_i_16__16/O
                         net (fo=2, routed)           0.433  6608.528    u_core/u_store/q_i_16__16_n_0
    SLICE_X87Y99         LUT5 (Prop_lut5_I4_O)        0.124  6608.652 r  u_core/u_store/q_i_7__30/O
                         net (fo=4, routed)           0.637  6609.289    u_core/u_store/u_fabric/r2648
    SLICE_X86Y100        LUT5 (Prop_lut5_I2_O)        0.124  6609.413 r  u_core/u_store/c_q[21]_i_5/O
                         net (fo=1, routed)           0.294  6609.708    u_core/u_store/c_q[21]_i_5_n_0
    SLICE_X88Y100        LUT5 (Prop_lut5_I2_O)        0.124  6609.832 r  u_core/u_store/c_q[21]_i_4/O
                         net (fo=3, routed)           1.437  6611.269    u_core/u_store/u_fabric/r3373
    SLICE_X49Y105        LUT4 (Prop_lut4_I0_O)        0.124  6611.393 r  u_core/u_store/a_q[16]_i_3/O
                         net (fo=1, routed)           0.433  6611.826    u_core/u_store/a_q[16]_i_3_n_0
    SLICE_X49Y105        LUT6 (Prop_lut6_I0_O)        0.124  6611.950 r  u_core/u_store/a_q[16]_i_2/O
                         net (fo=1, routed)           1.376  6613.326    u_core/u_store/u_fabric/r789
    SLICE_X60Y94         LUT3 (Prop_lut3_I2_O)        0.150  6613.476 r  u_core/u_store/a_q[16]_i_1/O
                         net (fo=2, routed)           0.573  6614.048    u_core/u_store/drive_reg[24][16]
    SLICE_X59Y95         LUT3 (Prop_lut3_I2_O)        0.326  6614.375 r  u_core/u_store/m_c_i_48/O
                         net (fo=2, routed)           0.575  6614.949    u_core/u_store/u_fabric/u_dsp0/u_core/a_v__24[16]
    SLICE_X57Y95         LUT3 (Prop_lut3_I2_O)        0.153  6615.102 r  u_core/u_store/m_c_i_27/O
                         net (fo=1, routed)           1.285  6616.388    u_core/u_fabric/u_dsp0/u_core/A[16]
    DSP48_X2Y36          DSP48E1 (Prop_dsp48e1_A[16]_P[37])
                                                      4.044  6620.432 r  u_core/u_fabric/u_dsp0/u_core/m_c/P[37]
                         net (fo=3, routed)           1.529  6621.960    u_core/u_fabric/u_dsp0/u_core/m_c__0[37]
    SLICE_X55Y99         LUT4 (Prop_lut4_I0_O)        0.124  6622.084 r  u_core/u_fabric/u_dsp0/u_core/i__carry__8_i_7/O
                         net (fo=1, routed)           0.000  6622.084    u_core/u_fabric/u_dsp0/u_core/i__carry__8_i_7_n_0
    SLICE_X55Y99         CARRY4 (Prop_carry4_S[1]_O[1])
                                                      0.227  6622.312 r  u_core/u_fabric/u_dsp0/u_core/__10/i__carry__8/O[1]
                         net (fo=3, routed)           0.448  6622.759    u_core/u_fabric/u_dsp0/u_core/__10/i__carry__8_n_6
    SLICE_X56Y98         LUT3 (Prop_lut3_I2_O)        0.303  6623.062 r  u_core/u_fabric/u_dsp0/u_core/i__carry__4_i_15/O
                         net (fo=3, routed)           1.004  6624.067    u_core/u_store/c_q[42]_i_5__0_0[34]
    SLICE_X80Y90         LUT6 (Prop_lut6_I5_O)        0.124  6624.191 r  u_core/u_store/b_q[15]_i_9__0/O
                         net (fo=1, routed)           0.717  6624.908    u_core/u_store/b_q[15]_i_9__0_n_0
    SLICE_X80Y97         LUT6 (Prop_lut6_I0_O)        0.124  6625.032 r  u_core/u_store/b_q[15]_i_7__0/O
                         net (fo=1, routed)           0.000  6625.032    u_core/u_store/b_q[15]_i_7__0_n_0
    SLICE_X80Y97         MUXF7 (Prop_muxf7_I0_O)      0.212  6625.244 r  u_core/u_store/b_q_reg[15]_i_5/O
                         net (fo=2, routed)           0.310  6625.554    u_core/u_store/b_q_reg[15]_i_5_n_0
    SLICE_X81Y99         LUT6 (Prop_lut6_I5_O)        0.299  6625.853 r  u_core/u_store/b_q[15]_i_2__0/O
                         net (fo=8, routed)           0.763  6626.617    u_core/u_store/u_fabric/r3367
    SLICE_X90Y100        LUT6 (Prop_lut6_I5_O)        0.124  6626.741 r  u_core/u_store/q_i_22__11/O
                         net (fo=4, routed)           0.538  6627.278    u_core/u_store/u_fabric/r1035
    SLICE_X95Y101        MUXF8 (Prop_muxf8_S_O)       0.273  6627.551 r  u_core/u_store/q_reg_i_24__0/O
                         net (fo=1, routed)           0.578  6628.129    u_core/u_store/u_fabric/u_clb_x5y2/t_121
    SLICE_X91Y101        LUT6 (Prop_lut6_I5_O)        0.316  6628.445 r  u_core/u_store/q_i_13__19/O
                         net (fo=8, routed)           1.359  6629.804    u_core/u_store/u_fabric/r2717
    SLICE_X54Y83         LUT5 (Prop_lut5_I1_O)        0.124  6629.928 r  u_core/u_store/a_q[23]_i_52/O
                         net (fo=1, routed)           0.000  6629.928    u_core/u_store/a_q[23]_i_52_n_0
    SLICE_X54Y83         MUXF7 (Prop_muxf7_I0_O)      0.209  6630.137 r  u_core/u_store/a_q_reg[23]_i_25/O
                         net (fo=2, routed)           0.596  6630.732    u_core/u_store/a_q_reg[23]_i_25_n_0
    SLICE_X55Y83         LUT3 (Prop_lut3_I2_O)        0.297  6631.029 r  u_core/u_store/a_q[23]_i_11__0/O
                         net (fo=13, routed)          1.923  6632.953    u_core/u_store/u_fabric/r3336
    SLICE_X94Y102        LUT6 (Prop_lut6_I0_O)        0.124  6633.077 r  u_core/u_store/q_i_38__21/O
                         net (fo=8, routed)           1.026  6634.103    u_core/u_store/u_fabric/r1206
    SLICE_X100Y96        MUXF7 (Prop_muxf7_S_O)       0.292  6634.395 r  u_core/u_store/c_q_reg[44]_i_28/O
                         net (fo=1, routed)           0.000  6634.395    u_core/u_store/u_fabric/u_clb_x5y3/t_115
    SLICE_X100Y96        MUXF8 (Prop_muxf8_I1_O)      0.088  6634.482 r  u_core/u_store/c_q_reg[44]_i_16/O
                         net (fo=2, routed)           0.916  6635.398    u_core/u_store/u_fabric/u_clb_x5y3/t_121
    SLICE_X95Y100        LUT3 (Prop_lut3_I0_O)        0.319  6635.717 r  u_core/u_store/q_i_20__1/O
                         net (fo=4, routed)           0.601  6636.319    u_core/u_store/u_fabric/r1195
    SLICE_X95Y105        LUT5 (Prop_lut5_I4_O)        0.124  6636.443 r  u_core/u_store/q_i_23__6/O
                         net (fo=1, routed)           0.407  6636.850    u_core/u_store/q_i_23__6_n_0
    SLICE_X95Y105        LUT5 (Prop_lut5_I4_O)        0.124  6636.974 r  u_core/u_store/q_i_11__27/O
                         net (fo=17, routed)          2.158  6639.132    u_core/u_store/u_fabric/r2799
    SLICE_X55Y69         LUT6 (Prop_lut6_I3_O)        0.124  6639.256 r  u_core/u_store/mem_reg_i_249/O
                         net (fo=1, routed)           0.407  6639.664    u_core/u_store/mem_reg_i_249_n_0
    SLICE_X55Y69         LUT6 (Prop_lut6_I3_O)        0.124  6639.788 r  u_core/u_store/mem_reg_i_145/O
                         net (fo=15, routed)          1.407  6641.195    u_core/u_store/u_fabric/r3253
    SLICE_X66Y82         LUT6 (Prop_lut6_I3_O)        0.124  6641.319 r  u_core/u_store/a_q[22]_i_7/O
                         net (fo=2, routed)           0.503  6641.822    u_core/u_store/a_q[22]_i_7_n_0
    SLICE_X66Y83         LUT5 (Prop_lut5_I2_O)        0.124  6641.946 r  u_core/u_store/a_q[22]_i_3__0/O
                         net (fo=12, routed)          1.203  6643.149    u_core/u_store/u_fabric/r2564
    SLICE_X82Y97         LUT6 (Prop_lut6_I1_O)        0.124  6643.273 r  u_core/u_store/q_i_14__22/O
                         net (fo=2, routed)           0.321  6643.594    u_core/u_store/q_i_14__22_n_0
    SLICE_X82Y98         LUT5 (Prop_lut5_I4_O)        0.124  6643.718 r  u_core/u_store/q_i_7__27/O
                         net (fo=15, routed)          0.779  6644.497    u_core/u_store/u_fabric/r2570
    SLICE_X86Y102        LUT4 (Prop_lut4_I0_O)        0.124  6644.621 r  u_core/u_store/d_q[23]_i_7__0/O
                         net (fo=1, routed)           0.286  6644.908    u_core/u_store/d_q[23]_i_7__0_n_0
    SLICE_X86Y102        LUT6 (Prop_lut6_I0_O)        0.124  6645.032 r  u_core/u_store/d_q[23]_i_3/O
                         net (fo=20, routed)          0.881  6645.913    u_core/u_store/u_fabric/r3356
    SLICE_X88Y94         LUT4 (Prop_lut4_I3_O)        0.124  6646.037 r  u_core/u_store/din_qa[17]_i_15__0/O
                         net (fo=6, routed)           1.634  6647.670    u_core/u_store/u_fabric/r2629
    SLICE_X61Y74         LUT5 (Prop_lut5_I1_O)        0.124  6647.794 r  u_core/u_store/din_qa[17]_i_8/O
                         net (fo=2, routed)           0.445  6648.239    u_core/u_store/din_qa[17]_i_8_n_0
    SLICE_X61Y74         LUT5 (Prop_lut5_I4_O)        0.124  6648.363 r  u_core/u_store/din_qa[17]_i_4__0/O
                         net (fo=14, routed)          1.038  6649.402    u_core/u_store/u_fabric/r3274
    SLICE_X55Y65         LUT6 (Prop_lut6_I3_O)        0.124  6649.526 r  u_core/u_store/mem_reg_i_303__0/O
                         net (fo=1, routed)           0.437  6649.963    u_core/u_store/mem_reg_i_303__0_n_0
    SLICE_X55Y66         LUT6 (Prop_lut6_I5_O)        0.124  6650.087 r  u_core/u_store/mem_reg_i_201__0/O
                         net (fo=1, routed)           0.403  6650.490    u_core/u_store/mem_reg_i_201__0_n_0
    SLICE_X55Y66         LUT5 (Prop_lut5_I0_O)        0.124  6650.614 r  u_core/u_store/mem_reg_i_109/O
                         net (fo=12, routed)          1.598  6652.212    u_core/u_store/u_fabric/r2795
    SLICE_X100Y83        LUT5 (Prop_lut5_I2_O)        0.124  6652.336 r  u_core/u_store/mem_reg_i_400/O
                         net (fo=2, routed)           0.491  6652.827    u_core/u_store/mem_reg_i_400_n_0
    SLICE_X101Y84        LUT5 (Prop_lut5_I2_O)        0.124  6652.951 r  u_core/u_store/mem_reg_i_327/O
                         net (fo=8, routed)           0.936  6653.887    u_core/u_store/u_fabric/r3091
    SLICE_X108Y78        LUT6 (Prop_lut6_I5_O)        0.124  6654.011 r  u_core/u_store/din_qa[15]_i_17/O
                         net (fo=5, routed)           0.863  6654.875    u_core/u_store/u_fabric/r2598
    SLICE_X98Y79         LUT3 (Prop_lut3_I0_O)        0.124  6654.999 r  u_core/u_store/din_qa[6]_i_8/O
                         net (fo=1, routed)           0.644  6655.643    u_core/u_store/din_qa[6]_i_8_n_0
    SLICE_X97Y74         LUT6 (Prop_lut6_I0_O)        0.124  6655.767 r  u_core/u_store/din_qa[6]_i_7/O
                         net (fo=1, routed)           0.873  6656.641    u_core/u_store/din_qa[6]_i_7_n_0
    SLICE_X93Y72         LUT5 (Prop_lut5_I4_O)        0.124  6656.765 r  u_core/u_store/din_qa[6]_i_4/O
                         net (fo=6, routed)           0.682  6657.446    u_core/u_store/u_fabric/r3211
    SLICE_X94Y65         LUT5 (Prop_lut5_I4_O)        0.124  6657.570 r  u_core/u_store/q_i_43__19/O
                         net (fo=2, routed)           0.938  6658.509    u_core/u_store/q_i_43__19_n_0
    SLICE_X98Y80         LUT6 (Prop_lut6_I5_O)        0.124  6658.633 r  u_core/u_store/q_i_24__15/O
                         net (fo=9, routed)           1.061  6659.693    u_core/u_store/u_fabric/r3094
    SLICE_X112Y77        LUT4 (Prop_lut4_I3_O)        0.124  6659.817 r  u_core/u_store/q_i_11__24/O
                         net (fo=7, routed)           1.207  6661.025    u_core/u_store/u_fabric/r2696
    SLICE_X94Y68         LUT6 (Prop_lut6_I5_O)        0.124  6661.149 r  u_core/u_store/mem_reg_i_197__0/O
                         net (fo=1, routed)           0.483  6661.632    u_core/u_store/mem_reg_i_197__0_n_0
    SLICE_X92Y70         LUT5 (Prop_lut5_I2_O)        0.124  6661.756 r  u_core/u_store/mem_reg_i_107__0/O
                         net (fo=8, routed)           0.868  6662.624    u_core/u_store/u_fabric/r3197
    SLICE_X92Y81         LUT6 (Prop_lut6_I2_O)        0.124  6662.748 r  u_core/u_store/capture_reg_i_12__10/O
                         net (fo=2, routed)           0.732  6663.480    u_core/u_store/capture_reg_i_12__10_n_0
    SLICE_X97Y81         LUT3 (Prop_lut3_I0_O)        0.150  6663.630 r  u_core/u_store/capture_reg_i_8__10/O
                         net (fo=4, routed)           0.793  6664.423    u_core/u_store/u_fabric/r2547
    SLICE_X103Y78        LUT4 (Prop_lut4_I0_O)        0.326  6664.749 r  u_core/u_store/q_i_25__23/O
                         net (fo=11, routed)          1.005  6665.754    u_core/u_store/u_fabric/r3150
    SLICE_X98Y75         LUT6 (Prop_lut6_I1_O)        0.124  6665.878 r  u_core/u_store/mem_reg_i_398/O
                         net (fo=1, routed)           0.000  6665.878    u_core/u_store/mem_reg_i_398_n_0
    SLICE_X98Y75         MUXF7 (Prop_muxf7_I1_O)      0.214  6666.092 r  u_core/u_store/mem_reg_i_325/O
                         net (fo=2, routed)           0.452  6666.544    u_core/u_store/mem_reg_i_325_n_0
    SLICE_X98Y75         LUT3 (Prop_lut3_I2_O)        0.326  6666.870 r  u_core/u_store/mem_reg_i_229__0/O
                         net (fo=2, routed)           0.839  6667.709    u_core/u_store/u_fabric/r2712
    SLICE_X99Y65         LUT5 (Prop_lut5_I2_O)        0.331  6668.041 r  u_core/u_store/mem_reg_i_123__0/O
                         net (fo=2, routed)           0.402  6668.443    u_core/u_store/mem_reg_i_123__0_n_0
    SLICE_X99Y65         LUT5 (Prop_lut5_I2_O)        0.124  6668.567 r  u_core/u_store/mem_reg_i_72/O
                         net (fo=16, routed)          1.643  6670.209    u_core/u_store/u_fabric/r3226
    SLICE_X56Y72         LUT4 (Prop_lut4_I3_O)        0.124  6670.333 r  u_core/u_store/q_i_23__13/O
                         net (fo=7, routed)           1.874  6672.208    u_core/u_store/u_fabric/r2945
    SLICE_X105Y69        LUT6 (Prop_lut6_I5_O)        0.124  6672.332 r  u_core/u_store/capture_reg_i_11__3/O
                         net (fo=1, routed)           0.000  6672.332    u_core/u_store/capture_reg_i_11__3_n_0
    SLICE_X105Y69        MUXF7 (Prop_muxf7_I1_O)      0.217  6672.548 r  u_core/u_store/capture_reg_reg_i_7__0/O
                         net (fo=1, routed)           0.433  6672.982    u_core/u_store/capture_reg_reg_i_7__0_n_0
    SLICE_X105Y69        LUT6 (Prop_lut6_I5_O)        0.299  6673.281 r  u_core/u_store/capture_reg_i_3__2/O
                         net (fo=11, routed)          0.807  6674.088    u_core/u_store/u_fabric/r3111
    SLICE_X105Y83        LUT6 (Prop_lut6_I3_O)        0.124  6674.212 r  u_core/u_store/capture_reg_i_6__3/O
                         net (fo=8, routed)           0.739  6674.952    u_core/u_store/capture_reg_i_6__3_n_0
    SLICE_X99Y83         LUT6 (Prop_lut6_I3_O)        0.124  6675.076 r  u_core/u_store/mem_reg_i_361__0/O
                         net (fo=1, routed)           0.501  6675.576    u_core/u_store/mem_reg_i_361__0_n_0
    SLICE_X98Y83         LUT5 (Prop_lut5_I2_O)        0.124  6675.700 r  u_core/u_store/mem_reg_i_273__0/O
                         net (fo=2, routed)           0.525  6676.225    u_core/u_store/mem_reg_i_273__0_n_0
    SLICE_X90Y83         LUT3 (Prop_lut3_I2_O)        0.124  6676.349 r  u_core/u_store/mem_reg_i_160__0/O
                         net (fo=8, routed)           1.179  6677.527    u_core/u_store/u_fabric/r2556
    SLICE_X88Y75         LUT4 (Prop_lut4_I0_O)        0.124  6677.651 r  u_core/u_store/mem_reg_i_84/O
                         net (fo=6, routed)           0.726  6678.377    u_core/u_store/u_fabric/r3206
    SLICE_X89Y79         LUT4 (Prop_lut4_I3_O)        0.124  6678.501 r  u_core/u_store/q_i_16__20/O
                         net (fo=7, routed)           1.153  6679.654    u_core/u_store/u_fabric/r2609
    SLICE_X108Y83        LUT5 (Prop_lut5_I1_O)        0.124  6679.778 r  u_core/u_store/mem_reg_i_395/O
                         net (fo=1, routed)           0.378  6680.157    u_core/u_store/mem_reg_i_395_n_0
    SLICE_X108Y83        LUT5 (Prop_lut5_I4_O)        0.124  6680.281 r  u_core/u_store/mem_reg_i_319/O
                         net (fo=2, routed)           0.775  6681.055    u_core/u_store/u_fabric/r2611
    SLICE_X109Y77        LUT5 (Prop_lut5_I0_O)        0.124  6681.179 r  u_core/u_store/q_i_44__22/O
                         net (fo=2, routed)           0.686  6681.865    u_core/u_store/q_i_44__22_n_0
    SLICE_X110Y77        LUT5 (Prop_lut5_I4_O)        0.124  6681.989 r  u_core/u_store/q_i_23__9/O
                         net (fo=10, routed)          0.947  6682.936    u_core/u_store/u_fabric/r3112
    SLICE_X109Y73        LUT6 (Prop_lut6_I0_O)        0.124  6683.060 r  u_core/u_store/capture_reg_i_10/O
                         net (fo=1, routed)           0.578  6683.638    u_core/u_store/capture_reg_i_10_n_0
    SLICE_X110Y73        LUT5 (Prop_lut5_I2_O)        0.124  6683.762 r  u_core/u_store/capture_reg_i_5__5/O
                         net (fo=13, routed)          0.625  6684.387    u_core/u_store/u_fabric/r3116
    SLICE_X104Y74        LUT4 (Prop_lut4_I2_O)        0.124  6684.511 r  u_core/u_store/mem_reg_i_318__0/O
                         net (fo=4, routed)           0.667  6685.178    u_core/u_store/u_fabric/r2794
    SLICE_X102Y70        LUT5 (Prop_lut5_I2_O)        0.124  6685.302 r  u_core/u_store/q_i_86__2/O
                         net (fo=1, routed)           0.000  6685.302    u_core/u_store/q_i_86__2_n_0
    SLICE_X102Y70        MUXF7 (Prop_muxf7_I1_O)      0.214  6685.516 r  u_core/u_store/q_reg_i_59__0/O
                         net (fo=2, routed)           0.711  6686.227    u_core/u_store/q_reg_i_59__0_n_0
    SLICE_X100Y72        LUT3 (Prop_lut3_I2_O)        0.289  6686.516 r  u_core/u_store/q_i_32__21/O
                         net (fo=11, routed)          0.807  6687.323    u_core/u_store/u_fabric/r3178
    SLICE_X100Y75        LUT5 (Prop_lut5_I0_O)        0.328  6687.651 r  u_core/u_store/mem_reg_i_372__0/O
                         net (fo=1, routed)           0.452  6688.103    u_core/u_store/mem_reg_i_372__0_n_0
    SLICE_X100Y75        LUT5 (Prop_lut5_I2_O)        0.124  6688.227 r  u_core/u_store/mem_reg_i_341/O
                         net (fo=2, routed)           0.869  6689.096    u_core/u_store/u_fabric/r2849
    SLICE_X110Y76        LUT5 (Prop_lut5_I0_O)        0.124  6689.220 r  u_core/u_store/capture_reg_i_7__6/O
                         net (fo=1, routed)           0.000  6689.220    u_core/u_store/capture_reg_i_7__6_n_0
    SLICE_X110Y76        MUXF7 (Prop_muxf7_I0_O)      0.212  6689.432 r  u_core/u_store/capture_reg_reg_i_6__0/O
                         net (fo=1, routed)           0.647  6690.079    u_core/u_store/capture_reg_reg_i_6__0_n_0
    SLICE_X111Y76        LUT6 (Prop_lut6_I5_O)        0.299  6690.378 r  u_core/u_store/capture_reg_i_5__3/O
                         net (fo=11, routed)          0.932  6691.310    u_core/u_store/u_fabric/r3093
    SLICE_X104Y81        LUT6 (Prop_lut6_I5_O)        0.124  6691.434 r  u_core/u_store/din_qa[16]_i_9/O
                         net (fo=5, routed)           0.971  6692.405    u_core/u_store/u_fabric/r2688
    SLICE_X94Y70         LUT5 (Prop_lut5_I0_O)        0.124  6692.529 r  u_core/u_store/din_qa[16]_i_7__0/O
                         net (fo=1, routed)           0.165  6692.694    u_core/u_store/din_qa[16]_i_7__0_n_0
    SLICE_X94Y70         LUT5 (Prop_lut5_I4_O)        0.124  6692.818 r  u_core/u_store/din_qa[16]_i_3__0/O
                         net (fo=18, routed)          0.840  6693.658    u_core/u_store/u_fabric/r3224
    SLICE_X87Y73         LUT6 (Prop_lut6_I3_O)        0.124  6693.782 r  u_core/u_store/q_i_90/O
                         net (fo=1, routed)           0.433  6694.215    u_core/u_store/q_i_90_n_0
    SLICE_X87Y73         LUT5 (Prop_lut5_I2_O)        0.124  6694.339 r  u_core/u_store/q_i_55__10/O
                         net (fo=5, routed)           1.063  6695.401    u_core/u_store/u_fabric/r2785
    SLICE_X100Y73        LUT5 (Prop_lut5_I1_O)        0.124  6695.525 r  u_core/u_store/q_i_27__8/O
                         net (fo=2, routed)           0.437  6695.962    u_core/u_store/q_i_27__8_n_0
    SLICE_X99Y71         LUT3 (Prop_lut3_I2_O)        0.124  6696.086 r  u_core/u_store/mem_reg_i_243__0/O
                         net (fo=5, routed)           0.604  6696.690    u_core/u_store/u_fabric/r3124
    SLICE_X100Y71        LUT2 (Prop_lut2_I0_O)        0.124  6696.814 r  u_core/u_store/mem_reg_i_158__0/O
                         net (fo=10, routed)          1.565  6698.379    u_core/u_store/u_fabric/r3028
    SLICE_X52Y70         LUT4 (Prop_lut4_I3_O)        0.124  6698.503 r  u_core/u_store/din_qa[17]_i_3/O
                         net (fo=15, routed)          1.226  6699.729    u_core/u_store/u_fabric/r3281
    SLICE_X45Y81         LUT4 (Prop_lut4_I0_O)        0.124  6699.854 r  u_core/u_store/q_i_11__22/O
                         net (fo=6, routed)           1.269  6701.123    u_core/u_store/u_fabric/r2880
    SLICE_X64Y90         LUT3 (Prop_lut3_I2_O)        0.124  6701.247 r  u_core/u_store/a_q[23]_i_61/O
                         net (fo=2, routed)           0.651  6701.898    u_core/u_store/a_q[23]_i_61_n_0
    SLICE_X64Y90         LUT5 (Prop_lut5_I4_O)        0.124  6702.022 r  u_core/u_store/a_q[23]_i_36/O
                         net (fo=1, routed)           0.159  6702.181    u_core/u_store/a_q[23]_i_36_n_0
    SLICE_X64Y90         LUT5 (Prop_lut5_I2_O)        0.124  6702.305 r  u_core/u_store/a_q[23]_i_15__0/O
                         net (fo=16, routed)          1.047  6703.352    u_core/u_store/u_fabric/r3309
    SLICE_X52Y79         LUT6 (Prop_lut6_I3_O)        0.124  6703.476 r  u_core/u_store/din_qa[3]_i_13/O
                         net (fo=1, routed)           0.643  6704.119    u_core/u_store/din_qa[3]_i_13_n_0
    SLICE_X52Y78         LUT5 (Prop_lut5_I2_O)        0.124  6704.243 r  u_core/u_store/din_qa[3]_i_10/O
                         net (fo=2, routed)           0.670  6704.913    u_core/u_store/u_fabric/r2731
    SLICE_X52Y74         LUT6 (Prop_lut6_I2_O)        0.124  6705.037 r  u_core/u_store/din_qa[3]_i_7/O
                         net (fo=1, routed)           0.433  6705.470    u_core/u_store/din_qa[3]_i_7_n_0
    SLICE_X52Y74         LUT5 (Prop_lut5_I2_O)        0.124  6705.594 r  u_core/u_store/din_qa[3]_i_3__0/O
                         net (fo=16, routed)          1.127  6706.720    u_core/u_store/u_fabric/r3280
    SLICE_X47Y80         LUT4 (Prop_lut4_I3_O)        0.124  6706.844 r  u_core/u_store/q_i_19__16/O
                         net (fo=7, routed)           0.673  6707.518    u_core/u_store/u_fabric/r2882
    SLICE_X52Y86         LUT5 (Prop_lut5_I4_O)        0.124  6707.642 r  u_core/u_store/q_i_43__18/O
                         net (fo=1, routed)           0.159  6707.800    u_core/u_store/q_i_43__18_n_0
    SLICE_X52Y86         LUT5 (Prop_lut5_I2_O)        0.124  6707.924 r  u_core/u_store/q_i_20__14/O
                         net (fo=15, routed)          1.749  6709.673    u_core/u_store/u_fabric/r3317
    SLICE_X82Y96         LUT3 (Prop_lut3_I2_O)        0.117  6709.791 r  u_core/u_store/c_q[35]_i_5/O
                         net (fo=2, routed)           0.459  6710.250    u_core/u_store/c_q[35]_i_5_n_0
    SLICE_X80Y96         LUT6 (Prop_lut6_I4_O)        0.348  6710.598 r  u_core/u_store/c_q[12]_i_11/O
                         net (fo=1, routed)           1.057  6711.655    u_core/u_store/c_q[12]_i_11_n_0
    SLICE_X86Y116        LUT6 (Prop_lut6_I5_O)        0.124  6711.779 r  u_core/u_store/c_q[12]_i_5/O
                         net (fo=13, routed)          1.290  6713.068    u_core/u_store/u_fabric/r2823
    SLICE_X54Y101        LUT4 (Prop_lut4_I0_O)        0.124  6713.192 r  u_core/u_store/c_q[12]_i_3__0/O
                         net (fo=1, routed)           0.541  6713.733    u_core/u_store/c_q[12]_i_3__0_n_0
    SLICE_X54Y101        LUT6 (Prop_lut6_I0_O)        0.124  6713.857 r  u_core/u_store/c_q[12]_i_2__0/O
                         net (fo=1, routed)           0.760  6714.617    u_core/u_store/u_fabric/r840
    SLICE_X60Y96         LUT3 (Prop_lut3_I2_O)        0.124  6714.741 r  u_core/u_store/c_q[12]_i_1/O
                         net (fo=2, routed)           0.458  6715.199    u_core/u_store/drive_reg[90][12]
    SLICE_X58Y95         LUT6 (Prop_lut6_I0_O)        0.124  6715.323 r  u_core/u_store/i__carry__2_i_12/O
                         net (fo=1, routed)           0.718  6716.041    u_core/u_fabric/u_dsp0/u_core/p_q_reg[15]_1
    SLICE_X55Y93         LUT4 (Prop_lut4_I3_O)        0.124  6716.165 r  u_core/u_fabric/u_dsp0/u_core/i__carry__2_i_8/O
                         net (fo=1, routed)           0.000  6716.165    u_core/u_fabric/u_dsp0/u_core/i__carry__2_i_8_n_0
    SLICE_X55Y93         CARRY4 (Prop_carry4_S[0]_O[0])
                                                      0.247  6716.412 r  u_core/u_fabric/u_dsp0/u_core/__10/i__carry__2/O[0]
                         net (fo=4, routed)           1.143  6717.555    u_core/u_store/b_q_reg[15]_i_5_0[0]
    SLICE_X81Y101        LUT6 (Prop_lut6_I3_O)        0.299  6717.854 r  u_core/u_store/d_q[21]_i_3/O
                         net (fo=9, routed)           0.752  6718.605    u_core/u_store/u_fabric/r3360
    SLICE_X89Y104        LUT4 (Prop_lut4_I3_O)        0.124  6718.729 r  u_core/u_store/q_i_49__24/O
                         net (fo=6, routed)           2.244  6720.974    u_core/u_store/u_fabric/r2719
    SLICE_X53Y74         LUT5 (Prop_lut5_I1_O)        0.124  6721.098 r  u_core/u_store/mem_reg_i_311__0/O
                         net (fo=1, routed)           0.000  6721.098    u_core/u_store/mem_reg_i_311__0_n_0
    SLICE_X53Y74         MUXF7 (Prop_muxf7_I0_O)      0.212  6721.310 r  u_core/u_store/mem_reg_i_216/O
                         net (fo=1, routed)           0.436  6721.747    u_core/u_store/mem_reg_i_216_n_0
    SLICE_X53Y74         LUT6 (Prop_lut6_I5_O)        0.299  6722.045 r  u_core/u_store/mem_reg_i_119/O
                         net (fo=9, routed)           1.456  6723.501    u_core/u_store/u_fabric/r3267
    SLICE_X62Y89         LUT4 (Prop_lut4_I2_O)        0.124  6723.625 r  u_core/u_store/q_i_17__28/O
                         net (fo=2, routed)           0.976  6724.601    u_core/u_store/u_fabric/r2638
    SLICE_X58Y82         LUT6 (Prop_lut6_I4_O)        0.124  6724.725 r  u_core/u_store/din_qa[5]_i_24/O
                         net (fo=1, routed)           0.423  6725.148    u_core/u_store/din_qa[5]_i_24_n_0
    SLICE_X58Y81         LUT5 (Prop_lut5_I2_O)        0.124  6725.272 r  u_core/u_store/din_qa[5]_i_16/O
                         net (fo=14, routed)          1.217  6726.489    u_core/u_store/u_fabric/r3330
    SLICE_X86Y92         LUT6 (Prop_lut6_I0_O)        0.124  6726.613 r  u_core/u_store/b_q[17]_i_37/O
                         net (fo=1, routed)           0.000  6726.613    u_core/u_store/b_q[17]_i_37_n_0
    SLICE_X86Y92         MUXF7 (Prop_muxf7_I1_O)      0.214  6726.827 r  u_core/u_store/b_q_reg[17]_i_30/O
                         net (fo=2, routed)           0.666  6727.494    u_core/u_store/b_q_reg[17]_i_30_n_0
    SLICE_X85Y92         LUT5 (Prop_lut5_I4_O)        0.297  6727.791 r  u_core/u_store/b_q[17]_i_15/O
                         net (fo=2, routed)           0.311  6728.102    u_core/u_store/b_q[17]_i_15_n_0
    SLICE_X84Y94         LUT5 (Prop_lut5_I0_O)        0.124  6728.226 r  u_core/u_store/b_q[17]_i_11__0/O
                         net (fo=1, routed)           0.158  6728.384    u_core/u_store/b_q[17]_i_11__0_n_0
    SLICE_X84Y94         LUT5 (Prop_lut5_I2_O)        0.124  6728.508 r  u_core/u_store/b_q[17]_i_6__0/O
                         net (fo=8, routed)           1.222  6729.730    u_core/u_store/u_fabric/r3400
    SLICE_X56Y100        LUT4 (Prop_lut4_I0_O)        0.124  6729.854 r  u_core/u_store/b_q[8]_i_3/O
                         net (fo=1, routed)           0.635  6730.489    u_core/u_store/b_q[8]_i_3_n_0
    SLICE_X56Y100        LUT6 (Prop_lut6_I0_O)        0.124  6730.613 r  u_core/u_store/b_q[8]_i_2/O
                         net (fo=1, routed)           1.079  6731.692    u_core/u_store/u_fabric/r2054
    SLICE_X44Y91         LUT3 (Prop_lut3_I2_O)        0.120  6731.812 r  u_core/u_store/b_q[8]_i_1__0/O
                         net (fo=2, routed)           0.755  6732.567    u_core/u_dsp1/b_v[8]
    SLICE_X42Y94         LUT3 (Prop_lut3_I2_O)        0.327  6732.894 r  u_core/m_c_i_10__0/O
                         net (fo=1, routed)           0.580  6733.474    u_core/u_fabric/u_dsp1/u_core/m_c_1[8]
    DSP48_X2Y37          DSP48E1 (Prop_dsp48e1_B[8]_P[40])
                                                      3.656  6737.130 r  u_core/u_fabric/u_dsp1/u_core/m_c/P[40]
                         net (fo=2, routed)           1.091  6738.221    u_core/u_fabric/u_dsp1/u_core/m_c__0[40]
    SLICE_X40Y90         LUT3 (Prop_lut3_I2_O)        0.150  6738.371 r  u_core/u_fabric/u_dsp1/u_core/i__carry__9_i_4__0/O
                         net (fo=2, routed)           0.952  6739.322    u_core/u_store/m_x[40]
    SLICE_X49Y100        LUT5 (Prop_lut5_I0_O)        0.332  6739.654 r  u_core/u_store/i__carry__9_i_8__0/O
                         net (fo=1, routed)           0.000  6739.654    u_core/u_fabric/u_dsp1/u_core/p_q_reg[43]_1[0]
    SLICE_X49Y100        CARRY4 (Prop_carry4_S[0]_O[1])
                                                      0.424  6740.078 r  u_core/u_fabric/u_dsp1/u_core/__10/i__carry__9/O[1]
                         net (fo=4, routed)           0.980  6741.058    u_core/u_fabric/u_dsp1/u_core/D[3]
    SLICE_X50Y101        LUT5 (Prop_lut5_I2_O)        0.329  6741.387 r  u_core/u_fabric/u_dsp1/u_core/sr[89]_i_1/O
                         net (fo=1, routed)           0.633  6742.021    u_core/u_dsp_jtag/sr_reg[95]_1[89]
    SLICE_X50Y101        FDRE                                         r  u_core/u_dsp_jtag/sr_reg[89]/D
  -------------------------------------------------------------------    -------------------

                         (clock tck rise edge)    10000.000 10000.000 r  
    U18                                               0.000 10000.000 r  tck (IN)
                         net (fo=0)                   0.000 10000.000    tck
    U18                  IBUF (Prop_ibuf_I_O)         1.428 10001.428 r  tck_IBUF_inst/O
                         net (fo=1, routed)           2.006 10003.434    tck_IBUF
    BUFGCTRL_X0Y16       BUFG (Prop_bufg_I_O)         0.091 10003.524 r  bufg_tck/O
                         net (fo=10056, routed)       1.641 10005.165    u_core/u_dsp_jtag/tck_g
    SLICE_X50Y101        FDRE                                         r  u_core/u_dsp_jtag/sr_reg[89]/C
                         clock pessimism              0.294 10005.459    
                         clock uncertainty           -0.035 10005.424    
    SLICE_X50Y101        FDRE (Setup_fdre_C_D)       -0.249 10005.175    u_core/u_dsp_jtag/sr_reg[89]
  -------------------------------------------------------------------
                         required time                      10005.175    
                         arrival time                       -6742.217    
  -------------------------------------------------------------------
                         slack                               3262.958    





Min Delay Paths
--------------------------------------------------------------------------------------
Slack (MET) :             0.065ns  (arrival time - required time)
  Source:                 u_core/u_dsp_jtag/sr_reg[109]/C
                            (rising edge-triggered cell FDRE clocked by tck  {rise@0.000ns fall@5000.000ns period=10000.000ns})
  Destination:            u_core/u_dsp_jtag/sr_reg[108]/D
                            (rising edge-triggered cell FDRE clocked by tck  {rise@0.000ns fall@5000.000ns period=10000.000ns})
  Path Group:             tck
  Path Type:              Hold (Min at Fast Process Corner)
  Requirement:            0.000ns  (tck rise@0.000ns - tck rise@0.000ns)
  Data Path Delay:        0.398ns  (logic 0.141ns (35.396%)  route 0.257ns (64.604%))
  Logic Levels:           0  
  Clock Path Skew:        0.267ns (DCD - SCD - CPR)
    Destination Clock Delay (DCD):    2.038ns
    Source Clock Delay      (SCD):    1.518ns
    Clock Pessimism Removal (CPR):    0.253ns

    Location             Delay type                Incr(ns)  Path(ns)    Netlist Resource(s)
  -------------------------------------------------------------------    -------------------
                         (clock tck rise edge)        0.000     0.000 r  
    U18                                               0.000     0.000 r  tck (IN)
                         net (fo=0)                   0.000     0.000    tck
    U18                  IBUF (Prop_ibuf_I_O)         0.266     0.266 r  tck_IBUF_inst/O
                         net (fo=1, routed)           0.674     0.940    tck_IBUF
    BUFGCTRL_X0Y16       BUFG (Prop_bufg_I_O)         0.026     0.966 r  bufg_tck/O
                         net (fo=10056, routed)       0.552     1.518    u_core/u_dsp_jtag/tck_g
    SLICE_X51Y93         FDRE                                         r  u_core/u_dsp_jtag/sr_reg[109]/C
  -------------------------------------------------------------------    -------------------
    SLICE_X51Y93         FDRE (Prop_fdre_C_Q)         0.141     1.659 r  u_core/u_dsp_jtag/sr_reg[109]/Q
                         net (fo=2, routed)           0.257     1.916    u_core/u_dsp_jtag/sr_reg_n_0_[109]
    SLICE_X47Y95         FDRE                                         r  u_core/u_dsp_jtag/sr_reg[108]/D
  -------------------------------------------------------------------    -------------------

                         (clock tck rise edge)        0.000     0.000 r  
    U18                                               0.000     0.000 r  tck (IN)
                         net (fo=0)                   0.000     0.000    tck
    U18                  IBUF (Prop_ibuf_I_O)         0.454     0.454 r  tck_IBUF_inst/O
                         net (fo=1, routed)           0.731     1.185    tck_IBUF
    BUFGCTRL_X0Y16       BUFG (Prop_bufg_I_O)         0.029     1.214 r  bufg_tck/O
                         net (fo=10056, routed)       0.824     2.038    u_core/u_dsp_jtag/tck_g
    SLICE_X47Y95         FDRE                                         r  u_core/u_dsp_jtag/sr_reg[108]/C
                         clock pessimism             -0.253     1.785    
    SLICE_X47Y95         FDRE (Hold_fdre_C_D)         0.066     1.851    u_core/u_dsp_jtag/sr_reg[108]
  -------------------------------------------------------------------
                         required time                         -1.851    
                         arrival time                           1.916    
  -------------------------------------------------------------------
                         slack                                  0.065    





Pulse Width Checks
--------------------------------------------------------------------------------------
Clock Name:         tck
Waveform(ns):       { 0.000 5000.000 }
Period(ns):         10000.000
Sources:            { tck }

Check Type        Corner  Lib Pin     Reference Pin  Required(ns)  Actual(ns)  Slack(ns)  Location        Pin
Min Period        n/a     BUFG/I      n/a            2.155         10000.000   9997.845   BUFGCTRL_X0Y16  bufg_tck/I
Low Pulse Width   Slow    SRL16E/CLK  n/a            0.980         4999.999    4999.019   SLICE_X108Y57   u_core/u_tap/idcode_dr_reg[10]_srl2___u_core_u_tap_usercode_dr_reg_r_0/CLK
High Pulse Width  Slow    SRL16E/CLK  n/a            0.980         5000.000    4999.020   SLICE_X108Y57   u_core/u_tap/idcode_dr_reg[10]_srl2___u_core_u_tap_usercode_dr_reg_r_0/CLK



