
*** Running vivado
    with args -log fpga4x4_top.vds -m64 -product Vivado -mode batch -messageDb vivado.pb -notrace -source fpga4x4_top.tcl



****** Vivado v2025.2 (64-bit)
  **** SW Build 6299465 on Fri Nov 14 19:35:11 GMT 2025
  **** IP Build 6300035 on Fri Nov 14 10:48:45 MST 2025
  **** SharedData Build 6298862 on Thu Nov 13 04:50:51 MST 2025
  **** Start of session at: Mon Sep 14 03:59:05 2026
    ** Copyright 1986-2022 Xilinx, Inc. All Rights Reserved.
    ** Copyright 2022-2025 Advanced Micro Devices, Inc. All Rights Reserved.

source fpga4x4_top.tcl -notrace
create_project: Time (s): cpu = 00:00:12 ; elapsed = 00:00:08 . Memory (MB): peak = 629.160 ; gain = 221.750
Command: synth_design -top fpga4x4_top -part xc7z020clg400-1
Starting synth_design
Attempting to get a license for feature 'Synthesis' and/or device 'xc7z020'
INFO: [Common 17-349] Got license for feature 'Synthesis' and/or device 'xc7z020'
INFO: [Device 21-403] Loading part xc7z020clg400-1
INFO: [Synth 8-7079] Multithreading enabled for synth_design using a maximum of 2 processes.
INFO: [Synth 8-7078] Launching helper process for spawning children vivado processes
INFO: [Synth 8-7075] Helper process launched with PID 5464
---------------------------------------------------------------------------------
Starting RTL Elaboration : Time (s): cpu = 00:00:08 ; elapsed = 00:00:11 . Memory (MB): peak = 1408.488 ; gain = 541.801
---------------------------------------------------------------------------------
INFO: [Synth 8-6157] synthesizing module 'fpga4x4_top' [E:/bob_full_v1/hw/src/top/fpga4x4_top.v:12]
	Parameter IDCODE_VALUE bound to: 32'b00111011111011101111000010010011 
INFO: [Synth 8-6157] synthesizing module 'BUFG' [E:/amd/2025.2/Vivado/scripts/rt/data/unisim_comp.v:2678]
INFO: [Synth 8-6155] done synthesizing module 'BUFG' (0#1) [E:/amd/2025.2/Vivado/scripts/rt/data/unisim_comp.v:2678]
INFO: [Synth 8-6157] synthesizing module 'fpga4x4' [E:/bob_full_v1/hw/src/fabric/fpga4x4.v:35]
	Parameter IDCODE_VALUE bound to: 32'b00111011111011101111000010010011 
INFO: [Synth 8-6157] synthesizing module 'bsc_cell' [E:/bob_full_v1/hw/src/core/bsc_cell.v:76]
INFO: [Synth 8-6155] done synthesizing module 'bsc_cell' (0#1) [E:/bob_full_v1/hw/src/core/bsc_cell.v:76]
INFO: [Synth 8-6157] synthesizing module 'jtag_tap' [E:/bob_full_v1/hw/src/core/jtag_tap.v:26]
	Parameter IDCODE_VALUE bound to: 32'b00111011111011101111000010010011 
	Parameter CFG_W bound to: 2896 - type: integer 
	Parameter STATUS_W bound to: 16 - type: integer 
INFO: [Synth 8-226] default block is never used [E:/bob_full_v1/hw/src/core/jtag_tap.v:147]
INFO: [Synth 8-6155] done synthesizing module 'jtag_tap' (0#1) [E:/bob_full_v1/hw/src/core/jtag_tap.v:26]
INFO: [Synth 8-6157] synthesizing module 'fabric' [E:/bob_full_v1/hw/src/fabric/fabric.v:25]
	Parameter GRID_R bound to: 4 - type: integer 
	Parameter GRID_C bound to: 4 - type: integer 
	Parameter NTRACK bound to: 4 - type: integer 
	Parameter TILE_W bound to: 181 - type: integer 
INFO: [Synth 8-6157] synthesizing module 'tile' [E:/bob_full_v1/hw/src/clb/tile.v:29]
	Parameter NTRACK bound to: 4 - type: integer 
INFO: [Synth 8-6157] synthesizing module 'mux_bank' [E:/bob_full_v1/hw/src/clb/mux_bank.v:20]
	Parameter N bound to: 6 - type: integer 
	Parameter SELW bound to: 5 - type: integer 
	Parameter NSRC bound to: 20 - type: integer 
INFO: [Synth 8-6155] done synthesizing module 'mux_bank' (0#1) [E:/bob_full_v1/hw/src/clb/mux_bank.v:20]
INFO: [Synth 8-6157] synthesizing module 'mux_bank__parameterized0' [E:/bob_full_v1/hw/src/clb/mux_bank.v:20]
	Parameter N bound to: 16 - type: integer 
	Parameter SELW bound to: 5 - type: integer 
	Parameter NSRC bound to: 20 - type: integer 
INFO: [Synth 8-6155] done synthesizing module 'mux_bank__parameterized0' (0#1) [E:/bob_full_v1/hw/src/clb/mux_bank.v:20]
INFO: [Synth 8-6157] synthesizing module 'clb' [E:/bob_full_v1/hw/src/clb/clb.sv:10]
INFO: [Synth 8-6157] synthesizing module 'lut6' [E:/bob_full_v1/hw/src/clb/lut6.sv:10]
INFO: [Synth 8-6155] done synthesizing module 'lut6' (0#1) [E:/bob_full_v1/hw/src/clb/lut6.sv:10]
INFO: [Synth 8-6155] done synthesizing module 'clb' (0#1) [E:/bob_full_v1/hw/src/clb/clb.sv:10]
INFO: [Synth 8-6155] done synthesizing module 'tile' (0#1) [E:/bob_full_v1/hw/src/clb/tile.v:29]
INFO: [Synth 8-6155] done synthesizing module 'fabric' (0#1) [E:/bob_full_v1/hw/src/fabric/fabric.v:25]
INFO: [Synth 8-6155] done synthesizing module 'fpga4x4' (0#1) [E:/bob_full_v1/hw/src/fabric/fpga4x4.v:35]
INFO: [Synth 8-6155] done synthesizing module 'fpga4x4_top' (0#1) [E:/bob_full_v1/hw/src/top/fpga4x4_top.v:12]
---------------------------------------------------------------------------------
Finished RTL Elaboration : Time (s): cpu = 00:00:11 ; elapsed = 00:00:15 . Memory (MB): peak = 1537.957 ; gain = 671.270
---------------------------------------------------------------------------------
---------------------------------------------------------------------------------
Start Handling Custom Attributes
---------------------------------------------------------------------------------
---------------------------------------------------------------------------------
Finished Handling Custom Attributes : Time (s): cpu = 00:00:11 ; elapsed = 00:00:16 . Memory (MB): peak = 1537.957 ; gain = 671.270
---------------------------------------------------------------------------------
---------------------------------------------------------------------------------
Finished RTL Optimization Phase 1 : Time (s): cpu = 00:00:11 ; elapsed = 00:00:16 . Memory (MB): peak = 1537.957 ; gain = 671.270
---------------------------------------------------------------------------------
Netlist sorting complete. Time (s): cpu = 00:00:00 ; elapsed = 00:00:00.185 . Memory (MB): peak = 1537.957 ; gain = 0.000
INFO: [Project 1-570] Preparing netlist for logic optimization

Processing XDC Constraints
Initializing timing engine
Parsing XDC File [E:/bob_full_v1/hw/constr/pynq_z2.xdc]
Finished Parsing XDC File [E:/bob_full_v1/hw/constr/pynq_z2.xdc]
INFO: [Project 1-236] Implementation specific constraints were found while reading constraint file [E:/bob_full_v1/hw/constr/pynq_z2.xdc]. These constraints will be ignored for synthesis but will be used in implementation. Impacted constraints are listed in the file [.Xil/fpga4x4_top_propImpl.xdc].
Resolution: To avoid this warning, move constraints listed in [.Xil/fpga4x4_top_propImpl.xdc] to another XDC file and exclude this new file from synthesis with the used_in_synthesis property (File Properties dialog in GUI) and re-run elaboration/synthesis.
Completed Processing XDC Constraints

Netlist sorting complete. Time (s): cpu = 00:00:00 ; elapsed = 00:00:00.007 . Memory (MB): peak = 1622.848 ; gain = 0.000
INFO: [Project 1-111] Unisim Transformation Summary:
No Unisim elements were transformed.

Constraint Validation Runtime : Time (s): cpu = 00:00:00 ; elapsed = 00:00:00.106 . Memory (MB): peak = 1622.848 ; gain = 0.000
---------------------------------------------------------------------------------
Finished Constraint Validation : Time (s): cpu = 00:00:28 ; elapsed = 00:00:33 . Memory (MB): peak = 1622.848 ; gain = 756.160
---------------------------------------------------------------------------------
---------------------------------------------------------------------------------
Start Loading Part and Timing Information
---------------------------------------------------------------------------------
Loading part: xc7z020clg400-1
---------------------------------------------------------------------------------
Finished Loading Part and Timing Information : Time (s): cpu = 00:00:28 ; elapsed = 00:00:33 . Memory (MB): peak = 1622.848 ; gain = 756.160
---------------------------------------------------------------------------------
---------------------------------------------------------------------------------
Start Applying 'set_property' XDC Constraints
---------------------------------------------------------------------------------
---------------------------------------------------------------------------------
Finished applying 'set_property' XDC Constraints : Time (s): cpu = 00:00:28 ; elapsed = 00:00:33 . Memory (MB): peak = 1622.848 ; gain = 756.160
---------------------------------------------------------------------------------
WARNING: [Synth 8-3936] Found unconnected internal register 'user_out_reg' and it is trimmed from '32' to '5' bits. [E:/bob_full_v1/hw/src/core/jtag_tap.v:234]
INFO: [Synth 8-802] inferred FSM for state register 'state_reg' in module 'jtag_tap'
---------------------------------------------------------------------------------------------------
                   State |                     New Encoding |                Previous Encoding 
---------------------------------------------------------------------------------------------------
        TEST_LOGIC_RESET |                             1111 |                             1111
           RUN_TEST_IDLE |                             1100 |                             1100
               SELECT_DR |                             0111 |                             0111
               SELECT_IR |                             0100 |                             0100
              CAPTURE_IR |                             1110 |                             1110
                SHIFT_IR |                             1010 |                             1010
                EXIT1_IR |                             1001 |                             1001
                PAUSE_IR |                             1011 |                             1011
                EXIT2_IR |                             1000 |                             1000
               UPDATE_IR |                             1101 |                             1101
              CAPTURE_DR |                             0110 |                             0110
                SHIFT_DR |                             0010 |                             0010
                EXIT1_DR |                             0001 |                             0001
                PAUSE_DR |                             0011 |                             0011
                EXIT2_DR |                             0000 |                             0000
               UPDATE_DR |                             0101 |                             0101
---------------------------------------------------------------------------------------------------
INFO: [Synth 8-3354] encoded FSM with state register 'state_reg' using encoding 'User encoding' in module 'jtag_tap'
WARNING: [Synth 8-13157] FSM with state register 'state_reg' is not having reset. This may cause incorrect behavior. User should consider using FSM_SAFE_STATE attribute on the register
---------------------------------------------------------------------------------
Finished RTL Optimization Phase 2 : Time (s): cpu = 00:00:29 ; elapsed = 00:00:35 . Memory (MB): peak = 1622.848 ; gain = 756.160
---------------------------------------------------------------------------------
---------------------------------------------------------------------------------
Start RTL Component Statistics 
---------------------------------------------------------------------------------
Detailed RTL Component Info : 
+---XORs : 
	   2 Input      1 Bit         XORs := 16    
+---Registers : 
	             2896 Bit    Registers := 2     
	               32 Bit    Registers := 2     
	                5 Bit    Registers := 1     
	                4 Bit    Registers := 2     
	                1 Bit    Registers := 38    
+---Muxes : 
	   2 Input 2896 Bit        Muxes := 1     
	   2 Input   32 Bit        Muxes := 1     
	  16 Input    4 Bit        Muxes := 1     
	   2 Input    4 Bit        Muxes := 16    
	   2 Input    1 Bit        Muxes := 1690  
	   3 Input    1 Bit        Muxes := 1     
---------------------------------------------------------------------------------
Finished RTL Component Statistics 
---------------------------------------------------------------------------------
---------------------------------------------------------------------------------
Start Part Resource Summary
---------------------------------------------------------------------------------
Part Resources:
DSPs: 220 (col length:60)
BRAMs: 280 (col length: RAMB18 60 RAMB36 30)
---------------------------------------------------------------------------------
Finished Part Resource Summary
---------------------------------------------------------------------------------
---------------------------------------------------------------------------------
Start Cross Boundary and Area Optimization
---------------------------------------------------------------------------------
---------------------------------------------------------------------------------
Finished Cross Boundary and Area Optimization : Time (s): cpu = 00:01:19 ; elapsed = 00:01:41 . Memory (MB): peak = 2842.234 ; gain = 1975.547
---------------------------------------------------------------------------------
---------------------------------------------------------------------------------
Start Applying XDC Timing Constraints
---------------------------------------------------------------------------------
---------------------------------------------------------------------------------
Finished Applying XDC Timing Constraints : Time (s): cpu = 00:01:38 ; elapsed = 00:02:01 . Memory (MB): peak = 2842.234 ; gain = 1975.547
---------------------------------------------------------------------------------
---------------------------------------------------------------------------------
Start Timing Optimization
---------------------------------------------------------------------------------
      : \u_core/u_fabric /\g_row[0].g_col[0].u_tile /i_1/I72[7]
      : \u_core/u_fabric /\g_row[0].g_col[0].u_tile /in_e[3]
      : \u_core/u_fabric /\g_row[0].g_col[1].u_tile /out_w[3]
      : \u_core/u_fabric /\g_row[0].g_col[1].u_tile /i_1/o[15]
      : \u_core/u_fabric /\g_row[0].g_col[1].u_tile /i_1/I72[13]
      : \u_core/u_fabric /\g_row[0].g_col[1].u_tile /in_w[1]
      : \u_core/u_fabric /\g_row[0].g_col[0].u_tile /out_e[1]
      : \u_core/u_fabric /\g_row[0].g_col[0].u_tile /i_1/o[5]
      : \u_core/u_fabric /\g_row[0].g_col[1].u_tile /i_1/I72[13]
      : \u_core/u_fabric /\g_row[0].g_col[1].u_tile /in_w[1]
      : \u_core/u_fabric /\g_row[0].g_col[0].u_tile /out_e[1]
      : \u_core/u_fabric /\g_row[0].g_col[0].u_tile /i_1/o[5]
      : \u_core/u_fabric /\g_row[0].g_col[0].u_tile /i_1/I72[5]
      : \u_core/u_fabric /\g_row[0].g_col[0].u_tile /in_e[1]
      : \u_core/u_fabric /\g_row[0].g_col[1].u_tile /out_w[1]
      : \u_core/u_fabric /\g_row[0].g_col[1].u_tile /i_1/o[13]
      : \u_core/u_fabric /\g_row[0].g_col[1].u_tile /i_1/I72[13]
      : \u_core/u_fabric /\g_row[0].g_col[1].u_tile /in_w[1]
      : \u_core/u_fabric /\g_row[0].g_col[0].u_tile /out_e[1]
      : \u_core/u_fabric /\g_row[0].g_col[0].u_tile /i_1/o[5]
      : \u_core/u_fabric /\g_row[0].g_col[0].u_tile /i_1/I72[7]
      : \u_core/u_fabric /\g_row[0].g_col[0].u_tile /in_e[3]
      : \u_core/u_fabric /\g_row[0].g_col[1].u_tile /out_w[3]
      : \u_core/u_fabric /\g_row[0].g_col[1].u_tile /i_1/o[15]
      : \u_core/u_fabric /\g_row[0].g_col[1].u_tile /i_1/I72[15]
      : \u_core/u_fabric /\g_row[0].g_col[1].u_tile /in_w[3]
      : \u_core/u_fabric /\g_row[0].g_col[0].u_tile /out_e[3]
      : \u_core/u_fabric /\g_row[0].g_col[0].u_tile /i_1/o[7]
      : \u_core/u_fabric /\g_row[0].g_col[1].u_tile /i_1/I72[15]
      : \u_core/u_fabric /\g_row[0].g_col[1].u_tile /in_w[3]
      : \u_core/u_fabric /\g_row[0].g_col[0].u_tile /out_e[3]
      : \u_core/u_fabric /\g_row[0].g_col[0].u_tile /i_1/o[7]
      : \u_core/u_fabric /\g_row[0].g_col[0].u_tile /i_1/I72[5]
      : \u_core/u_fabric /\g_row[0].g_col[0].u_tile /in_e[1]
      : \u_core/u_fabric /\g_row[0].g_col[1].u_tile /out_w[1]
      : \u_core/u_fabric /\g_row[0].g_col[1].u_tile /i_1/o[13]
      : \u_core/u_fabric /\g_row[0].g_col[0].u_tile /i_1/I72[3]
      : \u_core/u_fabric /\g_row[0].g_col[0].u_tile /in_n[3]
      : \u_core/u_fabric /\g_row[1].g_col[0].u_tile /out_s[3]
      : \u_core/u_fabric /\g_row[1].g_col[0].u_tile /i_1/o[11]
      : \u_core/u_fabric /\g_row[1].g_col[0].u_tile /i_1/I72[11]
      : \u_core/u_fabric /\g_row[1].g_col[0].u_tile /in_s[3]
      : \u_core/u_fabric /\g_row[0].g_col[0].u_tile /out_n[3]
      : \u_core/u_fabric /\g_row[0].g_col[0].u_tile /i_1/o[3]
      : \u_core/u_fabric /\g_row[1].g_col[0].u_tile /i_1/I72[9]
      : \u_core/u_fabric /\g_row[1].g_col[0].u_tile /in_s[1]
      : \u_core/u_fabric /\g_row[0].g_col[0].u_tile /out_n[1]
      : \u_core/u_fabric /\g_row[0].g_col[0].u_tile /i_1/o[1]
      : \u_core/u_fabric /\g_row[0].g_col[0].u_tile /i_1/I72[3]
      : \u_core/u_fabric /\g_row[0].g_col[0].u_tile /in_n[3]
      : \u_core/u_fabric /\g_row[1].g_col[0].u_tile /out_s[3]
      : \u_core/u_fabric /\g_row[1].g_col[0].u_tile /i_1/o[11]
      : \u_core/u_fabric /\g_row[0].g_col[0].u_tile /i_1/I72[3]
      : \u_core/u_fabric /\g_row[0].g_col[0].u_tile /in_n[3]
      : \u_core/u_fabric /\g_row[1].g_col[0].u_tile /out_s[3]
      : \u_core/u_fabric /\g_row[1].g_col[0].u_tile /i_1/o[11]
      : \u_core/u_fabric /\g_row[1].g_col[0].u_tile /i_1/I72[11]
      : \u_core/u_fabric /\g_row[1].g_col[0].u_tile /in_s[3]
      : \u_core/u_fabric /\g_row[0].g_col[0].u_tile /out_n[3]
      : \u_core/u_fabric /\g_row[0].g_col[0].u_tile /i_1/o[3]
      : \u_core/u_fabric /\g_row[0].g_col[0].u_tile /i_1/I72[1]
      : \u_core/u_fabric /\g_row[0].g_col[0].u_tile /in_n[1]
      : \u_core/u_fabric /\g_row[1].g_col[0].u_tile /out_s[1]
      : \u_core/u_fabric /\g_row[1].g_col[0].u_tile /i_1/o[9]
      : \u_core/u_fabric /\g_row[1].g_col[1].u_tile /i_1/I72[13]
      : \u_core/u_fabric /\g_row[1].g_col[1].u_tile /in_w[1]
      : \u_core/u_fabric /\g_row[1].g_col[0].u_tile /out_e[1]
      : \u_core/u_fabric /\g_row[1].g_col[0].u_tile /i_1/o[5]
      : \u_core/u_fabric /\g_row[1].g_col[0].u_tile /i_1/I72[7]
      : \u_core/u_fabric /\g_row[1].g_col[0].u_tile /in_e[3]
      : \u_core/u_fabric /\g_row[1].g_col[1].u_tile /out_w[3]
      : \u_core/u_fabric /\g_row[1].g_col[1].u_tile /i_1/o[15]
      : \u_core/u_fabric /\g_row[1].g_col[0].u_tile /i_1/I72[7]
      : \u_core/u_fabric /\g_row[1].g_col[0].u_tile /in_e[3]
      : \u_core/u_fabric /\g_row[1].g_col[1].u_tile /out_w[3]
      : \u_core/u_fabric /\g_row[1].g_col[1].u_tile /i_1/o[15]
      : \u_core/u_fabric /\g_row[1].g_col[1].u_tile /i_1/I72[13]
      : \u_core/u_fabric /\g_row[1].g_col[1].u_tile /in_w[1]
      : \u_core/u_fabric /\g_row[1].g_col[0].u_tile /out_e[1]
      : \u_core/u_fabric /\g_row[1].g_col[0].u_tile /i_1/o[5]
      : \u_core/u_fabric /\g_row[1].g_col[0].u_tile /i_1/I72[5]
      : \u_core/u_fabric /\g_row[1].g_col[0].u_tile /in_e[1]
      : \u_core/u_fabric /\g_row[1].g_col[1].u_tile /out_w[1]
      : \u_core/u_fabric /\g_row[1].g_col[1].u_tile /i_1/o[13]
      : \u_core/u_fabric /\g_row[1].g_col[1].u_tile /i_1/I72[13]
      : \u_core/u_fabric /\g_row[1].g_col[1].u_tile /in_w[1]
      : \u_core/u_fabric /\g_row[1].g_col[0].u_tile /out_e[1]
      : \u_core/u_fabric /\g_row[1].g_col[0].u_tile /i_1/o[5]
      : \u_core/u_fabric /\g_row[1].g_col[1].u_tile /i_1/I72[15]
      : \u_core/u_fabric /\g_row[1].g_col[1].u_tile /in_w[3]
      : \u_core/u_fabric /\g_row[1].g_col[0].u_tile /out_e[3]
      : \u_core/u_fabric /\g_row[1].g_col[0].u_tile /i_1/o[7]
      : \u_core/u_fabric /\g_row[1].g_col[0].u_tile /i_1/I72[5]
      : \u_core/u_fabric /\g_row[1].g_col[0].u_tile /in_e[1]
      : \u_core/u_fabric /\g_row[1].g_col[1].u_tile /out_w[1]
      : \u_core/u_fabric /\g_row[1].g_col[1].u_tile /i_1/o[13]
      : \u_core/u_fabric /\g_row[1].g_col[0].u_tile /i_1/I72[5]
      : \u_core/u_fabric /\g_row[1].g_col[0].u_tile /in_e[1]
      : \u_core/u_fabric /\g_row[1].g_col[1].u_tile /out_w[1]
      : \u_core/u_fabric /\g_row[1].g_col[1].u_tile /i_1/o[13]
      : \u_core/u_fabric /\g_row[1].g_col[1].u_tile /i_1/I72[15]
      : \u_core/u_fabric /\g_row[1].g_col[1].u_tile /in_w[3]
      : \u_core/u_fabric /\g_row[1].g_col[0].u_tile /out_e[3]
      : \u_core/u_fabric /\g_row[1].g_col[0].u_tile /i_1/o[7]
      : \u_core/u_fabric /\g_row[1].g_col[0].u_tile /i_1/I72[11]
      : \u_core/u_fabric /\g_row[1].g_col[0].u_tile /in_s[3]
      : \u_core/u_fabric /\g_row[0].g_col[0].u_tile /out_n[3]
      : \u_core/u_fabric /\g_row[0].g_col[0].u_tile /i_1/o[3]
      : \u_core/u_fabric /\g_row[2].g_col[0].u_tile /i_1/I72[11]
      : \u_core/u_fabric /\g_row[2].g_col[0].u_tile /in_s[3]
      : \u_core/u_fabric /\g_row[1].g_col[0].u_tile /out_n[3]
      : \u_core/u_fabric /\g_row[1].g_col[0].u_tile /i_1/o[3]
      : \u_core/u_fabric /\g_row[1].g_col[0].u_tile /i_1/I72[3]
      : \u_core/u_fabric /\g_row[1].g_col[0].u_tile /in_n[3]
      : \u_core/u_fabric /\g_row[2].g_col[0].u_tile /out_s[3]
      : \u_core/u_fabric /\g_row[2].g_col[0].u_tile /i_1/o[11]
      : \u_core/u_fabric /\g_row[2].g_col[0].u_tile /i_1/I72[9]
      : \u_core/u_fabric /\g_row[2].g_col[0].u_tile /in_s[1]
      : \u_core/u_fabric /\g_row[1].g_col[0].u_tile /out_n[1]
      : \u_core/u_fabric /\g_row[1].g_col[0].u_tile /i_1/o[1]
      : \u_core/u_fabric /\g_row[1].g_col[0].u_tile /i_1/I72[3]
      : \u_core/u_fabric /\g_row[1].g_col[0].u_tile /in_n[3]
      : \u_core/u_fabric /\g_row[2].g_col[0].u_tile /out_s[3]
      : \u_core/u_fabric /\g_row[2].g_col[0].u_tile /i_1/o[11]
      : \u_core/u_fabric /\g_row[1].g_col[0].u_tile /i_1/I72[1]
      : \u_core/u_fabric /\g_row[1].g_col[0].u_tile /in_n[1]
      : \u_core/u_fabric /\g_row[2].g_col[0].u_tile /out_s[1]
      : \u_core/u_fabric /\g_row[2].g_col[0].u_tile /i_1/o[9]
      : \u_core/u_fabric /\g_row[2].g_col[0].u_tile /i_1/I72[9]
      : \u_core/u_fabric /\g_row[2].g_col[0].u_tile /in_s[1]
      : \u_core/u_fabric /\g_row[1].g_col[0].u_tile /out_n[1]
      : \u_core/u_fabric /\g_row[1].g_col[0].u_tile /i_1/o[1]
      : \u_core/u_fabric /\g_row[2].g_col[0].u_tile /i_1/I72[9]
      : \u_core/u_fabric /\g_row[2].g_col[0].u_tile /in_s[1]
      : \u_core/u_fabric /\g_row[1].g_col[0].u_tile /out_n[1]
      : \u_core/u_fabric /\g_row[1].g_col[0].u_tile /i_1/o[1]
      : \u_core/u_fabric /\g_row[1].g_col[0].u_tile /i_1/I72[1]
      : \u_core/u_fabric /\g_row[1].g_col[0].u_tile /in_n[1]
      : \u_core/u_fabric /\g_row[2].g_col[0].u_tile /out_s[1]
      : \u_core/u_fabric /\g_row[2].g_col[0].u_tile /i_1/o[9]
      : \u_core/u_fabric /\g_row[2].g_col[0].u_tile /i_1/I72[11]
      : \u_core/u_fabric /\g_row[2].g_col[0].u_tile /in_s[3]
      : \u_core/u_fabric /\g_row[1].g_col[0].u_tile /out_n[3]
      : \u_core/u_fabric /\g_row[1].g_col[0].u_tile /i_1/o[3]
      : \u_core/u_fabric /\g_row[2].g_col[1].u_tile /i_1/I72[13]
      : \u_core/u_fabric /\g_row[2].g_col[1].u_tile /in_w[1]
      : \u_core/u_fabric /\g_row[2].g_col[0].u_tile /out_e[1]
      : \u_core/u_fabric /\g_row[2].g_col[0].u_tile /i_1/o[5]
      : \u_core/u_fabric /\g_row[2].g_col[0].u_tile /i_1/I72[7]
      : \u_core/u_fabric /\g_row[2].g_col[0].u_tile /in_e[3]
      : \u_core/u_fabric /\g_row[2].g_col[1].u_tile /out_w[3]
      : \u_core/u_fabric /\g_row[2].g_col[1].u_tile /i_1/o[15]
      : \u_core/u_fabric /\g_row[2].g_col[1].u_tile /i_1/I72[15]
      : \u_core/u_fabric /\g_row[2].g_col[1].u_tile /in_w[3]
      : \u_core/u_fabric /\g_row[2].g_col[0].u_tile /out_e[3]
      : \u_core/u_fabric /\g_row[2].g_col[0].u_tile /i_1/o[7]
      : \u_core/u_fabric /\g_row[2].g_col[0].u_tile /i_1/I72[7]
      : \u_core/u_fabric /\g_row[2].g_col[0].u_tile /in_e[3]
      : \u_core/u_fabric /\g_row[2].g_col[1].u_tile /out_w[3]
      : \u_core/u_fabric /\g_row[2].g_col[1].u_tile /i_1/o[15]
      : \u_core/u_fabric /\g_row[2].g_col[0].u_tile /i_1/I72[5]
      : \u_core/u_fabric /\g_row[2].g_col[0].u_tile /in_e[1]
      : \u_core/u_fabric /\g_row[2].g_col[1].u_tile /out_w[1]
      : \u_core/u_fabric /\g_row[2].g_col[1].u_tile /i_1/o[13]
      : \u_core/u_fabric /\g_row[2].g_col[1].u_tile /i_1/I72[15]
      : \u_core/u_fabric /\g_row[2].g_col[1].u_tile /in_w[3]
      : \u_core/u_fabric /\g_row[2].g_col[0].u_tile /out_e[3]
      : \u_core/u_fabric /\g_row[2].g_col[0].u_tile /i_1/o[7]
      : \u_core/u_fabric /\g_row[2].g_col[1].u_tile /i_1/I72[15]
      : \u_core/u_fabric /\g_row[2].g_col[1].u_tile /in_w[3]
      : \u_core/u_fabric /\g_row[2].g_col[0].u_tile /out_e[3]
      : \u_core/u_fabric /\g_row[2].g_col[0].u_tile /i_1/o[7]
      : \u_core/u_fabric /\g_row[2].g_col[0].u_tile /i_1/I72[5]
      : \u_core/u_fabric /\g_row[2].g_col[0].u_tile /in_e[1]
      : \u_core/u_fabric /\g_row[2].g_col[1].u_tile /out_w[1]
      : \u_core/u_fabric /\g_row[2].g_col[1].u_tile /i_1/o[13]
      : \u_core/u_fabric /\g_row[1].g_col[0].u_tile /i_1/I72[3]
      : \u_core/u_fabric /\g_row[1].g_col[0].u_tile /in_n[3]
      : \u_core/u_fabric /\g_row[2].g_col[0].u_tile /out_s[3]
      : \u_core/u_fabric /\g_row[2].g_col[0].u_tile /i_1/o[11]
      : \u_core/u_fabric /\g_row[0].g_col[1].u_tile /i_1/I72[7]
      : \u_core/u_fabric /\g_row[0].g_col[1].u_tile /in_e[3]
      : \u_core/u_fabric /\g_row[0].g_col[2].u_tile /out_w[3]
      : \u_core/u_fabric /\g_row[0].g_col[2].u_tile /i_1/o[15]
      : \u_core/u_fabric /\g_row[0].g_col[2].u_tile /i_1/I72[13]
      : \u_core/u_fabric /\g_row[0].g_col[2].u_tile /in_w[1]
      : \u_core/u_fabric /\g_row[0].g_col[1].u_tile /out_e[1]
      : \u_core/u_fabric /\g_row[0].g_col[1].u_tile /i_1/o[5]
      : \u_core/u_fabric /\g_row[0].g_col[2].u_tile /i_1/I72[13]
      : \u_core/u_fabric /\g_row[0].g_col[2].u_tile /in_w[1]
      : \u_core/u_fabric /\g_row[0].g_col[1].u_tile /out_e[1]
      : \u_core/u_fabric /\g_row[0].g_col[1].u_tile /i_1/o[5]
      : \u_core/u_fabric /\g_row[0].g_col[1].u_tile /i_1/I72[5]
      : \u_core/u_fabric /\g_row[0].g_col[1].u_tile /in_e[1]
      : \u_core/u_fabric /\g_row[0].g_col[2].u_tile /out_w[1]
      : \u_core/u_fabric /\g_row[0].g_col[2].u_tile /i_1/o[13]
      : \u_core/u_fabric /\g_row[0].g_col[2].u_tile /i_1/I72[13]
      : \u_core/u_fabric /\g_row[0].g_col[2].u_tile /in_w[1]
      : \u_core/u_fabric /\g_row[0].g_col[1].u_tile /out_e[1]
      : \u_core/u_fabric /\g_row[0].g_col[1].u_tile /i_1/o[5]
      : \u_core/u_fabric /\g_row[0].g_col[1].u_tile /i_1/I72[7]
      : \u_core/u_fabric /\g_row[0].g_col[1].u_tile /in_e[3]
      : \u_core/u_fabric /\g_row[0].g_col[2].u_tile /out_w[3]
      : \u_core/u_fabric /\g_row[0].g_col[2].u_tile /i_1/o[15]
      : \u_core/u_fabric /\g_row[0].g_col[2].u_tile /i_1/I72[15]
      : \u_core/u_fabric /\g_row[0].g_col[2].u_tile /in_w[3]
      : \u_core/u_fabric /\g_row[0].g_col[1].u_tile /out_e[3]
      : \u_core/u_fabric /\g_row[0].g_col[1].u_tile /i_1/o[7]
      : \u_core/u_fabric /\g_row[0].g_col[2].u_tile /i_1/I72[15]
      : \u_core/u_fabric /\g_row[0].g_col[2].u_tile /in_w[3]
      : \u_core/u_fabric /\g_row[0].g_col[1].u_tile /out_e[3]
      : \u_core/u_fabric /\g_row[0].g_col[1].u_tile /i_1/o[7]
      : \u_core/u_fabric /\g_row[0].g_col[1].u_tile /i_1/I72[5]
      : \u_core/u_fabric /\g_row[0].g_col[1].u_tile /in_e[1]
      : \u_core/u_fabric /\g_row[0].g_col[2].u_tile /out_w[1]
      : \u_core/u_fabric /\g_row[0].g_col[2].u_tile /i_1/o[13]
      : \u_core/u_fabric /\g_row[1].g_col[1].u_tile /i_1/I72[11]
      : \u_core/u_fabric /\g_row[1].g_col[1].u_tile /in_s[3]
      : \u_core/u_fabric /\g_row[0].g_col[1].u_tile /out_n[3]
      : \u_core/u_fabric /\g_row[0].g_col[1].u_tile /i_1/o[3]
      : \u_core/u_fabric /\g_row[0].g_col[1].u_tile /i_1/I72[1]
      : \u_core/u_fabric /\g_row[0].g_col[1].u_tile /in_n[1]
      : \u_core/u_fabric /\g_row[1].g_col[1].u_tile /out_s[1]
      : \u_core/u_fabric /\g_row[1].g_col[1].u_tile /i_1/o[9]
      : \u_core/u_fabric /\g_row[1].g_col[1].u_tile /i_1/I72[9]
      : \u_core/u_fabric /\g_row[1].g_col[1].u_tile /in_s[1]
      : \u_core/u_fabric /\g_row[0].g_col[1].u_tile /out_n[1]
      : \u_core/u_fabric /\g_row[0].g_col[1].u_tile /i_1/o[1]
      : \u_core/u_fabric /\g_row[0].g_col[1].u_tile /i_1/I72[1]
      : \u_core/u_fabric /\g_row[0].g_col[1].u_tile /in_n[1]
      : \u_core/u_fabric /\g_row[1].g_col[1].u_tile /out_s[1]
      : \u_core/u_fabric /\g_row[1].g_col[1].u_tile /i_1/o[9]
      : \u_core/u_fabric /\g_row[0].g_col[1].u_tile /i_1/I72[3]
      : \u_core/u_fabric /\g_row[0].g_col[1].u_tile /in_n[3]
      : \u_core/u_fabric /\g_row[1].g_col[1].u_tile /out_s[3]
      : \u_core/u_fabric /\g_row[1].g_col[1].u_tile /i_1/o[11]
      : \u_core/u_fabric /\g_row[1].g_col[1].u_tile /i_1/I72[9]
      : \u_core/u_fabric /\g_row[1].g_col[1].u_tile /in_s[1]
      : \u_core/u_fabric /\g_row[0].g_col[1].u_tile /out_n[1]
      : \u_core/u_fabric /\g_row[0].g_col[1].u_tile /i_1/o[1]
      : \u_core/u_fabric /\g_row[1].g_col[1].u_tile /i_1/I72[9]
      : \u_core/u_fabric /\g_row[1].g_col[1].u_tile /in_s[1]
      : \u_core/u_fabric /\g_row[0].g_col[1].u_tile /out_n[1]
      : \u_core/u_fabric /\g_row[0].g_col[1].u_tile /i_1/o[1]
      : \u_core/u_fabric /\g_row[0].g_col[1].u_tile /i_1/I72[3]
      : \u_core/u_fabric /\g_row[0].g_col[1].u_tile /in_n[3]
      : \u_core/u_fabric /\g_row[1].g_col[1].u_tile /out_s[3]
      : \u_core/u_fabric /\g_row[1].g_col[1].u_tile /i_1/o[11]
      : \u_core/u_fabric /\g_row[1].g_col[2].u_tile /i_1/I72[13]
      : \u_core/u_fabric /\g_row[1].g_col[2].u_tile /in_w[1]
      : \u_core/u_fabric /\g_row[1].g_col[1].u_tile /out_e[1]
      : \u_core/u_fabric /\g_row[1].g_col[1].u_tile /i_1/o[5]
      : \u_core/u_fabric /\g_row[1].g_col[1].u_tile /i_1/I72[7]
      : \u_core/u_fabric /\g_row[1].g_col[1].u_tile /in_e[3]
      : \u_core/u_fabric /\g_row[1].g_col[2].u_tile /out_w[3]
      : \u_core/u_fabric /\g_row[1].g_col[2].u_tile /i_1/o[15]
      : \u_core/u_fabric /\g_row[1].g_col[1].u_tile /i_1/I72[7]
      : \u_core/u_fabric /\g_row[1].g_col[1].u_tile /in_e[3]
      : \u_core/u_fabric /\g_row[1].g_col[2].u_tile /out_w[3]
      : \u_core/u_fabric /\g_row[1].g_col[2].u_tile /i_1/o[15]
      : \u_core/u_fabric /\g_row[1].g_col[2].u_tile /i_1/I72[13]
      : \u_core/u_fabric /\g_row[1].g_col[2].u_tile /in_w[1]
      : \u_core/u_fabric /\g_row[1].g_col[1].u_tile /out_e[1]
      : \u_core/u_fabric /\g_row[1].g_col[1].u_tile /i_1/o[5]
      : \u_core/u_fabric /\g_row[1].g_col[1].u_tile /i_1/I72[5]
      : \u_core/u_fabric /\g_row[1].g_col[1].u_tile /in_e[1]
      : \u_core/u_fabric /\g_row[1].g_col[2].u_tile /out_w[1]
      : \u_core/u_fabric /\g_row[1].g_col[2].u_tile /i_1/o[13]
      : \u_core/u_fabric /\g_row[1].g_col[2].u_tile /i_1/I72[13]
      : \u_core/u_fabric /\g_row[1].g_col[2].u_tile /in_w[1]
      : \u_core/u_fabric /\g_row[1].g_col[1].u_tile /out_e[1]
      : \u_core/u_fabric /\g_row[1].g_col[1].u_tile /i_1/o[5]
      : \u_core/u_fabric /\g_row[1].g_col[2].u_tile /i_1/I72[15]
      : \u_core/u_fabric /\g_row[1].g_col[2].u_tile /in_w[3]
      : \u_core/u_fabric /\g_row[1].g_col[1].u_tile /out_e[3]
      : \u_core/u_fabric /\g_row[1].g_col[1].u_tile /i_1/o[7]
      : \u_core/u_fabric /\g_row[1].g_col[1].u_tile /i_1/I72[5]
      : \u_core/u_fabric /\g_row[1].g_col[1].u_tile /in_e[1]
      : \u_core/u_fabric /\g_row[1].g_col[2].u_tile /out_w[1]
      : \u_core/u_fabric /\g_row[1].g_col[2].u_tile /i_1/o[13]
      : \u_core/u_fabric /\g_row[1].g_col[1].u_tile /i_1/I72[5]
      : \u_core/u_fabric /\g_row[1].g_col[1].u_tile /in_e[1]
      : \u_core/u_fabric /\g_row[1].g_col[2].u_tile /out_w[1]
      : \u_core/u_fabric /\g_row[1].g_col[2].u_tile /i_1/o[13]
      : \u_core/u_fabric /\g_row[1].g_col[2].u_tile /i_1/I72[15]
      : \u_core/u_fabric /\g_row[1].g_col[2].u_tile /in_w[3]
      : \u_core/u_fabric /\g_row[1].g_col[1].u_tile /out_e[3]
      : \u_core/u_fabric /\g_row[1].g_col[1].u_tile /i_1/o[7]
      : \u_core/u_fabric /\g_row[1].g_col[1].u_tile /i_1/I72[11]
      : \u_core/u_fabric /\g_row[1].g_col[1].u_tile /in_s[3]
      : \u_core/u_fabric /\g_row[0].g_col[1].u_tile /out_n[3]
      : \u_core/u_fabric /\g_row[0].g_col[1].u_tile /i_1/o[3]
      : \u_core/u_fabric /\g_row[2].g_col[1].u_tile /i_1/I72[11]
      : \u_core/u_fabric /\g_row[2].g_col[1].u_tile /in_s[3]
      : \u_core/u_fabric /\g_row[1].g_col[1].u_tile /out_n[3]
      : \u_core/u_fabric /\g_row[1].g_col[1].u_tile /i_1/o[3]
      : \u_core/u_fabric /\g_row[1].g_col[1].u_tile /i_1/I72[3]
      : \u_core/u_fabric /\g_row[1].g_col[1].u_tile /in_n[3]
      : \u_core/u_fabric /\g_row[2].g_col[1].u_tile /out_s[3]
      : \u_core/u_fabric /\g_row[2].g_col[1].u_tile /i_1/o[11]
      : \u_core/u_fabric /\g_row[2].g_col[1].u_tile /i_1/I72[9]
      : \u_core/u_fabric /\g_row[2].g_col[1].u_tile /in_s[1]
      : \u_core/u_fabric /\g_row[1].g_col[1].u_tile /out_n[1]
      : \u_core/u_fabric /\g_row[1].g_col[1].u_tile /i_1/o[1]
      : \u_core/u_fabric /\g_row[1].g_col[1].u_tile /i_1/I72[3]
      : \u_core/u_fabric /\g_row[1].g_col[1].u_tile /in_n[3]
      : \u_core/u_fabric /\g_row[2].g_col[1].u_tile /out_s[3]
      : \u_core/u_fabric /\g_row[2].g_col[1].u_tile /i_1/o[11]
      : \u_core/u_fabric /\g_row[1].g_col[1].u_tile /i_1/I72[1]
      : \u_core/u_fabric /\g_row[1].g_col[1].u_tile /in_n[1]
      : \u_core/u_fabric /\g_row[2].g_col[1].u_tile /out_s[1]
      : \u_core/u_fabric /\g_row[2].g_col[1].u_tile /i_1/o[9]
      : \u_core/u_fabric /\g_row[2].g_col[1].u_tile /i_1/I72[9]
      : \u_core/u_fabric /\g_row[2].g_col[1].u_tile /in_s[1]
      : \u_core/u_fabric /\g_row[1].g_col[1].u_tile /out_n[1]
      : \u_core/u_fabric /\g_row[1].g_col[1].u_tile /i_1/o[1]
      : \u_core/u_fabric /\g_row[2].g_col[1].u_tile /i_1/I72[9]
      : \u_core/u_fabric /\g_row[2].g_col[1].u_tile /in_s[1]
      : \u_core/u_fabric /\g_row[1].g_col[1].u_tile /out_n[1]
      : \u_core/u_fabric /\g_row[1].g_col[1].u_tile /i_1/o[1]
      : \u_core/u_fabric /\g_row[1].g_col[1].u_tile /i_1/I72[1]
      : \u_core/u_fabric /\g_row[1].g_col[1].u_tile /in_n[1]
      : \u_core/u_fabric /\g_row[2].g_col[1].u_tile /out_s[1]
      : \u_core/u_fabric /\g_row[2].g_col[1].u_tile /i_1/o[9]
      : \u_core/u_fabric /\g_row[2].g_col[1].u_tile /i_1/I72[13]
      : \u_core/u_fabric /\g_row[2].g_col[1].u_tile /in_w[1]
      : \u_core/u_fabric /\g_row[2].g_col[0].u_tile /out_e[1]
      : \u_core/u_fabric /\g_row[2].g_col[0].u_tile /i_1/o[5]
      : \u_core/u_fabric /\g_row[2].g_col[2].u_tile /i_1/I72[13]
      : \u_core/u_fabric /\g_row[2].g_col[2].u_tile /in_w[1]
      : \u_core/u_fabric /\g_row[2].g_col[1].u_tile /out_e[1]
      : \u_core/u_fabric /\g_row[2].g_col[1].u_tile /i_1/o[5]
      : \u_core/u_fabric /\g_row[2].g_col[1].u_tile /i_1/I72[7]
      : \u_core/u_fabric /\g_row[2].g_col[1].u_tile /in_e[3]
      : \u_core/u_fabric /\g_row[2].g_col[2].u_tile /out_w[3]
      : \u_core/u_fabric /\g_row[2].g_col[2].u_tile /i_1/o[15]
      : \u_core/u_fabric /\g_row[2].g_col[2].u_tile /i_1/I72[15]
      : \u_core/u_fabric /\g_row[2].g_col[2].u_tile /in_w[3]
      : \u_core/u_fabric /\g_row[2].g_col[1].u_tile /out_e[3]
      : \u_core/u_fabric /\g_row[2].g_col[1].u_tile /i_1/o[7]
      : \u_core/u_fabric /\g_row[2].g_col[1].u_tile /i_1/I72[7]
      : \u_core/u_fabric /\g_row[2].g_col[1].u_tile /in_e[3]
      : \u_core/u_fabric /\g_row[2].g_col[2].u_tile /out_w[3]
      : \u_core/u_fabric /\g_row[2].g_col[2].u_tile /i_1/o[15]
      : \u_core/u_fabric /\g_row[2].g_col[1].u_tile /i_1/I72[5]
      : \u_core/u_fabric /\g_row[2].g_col[1].u_tile /in_e[1]
      : \u_core/u_fabric /\g_row[2].g_col[2].u_tile /out_w[1]
      : \u_core/u_fabric /\g_row[2].g_col[2].u_tile /i_1/o[13]
      : \u_core/u_fabric /\g_row[2].g_col[2].u_tile /i_1/I72[15]
      : \u_core/u_fabric /\g_row[2].g_col[2].u_tile /in_w[3]
      : \u_core/u_fabric /\g_row[2].g_col[1].u_tile /out_e[3]
      : \u_core/u_fabric /\g_row[2].g_col[1].u_tile /i_1/o[7]
      : \u_core/u_fabric /\g_row[2].g_col[2].u_tile /i_1/I72[15]
      : \u_core/u_fabric /\g_row[2].g_col[2].u_tile /in_w[3]
      : \u_core/u_fabric /\g_row[2].g_col[1].u_tile /out_e[3]
      : \u_core/u_fabric /\g_row[2].g_col[1].u_tile /i_1/o[7]
      : \u_core/u_fabric /\g_row[2].g_col[1].u_tile /i_1/I72[5]
      : \u_core/u_fabric /\g_row[2].g_col[1].u_tile /in_e[1]
      : \u_core/u_fabric /\g_row[2].g_col[2].u_tile /out_w[1]
      : \u_core/u_fabric /\g_row[2].g_col[2].u_tile /i_1/o[13]
      : \u_core/u_fabric /\g_row[1].g_col[1].u_tile /i_1/I72[3]
      : \u_core/u_fabric /\g_row[1].g_col[1].u_tile /in_n[3]
      : \u_core/u_fabric /\g_row[2].g_col[1].u_tile /out_s[3]
      : \u_core/u_fabric /\g_row[2].g_col[1].u_tile /i_1/o[11]
      : \u_core/u_fabric /\g_row[0].g_col[2].u_tile /i_1/I72[7]
      : \u_core/u_fabric /\g_row[0].g_col[2].u_tile /in_e[3]
      : \u_core/u_fabric /\g_row[0].g_col[3].u_tile /out_w[3]
      : \u_core/u_fabric /\g_row[0].g_col[3].u_tile /i_1/o[15]
      : \u_core/u_fabric /\g_row[0].g_col[3].u_tile /i_1/I72[15]
      : \u_core/u_fabric /\g_row[0].g_col[3].u_tile /in_w[3]
      : \u_core/u_fabric /\g_row[0].g_col[2].u_tile /out_e[3]
      : \u_core/u_fabric /\g_row[0].g_col[2].u_tile /i_1/o[7]
      : \u_core/u_fabric /\g_row[0].g_col[3].u_tile /i_1/I72[15]
      : \u_core/u_fabric /\g_row[0].g_col[3].u_tile /in_w[3]
      : \u_core/u_fabric /\g_row[0].g_col[2].u_tile /out_e[3]
      : \u_core/u_fabric /\g_row[0].g_col[2].u_tile /i_1/o[7]
      : \u_core/u_fabric /\g_row[0].g_col[2].u_tile /i_1/I72[5]
      : \u_core/u_fabric /\g_row[0].g_col[2].u_tile /in_e[1]
      : \u_core/u_fabric /\g_row[0].g_col[3].u_tile /out_w[1]
      : \u_core/u_fabric /\g_row[0].g_col[3].u_tile /i_1/o[13]
      : \u_core/u_fabric /\g_row[0].g_col[3].u_tile /i_1/I72[15]
      : \u_core/u_fabric /\g_row[0].g_col[3].u_tile /in_w[3]
      : \u_core/u_fabric /\g_row[0].g_col[2].u_tile /out_e[3]
      : \u_core/u_fabric /\g_row[0].g_col[2].u_tile /i_1/o[7]
      : \u_core/u_fabric /\g_row[0].g_col[2].u_tile /i_1/I72[7]
      : \u_core/u_fabric /\g_row[0].g_col[2].u_tile /in_e[3]
      : \u_core/u_fabric /\g_row[0].g_col[3].u_tile /out_w[3]
      : \u_core/u_fabric /\g_row[0].g_col[3].u_tile /i_1/o[15]
      : \u_core/u_fabric /\g_row[0].g_col[3].u_tile /i_1/I72[13]
      : \u_core/u_fabric /\g_row[0].g_col[3].u_tile /in_w[1]
      : \u_core/u_fabric /\g_row[0].g_col[2].u_tile /out_e[1]
      : \u_core/u_fabric /\g_row[0].g_col[2].u_tile /i_1/o[5]
      : \u_core/u_fabric /\g_row[0].g_col[3].u_tile /i_1/I72[13]
      : \u_core/u_fabric /\g_row[0].g_col[3].u_tile /in_w[1]
      : \u_core/u_fabric /\g_row[0].g_col[2].u_tile /out_e[1]
      : \u_core/u_fabric /\g_row[0].g_col[2].u_tile /i_1/o[5]
      : \u_core/u_fabric /\g_row[0].g_col[2].u_tile /i_1/I72[5]
      : \u_core/u_fabric /\g_row[0].g_col[2].u_tile /in_e[1]
      : \u_core/u_fabric /\g_row[0].g_col[3].u_tile /out_w[1]
      : \u_core/u_fabric /\g_row[0].g_col[3].u_tile /i_1/o[13]
      : \u_core/u_fabric /\g_row[1].g_col[2].u_tile /i_1/I72[11]
      : \u_core/u_fabric /\g_row[1].g_col[2].u_tile /in_s[3]
      : \u_core/u_fabric /\g_row[0].g_col[2].u_tile /out_n[3]
      : \u_core/u_fabric /\g_row[0].g_col[2].u_tile /i_1/o[3]
      : \u_core/u_fabric /\g_row[0].g_col[2].u_tile /i_1/I72[1]
      : \u_core/u_fabric /\g_row[0].g_col[2].u_tile /in_n[1]
      : \u_core/u_fabric /\g_row[1].g_col[2].u_tile /out_s[1]
      : \u_core/u_fabric /\g_row[1].g_col[2].u_tile /i_1/o[9]
      : \u_core/u_fabric /\g_row[1].g_col[2].u_tile /i_1/I72[9]
      : \u_core/u_fabric /\g_row[1].g_col[2].u_tile /in_s[1]
      : \u_core/u_fabric /\g_row[0].g_col[2].u_tile /out_n[1]
      : \u_core/u_fabric /\g_row[0].g_col[2].u_tile /i_1/o[1]
      : \u_core/u_fabric /\g_row[0].g_col[2].u_tile /i_1/I72[1]
      : \u_core/u_fabric /\g_row[0].g_col[2].u_tile /in_n[1]
      : \u_core/u_fabric /\g_row[1].g_col[2].u_tile /out_s[1]
      : \u_core/u_fabric /\g_row[1].g_col[2].u_tile /i_1/o[9]
      : \u_core/u_fabric /\g_row[0].g_col[2].u_tile /i_1/I72[3]
      : \u_core/u_fabric /\g_row[0].g_col[2].u_tile /in_n[3]
      : \u_core/u_fabric /\g_row[1].g_col[2].u_tile /out_s[3]
      : \u_core/u_fabric /\g_row[1].g_col[2].u_tile /i_1/o[11]
      : \u_core/u_fabric /\g_row[1].g_col[2].u_tile /i_1/I72[9]
      : \u_core/u_fabric /\g_row[1].g_col[2].u_tile /in_s[1]
      : \u_core/u_fabric /\g_row[0].g_col[2].u_tile /out_n[1]
      : \u_core/u_fabric /\g_row[0].g_col[2].u_tile /i_1/o[1]
      : \u_core/u_fabric /\g_row[1].g_col[2].u_tile /i_1/I72[9]
      : \u_core/u_fabric /\g_row[1].g_col[2].u_tile /in_s[1]
      : \u_core/u_fabric /\g_row[0].g_col[2].u_tile /out_n[1]
      : \u_core/u_fabric /\g_row[0].g_col[2].u_tile /i_1/o[1]
      : \u_core/u_fabric /\g_row[0].g_col[2].u_tile /i_1/I72[3]
      : \u_core/u_fabric /\g_row[0].g_col[2].u_tile /in_n[3]
      : \u_core/u_fabric /\g_row[1].g_col[2].u_tile /out_s[3]
      : \u_core/u_fabric /\g_row[1].g_col[2].u_tile /i_1/o[11]
      : \u_core/u_fabric /\g_row[1].g_col[3].u_tile /i_1/I72[13]
      : \u_core/u_fabric /\g_row[1].g_col[3].u_tile /in_w[1]
      : \u_core/u_fabric /\g_row[1].g_col[2].u_tile /out_e[1]
      : \u_core/u_fabric /\g_row[1].g_col[2].u_tile /i_1/o[5]
      : \u_core/u_fabric /\g_row[1].g_col[2].u_tile /i_1/I72[7]
      : \u_core/u_fabric /\g_row[1].g_col[2].u_tile /in_e[3]
      : \u_core/u_fabric /\g_row[1].g_col[3].u_tile /out_w[3]
      : \u_core/u_fabric /\g_row[1].g_col[3].u_tile /i_1/o[15]
      : \u_core/u_fabric /\g_row[1].g_col[2].u_tile /i_1/I72[7]
      : \u_core/u_fabric /\g_row[1].g_col[2].u_tile /in_e[3]
      : \u_core/u_fabric /\g_row[1].g_col[3].u_tile /out_w[3]
      : \u_core/u_fabric /\g_row[1].g_col[3].u_tile /i_1/o[15]
      : \u_core/u_fabric /\g_row[1].g_col[3].u_tile /i_1/I72[13]
      : \u_core/u_fabric /\g_row[1].g_col[3].u_tile /in_w[1]
      : \u_core/u_fabric /\g_row[1].g_col[2].u_tile /out_e[1]
      : \u_core/u_fabric /\g_row[1].g_col[2].u_tile /i_1/o[5]
      : \u_core/u_fabric /\g_row[1].g_col[2].u_tile /i_1/I72[5]
      : \u_core/u_fabric /\g_row[1].g_col[2].u_tile /in_e[1]
      : \u_core/u_fabric /\g_row[1].g_col[3].u_tile /out_w[1]
      : \u_core/u_fabric /\g_row[1].g_col[3].u_tile /i_1/o[13]
      : \u_core/u_fabric /\g_row[1].g_col[3].u_tile /i_1/I72[13]
      : \u_core/u_fabric /\g_row[1].g_col[3].u_tile /in_w[1]
      : \u_core/u_fabric /\g_row[1].g_col[2].u_tile /out_e[1]
      : \u_core/u_fabric /\g_row[1].g_col[2].u_tile /i_1/o[5]
      : \u_core/u_fabric /\g_row[1].g_col[3].u_tile /i_1/I72[15]
      : \u_core/u_fabric /\g_row[1].g_col[3].u_tile /in_w[3]
      : \u_core/u_fabric /\g_row[1].g_col[2].u_tile /out_e[3]
      : \u_core/u_fabric /\g_row[1].g_col[2].u_tile /i_1/o[7]
      : \u_core/u_fabric /\g_row[1].g_col[2].u_tile /i_1/I72[5]
      : \u_core/u_fabric /\g_row[1].g_col[2].u_tile /in_e[1]
      : \u_core/u_fabric /\g_row[1].g_col[3].u_tile /out_w[1]
      : \u_core/u_fabric /\g_row[1].g_col[3].u_tile /i_1/o[13]
      : \u_core/u_fabric /\g_row[1].g_col[2].u_tile /i_1/I72[5]
      : \u_core/u_fabric /\g_row[1].g_col[2].u_tile /in_e[1]
      : \u_core/u_fabric /\g_row[1].g_col[3].u_tile /out_w[1]
      : \u_core/u_fabric /\g_row[1].g_col[3].u_tile /i_1/o[13]
      : \u_core/u_fabric /\g_row[1].g_col[3].u_tile /i_1/I72[15]
      : \u_core/u_fabric /\g_row[1].g_col[3].u_tile /in_w[3]
      : \u_core/u_fabric /\g_row[1].g_col[2].u_tile /out_e[3]
      : \u_core/u_fabric /\g_row[1].g_col[2].u_tile /i_1/o[7]
      : \u_core/u_fabric /\g_row[1].g_col[2].u_tile /i_1/I72[11]
      : \u_core/u_fabric /\g_row[1].g_col[2].u_tile /in_s[3]
      : \u_core/u_fabric /\g_row[0].g_col[2].u_tile /out_n[3]
      : \u_core/u_fabric /\g_row[0].g_col[2].u_tile /i_1/o[3]
      : \u_core/u_fabric /\g_row[2].g_col[2].u_tile /i_1/I72[11]
      : \u_core/u_fabric /\g_row[2].g_col[2].u_tile /in_s[3]
      : \u_core/u_fabric /\g_row[1].g_col[2].u_tile /out_n[3]
      : \u_core/u_fabric /\g_row[1].g_col[2].u_tile /i_1/o[3]
      : \u_core/u_fabric /\g_row[1].g_col[2].u_tile /i_1/I72[3]
      : \u_core/u_fabric /\g_row[1].g_col[2].u_tile /in_n[3]
      : \u_core/u_fabric /\g_row[2].g_col[2].u_tile /out_s[3]
      : \u_core/u_fabric /\g_row[2].g_col[2].u_tile /i_1/o[11]
      : \u_core/u_fabric /\g_row[2].g_col[2].u_tile /i_1/I72[9]
      : \u_core/u_fabric /\g_row[2].g_col[2].u_tile /in_s[1]
      : \u_core/u_fabric /\g_row[1].g_col[2].u_tile /out_n[1]
      : \u_core/u_fabric /\g_row[1].g_col[2].u_tile /i_1/o[1]
      : \u_core/u_fabric /\g_row[1].g_col[2].u_tile /i_1/I72[3]
      : \u_core/u_fabric /\g_row[1].g_col[2].u_tile /in_n[3]
      : \u_core/u_fabric /\g_row[2].g_col[2].u_tile /out_s[3]
      : \u_core/u_fabric /\g_row[2].g_col[2].u_tile /i_1/o[11]
      : \u_core/u_fabric /\g_row[1].g_col[2].u_tile /i_1/I72[1]
      : \u_core/u_fabric /\g_row[1].g_col[2].u_tile /in_n[1]
      : \u_core/u_fabric /\g_row[2].g_col[2].u_tile /out_s[1]
      : \u_core/u_fabric /\g_row[2].g_col[2].u_tile /i_1/o[9]
      : \u_core/u_fabric /\g_row[2].g_col[2].u_tile /i_1/I72[9]
      : \u_core/u_fabric /\g_row[2].g_col[2].u_tile /in_s[1]
      : \u_core/u_fabric /\g_row[1].g_col[2].u_tile /out_n[1]
      : \u_core/u_fabric /\g_row[1].g_col[2].u_tile /i_1/o[1]
      : \u_core/u_fabric /\g_row[2].g_col[2].u_tile /i_1/I72[9]
      : \u_core/u_fabric /\g_row[2].g_col[2].u_tile /in_s[1]
      : \u_core/u_fabric /\g_row[1].g_col[2].u_tile /out_n[1]
      : \u_core/u_fabric /\g_row[1].g_col[2].u_tile /i_1/o[1]
      : \u_core/u_fabric /\g_row[1].g_col[2].u_tile /i_1/I72[1]
      : \u_core/u_fabric /\g_row[1].g_col[2].u_tile /in_n[1]
      : \u_core/u_fabric /\g_row[2].g_col[2].u_tile /out_s[1]
      : \u_core/u_fabric /\g_row[2].g_col[2].u_tile /i_1/o[9]
      : \u_core/u_fabric /\g_row[2].g_col[2].u_tile /i_1/I72[13]
      : \u_core/u_fabric /\g_row[2].g_col[2].u_tile /in_w[1]
      : \u_core/u_fabric /\g_row[2].g_col[1].u_tile /out_e[1]
      : \u_core/u_fabric /\g_row[2].g_col[1].u_tile /i_1/o[5]
      : \u_core/u_fabric /\g_row[2].g_col[3].u_tile /i_1/I72[13]
      : \u_core/u_fabric /\g_row[2].g_col[3].u_tile /in_w[1]
      : \u_core/u_fabric /\g_row[2].g_col[2].u_tile /out_e[1]
      : \u_core/u_fabric /\g_row[2].g_col[2].u_tile /i_1/o[5]
      : \u_core/u_fabric /\g_row[2].g_col[2].u_tile /i_1/I72[7]
      : \u_core/u_fabric /\g_row[2].g_col[2].u_tile /in_e[3]
      : \u_core/u_fabric /\g_row[2].g_col[3].u_tile /out_w[3]
      : \u_core/u_fabric /\g_row[2].g_col[3].u_tile /i_1/o[15]
      : \u_core/u_fabric /\g_row[2].g_col[3].u_tile /i_1/I72[15]
      : \u_core/u_fabric /\g_row[2].g_col[3].u_tile /in_w[3]
      : \u_core/u_fabric /\g_row[2].g_col[2].u_tile /out_e[3]
      : \u_core/u_fabric /\g_row[2].g_col[2].u_tile /i_1/o[7]
      : \u_core/u_fabric /\g_row[2].g_col[2].u_tile /i_1/I72[7]
      : \u_core/u_fabric /\g_row[2].g_col[2].u_tile /in_e[3]
      : \u_core/u_fabric /\g_row[2].g_col[3].u_tile /out_w[3]
      : \u_core/u_fabric /\g_row[2].g_col[3].u_tile /i_1/o[15]
      : \u_core/u_fabric /\g_row[2].g_col[2].u_tile /i_1/I72[5]
      : \u_core/u_fabric /\g_row[2].g_col[2].u_tile /in_e[1]
      : \u_core/u_fabric /\g_row[2].g_col[3].u_tile /out_w[1]
      : \u_core/u_fabric /\g_row[2].g_col[3].u_tile /i_1/o[13]
      : \u_core/u_fabric /\g_row[2].g_col[3].u_tile /i_1/I72[15]
      : \u_core/u_fabric /\g_row[2].g_col[3].u_tile /in_w[3]
      : \u_core/u_fabric /\g_row[2].g_col[2].u_tile /out_e[3]
      : \u_core/u_fabric /\g_row[2].g_col[2].u_tile /i_1/o[7]
      : \u_core/u_fabric /\g_row[2].g_col[3].u_tile /i_1/I72[15]
      : \u_core/u_fabric /\g_row[2].g_col[3].u_tile /in_w[3]
      : \u_core/u_fabric /\g_row[2].g_col[2].u_tile /out_e[3]
      : \u_core/u_fabric /\g_row[2].g_col[2].u_tile /i_1/o[7]
      : \u_core/u_fabric /\g_row[2].g_col[2].u_tile /i_1/I72[5]
      : \u_core/u_fabric /\g_row[2].g_col[2].u_tile /in_e[1]
      : \u_core/u_fabric /\g_row[2].g_col[3].u_tile /out_w[1]
      : \u_core/u_fabric /\g_row[2].g_col[3].u_tile /i_1/o[13]
      : \u_core/u_fabric /\g_row[1].g_col[2].u_tile /i_1/I72[3]
      : \u_core/u_fabric /\g_row[1].g_col[2].u_tile /in_n[3]
      : \u_core/u_fabric /\g_row[2].g_col[2].u_tile /out_s[3]
      : \u_core/u_fabric /\g_row[2].g_col[2].u_tile /i_1/o[11]
      : \u_core/u_fabric /\g_row[0].g_col[3].u_tile /i_1/I72[3]
      : \u_core/u_fabric /\g_row[0].g_col[3].u_tile /in_n[3]
      : \u_core/u_fabric /\g_row[1].g_col[3].u_tile /out_s[3]
      : \u_core/u_fabric /\g_row[1].g_col[3].u_tile /i_1/o[11]
      : \u_core/u_fabric /\g_row[1].g_col[3].u_tile /i_1/I72[9]
      : \u_core/u_fabric /\g_row[1].g_col[3].u_tile /in_s[1]
      : \u_core/u_fabric /\g_row[0].g_col[3].u_tile /out_n[1]
      : \u_core/u_fabric /\g_row[0].g_col[3].u_tile /i_1/o[1]
      : \u_core/u_fabric /\g_row[1].g_col[3].u_tile /i_1/I72[9]
      : \u_core/u_fabric /\g_row[1].g_col[3].u_tile /in_s[1]
      : \u_core/u_fabric /\g_row[0].g_col[3].u_tile /out_n[1]
      : \u_core/u_fabric /\g_row[0].g_col[3].u_tile /i_1/o[1]
      : \u_core/u_fabric /\g_row[0].g_col[3].u_tile /i_1/I72[3]
      : \u_core/u_fabric /\g_row[0].g_col[3].u_tile /in_n[3]
      : \u_core/u_fabric /\g_row[1].g_col[3].u_tile /out_s[3]
      : \u_core/u_fabric /\g_row[1].g_col[3].u_tile /i_1/o[11]
      : \u_core/u_fabric /\g_row[1].g_col[3].u_tile /i_1/I72[11]
      : \u_core/u_fabric /\g_row[1].g_col[3].u_tile /in_s[3]
      : \u_core/u_fabric /\g_row[0].g_col[3].u_tile /out_n[3]
      : \u_core/u_fabric /\g_row[0].g_col[3].u_tile /i_1/o[3]
      : \u_core/u_fabric /\g_row[0].g_col[3].u_tile /i_1/I72[3]
      : \u_core/u_fabric /\g_row[0].g_col[3].u_tile /in_n[3]
      : \u_core/u_fabric /\g_row[1].g_col[3].u_tile /out_s[3]
      : \u_core/u_fabric /\g_row[1].g_col[3].u_tile /i_1/o[11]
      : \u_core/u_fabric /\g_row[0].g_col[3].u_tile /i_1/I72[1]
      : \u_core/u_fabric /\g_row[0].g_col[3].u_tile /in_n[1]
      : \u_core/u_fabric /\g_row[1].g_col[3].u_tile /out_s[1]
      : \u_core/u_fabric /\g_row[1].g_col[3].u_tile /i_1/o[9]
      : \u_core/u_fabric /\g_row[1].g_col[3].u_tile /i_1/I72[11]
      : \u_core/u_fabric /\g_row[1].g_col[3].u_tile /in_s[3]
      : \u_core/u_fabric /\g_row[0].g_col[3].u_tile /out_n[3]
      : \u_core/u_fabric /\g_row[0].g_col[3].u_tile /i_1/o[3]
      : \u_core/u_fabric /\g_row[1].g_col[3].u_tile /i_1/I72[11]
      : \u_core/u_fabric /\g_row[1].g_col[3].u_tile /in_s[3]
      : \u_core/u_fabric /\g_row[0].g_col[3].u_tile /out_n[3]
      : \u_core/u_fabric /\g_row[0].g_col[3].u_tile /i_1/o[3]
      : \u_core/u_fabric /\g_row[0].g_col[3].u_tile /i_1/I72[1]
      : \u_core/u_fabric /\g_row[0].g_col[3].u_tile /in_n[1]
      : \u_core/u_fabric /\g_row[1].g_col[3].u_tile /out_s[1]
      : \u_core/u_fabric /\g_row[1].g_col[3].u_tile /i_1/o[9]
      : \u_core/u_fabric /\g_row[1].g_col[3].u_tile /i_1/I72[9]
      : \u_core/u_fabric /\g_row[1].g_col[3].u_tile /in_s[1]
      : \u_core/u_fabric /\g_row[0].g_col[3].u_tile /out_n[1]
      : \u_core/u_fabric /\g_row[0].g_col[3].u_tile /i_1/o[1]
      : \u_core/u_fabric /\g_row[2].g_col[3].u_tile /i_1/I72[9]
      : \u_core/u_fabric /\g_row[2].g_col[3].u_tile /in_s[1]
      : \u_core/u_fabric /\g_row[1].g_col[3].u_tile /out_n[1]
      : \u_core/u_fabric /\g_row[1].g_col[3].u_tile /i_1/o[1]
      : \u_core/u_fabric /\g_row[1].g_col[3].u_tile /i_1/I72[3]
      : \u_core/u_fabric /\g_row[1].g_col[3].u_tile /in_n[3]
      : \u_core/u_fabric /\g_row[2].g_col[3].u_tile /out_s[3]
      : \u_core/u_fabric /\g_row[2].g_col[3].u_tile /i_1/o[11]
      : \u_core/u_fabric /\g_row[2].g_col[3].u_tile /i_1/I72[11]
      : \u_core/u_fabric /\g_row[2].g_col[3].u_tile /in_s[3]
      : \u_core/u_fabric /\g_row[1].g_col[3].u_tile /out_n[3]
      : \u_core/u_fabric /\g_row[1].g_col[3].u_tile /i_1/o[3]
      : \u_core/u_fabric /\g_row[1].g_col[3].u_tile /i_1/I72[3]
      : \u_core/u_fabric /\g_row[1].g_col[3].u_tile /in_n[3]
      : \u_core/u_fabric /\g_row[2].g_col[3].u_tile /out_s[3]
      : \u_core/u_fabric /\g_row[2].g_col[3].u_tile /i_1/o[11]
      : \u_core/u_fabric /\g_row[1].g_col[3].u_tile /i_1/I72[1]
      : \u_core/u_fabric /\g_row[1].g_col[3].u_tile /in_n[1]
      : \u_core/u_fabric /\g_row[2].g_col[3].u_tile /out_s[1]
      : \u_core/u_fabric /\g_row[2].g_col[3].u_tile /i_1/o[9]
      : \u_core/u_fabric /\g_row[2].g_col[3].u_tile /i_1/I72[11]
      : \u_core/u_fabric /\g_row[2].g_col[3].u_tile /in_s[3]
      : \u_core/u_fabric /\g_row[1].g_col[3].u_tile /out_n[3]
      : \u_core/u_fabric /\g_row[1].g_col[3].u_tile /i_1/o[3]
      : \u_core/u_fabric /\g_row[2].g_col[3].u_tile /i_1/I72[11]
      : \u_core/u_fabric /\g_row[2].g_col[3].u_tile /in_s[3]
      : \u_core/u_fabric /\g_row[1].g_col[3].u_tile /out_n[3]
      : \u_core/u_fabric /\g_row[1].g_col[3].u_tile /i_1/o[3]
      : \u_core/u_fabric /\g_row[1].g_col[3].u_tile /i_1/I72[1]
      : \u_core/u_fabric /\g_row[1].g_col[3].u_tile /in_n[1]
      : \u_core/u_fabric /\g_row[2].g_col[3].u_tile /out_s[1]
      : \u_core/u_fabric /\g_row[2].g_col[3].u_tile /i_1/o[9]
      : \u_core/u_fabric /\g_row[3].g_col[1].u_tile /i_1/I72[13]
      : \u_core/u_fabric /\g_row[3].g_col[1].u_tile /in_w[1]
      : \u_core/u_fabric /\g_row[3].g_col[0].u_tile /out_e[1]
      : \u_core/u_fabric /\g_row[3].g_col[0].u_tile /i_1/o[5]
      : \u_core/u_fabric /\g_row[3].g_col[0].u_tile /i_1/I72[7]
      : \u_core/u_fabric /\g_row[3].g_col[0].u_tile /in_e[3]
      : \u_core/u_fabric /\g_row[3].g_col[1].u_tile /out_w[3]
      : \u_core/u_fabric /\g_row[3].g_col[1].u_tile /i_1/o[15]
      : \u_core/u_fabric /\g_row[2].g_col[1].u_tile /i_1/I72[11]
      : \u_core/u_fabric /\g_row[2].g_col[1].u_tile /in_s[3]
      : \u_core/u_fabric /\g_row[1].g_col[1].u_tile /out_n[3]
      : \u_core/u_fabric /\g_row[1].g_col[1].u_tile /i_1/o[3]
      : \u_core/u_fabric /\g_row[2].g_col[0].u_tile /i_1/I72[3]
      : \u_core/u_fabric /\g_row[2].g_col[0].u_tile /in_n[3]
      : \u_core/u_fabric /\g_row[3].g_col[0].u_tile /out_s[3]
      : \u_core/u_fabric /\g_row[3].g_col[0].u_tile /i_1/o[11]
      : \u_core/u_fabric /\g_row[3].g_col[0].u_tile /i_1/I72[11]
      : \u_core/u_fabric /\g_row[3].g_col[0].u_tile /in_s[3]
      : \u_core/u_fabric /\g_row[2].g_col[0].u_tile /out_n[3]
      : \u_core/u_fabric /\g_row[2].g_col[0].u_tile /i_1/o[3]
      : \u_core/u_fabric /\g_row[3].g_col[0].u_tile /i_1/I72[11]
      : \u_core/u_fabric /\g_row[3].g_col[0].u_tile /in_s[3]
      : \u_core/u_fabric /\g_row[2].g_col[0].u_tile /out_n[3]
      : \u_core/u_fabric /\g_row[2].g_col[0].u_tile /i_1/o[3]
      : \u_core/u_fabric /\g_row[2].g_col[0].u_tile /i_1/I72[3]
      : \u_core/u_fabric /\g_row[2].g_col[0].u_tile /in_n[3]
      : \u_core/u_fabric /\g_row[3].g_col[0].u_tile /out_s[3]
      : \u_core/u_fabric /\g_row[3].g_col[0].u_tile /i_1/o[11]
      : \u_core/u_fabric /\g_row[3].g_col[0].u_tile /i_1/I72[9]
      : \u_core/u_fabric /\g_row[3].g_col[0].u_tile /in_s[1]
      : \u_core/u_fabric /\g_row[2].g_col[0].u_tile /out_n[1]
      : \u_core/u_fabric /\g_row[2].g_col[0].u_tile /i_1/o[1]
      : \u_core/u_fabric /\g_row[2].g_col[0].u_tile /i_1/I72[3]
      : \u_core/u_fabric /\g_row[2].g_col[0].u_tile /in_n[3]
      : \u_core/u_fabric /\g_row[3].g_col[0].u_tile /out_s[3]
      : \u_core/u_fabric /\g_row[3].g_col[0].u_tile /i_1/o[11]
      : \u_core/u_fabric /\g_row[3].g_col[1].u_tile /i_1/I72[15]
      : \u_core/u_fabric /\g_row[3].g_col[1].u_tile /in_w[3]
      : \u_core/u_fabric /\g_row[3].g_col[0].u_tile /out_e[3]
      : \u_core/u_fabric /\g_row[3].g_col[0].u_tile /i_1/o[7]
      : \u_core/u_fabric /\g_row[3].g_col[0].u_tile /i_1/I72[11]
      : \u_core/u_fabric /\g_row[3].g_col[0].u_tile /in_s[3]
      : \u_core/u_fabric /\g_row[2].g_col[0].u_tile /out_n[3]
      : \u_core/u_fabric /\g_row[2].g_col[0].u_tile /i_1/o[3]
      : \u_core/u_fabric /\g_row[3].g_col[0].u_tile /i_1/I72[11]
      : \u_core/u_fabric /\g_row[3].g_col[0].u_tile /in_s[3]
      : \u_core/u_fabric /\g_row[2].g_col[0].u_tile /out_n[3]
      : \u_core/u_fabric /\g_row[2].g_col[0].u_tile /i_1/o[3]
      : \u_core/u_fabric /\g_row[3].g_col[1].u_tile /i_1/I72[15]
      : \u_core/u_fabric /\g_row[3].g_col[1].u_tile /in_w[3]
      : \u_core/u_fabric /\g_row[3].g_col[0].u_tile /out_e[3]
      : \u_core/u_fabric /\g_row[3].g_col[0].u_tile /i_1/o[7]
      : \u_core/u_fabric /\g_row[3].g_col[0].u_tile /i_1/I72[5]
      : \u_core/u_fabric /\g_row[3].g_col[0].u_tile /in_e[1]
      : \u_core/u_fabric /\g_row[3].g_col[1].u_tile /out_w[1]
      : \u_core/u_fabric /\g_row[3].g_col[1].u_tile /i_1/o[13]
      : \u_core/u_fabric /\g_row[2].g_col[2].u_tile /i_1/I72[11]
      : \u_core/u_fabric /\g_row[2].g_col[2].u_tile /in_s[3]
      : \u_core/u_fabric /\g_row[1].g_col[2].u_tile /out_n[3]
      : \u_core/u_fabric /\g_row[1].g_col[2].u_tile /i_1/o[3]
      : \u_core/u_fabric /\g_row[3].g_col[1].u_tile /i_1/I72[13]
      : \u_core/u_fabric /\g_row[3].g_col[1].u_tile /in_w[1]
      : \u_core/u_fabric /\g_row[3].g_col[0].u_tile /out_e[1]
      : \u_core/u_fabric /\g_row[3].g_col[0].u_tile /i_1/o[5]
      : \u_core/u_fabric /\g_row[3].g_col[2].u_tile /i_1/I72[13]
      : \u_core/u_fabric /\g_row[3].g_col[2].u_tile /in_w[1]
      : \u_core/u_fabric /\g_row[3].g_col[1].u_tile /out_e[1]
      : \u_core/u_fabric /\g_row[3].g_col[1].u_tile /i_1/o[5]
      : \u_core/u_fabric /\g_row[3].g_col[1].u_tile /i_1/I72[7]
      : \u_core/u_fabric /\g_row[3].g_col[1].u_tile /in_e[3]
      : \u_core/u_fabric /\g_row[3].g_col[2].u_tile /out_w[3]
      : \u_core/u_fabric /\g_row[3].g_col[2].u_tile /i_1/o[15]
      : \u_core/u_fabric /\g_row[3].g_col[2].u_tile /i_1/I72[15]
      : \u_core/u_fabric /\g_row[3].g_col[2].u_tile /in_w[3]
      : \u_core/u_fabric /\g_row[3].g_col[1].u_tile /out_e[3]
      : \u_core/u_fabric /\g_row[3].g_col[1].u_tile /i_1/o[7]
      : \u_core/u_fabric /\g_row[3].g_col[1].u_tile /i_1/I72[7]
      : \u_core/u_fabric /\g_row[3].g_col[1].u_tile /in_e[3]
      : \u_core/u_fabric /\g_row[3].g_col[2].u_tile /out_w[3]
      : \u_core/u_fabric /\g_row[3].g_col[2].u_tile /i_1/o[15]
      : \u_core/u_fabric /\g_row[3].g_col[1].u_tile /i_1/I72[5]
      : \u_core/u_fabric /\g_row[3].g_col[1].u_tile /in_e[1]
      : \u_core/u_fabric /\g_row[3].g_col[2].u_tile /out_w[1]
      : \u_core/u_fabric /\g_row[3].g_col[2].u_tile /i_1/o[13]
      : \u_core/u_fabric /\g_row[3].g_col[2].u_tile /i_1/I72[15]
      : \u_core/u_fabric /\g_row[3].g_col[2].u_tile /in_w[3]
      : \u_core/u_fabric /\g_row[3].g_col[1].u_tile /out_e[3]
      : \u_core/u_fabric /\g_row[3].g_col[1].u_tile /i_1/o[7]
      : \u_core/u_fabric /\g_row[2].g_col[1].u_tile /i_1/I72[3]
      : \u_core/u_fabric /\g_row[2].g_col[1].u_tile /in_n[3]
      : \u_core/u_fabric /\g_row[3].g_col[1].u_tile /out_s[3]
      : \u_core/u_fabric /\g_row[3].g_col[1].u_tile /i_1/o[11]
      : \u_core/u_fabric /\g_row[3].g_col[1].u_tile /i_1/I72[7]
      : \u_core/u_fabric /\g_row[3].g_col[1].u_tile /in_e[3]
      : \u_core/u_fabric /\g_row[3].g_col[2].u_tile /out_w[3]
      : \u_core/u_fabric /\g_row[3].g_col[2].u_tile /i_1/o[15]
      : \u_core/u_fabric /\g_row[3].g_col[1].u_tile /i_1/I72[7]
      : \u_core/u_fabric /\g_row[3].g_col[1].u_tile /in_e[3]
      : \u_core/u_fabric /\g_row[3].g_col[2].u_tile /out_w[3]
      : \u_core/u_fabric /\g_row[3].g_col[2].u_tile /i_1/o[15]
      : \u_core/u_fabric /\g_row[3].g_col[2].u_tile /i_1/I72[15]
      : \u_core/u_fabric /\g_row[3].g_col[2].u_tile /in_w[3]
      : \u_core/u_fabric /\g_row[3].g_col[1].u_tile /out_e[3]
      : \u_core/u_fabric /\g_row[3].g_col[1].u_tile /i_1/o[7]
      : \u_core/u_fabric /\g_row[3].g_col[1].u_tile /i_1/I72[11]
      : \u_core/u_fabric /\g_row[3].g_col[1].u_tile /in_s[3]
      : \u_core/u_fabric /\g_row[2].g_col[1].u_tile /out_n[3]
      : \u_core/u_fabric /\g_row[2].g_col[1].u_tile /i_1/o[3]
      : \u_core/u_fabric /\g_row[2].g_col[3].u_tile /i_1/I72[9]
      : \u_core/u_fabric /\g_row[2].g_col[3].u_tile /in_s[1]
      : \u_core/u_fabric /\g_row[1].g_col[3].u_tile /out_n[1]
      : \u_core/u_fabric /\g_row[1].g_col[3].u_tile /i_1/o[1]
      : \u_core/u_fabric /\g_row[3].g_col[2].u_tile /i_1/I72[13]
      : \u_core/u_fabric /\g_row[3].g_col[2].u_tile /in_w[1]
      : \u_core/u_fabric /\g_row[3].g_col[1].u_tile /out_e[1]
      : \u_core/u_fabric /\g_row[3].g_col[1].u_tile /i_1/o[5]
      : \u_core/u_fabric /\g_row[3].g_col[3].u_tile /i_1/I72[13]
      : \u_core/u_fabric /\g_row[3].g_col[3].u_tile /in_w[1]
      : \u_core/u_fabric /\g_row[3].g_col[2].u_tile /out_e[1]
      : \u_core/u_fabric /\g_row[3].g_col[2].u_tile /i_1/o[5]
      : \u_core/u_fabric /\g_row[3].g_col[2].u_tile /i_1/I72[7]
      : \u_core/u_fabric /\g_row[3].g_col[2].u_tile /in_e[3]
      : \u_core/u_fabric /\g_row[3].g_col[3].u_tile /out_w[3]
      : \u_core/u_fabric /\g_row[3].g_col[3].u_tile /i_1/o[15]
      : \u_core/u_fabric /\g_row[3].g_col[3].u_tile /i_1/I72[15]
      : \u_core/u_fabric /\g_row[3].g_col[3].u_tile /in_w[3]
      : \u_core/u_fabric /\g_row[3].g_col[2].u_tile /out_e[3]
      : \u_core/u_fabric /\g_row[3].g_col[2].u_tile /i_1/o[7]
      : \u_core/u_fabric /\g_row[3].g_col[2].u_tile /i_1/I72[7]
      : \u_core/u_fabric /\g_row[3].g_col[2].u_tile /in_e[3]
      : \u_core/u_fabric /\g_row[3].g_col[3].u_tile /out_w[3]
      : \u_core/u_fabric /\g_row[3].g_col[3].u_tile /i_1/o[15]
      : \u_core/u_fabric /\g_row[3].g_col[2].u_tile /i_1/I72[5]
      : \u_core/u_fabric /\g_row[3].g_col[2].u_tile /in_e[1]
      : \u_core/u_fabric /\g_row[3].g_col[3].u_tile /out_w[1]
      : \u_core/u_fabric /\g_row[3].g_col[3].u_tile /i_1/o[13]
      : \u_core/u_fabric /\g_row[3].g_col[3].u_tile /i_1/I72[15]
      : \u_core/u_fabric /\g_row[3].g_col[3].u_tile /in_w[3]
      : \u_core/u_fabric /\g_row[3].g_col[2].u_tile /out_e[3]
      : \u_core/u_fabric /\g_row[3].g_col[2].u_tile /i_1/o[7]
      : \u_core/u_fabric /\g_row[2].g_col[2].u_tile /i_1/I72[3]
      : \u_core/u_fabric /\g_row[2].g_col[2].u_tile /in_n[3]
      : \u_core/u_fabric /\g_row[3].g_col[2].u_tile /out_s[3]
      : \u_core/u_fabric /\g_row[3].g_col[2].u_tile /i_1/o[11]
      : \u_core/u_fabric /\g_row[3].g_col[2].u_tile /i_1/I72[7]
      : \u_core/u_fabric /\g_row[3].g_col[2].u_tile /in_e[3]
      : \u_core/u_fabric /\g_row[3].g_col[3].u_tile /out_w[3]
      : \u_core/u_fabric /\g_row[3].g_col[3].u_tile /i_1/o[15]
      : \u_core/u_fabric /\g_row[3].g_col[2].u_tile /i_1/I72[7]
      : \u_core/u_fabric /\g_row[3].g_col[2].u_tile /in_e[3]
      : \u_core/u_fabric /\g_row[3].g_col[3].u_tile /out_w[3]
      : \u_core/u_fabric /\g_row[3].g_col[3].u_tile /i_1/o[15]
      : \u_core/u_fabric /\g_row[3].g_col[3].u_tile /i_1/I72[15]
      : \u_core/u_fabric /\g_row[3].g_col[3].u_tile /in_w[3]
      : \u_core/u_fabric /\g_row[3].g_col[2].u_tile /out_e[3]
      : \u_core/u_fabric /\g_row[3].g_col[2].u_tile /i_1/o[7]
      : \u_core/u_fabric /\g_row[3].g_col[2].u_tile /i_1/I72[11]
      : \u_core/u_fabric /\g_row[3].g_col[2].u_tile /in_s[3]
      : \u_core/u_fabric /\g_row[2].g_col[2].u_tile /out_n[3]
      : \u_core/u_fabric /\g_row[2].g_col[2].u_tile /i_1/o[3]
      : \u_core/u_fabric /\g_row[3].g_col[3].u_tile /i_1/I72[13]
      : \u_core/u_fabric /\g_row[3].g_col[3].u_tile /in_w[1]
      : \u_core/u_fabric /\g_row[3].g_col[2].u_tile /out_e[1]
      : \u_core/u_fabric /\g_row[3].g_col[2].u_tile /i_1/o[5]
      : \u_core/u_fabric /\g_row[2].g_col[3].u_tile /i_1/I72[3]
      : \u_core/u_fabric /\g_row[2].g_col[3].u_tile /in_n[3]
      : \u_core/u_fabric /\g_row[3].g_col[3].u_tile /out_s[3]
      : \u_core/u_fabric /\g_row[3].g_col[3].u_tile /i_1/o[11]
      : \u_core/u_fabric /\g_row[3].g_col[3].u_tile /i_1/I72[9]
      : \u_core/u_fabric /\g_row[3].g_col[3].u_tile /in_s[1]
      : \u_core/u_fabric /\g_row[2].g_col[3].u_tile /out_n[1]
      : \u_core/u_fabric /\g_row[2].g_col[3].u_tile /i_1/o[1]
      : \u_core/u_fabric /\g_row[2].g_col[3].u_tile /i_1/I72[1]
      : \u_core/u_fabric /\g_row[2].g_col[3].u_tile /in_n[1]
      : \u_core/u_fabric /\g_row[3].g_col[3].u_tile /out_s[1]
      : \u_core/u_fabric /\g_row[3].g_col[3].u_tile /i_1/o[9]
      : \u_core/u_fabric /\g_row[2].g_col[3].u_tile /i_1/I72[1]
      : \u_core/u_fabric /\g_row[2].g_col[3].u_tile /in_n[1]
      : \u_core/u_fabric /\g_row[3].g_col[3].u_tile /out_s[1]
      : \u_core/u_fabric /\g_row[3].g_col[3].u_tile /i_1/o[9]
      : \u_core/u_fabric /\g_row[3].g_col[3].u_tile /i_1/I72[11]
      : \u_core/u_fabric /\g_row[3].g_col[3].u_tile /in_s[3]
      : \u_core/u_fabric /\g_row[2].g_col[3].u_tile /out_n[3]
      : \u_core/u_fabric /\g_row[2].g_col[3].u_tile /i_1/o[3]
      : \u_core/u_fabric /\g_row[2].g_col[2].u_tile /i_1/I72[3]
      : \u_core/u_fabric /\g_row[2].g_col[2].u_tile /in_n[3]
      : \u_core/u_fabric /\g_row[3].g_col[2].u_tile /out_s[3]
      : \u_core/u_fabric /\g_row[3].g_col[2].u_tile /i_1/o[11]
      : \u_core/u_fabric /\g_row[3].g_col[2].u_tile /i_1/I72[9]
      : \u_core/u_fabric /\g_row[3].g_col[2].u_tile /in_s[1]
      : \u_core/u_fabric /\g_row[2].g_col[2].u_tile /out_n[1]
      : \u_core/u_fabric /\g_row[2].g_col[2].u_tile /i_1/o[1]
      : \u_core/u_fabric /\g_row[2].g_col[2].u_tile /i_1/I72[3]
      : \u_core/u_fabric /\g_row[2].g_col[2].u_tile /in_n[3]
      : \u_core/u_fabric /\g_row[3].g_col[2].u_tile /out_s[3]
      : \u_core/u_fabric /\g_row[3].g_col[2].u_tile /i_1/o[11]
      : \u_core/u_fabric /\g_row[2].g_col[2].u_tile /i_1/I72[1]
      : \u_core/u_fabric /\g_row[2].g_col[2].u_tile /in_n[1]
      : \u_core/u_fabric /\g_row[3].g_col[2].u_tile /out_s[1]
      : \u_core/u_fabric /\g_row[3].g_col[2].u_tile /i_1/o[9]
      : \u_core/u_fabric /\g_row[3].g_col[2].u_tile /i_1/I72[9]
      : \u_core/u_fabric /\g_row[3].g_col[2].u_tile /in_s[1]
      : \u_core/u_fabric /\g_row[2].g_col[2].u_tile /out_n[1]
      : \u_core/u_fabric /\g_row[2].g_col[2].u_tile /i_1/o[1]
      : \u_core/u_fabric /\g_row[3].g_col[2].u_tile /i_1/I72[9]
      : \u_core/u_fabric /\g_row[3].g_col[2].u_tile /in_s[1]
      : \u_core/u_fabric /\g_row[2].g_col[2].u_tile /out_n[1]
      : \u_core/u_fabric /\g_row[2].g_col[2].u_tile /i_1/o[1]
      : \u_core/u_fabric /\g_row[2].g_col[2].u_tile /i_1/I72[1]
      : \u_core/u_fabric /\g_row[2].g_col[2].u_tile /in_n[1]
      : \u_core/u_fabric /\g_row[3].g_col[2].u_tile /out_s[1]
      : \u_core/u_fabric /\g_row[3].g_col[2].u_tile /i_1/o[9]
      : \u_core/u_fabric /\g_row[2].g_col[2].u_tile /i_1/I72[7]
      : \u_core/u_fabric /\g_row[2].g_col[2].u_tile /in_e[3]
      : \u_core/u_fabric /\g_row[2].g_col[3].u_tile /out_w[3]
      : \u_core/u_fabric /\g_row[2].g_col[3].u_tile /i_1/o[15]
      : \u_core/u_fabric /\g_row[2].g_col[1].u_tile /i_1/I72[3]
      : \u_core/u_fabric /\g_row[2].g_col[1].u_tile /in_n[3]
      : \u_core/u_fabric /\g_row[3].g_col[1].u_tile /out_s[3]
      : \u_core/u_fabric /\g_row[3].g_col[1].u_tile /i_1/o[11]
      : \u_core/u_fabric /\g_row[3].g_col[1].u_tile /i_1/I72[9]
      : \u_core/u_fabric /\g_row[3].g_col[1].u_tile /in_s[1]
      : \u_core/u_fabric /\g_row[2].g_col[1].u_tile /out_n[1]
      : \u_core/u_fabric /\g_row[2].g_col[1].u_tile /i_1/o[1]
      : \u_core/u_fabric /\g_row[2].g_col[1].u_tile /i_1/I72[3]
      : \u_core/u_fabric /\g_row[2].g_col[1].u_tile /in_n[3]
      : \u_core/u_fabric /\g_row[3].g_col[1].u_tile /out_s[3]
      : \u_core/u_fabric /\g_row[3].g_col[1].u_tile /i_1/o[11]
      : \u_core/u_fabric /\g_row[2].g_col[1].u_tile /i_1/I72[1]
      : \u_core/u_fabric /\g_row[2].g_col[1].u_tile /in_n[1]
      : \u_core/u_fabric /\g_row[3].g_col[1].u_tile /out_s[1]
      : \u_core/u_fabric /\g_row[3].g_col[1].u_tile /i_1/o[9]
      : \u_core/u_fabric /\g_row[3].g_col[1].u_tile /i_1/I72[9]
      : \u_core/u_fabric /\g_row[3].g_col[1].u_tile /in_s[1]
      : \u_core/u_fabric /\g_row[2].g_col[1].u_tile /out_n[1]
      : \u_core/u_fabric /\g_row[2].g_col[1].u_tile /i_1/o[1]
      : \u_core/u_fabric /\g_row[3].g_col[1].u_tile /i_1/I72[9]
      : \u_core/u_fabric /\g_row[3].g_col[1].u_tile /in_s[1]
      : \u_core/u_fabric /\g_row[2].g_col[1].u_tile /out_n[1]
      : \u_core/u_fabric /\g_row[2].g_col[1].u_tile /i_1/o[1]
      : \u_core/u_fabric /\g_row[2].g_col[1].u_tile /i_1/I72[1]
      : \u_core/u_fabric /\g_row[2].g_col[1].u_tile /in_n[1]
      : \u_core/u_fabric /\g_row[3].g_col[1].u_tile /out_s[1]
      : \u_core/u_fabric /\g_row[3].g_col[1].u_tile /i_1/o[9]
      : \u_core/u_fabric /\g_row[2].g_col[1].u_tile /i_1/I72[7]
      : \u_core/u_fabric /\g_row[2].g_col[1].u_tile /in_e[3]
      : \u_core/u_fabric /\g_row[2].g_col[2].u_tile /out_w[3]
      : \u_core/u_fabric /\g_row[2].g_col[2].u_tile /i_1/o[15]
      : \u_core/u_fabric /\g_row[2].g_col[0].u_tile /i_1/I72[1]
      : \u_core/u_fabric /\g_row[2].g_col[0].u_tile /in_n[1]
      : \u_core/u_fabric /\g_row[3].g_col[0].u_tile /out_s[1]
      : \u_core/u_fabric /\g_row[3].g_col[0].u_tile /i_1/o[9]
      : \u_core/u_fabric /\g_row[3].g_col[0].u_tile /i_1/I72[5]
      : \u_core/u_fabric /\g_row[3].g_col[0].u_tile /in_e[1]
      : \u_core/u_fabric /\g_row[3].g_col[1].u_tile /out_w[1]
      : \u_core/u_fabric /\g_row[3].g_col[1].u_tile /i_1/o[13]
      : \u_core/u_fabric /\g_row[3].g_col[0].u_tile /i_1/I72[5]
      : \u_core/u_fabric /\g_row[3].g_col[0].u_tile /in_e[1]
      : \u_core/u_fabric /\g_row[3].g_col[1].u_tile /out_w[1]
      : \u_core/u_fabric /\g_row[3].g_col[1].u_tile /i_1/o[13]
      : \u_core/u_fabric /\g_row[2].g_col[0].u_tile /i_1/I72[1]
      : \u_core/u_fabric /\g_row[2].g_col[0].u_tile /in_n[1]
      : \u_core/u_fabric /\g_row[3].g_col[0].u_tile /out_s[1]
      : \u_core/u_fabric /\g_row[3].g_col[0].u_tile /i_1/o[9]
      : \u_core/u_fabric /\g_row[2].g_col[0].u_tile /i_1/I72[7]
      : \u_core/u_fabric /\g_row[2].g_col[0].u_tile /in_e[3]
      : \u_core/u_fabric /\g_row[2].g_col[1].u_tile /out_w[3]
      : \u_core/u_fabric /\g_row[2].g_col[1].u_tile /i_1/o[15]
      : \u_core/u_fabric /\g_row[1].g_col[0].u_tile /i_1/I72[9]
      : \u_core/u_fabric /\g_row[1].g_col[0].u_tile /in_s[1]
      : \u_core/u_fabric /\g_row[0].g_col[0].u_tile /out_n[1]
      : \u_core/u_fabric /\g_row[0].g_col[0].u_tile /i_1/o[1]
WARNING: [Synth 8-326] inferred exception to break timing loop: 'set_false_path -through \u_core/u_fabric /\g_row[0].g_col[3].u_tile /i_1/\u_cb/o0_inferred__2/i___5 /Z'
WARNING: [Synth 8-326] inferred exception to break timing loop: 'set_false_path -through \u_core/u_fabric /\g_row[0].g_col[3].u_tile /i_1/i_13/Z'
WARNING: [Synth 8-326] inferred exception to break timing loop: 'set_false_path -through \u_core/u_fabric /\g_row[0].g_col[3].u_tile /i_1/i_13/Z'
WARNING: [Synth 8-326] inferred exception to break timing loop: 'set_false_path -through \u_core/u_fabric /\g_row[0].g_col[3].u_tile /i_1/i_6/Z'
WARNING: [Synth 8-326] inferred exception to break timing loop: 'set_false_path -through \u_core/u_fabric /\g_row[0].g_col[3].u_tile /i_1/i_6/Z'
WARNING: [Synth 8-326] inferred exception to break timing loop: 'set_false_path -through \u_core/u_fabric /\g_row[3].g_col[2].u_tile /i_1/i_426/Z'
WARNING: [Synth 8-326] inferred exception to break timing loop: 'set_false_path -through \u_core/u_fabric /\g_row[2].g_col[3].u_tile /i_1/i_435/Z'
WARNING: [Synth 8-326] inferred exception to break timing loop: 'set_false_path -through \u_core/u_fabric /\g_row[3].g_col[1].u_tile /i_1/i_426/Z'
WARNING: [Synth 8-326] inferred exception to break timing loop: 'set_false_path -through \u_core/u_fabric /\g_row[2].g_col[2].u_tile /i_1/i_600/Z'
WARNING: [Synth 8-326] inferred exception to break timing loop: 'set_false_path -through \u_core/u_fabric /\g_row[2].g_col[2].u_tile /i_1/i_579/Z'
WARNING: [Synth 8-326] inferred exception to break timing loop: 'set_false_path -through \u_core/u_fabric /\g_row[2].g_col[2].u_tile /i_1/i_558/Z'
WARNING: [Synth 8-326] inferred exception to break timing loop: 'set_false_path -through \u_core/u_fabric /\g_row[2].g_col[2].u_tile /i_1/i_537/Z'
WARNING: [Synth 8-326] inferred exception to break timing loop: 'set_false_path -through \u_core/u_fabric /\g_row[2].g_col[2].u_tile /i_1/i_474/Z'
WARNING: [Synth 8-326] inferred exception to break timing loop: 'set_false_path -through \u_core/u_fabric /\g_row[2].g_col[2].u_tile /i_1/i_453/Z'
WARNING: [Synth 8-326] inferred exception to break timing loop: 'set_false_path -through \u_core/u_fabric /\g_row[2].g_col[2].u_tile /i_1/i_348/Z'
WARNING: [Synth 8-326] inferred exception to break timing loop: 'set_false_path -through \u_core/u_fabric /\g_row[2].g_col[3].u_tile /i_1/i_482/Z'
WARNING: [Synth 8-326] inferred exception to break timing loop: 'set_false_path -through \u_core/u_fabric /\g_row[2].g_col[3].u_tile /i_1/i_463/Z'
WARNING: [Synth 8-326] inferred exception to break timing loop: 'set_false_path -through \u_core/u_fabric /\g_row[2].g_col[3].u_tile /i_1/i_444/Z'
WARNING: [Synth 8-326] inferred exception to break timing loop: 'set_false_path -through \u_core/u_fabric /\g_row[2].g_col[3].u_tile /i_1/i_425/Z'
WARNING: [Synth 8-326] inferred exception to break timing loop: 'set_false_path -through \u_core/u_fabric /\g_row[2].g_col[3].u_tile /i_1/i_311/Z'
WARNING: [Synth 8-326] inferred exception to break timing loop: 'set_false_path -through \u_core/u_fabric /\g_row[3].g_col[2].u_tile /i_1/i_207/Z'
WARNING: [Synth 8-326] inferred exception to break timing loop: 'set_false_path -through \u_core/u_fabric /\g_row[3].g_col[2].u_tile /i_1/i_207/Z'
WARNING: [Synth 8-326] inferred exception to break timing loop: 'set_false_path -through \u_core/u_fabric /\g_row[3].g_col[2].u_tile /i_1/i_199/Z'
WARNING: [Synth 8-326] inferred exception to break timing loop: 'set_false_path -through \u_core/u_fabric /\g_row[3].g_col[2].u_tile /i_1/i_199/Z'
WARNING: [Synth 8-326] inferred exception to break timing loop: 'set_false_path -through \u_core/u_fabric /\g_row[3].g_col[3].u_tile /i_1/i_176/O'
WARNING: [Synth 8-326] inferred exception to break timing loop: 'set_false_path -through \u_core/u_fabric /\g_row[3].g_col[3].u_tile /i_1/i_180/Z'
WARNING: [Synth 8-326] inferred exception to break timing loop: 'set_false_path -through \u_core/u_fabric /\g_row[3].g_col[3].u_tile /i_1/i_180/Z'
WARNING: [Synth 8-326] inferred exception to break timing loop: 'set_false_path -through \u_core/u_fabric /\g_row[3].g_col[3].u_tile /i_1/i_172/Z'
WARNING: [Synth 8-326] inferred exception to break timing loop: 'set_false_path -through \u_core/u_fabric /\g_row[3].g_col[3].u_tile /i_1/i_172/Z'
WARNING: [Synth 8-326] inferred exception to break timing loop: 'set_false_path -through \u_core/u_fabric /\g_row[3].g_col[0].u_tile /i_1/i_207/Z'
WARNING: [Synth 8-326] inferred exception to break timing loop: 'set_false_path -through \u_core/u_fabric /\g_row[3].g_col[0].u_tile /i_1/i_207/Z'
WARNING: [Synth 8-326] inferred exception to break timing loop: 'set_false_path -through \u_core/u_fabric /\g_row[3].g_col[1].u_tile /i_1/i_207/Z'
WARNING: [Synth 8-326] inferred exception to break timing loop: 'set_false_path -through \u_core/u_fabric /\g_row[3].g_col[1].u_tile /i_1/i_199/Z'
WARNING: [Synth 8-326] inferred exception to break timing loop: 'set_false_path -through \u_core/u_fabric /\g_row[3].g_col[1].u_tile /i_1/i_199/Z'
WARNING: [Synth 8-326] inferred exception to break timing loop: 'set_false_path -through \u_core/u_fabric /\g_row[3].g_col[1].u_tile /i_1/i_207/Z'
WARNING: [Synth 8-326] inferred exception to break timing loop: 'set_false_path -through \u_core/u_fabric /\g_row[2].g_col[1].u_tile /i_1/i_248/Z'
WARNING: [Synth 8-326] inferred exception to break timing loop: 'set_false_path -through \u_core/u_fabric /\g_row[2].g_col[2].u_tile /i_1/i_248/Z'
WARNING: [Synth 8-326] inferred exception to break timing loop: 'set_false_path -through \u_core/u_fabric /\g_row[2].g_col[1].u_tile /i_1/i_248/Z'
WARNING: [Synth 8-326] inferred exception to break timing loop: 'set_false_path -through \u_core/u_fabric /\g_row[2].g_col[1].u_tile /i_1/i_241/Z'
WARNING: [Synth 8-326] inferred exception to break timing loop: 'set_false_path -through \u_core/u_fabric /\g_row[2].g_col[1].u_tile /i_1/i_241/Z'
WARNING: [Synth 8-326] inferred exception to break timing loop: 'set_false_path -through \u_core/u_fabric /\g_row[2].g_col[2].u_tile /i_1/i_248/Z'
WARNING: [Synth 8-326] inferred exception to break timing loop: 'set_false_path -through \u_core/u_fabric /\g_row[2].g_col[2].u_tile /i_1/i_241/Z'
WARNING: [Synth 8-326] inferred exception to break timing loop: 'set_false_path -through \u_core/u_fabric /\g_row[2].g_col[2].u_tile /i_1/i_241/Z'
WARNING: [Synth 8-326] inferred exception to break timing loop: 'set_false_path -through \u_core/u_fabric /\g_row[2].g_col[0].u_tile /i_1/i_246/Z'
WARNING: [Synth 8-326] inferred exception to break timing loop: 'set_false_path -through \u_core/u_fabric /\g_row[2].g_col[0].u_tile /i_1/i_246/Z'
WARNING: [Synth 8-326] inferred exception to break timing loop: 'set_false_path -through \u_core/u_fabric /\g_row[2].g_col[0].u_tile /i_1/i_239/Z'
WARNING: [Synth 8-326] inferred exception to break timing loop: 'set_false_path -through \u_core/u_fabric /\g_row[2].g_col[0].u_tile /i_1/i_239/Z'
WARNING: [Synth 8-326] inferred exception to break timing loop: 'set_false_path -through \u_core/u_fabric /\g_row[2].g_col[3].u_tile /i_1/i_219/Z'
WARNING: [Synth 8-326] inferred exception to break timing loop: 'set_false_path -through \u_core/u_fabric /\g_row[2].g_col[3].u_tile /i_1/i_219/Z'
WARNING: [Synth 8-326] inferred exception to break timing loop: 'set_false_path -through \u_core/u_fabric /\g_row[2].g_col[3].u_tile /i_1/i_212/Z'
WARNING: [Synth 8-326] inferred exception to break timing loop: 'set_false_path -through \u_core/u_fabric /\g_row[2].g_col[3].u_tile /i_1/i_212/Z'
WARNING: [Synth 8-326] inferred exception to break timing loop: 'set_false_path -through \u_core/u_fabric /\g_row[1].g_col[3].u_tile /i_1/i_219/Z'
WARNING: [Synth 8-326] inferred exception to break timing loop: 'set_false_path -through \u_core/u_fabric /\g_row[1].g_col[3].u_tile /i_1/i_219/Z'
WARNING: [Synth 8-326] inferred exception to break timing loop: 'set_false_path -through \u_core/u_fabric /\g_row[1].g_col[3].u_tile /i_1/i_212/Z'
WARNING: [Synth 8-326] inferred exception to break timing loop: 'set_false_path -through \u_core/u_fabric /\g_row[1].g_col[3].u_tile /i_1/i_212/Z'
WARNING: [Synth 8-326] inferred exception to break timing loop: 'set_false_path -through \u_core/u_fabric /\g_row[1].g_col[2].u_tile /i_1/i_248/Z'
WARNING: [Synth 8-326] inferred exception to break timing loop: 'set_false_path -through \u_core/u_fabric /\g_row[1].g_col[2].u_tile /i_1/i_248/Z'
WARNING: [Synth 8-326] inferred exception to break timing loop: 'set_false_path -through \u_core/u_fabric /\g_row[1].g_col[2].u_tile /i_1/i_241/Z'
WARNING: [Synth 8-326] inferred exception to break timing loop: 'set_false_path -through \u_core/u_fabric /\g_row[1].g_col[2].u_tile /i_1/i_241/Z'
WARNING: [Synth 8-326] inferred exception to break timing loop: 'set_false_path -through \u_core/u_fabric /\g_row[1].g_col[2].u_tile /i_1/i_33/O'
WARNING: [Synth 8-326] inferred exception to break timing loop: 'set_false_path -through \u_core/u_fabric /\g_row[1].g_col[2].u_tile /i_1/i_101/O'
WARNING: [Synth 8-326] inferred exception to break timing loop: 'set_false_path -through \u_core/u_fabric /\g_row[1].g_col[1].u_tile /i_1/i_248/Z'
WARNING: [Synth 8-326] inferred exception to break timing loop: 'set_false_path -through \u_core/u_fabric /\g_row[1].g_col[1].u_tile /i_1/i_248/Z'
WARNING: [Synth 8-326] inferred exception to break timing loop: 'set_false_path -through \u_core/u_fabric /\g_row[1].g_col[1].u_tile /i_1/i_241/Z'
WARNING: [Synth 8-326] inferred exception to break timing loop: 'set_false_path -through \u_core/u_fabric /\g_row[1].g_col[1].u_tile /i_1/i_241/Z'
WARNING: [Synth 8-326] inferred exception to break timing loop: 'set_false_path -through \u_core/u_fabric /\g_row[1].g_col[1].u_tile /i_1/i_33/O'
WARNING: [Synth 8-326] inferred exception to break timing loop: 'set_false_path -through \u_core/u_fabric /\g_row[1].g_col[1].u_tile /i_1/i_101/O'
WARNING: [Synth 8-326] inferred exception to break timing loop: 'set_false_path -through \u_core/u_fabric /\g_row[0].g_col[2].u_tile /i_1/i_220/Z'
WARNING: [Synth 8-326] inferred exception to break timing loop: 'set_false_path -through \u_core/u_fabric /\g_row[0].g_col[2].u_tile /i_1/i_220/Z'
WARNING: [Synth 8-326] inferred exception to break timing loop: 'set_false_path -through \u_core/u_fabric /\g_row[0].g_col[2].u_tile /i_1/i_213/Z'
WARNING: [Synth 8-326] inferred exception to break timing loop: 'set_false_path -through \u_core/u_fabric /\g_row[0].g_col[2].u_tile /i_1/i_213/Z'
WARNING: [Synth 8-326] inferred exception to break timing loop: 'set_false_path -through \u_core/u_fabric /\g_row[1].g_col[0].u_tile /i_1/i_85/O'
WARNING: [Synth 8-326] inferred exception to break timing loop: 'set_false_path -through \u_core/u_fabric /\g_row[1].g_col[0].u_tile /i_1/i_246/Z'
WARNING: [Synth 8-326] inferred exception to break timing loop: 'set_false_path -through \u_core/u_fabric /\g_row[1].g_col[0].u_tile /i_1/i_246/Z'
WARNING: [Synth 8-326] inferred exception to break timing loop: 'set_false_path -through \u_core/u_fabric /\g_row[1].g_col[0].u_tile /i_1/i_239/Z'
WARNING: [Synth 8-326] inferred exception to break timing loop: 'set_false_path -through \u_core/u_fabric /\g_row[1].g_col[0].u_tile /i_1/i_239/Z'
WARNING: [Synth 8-326] inferred exception to break timing loop: 'set_false_path -through \u_core/u_fabric /\g_row[1].g_col[0].u_tile /i_1/i_33/O'
WARNING: [Synth 8-326] inferred exception to break timing loop: 'set_false_path -through \u_core/u_fabric /\g_row[0].g_col[1].u_tile /i_1/i_220/Z'
WARNING: [Synth 8-326] inferred exception to break timing loop: 'set_false_path -through \u_core/u_fabric /\g_row[0].g_col[1].u_tile /i_1/i_220/Z'
WARNING: [Synth 8-326] inferred exception to break timing loop: 'set_false_path -through \u_core/u_fabric /\g_row[0].g_col[1].u_tile /i_1/i_213/Z'
WARNING: [Synth 8-326] inferred exception to break timing loop: 'set_false_path -through \u_core/u_fabric /\g_row[0].g_col[1].u_tile /i_1/i_213/Z'
WARNING: [Synth 8-326] inferred exception to break timing loop: 'set_false_path -through \u_core/u_fabric /\g_row[0].g_col[0].u_tile /i_1/i_223/Z'
WARNING: [Synth 8-326] inferred exception to break timing loop: 'set_false_path -through \u_core/u_fabric /\g_row[0].g_col[0].u_tile /i_1/i_223/Z'
WARNING: [Synth 8-326] inferred exception to break timing loop: 'set_false_path -through \u_core/u_fabric /\g_row[0].g_col[0].u_tile /i_1/i_216/Z'
WARNING: [Synth 8-326] inferred exception to break timing loop: 'set_false_path -through \u_core/u_fabric /\g_row[0].g_col[0].u_tile /i_1/i_216/Z'
WARNING: [Synth 8-326] inferred exception to break timing loop: 'set_false_path -through \u_core/u_fabric /\g_row[2].g_col[3].u_tile /i_1/i_117/Z'
WARNING: [Synth 8-326] inferred exception to break timing loop: 'set_false_path -through \u_core/u_fabric /\g_row[2].g_col[3].u_tile /i_1/i_495/O'
WARNING: [Synth 8-326] inferred exception to break timing loop: 'set_false_path -through \u_core/u_fabric /\g_row[2].g_col[3].u_tile /i_1/i_488/O'
WARNING: [Synth 8-326] inferred exception to break timing loop: 'set_false_path -through \u_core/u_fabric /\g_row[2].g_col[3].u_tile /i_1/i_479/O'
WARNING: [Synth 8-326] inferred exception to break timing loop: 'set_false_path -through \u_core/u_fabric /\g_row[2].g_col[3].u_tile /i_1/i_472/O'
WARNING: [Synth 8-326] inferred exception to break timing loop: 'set_false_path -through \u_core/u_fabric /\g_row[2].g_col[3].u_tile /i_1/i_495/O'
WARNING: [Synth 8-326] inferred exception to break timing loop: 'set_false_path -through \u_core/u_fabric /\g_row[2].g_col[3].u_tile /i_1/i_488/O'
WARNING: [Synth 8-326] inferred exception to break timing loop: 'set_false_path -through \u_core/u_fabric /\g_row[2].g_col[3].u_tile /i_1/i_479/O'
WARNING: [Synth 8-326] inferred exception to break timing loop: 'set_false_path -through \u_core/u_fabric /\g_row[2].g_col[3].u_tile /i_1/i_472/O'
WARNING: [Synth 8-326] inferred exception to break timing loop: 'set_false_path -through \u_core/u_fabric /\g_row[2].g_col[3].u_tile /i_1/i_492/O'
WARNING: [Synth 8-326] inferred exception to break timing loop: 'set_false_path -through \u_core/u_fabric /\g_row[2].g_col[3].u_tile /i_1/i_485/O'
WARNING: [Synth 8-326] inferred exception to break timing loop: 'set_false_path -through \u_core/u_fabric /\g_row[2].g_col[3].u_tile /i_1/i_476/O'
WARNING: [Synth 8-326] inferred exception to break timing loop: 'set_false_path -through \u_core/u_fabric /\g_row[2].g_col[3].u_tile /i_1/i_469/O'
WARNING: [Synth 8-326] inferred exception to break timing loop: 'set_false_path -through \u_core/u_fabric /\g_row[2].g_col[3].u_tile /i_1/i_492/O'
WARNING: [Synth 8-326] inferred exception to break timing loop: 'set_false_path -through \u_core/u_fabric /\g_row[2].g_col[3].u_tile /i_1/i_485/O'
INFO: [Common 17-14] Message 'Synth 8-326' appears 100 times and further instances of the messages will be disabled. Use the Tcl command set_msg_config to change the current settings.
---------------------------------------------------------------------------------
Finished Timing Optimization : Time (s): cpu = 00:02:13 ; elapsed = 00:02:37 . Memory (MB): peak = 2842.234 ; gain = 1975.547
---------------------------------------------------------------------------------
---------------------------------------------------------------------------------
Start Technology Mapping
---------------------------------------------------------------------------------
Found timing loop:
     0: i_3067/O (LUT3)
      [E:/bob_full_v1/hw/src/clb/clb.sv:28]
     1: i_3067/I1 (LUT3)
     2: i_2979/O (MUXF7)
      [(null):0]
     3: i_2979/I1 (MUXF7)
     4: i_2980/O (LUT6)
      [(null):0]
     5: i_2980/I5 (LUT6)
     6: i_3053/O (LUT6)
      [(null):0]
     7: i_3053/I5 (LUT6)
     8: i_3227/O (LUT3)
      [E:/bob_full_v1/hw/src/clb/clb.sv:28]
     9: i_3227/I2 (LUT3)
    10: i_3176/O (LUT3)
      [E:/bob_full_v1/hw/src/clb/clb.sv:28]
    11: i_3176/I2 (LUT3)
    12: i_3177/O (LUT6)
      [E:/bob_full_v1/hw/src/clb/clb.sv:28]
    13: i_3177/I5 (LUT6)
    14: i_3067/O (LUT3)
      [E:/bob_full_v1/hw/src/clb/clb.sv:28]
CRITICAL WARNING: [Synth 8-295] found timing loop. [E:/bob_full_v1/hw/src/top/fpga4x4_top.v:12]
Inferred a: "set_disable_timing -from I1 -to O i_3067"
Found timing loop:
     0: i_3227/O (LUT3)
      [E:/bob_full_v1/hw/src/clb/clb.sv:28]
     1: i_3227/I2 (LUT3)
     2: i_3176/O (LUT3)
      [E:/bob_full_v1/hw/src/clb/clb.sv:28]
     3: i_3176/I2 (LUT3)
     4: i_3177/O (LUT6)
      [E:/bob_full_v1/hw/src/clb/clb.sv:28]
     5: i_3177/I5 (LUT6)
     6: i_3067/O (LUT3)
      [E:/bob_full_v1/hw/src/clb/clb.sv:28]
     7: i_3067/O (LUT3)
CRITICAL WARNING: [Synth 8-295] found timing loop. [E:/bob_full_v1/hw/src/top/fpga4x4_top.v:12]
Inferred a: "set_disable_timing -from I2 -to O i_3227"
Found timing loop:
     0: i_3067/O (LUT3)
      [E:/bob_full_v1/hw/src/clb/clb.sv:28]
     1: i_3067/O (LUT3)
CRITICAL WARNING: [Synth 8-295] found timing loop. [E:/bob_full_v1/hw/src/top/fpga4x4_top.v:12]
Found timing loop:
     0: i_3066/O (LUT3)
      [E:/bob_full_v1/hw/src/clb/clb.sv:28]
     1: i_3066/I1 (LUT3)
     2: i_2977/O (MUXF7)
      [(null):0]
     3: i_2977/I1 (MUXF7)
     4: i_2978/O (LUT6)
      [(null):0]
     5: i_2978/I5 (LUT6)
     6: i_3052/O (LUT6)
      [(null):0]
     7: i_3052/I5 (LUT6)
     8: i_3227/O (LUT3)
      [E:/bob_full_v1/hw/src/clb/clb.sv:28]
     9: i_3227/O (LUT3)
CRITICAL WARNING: [Synth 8-295] found timing loop. [E:/bob_full_v1/hw/src/top/fpga4x4_top.v:12]
Inferred a: "set_disable_timing -from I1 -to O i_3066"
Found timing loop:
     0: i_3227/O (LUT3)
      [E:/bob_full_v1/hw/src/clb/clb.sv:28]
     1: i_3227/O (LUT3)
CRITICAL WARNING: [Synth 8-295] found timing loop. [E:/bob_full_v1/hw/src/top/fpga4x4_top.v:12]
Found timing loop:
     0: i_3226/O (LUT3)
      [E:/bob_full_v1/hw/src/clb/clb.sv:28]
     1: i_3226/I2 (LUT3)
     2: i_3171/O (LUT3)
      [E:/bob_full_v1/hw/src/clb/clb.sv:28]
     3: i_3171/I0 (LUT3)
     4: i_3172/O (LUT6)
      [E:/bob_full_v1/hw/src/clb/clb.sv:28]
     5: i_3172/I5 (LUT6)
     6: i_3067/O (LUT3)
      [E:/bob_full_v1/hw/src/clb/clb.sv:28]
     7: i_3067/O (LUT3)
CRITICAL WARNING: [Synth 8-295] found timing loop. [E:/bob_full_v1/hw/src/top/fpga4x4_top.v:12]
Inferred a: "set_disable_timing -from I2 -to O i_3226"
Found timing loop:
     0: i_3067/O (LUT3)
      [E:/bob_full_v1/hw/src/clb/clb.sv:28]
     1: i_3067/O (LUT3)
CRITICAL WARNING: [Synth 8-295] found timing loop. [E:/bob_full_v1/hw/src/top/fpga4x4_top.v:12]
Found timing loop:
     0: i_3066/O (LUT3)
      [E:/bob_full_v1/hw/src/clb/clb.sv:28]
     1: i_3066/O (LUT3)
CRITICAL WARNING: [Synth 8-295] found timing loop. [E:/bob_full_v1/hw/src/top/fpga4x4_top.v:12]
Found timing loop:
     0: i_3065/O (LUT3)
      [E:/bob_full_v1/hw/src/clb/clb.sv:28]
     1: i_3065/I1 (LUT3)
     2: i_2975/O (MUXF7)
      [(null):0]
     3: i_2975/I1 (MUXF7)
     4: i_2976/O (LUT6)
      [(null):0]
     5: i_2976/I5 (LUT6)
     6: i_3051/O (LUT6)
      [(null):0]
     7: i_3051/I5 (LUT6)
     8: i_3227/O (LUT3)
      [E:/bob_full_v1/hw/src/clb/clb.sv:28]
     9: i_3227/O (LUT3)
CRITICAL WARNING: [Synth 8-295] found timing loop. [E:/bob_full_v1/hw/src/top/fpga4x4_top.v:12]
Inferred a: "set_disable_timing -from I1 -to O i_3065"
Found timing loop:
     0: i_3227/O (LUT3)
      [E:/bob_full_v1/hw/src/clb/clb.sv:28]
     1: i_3227/O (LUT3)
CRITICAL WARNING: [Synth 8-295] found timing loop. [E:/bob_full_v1/hw/src/top/fpga4x4_top.v:12]
Found timing loop:
     0: i_3226/O (LUT3)
      [E:/bob_full_v1/hw/src/clb/clb.sv:28]
     1: i_3226/O (LUT3)
CRITICAL WARNING: [Synth 8-295] found timing loop. [E:/bob_full_v1/hw/src/top/fpga4x4_top.v:12]
Found timing loop:
     0: i_3225/O (LUT3)
      [E:/bob_full_v1/hw/src/clb/clb.sv:28]
     1: i_3225/I2 (LUT3)
     2: i_3166/O (LUT3)
      [E:/bob_full_v1/hw/src/clb/clb.sv:28]
     3: i_3166/I2 (LUT3)
     4: i_3167/O (LUT6)
      [E:/bob_full_v1/hw/src/clb/clb.sv:28]
     5: i_3167/I5 (LUT6)
     6: i_3067/O (LUT3)
      [E:/bob_full_v1/hw/src/clb/clb.sv:28]
     7: i_3067/O (LUT3)
CRITICAL WARNING: [Synth 8-295] found timing loop. [E:/bob_full_v1/hw/src/top/fpga4x4_top.v:12]
Inferred a: "set_disable_timing -from I2 -to O i_3225"
Found timing loop:
     0: i_3067/O (LUT3)
      [E:/bob_full_v1/hw/src/clb/clb.sv:28]
     1: i_3067/O (LUT3)
CRITICAL WARNING: [Synth 8-295] found timing loop. [E:/bob_full_v1/hw/src/top/fpga4x4_top.v:12]
Found timing loop:
     0: i_3066/O (LUT3)
      [E:/bob_full_v1/hw/src/clb/clb.sv:28]
     1: i_3066/O (LUT3)
CRITICAL WARNING: [Synth 8-295] found timing loop. [E:/bob_full_v1/hw/src/top/fpga4x4_top.v:12]
Found timing loop:
     0: i_3065/O (LUT3)
      [E:/bob_full_v1/hw/src/clb/clb.sv:28]
     1: i_3065/O (LUT3)
CRITICAL WARNING: [Synth 8-295] found timing loop. [E:/bob_full_v1/hw/src/top/fpga4x4_top.v:12]
Found timing loop:
     0: i_3064/O (LUT3)
      [E:/bob_full_v1/hw/src/clb/clb.sv:28]
     1: i_3064/I1 (LUT3)
     2: i_2973/O (MUXF7)
      [(null):0]
     3: i_2973/I1 (MUXF7)
     4: i_2974/O (LUT6)
      [(null):0]
     5: i_2974/I5 (LUT6)
     6: i_3050/O (LUT6)
      [(null):0]
     7: i_3050/I5 (LUT6)
     8: i_3227/O (LUT3)
      [E:/bob_full_v1/hw/src/clb/clb.sv:28]
     9: i_3227/O (LUT3)
CRITICAL WARNING: [Synth 8-295] found timing loop. [E:/bob_full_v1/hw/src/top/fpga4x4_top.v:12]
Inferred a: "set_disable_timing -from I1 -to O i_3064"
Found timing loop:
     0: i_3231/O (LUT3)
      [E:/bob_full_v1/hw/src/clb/clb.sv:28]
     1: i_3231/I2 (LUT3)
     2: i_3196/O (LUT3)
      [E:/bob_full_v1/hw/src/clb/clb.sv:28]
     3: i_3196/I2 (LUT3)
     4: i_3197/O (LUT6)
      [E:/bob_full_v1/hw/src/clb/clb.sv:28]
     5: i_3197/I5 (LUT6)
     6: i_3067/O (LUT3)
      [E:/bob_full_v1/hw/src/clb/clb.sv:28]
     7: i_3067/O (LUT3)
CRITICAL WARNING: [Synth 8-295] found timing loop. [E:/bob_full_v1/hw/src/top/fpga4x4_top.v:12]
Inferred a: "set_disable_timing -from I2 -to O i_3231"
Found timing loop:
     0: i_3067/O (LUT3)
      [E:/bob_full_v1/hw/src/clb/clb.sv:28]
     1: i_3067/O (LUT3)
CRITICAL WARNING: [Synth 8-295] found timing loop. [E:/bob_full_v1/hw/src/top/fpga4x4_top.v:12]
Found timing loop:
     0: i_3066/O (LUT3)
      [E:/bob_full_v1/hw/src/clb/clb.sv:28]
     1: i_3066/O (LUT3)
CRITICAL WARNING: [Synth 8-295] found timing loop. [E:/bob_full_v1/hw/src/top/fpga4x4_top.v:12]
Found timing loop:
     0: i_3065/O (LUT3)
      [E:/bob_full_v1/hw/src/clb/clb.sv:28]
     1: i_3065/O (LUT3)
CRITICAL WARNING: [Synth 8-295] found timing loop. [E:/bob_full_v1/hw/src/top/fpga4x4_top.v:12]
Found timing loop:
     0: i_3064/O (LUT3)
      [E:/bob_full_v1/hw/src/clb/clb.sv:28]
     1: i_3064/O (LUT3)
CRITICAL WARNING: [Synth 8-295] found timing loop. [E:/bob_full_v1/hw/src/top/fpga4x4_top.v:12]
Found timing loop:
     0: i_3391/O (LUT3)
      [E:/bob_full_v1/hw/src/clb/clb.sv:28]
     1: i_3391/I2 (LUT3)
     2: i_3340/O (LUT3)
      [E:/bob_full_v1/hw/src/clb/clb.sv:28]
     3: i_3340/I2 (LUT3)
     4: i_3341/O (LUT6)
      [E:/bob_full_v1/hw/src/clb/clb.sv:28]
     5: i_3341/I5 (LUT6)
     6: i_3231/O (LUT3)
      [E:/bob_full_v1/hw/src/clb/clb.sv:28]
     7: i_3231/O (LUT3)
CRITICAL WARNING: [Synth 8-295] found timing loop. [E:/bob_full_v1/hw/src/top/fpga4x4_top.v:12]
Inferred a: "set_disable_timing -from I2 -to O i_3391"
Found timing loop:
     0: i_3231/O (LUT3)
      [E:/bob_full_v1/hw/src/clb/clb.sv:28]
     1: i_3231/O (LUT3)
CRITICAL WARNING: [Synth 8-295] found timing loop. [E:/bob_full_v1/hw/src/top/fpga4x4_top.v:12]
Found timing loop:
     0: i_3230/O (LUT3)
      [E:/bob_full_v1/hw/src/clb/clb.sv:28]
     1: i_3230/I1 (LUT3)
     2: i_3118/O (MUXF7)
      [E:/bob_full_v1/hw/src/clb/clb.sv:28]
     3: i_3118/I1 (MUXF7)
     4: i_3119/O (LUT6)
      [E:/bob_full_v1/hw/src/clb/clb.sv:28]
     5: i_3119/I5 (LUT6)
     6: i_3190/O (LUT6)
      [E:/bob_full_v1/hw/src/clb/clb.sv:28]
     7: i_3190/I5 (LUT6)
     8: i_3391/O (LUT3)
      [E:/bob_full_v1/hw/src/clb/clb.sv:28]
     9: i_3391/O (LUT3)
CRITICAL WARNING: [Synth 8-295] found timing loop. [E:/bob_full_v1/hw/src/top/fpga4x4_top.v:12]
Inferred a: "set_disable_timing -from I1 -to O i_3230"
Found timing loop:
     0: i_3067/O (LUT3)
      [E:/bob_full_v1/hw/src/clb/clb.sv:28]
     1: i_3067/O (LUT3)
CRITICAL WARNING: [Synth 8-295] found timing loop. [E:/bob_full_v1/hw/src/top/fpga4x4_top.v:12]
Found timing loop:
     0: i_3066/O (LUT3)
      [E:/bob_full_v1/hw/src/clb/clb.sv:28]
     1: i_3066/O (LUT3)
CRITICAL WARNING: [Synth 8-295] found timing loop. [E:/bob_full_v1/hw/src/top/fpga4x4_top.v:12]
Found timing loop:
     0: i_3065/O (LUT3)
      [E:/bob_full_v1/hw/src/clb/clb.sv:28]
     1: i_3065/O (LUT3)
CRITICAL WARNING: [Synth 8-295] found timing loop. [E:/bob_full_v1/hw/src/top/fpga4x4_top.v:12]
Found timing loop:
     0: i_3064/O (LUT3)
      [E:/bob_full_v1/hw/src/clb/clb.sv:28]
     1: i_3064/O (LUT3)
CRITICAL WARNING: [Synth 8-295] found timing loop. [E:/bob_full_v1/hw/src/top/fpga4x4_top.v:12]
Found timing loop:
     0: i_3391/O (LUT3)
      [E:/bob_full_v1/hw/src/clb/clb.sv:28]
     1: i_3391/O (LUT3)
CRITICAL WARNING: [Synth 8-295] found timing loop. [E:/bob_full_v1/hw/src/top/fpga4x4_top.v:12]
Found timing loop:
     0: i_3390/O (LUT3)
      [E:/bob_full_v1/hw/src/clb/clb.sv:28]
     1: i_3390/I2 (LUT3)
     2: i_3335/O (LUT3)
      [E:/bob_full_v1/hw/src/clb/clb.sv:28]
     3: i_3335/I0 (LUT3)
     4: i_3336/O (LUT6)
      [E:/bob_full_v1/hw/src/clb/clb.sv:28]
     5: i_3336/I5 (LUT6)
     6: i_3231/O (LUT3)
      [E:/bob_full_v1/hw/src/clb/clb.sv:28]
     7: i_3231/O (LUT3)
CRITICAL WARNING: [Synth 8-295] found timing loop. [E:/bob_full_v1/hw/src/top/fpga4x4_top.v:12]
Inferred a: "set_disable_timing -from I2 -to O i_3390"
Found timing loop:
     0: i_3231/O (LUT3)
      [E:/bob_full_v1/hw/src/clb/clb.sv:28]
     1: i_3231/O (LUT3)
CRITICAL WARNING: [Synth 8-295] found timing loop. [E:/bob_full_v1/hw/src/top/fpga4x4_top.v:12]
Found timing loop:
     0: i_3230/O (LUT3)
      [E:/bob_full_v1/hw/src/clb/clb.sv:28]
     1: i_3230/O (LUT3)
CRITICAL WARNING: [Synth 8-295] found timing loop. [E:/bob_full_v1/hw/src/top/fpga4x4_top.v:12]
Found timing loop:
     0: i_3229/O (LUT3)
      [E:/bob_full_v1/hw/src/clb/clb.sv:28]
     1: i_3229/I1 (LUT3)
     2: i_3116/O (MUXF7)
      [E:/bob_full_v1/hw/src/clb/clb.sv:28]
     3: i_3116/I1 (MUXF7)
     4: i_3117/O (LUT6)
      [E:/bob_full_v1/hw/src/clb/clb.sv:28]
     5: i_3117/I5 (LUT6)
     6: i_3185/O (LUT6)
      [E:/bob_full_v1/hw/src/clb/clb.sv:28]
     7: i_3185/I5 (LUT6)
     8: i_3391/O (LUT3)
      [E:/bob_full_v1/hw/src/clb/clb.sv:28]
     9: i_3391/O (LUT3)
CRITICAL WARNING: [Synth 8-295] found timing loop. [E:/bob_full_v1/hw/src/top/fpga4x4_top.v:12]
Inferred a: "set_disable_timing -from I1 -to O i_3229"
Found timing loop:
     0: i_3067/O (LUT3)
      [E:/bob_full_v1/hw/src/clb/clb.sv:28]
     1: i_3067/O (LUT3)
CRITICAL WARNING: [Synth 8-295] found timing loop. [E:/bob_full_v1/hw/src/top/fpga4x4_top.v:12]
Found timing loop:
     0: i_3066/O (LUT3)
      [E:/bob_full_v1/hw/src/clb/clb.sv:28]
     1: i_3066/O (LUT3)
CRITICAL WARNING: [Synth 8-295] found timing loop. [E:/bob_full_v1/hw/src/top/fpga4x4_top.v:12]
Found timing loop:
     0: i_3065/O (LUT3)
      [E:/bob_full_v1/hw/src/clb/clb.sv:28]
     1: i_3065/O (LUT3)
CRITICAL WARNING: [Synth 8-295] found timing loop. [E:/bob_full_v1/hw/src/top/fpga4x4_top.v:12]
Found timing loop:
     0: i_3064/O (LUT3)
      [E:/bob_full_v1/hw/src/clb/clb.sv:28]
     1: i_3064/O (LUT3)
CRITICAL WARNING: [Synth 8-295] found timing loop. [E:/bob_full_v1/hw/src/top/fpga4x4_top.v:12]
Found timing loop:
     0: i_3391/O (LUT3)
      [E:/bob_full_v1/hw/src/clb/clb.sv:28]
     1: i_3391/O (LUT3)
CRITICAL WARNING: [Synth 8-295] found timing loop. [E:/bob_full_v1/hw/src/top/fpga4x4_top.v:12]
Found timing loop:
     0: i_3390/O (LUT3)
      [E:/bob_full_v1/hw/src/clb/clb.sv:28]
     1: i_3390/O (LUT3)
CRITICAL WARNING: [Synth 8-295] found timing loop. [E:/bob_full_v1/hw/src/top/fpga4x4_top.v:12]
Found timing loop:
     0: i_3389/O (LUT3)
      [E:/bob_full_v1/hw/src/clb/clb.sv:28]
     1: i_3389/I2 (LUT3)
     2: i_3330/O (LUT3)
      [E:/bob_full_v1/hw/src/clb/clb.sv:28]
     3: i_3330/I2 (LUT3)
     4: i_3331/O (LUT6)
      [E:/bob_full_v1/hw/src/clb/clb.sv:28]
     5: i_3331/I5 (LUT6)
     6: i_3231/O (LUT3)
      [E:/bob_full_v1/hw/src/clb/clb.sv:28]
     7: i_3231/O (LUT3)
CRITICAL WARNING: [Synth 8-295] found timing loop. [E:/bob_full_v1/hw/src/top/fpga4x4_top.v:12]
Inferred a: "set_disable_timing -from I2 -to O i_3389"
Found timing loop:
     0: i_3231/O (LUT3)
      [E:/bob_full_v1/hw/src/clb/clb.sv:28]
     1: i_3231/O (LUT3)
CRITICAL WARNING: [Synth 8-295] found timing loop. [E:/bob_full_v1/hw/src/top/fpga4x4_top.v:12]
Found timing loop:
     0: i_3230/O (LUT3)
      [E:/bob_full_v1/hw/src/clb/clb.sv:28]
     1: i_3230/O (LUT3)
CRITICAL WARNING: [Synth 8-295] found timing loop. [E:/bob_full_v1/hw/src/top/fpga4x4_top.v:12]
Found timing loop:
     0: i_3229/O (LUT3)
      [E:/bob_full_v1/hw/src/clb/clb.sv:28]
     1: i_3229/O (LUT3)
CRITICAL WARNING: [Synth 8-295] found timing loop. [E:/bob_full_v1/hw/src/top/fpga4x4_top.v:12]
Found timing loop:
     0: i_3228/O (LUT3)
      [E:/bob_full_v1/hw/src/clb/clb.sv:28]
     1: i_3228/I1 (LUT3)
     2: i_3114/O (MUXF7)
      [E:/bob_full_v1/hw/src/clb/clb.sv:28]
     3: i_3114/I1 (MUXF7)
     4: i_3115/O (LUT6)
      [E:/bob_full_v1/hw/src/clb/clb.sv:28]
     5: i_3115/I5 (LUT6)
     6: i_3180/O (LUT6)
      [E:/bob_full_v1/hw/src/clb/clb.sv:28]
     7: i_3180/I5 (LUT6)
     8: i_3391/O (LUT3)
      [E:/bob_full_v1/hw/src/clb/clb.sv:28]
     9: i_3391/O (LUT3)
CRITICAL WARNING: [Synth 8-295] found timing loop. [E:/bob_full_v1/hw/src/top/fpga4x4_top.v:12]
Inferred a: "set_disable_timing -from I1 -to O i_3228"
Found timing loop:
     0: i_3396/O (LUT3)
      [E:/bob_full_v1/hw/src/clb/clb.sv:28]
     1: i_3396/I2 (LUT3)
     2: i_3360/O (LUT3)
      [E:/bob_full_v1/hw/src/clb/clb.sv:28]
     3: i_3360/I2 (LUT3)
     4: i_3361/O (LUT6)
      [E:/bob_full_v1/hw/src/clb/clb.sv:28]
     5: i_3361/I5 (LUT6)
     6: i_3231/O (LUT3)
      [E:/bob_full_v1/hw/src/clb/clb.sv:28]
     7: i_3231/O (LUT3)
CRITICAL WARNING: [Synth 8-295] found timing loop. [E:/bob_full_v1/hw/src/top/fpga4x4_top.v:12]
Inferred a: "set_disable_timing -from I2 -to O i_3396"
Found timing loop:
     0: i_3231/O (LUT3)
      [E:/bob_full_v1/hw/src/clb/clb.sv:28]
     1: i_3231/O (LUT3)
CRITICAL WARNING: [Synth 8-295] found timing loop. [E:/bob_full_v1/hw/src/top/fpga4x4_top.v:12]
Found timing loop:
     0: i_3230/O (LUT3)
      [E:/bob_full_v1/hw/src/clb/clb.sv:28]
     1: i_3230/O (LUT3)
CRITICAL WARNING: [Synth 8-295] found timing loop. [E:/bob_full_v1/hw/src/top/fpga4x4_top.v:12]
Found timing loop:
     0: i_3229/O (LUT3)
      [E:/bob_full_v1/hw/src/clb/clb.sv:28]
     1: i_3229/O (LUT3)
CRITICAL WARNING: [Synth 8-295] found timing loop. [E:/bob_full_v1/hw/src/top/fpga4x4_top.v:12]
Found timing loop:
     0: i_3228/O (LUT3)
      [E:/bob_full_v1/hw/src/clb/clb.sv:28]
     1: i_3228/O (LUT3)
CRITICAL WARNING: [Synth 8-295] found timing loop. [E:/bob_full_v1/hw/src/top/fpga4x4_top.v:12]
Found timing loop:
     0: i_3512/O (LUT3)
      [E:/bob_full_v1/hw/src/clb/mux_bank.v:35]
     1: i_3512/I2 (LUT3)
     2: i_6243/O (LUT3)
      [E:/bob_full_v1/hw/src/top/fpga4x4_top.v:12]
     3: i_6243/I1 (LUT3)
     4: i_3492/O (LUT6)
      [E:/bob_full_v1/hw/src/clb/mux_bank.v:35]
     5: i_3492/I5 (LUT6)
     6: i_3396/O (LUT3)
      [E:/bob_full_v1/hw/src/clb/clb.sv:28]
     7: i_3396/O (LUT3)
CRITICAL WARNING: [Synth 8-295] found timing loop. [E:/bob_full_v1/hw/src/top/fpga4x4_top.v:12]
Inferred a: "set_disable_timing -from I2 -to O i_3512"
Found timing loop:
     0: i_3396/O (LUT3)
      [E:/bob_full_v1/hw/src/clb/clb.sv:28]
     1: i_3396/O (LUT3)
CRITICAL WARNING: [Synth 8-295] found timing loop. [E:/bob_full_v1/hw/src/top/fpga4x4_top.v:12]
Found timing loop:
     0: i_3394/O (LUT3)
      [E:/bob_full_v1/hw/src/clb/clb.sv:28]
     1: i_3394/I1 (LUT3)
     2: i_3282/O (MUXF7)
      [E:/bob_full_v1/hw/src/clb/clb.sv:28]
     3: i_3282/I1 (MUXF7)
     4: i_3283/O (LUT6)
      [E:/bob_full_v1/hw/src/clb/clb.sv:28]
     5: i_3283/I5 (LUT6)
     6: i_3354/O (LUT6)
      [E:/bob_full_v1/hw/src/clb/clb.sv:28]
     7: i_3354/I5 (LUT6)
     8: i_3512/O (LUT3)
      [E:/bob_full_v1/hw/src/clb/mux_bank.v:35]
     9: i_3512/O (LUT3)
CRITICAL WARNING: [Synth 8-295] found timing loop. [E:/bob_full_v1/hw/src/top/fpga4x4_top.v:12]
Inferred a: "set_disable_timing -from I1 -to O i_3394"
Found timing loop:
     0: i_3231/O (LUT3)
      [E:/bob_full_v1/hw/src/clb/clb.sv:28]
     1: i_3231/O (LUT3)
CRITICAL WARNING: [Synth 8-295] found timing loop. [E:/bob_full_v1/hw/src/top/fpga4x4_top.v:12]
Found timing loop:
     0: i_3230/O (LUT3)
      [E:/bob_full_v1/hw/src/clb/clb.sv:28]
     1: i_3230/O (LUT3)
CRITICAL WARNING: [Synth 8-295] found timing loop. [E:/bob_full_v1/hw/src/top/fpga4x4_top.v:12]
Found timing loop:
     0: i_3229/O (LUT3)
      [E:/bob_full_v1/hw/src/clb/clb.sv:28]
     1: i_3229/O (LUT3)
CRITICAL WARNING: [Synth 8-295] found timing loop. [E:/bob_full_v1/hw/src/top/fpga4x4_top.v:12]
Found timing loop:
     0: i_3228/O (LUT3)
      [E:/bob_full_v1/hw/src/clb/clb.sv:28]
     1: i_3228/O (LUT3)
CRITICAL WARNING: [Synth 8-295] found timing loop. [E:/bob_full_v1/hw/src/top/fpga4x4_top.v:12]
Found timing loop:
     0: i_3512/O (LUT3)
      [E:/bob_full_v1/hw/src/clb/mux_bank.v:35]
     1: i_3512/O (LUT3)
CRITICAL WARNING: [Synth 8-295] found timing loop. [E:/bob_full_v1/hw/src/top/fpga4x4_top.v:12]
Found timing loop:
     0: i_3513/O (LUT3)
      [E:/bob_full_v1/hw/src/clb/mux_bank.v:35]
     1: i_3513/I2 (LUT3)
     2: i_6244/O (LUT3)
      [E:/bob_full_v1/hw/src/top/fpga4x4_top.v:12]
     3: i_6244/I1 (LUT3)
     4: i_3495/O (LUT6)
      [E:/bob_full_v1/hw/src/clb/mux_bank.v:35]
     5: i_3495/I5 (LUT6)
     6: i_3396/O (LUT3)
      [E:/bob_full_v1/hw/src/clb/clb.sv:28]
     7: i_3396/O (LUT3)
CRITICAL WARNING: [Synth 8-295] found timing loop. [E:/bob_full_v1/hw/src/top/fpga4x4_top.v:12]
Inferred a: "set_disable_timing -from I2 -to O i_3513"
Found timing loop:
     0: i_3396/O (LUT3)
      [E:/bob_full_v1/hw/src/clb/clb.sv:28]
     1: i_3396/O (LUT3)
CRITICAL WARNING: [Synth 8-295] found timing loop. [E:/bob_full_v1/hw/src/top/fpga4x4_top.v:12]
Found timing loop:
     0: i_3394/O (LUT3)
      [E:/bob_full_v1/hw/src/clb/clb.sv:28]
     1: i_3394/O (LUT3)
CRITICAL WARNING: [Synth 8-295] found timing loop. [E:/bob_full_v1/hw/src/top/fpga4x4_top.v:12]
Found timing loop:
     0: i_3393/O (LUT3)
      [E:/bob_full_v1/hw/src/clb/clb.sv:28]
     1: i_3393/I1 (LUT3)
     2: i_3280/O (MUXF7)
      [E:/bob_full_v1/hw/src/clb/clb.sv:28]
     3: i_3280/I1 (MUXF7)
     4: i_3281/O (LUT6)
      [E:/bob_full_v1/hw/src/clb/clb.sv:28]
     5: i_3281/I5 (LUT6)
     6: i_3349/O (LUT6)
      [E:/bob_full_v1/hw/src/clb/clb.sv:28]
     7: i_3349/I5 (LUT6)
     8: i_3512/O (LUT3)
      [E:/bob_full_v1/hw/src/clb/mux_bank.v:35]
     9: i_3512/O (LUT3)
CRITICAL WARNING: [Synth 8-295] found timing loop. [E:/bob_full_v1/hw/src/top/fpga4x4_top.v:12]
Inferred a: "set_disable_timing -from I1 -to O i_3393"
Found timing loop:
     0: i_3231/O (LUT3)
      [E:/bob_full_v1/hw/src/clb/clb.sv:28]
     1: i_3231/O (LUT3)
CRITICAL WARNING: [Synth 8-295] found timing loop. [E:/bob_full_v1/hw/src/top/fpga4x4_top.v:12]
Found timing loop:
     0: i_3230/O (LUT3)
      [E:/bob_full_v1/hw/src/clb/clb.sv:28]
     1: i_3230/O (LUT3)
CRITICAL WARNING: [Synth 8-295] found timing loop. [E:/bob_full_v1/hw/src/top/fpga4x4_top.v:12]
Found timing loop:
     0: i_3229/O (LUT3)
      [E:/bob_full_v1/hw/src/clb/clb.sv:28]
     1: i_3229/O (LUT3)
CRITICAL WARNING: [Synth 8-295] found timing loop. [E:/bob_full_v1/hw/src/top/fpga4x4_top.v:12]
Found timing loop:
     0: i_3228/O (LUT3)
      [E:/bob_full_v1/hw/src/clb/clb.sv:28]
     1: i_3228/O (LUT3)
CRITICAL WARNING: [Synth 8-295] found timing loop. [E:/bob_full_v1/hw/src/top/fpga4x4_top.v:12]
Found timing loop:
     0: i_3512/O (LUT3)
      [E:/bob_full_v1/hw/src/clb/mux_bank.v:35]
     1: i_3512/O (LUT3)
CRITICAL WARNING: [Synth 8-295] found timing loop. [E:/bob_full_v1/hw/src/top/fpga4x4_top.v:12]
Found timing loop:
     0: i_3513/O (LUT3)
      [E:/bob_full_v1/hw/src/clb/mux_bank.v:35]
     1: i_3513/O (LUT3)
CRITICAL WARNING: [Synth 8-295] found timing loop. [E:/bob_full_v1/hw/src/top/fpga4x4_top.v:12]
Found timing loop:
     0: i_3514/O (LUT3)
      [E:/bob_full_v1/hw/src/clb/mux_bank.v:35]
     1: i_3514/I2 (LUT3)
     2: i_6245/O (LUT3)
      [E:/bob_full_v1/hw/src/top/fpga4x4_top.v:12]
     3: i_6245/I1 (LUT3)
     4: i_3498/O (LUT6)
      [E:/bob_full_v1/hw/src/clb/mux_bank.v:35]
     5: i_3498/I5 (LUT6)
     6: i_3396/O (LUT3)
      [E:/bob_full_v1/hw/src/clb/clb.sv:28]
     7: i_3396/O (LUT3)
CRITICAL WARNING: [Synth 8-295] found timing loop. [E:/bob_full_v1/hw/src/top/fpga4x4_top.v:12]
Inferred a: "set_disable_timing -from I2 -to O i_3514"
Found timing loop:
     0: i_3396/O (LUT3)
      [E:/bob_full_v1/hw/src/clb/clb.sv:28]
     1: i_3396/O (LUT3)
CRITICAL WARNING: [Synth 8-295] found timing loop. [E:/bob_full_v1/hw/src/top/fpga4x4_top.v:12]
Found timing loop:
     0: i_3394/O (LUT3)
      [E:/bob_full_v1/hw/src/clb/clb.sv:28]
     1: i_3394/O (LUT3)
CRITICAL WARNING: [Synth 8-295] found timing loop. [E:/bob_full_v1/hw/src/top/fpga4x4_top.v:12]
Found timing loop:
     0: i_3393/O (LUT3)
      [E:/bob_full_v1/hw/src/clb/clb.sv:28]
     1: i_3393/O (LUT3)
CRITICAL WARNING: [Synth 8-295] found timing loop. [E:/bob_full_v1/hw/src/top/fpga4x4_top.v:12]
Found timing loop:
     0: i_3392/O (LUT3)
      [E:/bob_full_v1/hw/src/clb/clb.sv:28]
     1: i_3392/I1 (LUT3)
     2: i_3278/O (MUXF7)
      [E:/bob_full_v1/hw/src/clb/clb.sv:28]
     3: i_3278/I1 (MUXF7)
     4: i_3279/O (LUT6)
      [E:/bob_full_v1/hw/src/clb/clb.sv:28]
     5: i_3279/I5 (LUT6)
     6: i_3344/O (LUT6)
      [E:/bob_full_v1/hw/src/clb/clb.sv:28]
     7: i_3344/I5 (LUT6)
     8: i_3512/O (LUT3)
      [E:/bob_full_v1/hw/src/clb/mux_bank.v:35]
     9: i_3512/O (LUT3)
CRITICAL WARNING: [Synth 8-295] found timing loop. [E:/bob_full_v1/hw/src/top/fpga4x4_top.v:12]
Inferred a: "set_disable_timing -from I1 -to O i_3392"
Found timing loop:
     0: i_3499/O (LUT6)
      [E:/bob_full_v1/hw/src/clb/mux_bank.v:35]
     1: i_3499/I3 (LUT6)
     2: i_3502/O (LUT3)
      [E:/bob_full_v1/hw/src/clb/clb.sv:60]
     3: i_3502/I1 (LUT3)
     4: i_3411/O (LUT5)
      [E:/bob_full_v1/hw/src/clb/clb.sv:46]
     5: i_3411/I4 (LUT5)
     6: i_3412/O (LUT5)
      [E:/bob_full_v1/hw/src/clb/lut6.sv:33]
     7: i_3412/I4 (LUT5)
     8: i_3506/O (LUT3)
      [E:/bob_full_v1/hw/src/clb/lut6.sv:29]
     9: i_3506/I2 (LUT3)
    10: i_3415/O (LUT6)
      [E:/bob_full_v1/hw/src/clb/lut6.sv:28]
    11: i_3415/I5 (LUT6)
    12: i_3427/O (LUT6)
      [E:/bob_full_v1/hw/src/clb/lut6.sv:26]
    13: i_3427/I4 (LUT6)
    14: i_3507/O (LUT3)
      [E:/bob_full_v1/hw/src/clb/mux_bank.v:35]
    15: i_3507/I2 (LUT3)
    16: i_6238/O (LUT3)
      [E:/bob_full_v1/hw/src/top/fpga4x4_top.v:12]
    17: i_6238/I1 (LUT3)
    18: i_3462/O (LUT6)
      [E:/bob_full_v1/hw/src/clb/mux_bank.v:35]
    19: i_3462/I5 (LUT6)
    20: i_3396/O (LUT3)
      [E:/bob_full_v1/hw/src/clb/clb.sv:28]
    21: i_3396/O (LUT3)
CRITICAL WARNING: [Synth 8-295] found timing loop. [E:/bob_full_v1/hw/src/top/fpga4x4_top.v:12]
Inferred a: "set_disable_timing -from I3 -to O i_3499"
Found timing loop:
     0: i_3231/O (LUT3)
      [E:/bob_full_v1/hw/src/clb/clb.sv:28]
     1: i_3231/O (LUT3)
CRITICAL WARNING: [Synth 8-295] found timing loop. [E:/bob_full_v1/hw/src/top/fpga4x4_top.v:12]
Found timing loop:
     0: i_3230/O (LUT3)
      [E:/bob_full_v1/hw/src/clb/clb.sv:28]
     1: i_3230/O (LUT3)
CRITICAL WARNING: [Synth 8-295] found timing loop. [E:/bob_full_v1/hw/src/top/fpga4x4_top.v:12]
Found timing loop:
     0: i_3229/O (LUT3)
      [E:/bob_full_v1/hw/src/clb/clb.sv:28]
     1: i_3229/O (LUT3)
CRITICAL WARNING: [Synth 8-295] found timing loop. [E:/bob_full_v1/hw/src/top/fpga4x4_top.v:12]
Found timing loop:
     0: i_3228/O (LUT3)
      [E:/bob_full_v1/hw/src/clb/clb.sv:28]
     1: i_3228/O (LUT3)
CRITICAL WARNING: [Synth 8-295] found timing loop. [E:/bob_full_v1/hw/src/top/fpga4x4_top.v:12]
Found timing loop:
     0: i_3512/O (LUT3)
      [E:/bob_full_v1/hw/src/clb/mux_bank.v:35]
     1: i_3512/O (LUT3)
CRITICAL WARNING: [Synth 8-295] found timing loop. [E:/bob_full_v1/hw/src/top/fpga4x4_top.v:12]
Found timing loop:
     0: i_3513/O (LUT3)
      [E:/bob_full_v1/hw/src/clb/mux_bank.v:35]
     1: i_3513/O (LUT3)
CRITICAL WARNING: [Synth 8-295] found timing loop. [E:/bob_full_v1/hw/src/top/fpga4x4_top.v:12]
Found timing loop:
     0: i_3514/O (LUT3)
      [E:/bob_full_v1/hw/src/clb/mux_bank.v:35]
     1: i_3514/O (LUT3)
CRITICAL WARNING: [Synth 8-295] found timing loop. [E:/bob_full_v1/hw/src/top/fpga4x4_top.v:12]
Found timing loop:
     0: i_3384/O (LUT3)
      [E:/bob_full_v1/hw/src/clb/clb.sv:28]
     1: i_3384/I1 (LUT3)
     2: i_3268/O (MUXF7)
      [E:/bob_full_v1/hw/src/clb/clb.sv:28]
     3: i_3268/I0 (MUXF7)
     4: i_3316/O (LUT6)
      [E:/bob_full_v1/hw/src/clb/clb.sv:28]
     5: i_3316/I5 (LUT6)
     6: i_3383/O (LUT3)
      [E:/bob_full_v1/hw/src/clb/clb.sv:28]
     7: i_3383/I2 (LUT3)
     8: i_3237/O (LUT3)
      [E:/bob_full_v1/hw/src/clb/clb.sv:28]
     9: i_3237/I2 (LUT3)
    10: i_3387/O (LUT3)
      [E:/bob_full_v1/hw/src/clb/clb.sv:28]
    11: i_3387/I2 (LUT3)
    12: i_3254/O (LUT6)
      [E:/bob_full_v1/hw/src/clb/clb.sv:28]
    13: i_3254/I4 (LUT6)
    14: i_3384/O (LUT3)
      [E:/bob_full_v1/hw/src/clb/clb.sv:28]
CRITICAL WARNING: [Synth 8-295] found timing loop. [E:/bob_full_v1/hw/src/top/fpga4x4_top.v:12]
Inferred a: "set_disable_timing -from I1 -to O i_3384"
Found timing loop:
     0: i_3383/O (LUT3)
      [E:/bob_full_v1/hw/src/clb/clb.sv:28]
     1: i_3383/I2 (LUT3)
     2: i_3237/O (LUT3)
      [E:/bob_full_v1/hw/src/clb/clb.sv:28]
     3: i_3237/I2 (LUT3)
     4: i_3387/O (LUT3)
      [E:/bob_full_v1/hw/src/clb/clb.sv:28]
     5: i_3387/I2 (LUT3)
     6: i_3254/O (LUT6)
      [E:/bob_full_v1/hw/src/clb/clb.sv:28]
     7: i_3254/I4 (LUT6)
     8: i_3384/O (LUT3)
      [E:/bob_full_v1/hw/src/clb/clb.sv:28]
     9: i_3384/O (LUT3)
CRITICAL WARNING: [Synth 8-295] found timing loop. [E:/bob_full_v1/hw/src/top/fpga4x4_top.v:12]
Inferred a: "set_disable_timing -from I2 -to O i_3383"
Found timing loop:
     0: i_3382/O (LUT3)
      [E:/bob_full_v1/hw/src/clb/clb.sv:28]
     1: i_3382/I1 (LUT3)
     2: i_3297/O (LUT5)
      [E:/bob_full_v1/hw/src/clb/clb.sv:28]
     3: i_3297/I4 (LUT5)
     4: i_3385/O (LUT3)
      [E:/bob_full_v1/hw/src/clb/clb.sv:28]
     5: i_3385/I1 (LUT3)
     6: i_3238/O (MUXF7)
      [E:/bob_full_v1/hw/src/clb/clb.sv:28]
     7: i_3238/I1 (MUXF7)
     8: i_3239/O (LUT6)
      [E:/bob_full_v1/hw/src/clb/clb.sv:28]
     9: i_3239/I5 (LUT6)
    10: i_3261/O (LUT6)
      [E:/bob_full_v1/hw/src/clb/clb.sv:28]
    11: i_3261/I4 (LUT6)
    12: i_3384/O (LUT3)
      [E:/bob_full_v1/hw/src/clb/clb.sv:28]
    13: i_3384/O (LUT3)
CRITICAL WARNING: [Synth 8-295] found timing loop. [E:/bob_full_v1/hw/src/top/fpga4x4_top.v:12]
Inferred a: "set_disable_timing -from I1 -to O i_3382"
Found timing loop:
     0: i_3673/O (LUT3)
      [E:/bob_full_v1/hw/src/clb/clb.sv:28]
     1: i_3673/I1 (LUT3)
     2: i_3519/O (LUT5)
      [(null):0]
     3: i_3519/I4 (LUT5)
     4: i_3520/O (LUT5)
      [(null):0]
     5: i_3520/I4 (LUT5)
     6: i_3522/O (MUXF7)
      [(null):0]
     7: i_3522/I1 (MUXF7)
     8: i_3532/O (MUXF7)
      [(null):0]
     9: i_3532/I1 (MUXF7)
    10: i_3548/O (LUT6)
      [(null):0]
    11: i_3548/I4 (LUT6)
    12: i_3677/O (LUT3)
      [E:/bob_full_v1/hw/src/clb/clb.sv:28]
    13: i_3677/I1 (LUT3)
    14: i_3613/O (LUT6)
      [(null):0]
    15: i_3613/I5 (LUT6)
    16: i_3614/O (LUT5)
      [(null):0]
    17: i_3614/I3 (LUT5)
    18: i_3675/O (LUT3)
      [E:/bob_full_v1/hw/src/clb/clb.sv:28]
    19: i_3675/I2 (LUT3)
    20: i_3517/O (LUT6)
      [(null):0]
    21: i_3517/I5 (LUT6)
    22: i_3534/O (LUT6)
      [(null):0]
    23: i_3534/I5 (LUT6)
    24: i_3593/O (LUT6)
      [(null):0]
    25: i_3593/I4 (LUT6)
    26: i_3673/O (LUT3)
      [E:/bob_full_v1/hw/src/clb/clb.sv:28]
CRITICAL WARNING: [Synth 8-295] found timing loop. [E:/bob_full_v1/hw/src/top/fpga4x4_top.v:12]
Inferred a: "set_disable_timing -from I1 -to O i_3673"
Found timing loop:
     0: i_3675/O (LUT3)
      [E:/bob_full_v1/hw/src/clb/clb.sv:28]
     1: i_3675/I2 (LUT3)
     2: i_3517/O (LUT6)
      [(null):0]
     3: i_3517/I5 (LUT6)
     4: i_3534/O (LUT6)
      [(null):0]
     5: i_3534/I5 (LUT6)
     6: i_3593/O (LUT6)
      [(null):0]
     7: i_3593/I4 (LUT6)
     8: i_3673/O (LUT3)
      [E:/bob_full_v1/hw/src/clb/clb.sv:28]
     9: i_3673/O (LUT3)
CRITICAL WARNING: [Synth 8-295] found timing loop. [E:/bob_full_v1/hw/src/top/fpga4x4_top.v:12]
Inferred a: "set_disable_timing -from I2 -to O i_3675"
Found timing loop:
     0: i_4479/O (LUT3)
      [E:/bob_full_v1/hw/src/clb/clb.sv:28]
     1: i_4479/I1 (LUT3)
     2: i_4307/O (LUT6)
      [(null):0]
     3: i_4307/I5 (LUT6)
     4: i_4420/O (LUT4)
      [(null):0]
     5: i_4420/I3 (LUT4)
     6: i_4478/O (LUT3)
      [E:/bob_full_v1/hw/src/clb/clb.sv:28]
     7: i_4478/I2 (LUT3)
     8: i_4337/O (LUT3)
      [(null):0]
     9: i_4337/I2 (LUT3)
    10: i_4481/O (LUT3)
      [E:/bob_full_v1/hw/src/clb/clb.sv:28]
    11: i_4481/I2 (LUT3)
    12: i_4359/O (LUT6)
      [(null):0]
    13: i_4359/I4 (LUT6)
    14: i_4479/O (LUT3)
      [E:/bob_full_v1/hw/src/clb/clb.sv:28]
CRITICAL WARNING: [Synth 8-295] found timing loop. [E:/bob_full_v1/hw/src/top/fpga4x4_top.v:12]
Inferred a: "set_disable_timing -from I1 -to O i_4479"
Found timing loop:
     0: i_4478/O (LUT3)
      [E:/bob_full_v1/hw/src/clb/clb.sv:28]
     1: i_4478/I2 (LUT3)
     2: i_4337/O (LUT3)
      [(null):0]
     3: i_4337/I2 (LUT3)
     4: i_4481/O (LUT3)
      [E:/bob_full_v1/hw/src/clb/clb.sv:28]
     5: i_4481/I2 (LUT3)
     6: i_4359/O (LUT6)
      [(null):0]
     7: i_4359/I4 (LUT6)
     8: i_4479/O (LUT3)
      [E:/bob_full_v1/hw/src/clb/clb.sv:28]
     9: i_4479/O (LUT3)
CRITICAL WARNING: [Synth 8-295] found timing loop. [E:/bob_full_v1/hw/src/top/fpga4x4_top.v:12]
Inferred a: "set_disable_timing -from I2 -to O i_4478"
Found timing loop:
     0: i_4477/O (LUT3)
      [E:/bob_full_v1/hw/src/clb/clb.sv:28]
     1: i_4477/I1 (LUT3)
     2: i_4332/O (LUT5)
      [(null):0]
     3: i_4332/I4 (LUT5)
     4: i_4333/O (LUT5)
      [(null):0]
     5: i_4333/I4 (LUT5)
     6: i_4335/O (MUXF7)
      [(null):0]
     7: i_4335/I1 (MUXF7)
     8: i_4351/O (LUT6)
      [(null):0]
     9: i_4351/I5 (LUT6)
    10: i_4423/O (LUT3)
      [(null):0]
    11: i_4423/I1 (LUT3)
    12: i_4479/O (LUT3)
      [E:/bob_full_v1/hw/src/clb/clb.sv:28]
    13: i_4479/O (LUT3)
CRITICAL WARNING: [Synth 8-295] found timing loop. [E:/bob_full_v1/hw/src/top/fpga4x4_top.v:12]
Inferred a: "set_disable_timing -from I1 -to O i_4477"
Found timing loop:
     0: i_3686/O (LUT3)
      [E:/bob_full_v1/hw/src/clb/clb.sv:28]
     1: i_3686/I1 (LUT3)
     2: i_3605/O (LUT6)
      [(null):0]
     3: i_3605/I5 (LUT6)
     4: i_3606/O (LUT4)
      [(null):0]
     5: i_3606/I1 (LUT4)
     6: i_3673/O (LUT3)
      [E:/bob_full_v1/hw/src/clb/clb.sv:28]
     7: i_3673/O (LUT3)
CRITICAL WARNING: [Synth 8-295] found timing loop. [E:/bob_full_v1/hw/src/top/fpga4x4_top.v:12]
Inferred a: "set_disable_timing -from I1 -to O i_3686"
Found timing loop:
     0: i_3675/O (LUT3)
      [E:/bob_full_v1/hw/src/clb/clb.sv:28]
     1: i_3675/O (LUT3)
CRITICAL WARNING: [Synth 8-295] found timing loop. [E:/bob_full_v1/hw/src/top/fpga4x4_top.v:12]
Found timing loop:
     0: i_3673/O (LUT3)
      [E:/bob_full_v1/hw/src/clb/clb.sv:28]
     1: i_3673/O (LUT3)
CRITICAL WARNING: [Synth 8-295] found timing loop. [E:/bob_full_v1/hw/src/top/fpga4x4_top.v:12]
Found timing loop:
     0: i_4485/O (LUT3)
      [E:/bob_full_v1/hw/src/clb/clb.sv:28]
     1: i_4485/I1 (LUT3)
     2: i_4321/O (LUT6)
      [(null):0]
     3: i_4321/I5 (LUT6)
     4: i_4450/O (LUT4)
      [(null):0]
     5: i_4450/I1 (LUT4)
     6: i_4477/O (LUT3)
      [E:/bob_full_v1/hw/src/clb/clb.sv:28]
     7: i_4477/O (LUT3)
CRITICAL WARNING: [Synth 8-295] found timing loop. [E:/bob_full_v1/hw/src/top/fpga4x4_top.v:12]
Inferred a: "set_disable_timing -from I1 -to O i_4485"
Found timing loop:
     0: i_4477/O (LUT3)
      [E:/bob_full_v1/hw/src/clb/clb.sv:28]
     1: i_4477/O (LUT3)
CRITICAL WARNING: [Synth 8-295] found timing loop. [E:/bob_full_v1/hw/src/top/fpga4x4_top.v:12]
Found timing loop:
     0: i_5231/O (LUT3)
      [E:/bob_full_v1/hw/src/clb/clb.sv:28]
     1: i_5231/I1 (LUT3)
     2: i_5123/O (LUT5)
      [E:/bob_full_v1/hw/src/clb/clb.sv:28]
     3: i_5123/I4 (LUT5)
     4: i_5124/O (LUT3)
      [E:/bob_full_v1/hw/src/clb/clb.sv:28]
     5: i_5124/I2 (LUT3)
     6: i_5125/O (LUT6)
      [E:/bob_full_v1/hw/src/clb/clb.sv:28]
     7: i_5125/I5 (LUT6)
     8: i_5138/O (MUXF7)
      [E:/bob_full_v1/hw/src/clb/clb.sv:28]
     9: i_5138/I1 (MUXF7)
    10: i_5141/O (LUT6)
      [E:/bob_full_v1/hw/src/clb/clb.sv:28]
    11: i_5141/I4 (LUT6)
    12: i_5233/O (LUT3)
      [E:/bob_full_v1/hw/src/clb/clb.sv:28]
    13: i_5233/I1 (LUT3)
    14: i_5195/O (LUT5)
      [E:/bob_full_v1/hw/src/clb/clb.sv:28]
    15: i_5195/I3 (LUT5)
    16: i_5196/O (LUT6)
      [E:/bob_full_v1/hw/src/clb/clb.sv:28]
    17: i_5196/I5 (LUT6)
    18: i_5308/O (LUT6)
      [E:/bob_full_v1/hw/src/clb/clb.sv:28]
    19: i_5308/I5 (LUT6)
    20: i_5343/O (LUT5)
      [E:/bob_full_v1/hw/src/clb/clb.sv:28]
    21: i_5343/I2 (LUT5)
    22: i_5371/O (LUT3)
      [E:/bob_full_v1/hw/src/clb/clb.sv:28]
    23: i_5371/I1 (LUT3)
    24: i_5243/O (MUXF7)
      [E:/bob_full_v1/hw/src/clb/clb.sv:28]
    25: i_5243/I1 (MUXF7)
    26: i_5244/O (LUT5)
      [E:/bob_full_v1/hw/src/clb/clb.sv:28]
    27: i_5244/I4 (LUT5)
    28: i_3693/O (LUT6)
      [(null):0]
    29: i_3693/I5 (LUT6)
    30: i_3880/O (LUT3)
      [E:/bob_full_v1/hw/src/clb/clb.sv:28]
    31: i_3880/I2 (LUT3)
    32: i_3770/O (LUT3)
      [(null):0]
    33: i_3770/I2 (LUT3)
    34: i_3771/O (LUT6)
      [(null):0]
    35: i_3771/I5 (LUT6)
    36: i_3686/O (LUT3)
      [E:/bob_full_v1/hw/src/clb/clb.sv:28]
    37: i_3686/O (LUT3)
CRITICAL WARNING: [Synth 8-295] found timing loop. [E:/bob_full_v1/hw/src/top/fpga4x4_top.v:12]
Inferred a: "set_disable_timing -from I1 -to O i_5231"
Found timing loop:
     0: i_4477/O (LUT3)
      [E:/bob_full_v1/hw/src/clb/clb.sv:28]
     1: i_4477/O (LUT3)
CRITICAL WARNING: [Synth 8-295] found timing loop. [E:/bob_full_v1/hw/src/top/fpga4x4_top.v:12]
Found timing loop:
     0: i_5166/O (LUT6)
      [E:/bob_full_v1/hw/src/clb/clb.sv:28]
     1: i_5166/I3 (LUT6)
     2: i_5200/O (MUXF7)
      [E:/bob_full_v1/hw/src/clb/clb.sv:28]
     3: i_5200/I1 (MUXF7)
     4: i_5222/O (LUT6)
      [E:/bob_full_v1/hw/src/clb/clb.sv:28]
     5: i_5222/I5 (LUT6)
     6: i_4493/O (LUT3)
      [E:/bob_full_v1/hw/src/clb/clb.sv:28]
     7: i_4493/I1 (LUT3)
     8: i_4329/O (LUT6)
      [(null):0]
     9: i_4329/I3 (LUT6)
    10: i_4330/O (LUT6)
      [(null):0]
    11: i_4330/I5 (LUT6)
    12: i_5166/O (LUT6)
      [E:/bob_full_v1/hw/src/clb/clb.sv:28]
CRITICAL WARNING: [Synth 8-295] found timing loop. [E:/bob_full_v1/hw/src/top/fpga4x4_top.v:12]
Inferred a: "set_disable_timing -from I3 -to O i_5166"
Found timing loop:
     0: i_5237/O (LUT3)
      [E:/bob_full_v1/hw/src/clb/clb.sv:28]
     1: i_5237/I1 (LUT3)
     2: i_5197/O (LUT5)
      [E:/bob_full_v1/hw/src/clb/clb.sv:28]
     3: i_5197/I4 (LUT5)
     4: i_5220/O (LUT5)
      [E:/bob_full_v1/hw/src/clb/clb.sv:28]
     5: i_5220/I2 (LUT5)
     6: i_5231/O (LUT3)
      [E:/bob_full_v1/hw/src/clb/clb.sv:28]
     7: i_5231/O (LUT3)
CRITICAL WARNING: [Synth 8-295] found timing loop. [E:/bob_full_v1/hw/src/top/fpga4x4_top.v:12]
Inferred a: "set_disable_timing -from I1 -to O i_5237"
Found timing loop:
     0: i_5231/O (LUT3)
      [E:/bob_full_v1/hw/src/clb/clb.sv:28]
     1: i_5231/O (LUT3)
CRITICAL WARNING: [Synth 8-295] found timing loop. [E:/bob_full_v1/hw/src/top/fpga4x4_top.v:12]
Found timing loop:
     0: i_5308/O (LUT6)
      [E:/bob_full_v1/hw/src/clb/clb.sv:28]
     1: i_5308/I5 (LUT6)
     2: i_5343/O (LUT5)
      [E:/bob_full_v1/hw/src/clb/clb.sv:28]
     3: i_5343/I2 (LUT5)
     4: i_5371/O (LUT3)
      [E:/bob_full_v1/hw/src/clb/clb.sv:28]
     5: i_5371/I1 (LUT3)
     6: i_5243/O (MUXF7)
      [E:/bob_full_v1/hw/src/clb/clb.sv:28]
     7: i_5243/I1 (MUXF7)
     8: i_5244/O (LUT5)
      [E:/bob_full_v1/hw/src/clb/clb.sv:28]
     9: i_5244/I4 (LUT5)
    10: i_3693/O (LUT6)
      [(null):0]
    11: i_3693/I5 (LUT6)
    12: i_3880/O (LUT3)
      [E:/bob_full_v1/hw/src/clb/clb.sv:28]
    13: i_3880/I2 (LUT3)
    14: i_3770/O (LUT3)
      [(null):0]
    15: i_3770/I2 (LUT3)
    16: i_3771/O (LUT6)
      [(null):0]
    17: i_3771/I5 (LUT6)
    18: i_3686/O (LUT3)
      [E:/bob_full_v1/hw/src/clb/clb.sv:28]
    19: i_3686/O (LUT3)
CRITICAL WARNING: [Synth 8-295] found timing loop. [E:/bob_full_v1/hw/src/top/fpga4x4_top.v:12]
Inferred a: "set_disable_timing -from I5 -to O i_5308"
Found timing loop:
     0: i_5231/O (LUT3)
      [E:/bob_full_v1/hw/src/clb/clb.sv:28]
     1: i_5231/O (LUT3)
CRITICAL WARNING: [Synth 8-295] found timing loop. [E:/bob_full_v1/hw/src/top/fpga4x4_top.v:12]
INFO: [Common 17-14] Message 'Synth 8-295' appears 100 times and further instances of the messages will be disabled. Use the Tcl command set_msg_config to change the current settings.
Found timing loop:
     0: i_5308/O (LUT6)
      [E:/bob_full_v1/hw/src/clb/clb.sv:28]
     1: i_5308/O (LUT6)
Found timing loop:
     0: i_5378/O (LUT3)
      [E:/bob_full_v1/hw/src/clb/clb.sv:28]
     1: i_5378/I2 (LUT3)
     2: i_5340/O (LUT3)
      [E:/bob_full_v1/hw/src/clb/clb.sv:28]
     3: i_5340/I1 (LUT3)
     4: i_5341/O (LUT6)
      [E:/bob_full_v1/hw/src/clb/clb.sv:28]
     5: i_5341/I5 (LUT6)
     6: i_5241/O (LUT3)
      [E:/bob_full_v1/hw/src/clb/clb.sv:28]
     7: i_5241/I1 (LUT3)
     8: i_5184/O (LUT5)
      [E:/bob_full_v1/hw/src/clb/clb.sv:28]
     9: i_5184/I2 (LUT5)
    10: i_5185/O (LUT6)
      [E:/bob_full_v1/hw/src/clb/clb.sv:28]
    11: i_5185/I5 (LUT6)
    12: i_5308/O (LUT6)
      [E:/bob_full_v1/hw/src/clb/clb.sv:28]
    13: i_5308/O (LUT6)
Inferred a: "set_disable_timing -from I2 -to O i_5378"
Found timing loop:
     0: i_5241/O (LUT3)
      [E:/bob_full_v1/hw/src/clb/clb.sv:28]
     1: i_5241/I1 (LUT3)
     2: i_5184/O (LUT5)
      [E:/bob_full_v1/hw/src/clb/clb.sv:28]
     3: i_5184/I2 (LUT5)
     4: i_5185/O (LUT6)
      [E:/bob_full_v1/hw/src/clb/clb.sv:28]
     5: i_5185/I5 (LUT6)
     6: i_5308/O (LUT6)
      [E:/bob_full_v1/hw/src/clb/clb.sv:28]
     7: i_5308/O (LUT6)
Inferred a: "set_disable_timing -from I1 -to O i_5241"
Found timing loop:
     0: i_5231/O (LUT3)
      [E:/bob_full_v1/hw/src/clb/clb.sv:28]
     1: i_5231/O (LUT3)
Found timing loop:
     0: i_5308/O (LUT6)
      [E:/bob_full_v1/hw/src/clb/clb.sv:28]
     1: i_5308/O (LUT6)
Found timing loop:
     0: i_5378/O (LUT3)
      [E:/bob_full_v1/hw/src/clb/clb.sv:28]
     1: i_5378/O (LUT3)
Found timing loop:
     0: i_5377/O (LUT3)
      [E:/bob_full_v1/hw/src/clb/clb.sv:28]
     1: i_5377/I2 (LUT3)
     2: i_5336/O (LUT3)
      [E:/bob_full_v1/hw/src/clb/clb.sv:28]
     3: i_5336/I1 (LUT3)
     4: i_5337/O (LUT6)
      [E:/bob_full_v1/hw/src/clb/clb.sv:28]
     5: i_5337/I5 (LUT6)
     6: i_5241/O (LUT3)
      [E:/bob_full_v1/hw/src/clb/clb.sv:28]
     7: i_5241/O (LUT3)
Inferred a: "set_disable_timing -from I2 -to O i_5377"
Found timing loop:
     0: i_5241/O (LUT3)
      [E:/bob_full_v1/hw/src/clb/clb.sv:28]
     1: i_5241/O (LUT3)
Found timing loop:
     0: i_5240/O (LUT3)
      [E:/bob_full_v1/hw/src/clb/clb.sv:28]
     1: i_5240/I1 (LUT3)
     2: i_5182/O (LUT5)
      [E:/bob_full_v1/hw/src/clb/clb.sv:28]
     3: i_5182/I2 (LUT5)
     4: i_5183/O (LUT6)
      [E:/bob_full_v1/hw/src/clb/clb.sv:28]
     5: i_5183/I5 (LUT6)
     6: i_5308/O (LUT6)
      [E:/bob_full_v1/hw/src/clb/clb.sv:28]
     7: i_5308/O (LUT6)
Inferred a: "set_disable_timing -from I1 -to O i_5240"
Found timing loop:
     0: i_5231/O (LUT3)
      [E:/bob_full_v1/hw/src/clb/clb.sv:28]
     1: i_5231/O (LUT3)
Found timing loop:
     0: i_5308/O (LUT6)
      [E:/bob_full_v1/hw/src/clb/clb.sv:28]
     1: i_5308/O (LUT6)
Found timing loop:
     0: i_5378/O (LUT3)
      [E:/bob_full_v1/hw/src/clb/clb.sv:28]
     1: i_5378/O (LUT3)
Found timing loop:
     0: i_5377/O (LUT3)
      [E:/bob_full_v1/hw/src/clb/clb.sv:28]
     1: i_5377/O (LUT3)
Found timing loop:
     0: i_5376/O (LUT3)
      [E:/bob_full_v1/hw/src/clb/clb.sv:28]
     1: i_5376/I2 (LUT3)
     2: i_5332/O (LUT3)
      [E:/bob_full_v1/hw/src/clb/clb.sv:28]
     3: i_5332/I1 (LUT3)
     4: i_5333/O (LUT6)
      [E:/bob_full_v1/hw/src/clb/clb.sv:28]
     5: i_5333/I5 (LUT6)
     6: i_5241/O (LUT3)
      [E:/bob_full_v1/hw/src/clb/clb.sv:28]
     7: i_5241/O (LUT3)
Inferred a: "set_disable_timing -from I2 -to O i_5376"
Found timing loop:
     0: i_4493/O (LUT3)
      [E:/bob_full_v1/hw/src/clb/clb.sv:28]
     1: i_4493/I1 (LUT3)
     2: i_4329/O (LUT6)
      [(null):0]
     3: i_4329/I3 (LUT6)
     4: i_4330/O (LUT6)
      [(null):0]
     5: i_4330/I5 (LUT6)
     6: i_5166/O (LUT6)
      [E:/bob_full_v1/hw/src/clb/clb.sv:28]
     7: i_5166/O (LUT6)
Inferred a: "set_disable_timing -from I1 -to O i_4493"
Found timing loop:
     0: i_4477/O (LUT3)
      [E:/bob_full_v1/hw/src/clb/clb.sv:28]
     1: i_4477/O (LUT3)
Found timing loop:
     0: i_5166/O (LUT6)
      [E:/bob_full_v1/hw/src/clb/clb.sv:28]
     1: i_5166/O (LUT6)
Found timing loop:
     0: i_5237/O (LUT3)
      [E:/bob_full_v1/hw/src/clb/clb.sv:28]
     1: i_5237/O (LUT3)
Found timing loop:
     0: i_5236/O (LUT3)
      [E:/bob_full_v1/hw/src/clb/clb.sv:28]
     1: i_5236/I1 (LUT3)
     2: i_5176/O (LUT5)
      [E:/bob_full_v1/hw/src/clb/clb.sv:28]
     3: i_5176/I2 (LUT5)
     4: i_5177/O (LUT6)
      [E:/bob_full_v1/hw/src/clb/clb.sv:28]
     5: i_5177/I5 (LUT6)
     6: i_5308/O (LUT6)
      [E:/bob_full_v1/hw/src/clb/clb.sv:28]
     7: i_5308/O (LUT6)
Inferred a: "set_disable_timing -from I1 -to O i_5236"
Found timing loop:
     0: i_5231/O (LUT3)
      [E:/bob_full_v1/hw/src/clb/clb.sv:28]
     1: i_5231/O (LUT3)
Found timing loop:
     0: i_5308/O (LUT6)
      [E:/bob_full_v1/hw/src/clb/clb.sv:28]
     1: i_5308/O (LUT6)
Found timing loop:
     0: i_5378/O (LUT3)
      [E:/bob_full_v1/hw/src/clb/clb.sv:28]
     1: i_5378/O (LUT3)
Found timing loop:
     0: i_5377/O (LUT3)
      [E:/bob_full_v1/hw/src/clb/clb.sv:28]
     1: i_5377/O (LUT3)
Found timing loop:
     0: i_5376/O (LUT3)
      [E:/bob_full_v1/hw/src/clb/clb.sv:28]
     1: i_5376/O (LUT3)
Found timing loop:
     0: i_4493/O (LUT3)
      [E:/bob_full_v1/hw/src/clb/clb.sv:28]
     1: i_4493/O (LUT3)
Found timing loop:
     0: i_4492/O (LUT3)
      [E:/bob_full_v1/hw/src/clb/clb.sv:28]
     1: i_4492/I1 (LUT3)
     2: i_4327/O (LUT6)
      [(null):0]
     3: i_4327/I3 (LUT6)
     4: i_4328/O (LUT6)
      [(null):0]
     5: i_4328/I5 (LUT6)
     6: i_5166/O (LUT6)
      [E:/bob_full_v1/hw/src/clb/clb.sv:28]
     7: i_5166/O (LUT6)
Inferred a: "set_disable_timing -from I1 -to O i_4492"
Found timing loop:
     0: i_4477/O (LUT3)
      [E:/bob_full_v1/hw/src/clb/clb.sv:28]
     1: i_4477/O (LUT3)
Found timing loop:
     0: i_5166/O (LUT6)
      [E:/bob_full_v1/hw/src/clb/clb.sv:28]
     1: i_5166/O (LUT6)
Found timing loop:
     0: i_5237/O (LUT3)
      [E:/bob_full_v1/hw/src/clb/clb.sv:28]
     1: i_5237/O (LUT3)
Found timing loop:
     0: i_5236/O (LUT3)
      [E:/bob_full_v1/hw/src/clb/clb.sv:28]
     1: i_5236/O (LUT3)
Found timing loop:
     0: i_5235/O (LUT3)
      [E:/bob_full_v1/hw/src/clb/clb.sv:28]
     1: i_5235/I1 (LUT3)
     2: i_5174/O (LUT5)
      [E:/bob_full_v1/hw/src/clb/clb.sv:28]
     3: i_5174/I0 (LUT5)
     4: i_5216/O (LUT6)
      [E:/bob_full_v1/hw/src/clb/clb.sv:28]
     5: i_5216/I5 (LUT6)
     6: i_4493/O (LUT3)
      [E:/bob_full_v1/hw/src/clb/clb.sv:28]
     7: i_4493/O (LUT3)
Inferred a: "set_disable_timing -from I1 -to O i_5235"
Found timing loop:
     0: i_4477/O (LUT3)
      [E:/bob_full_v1/hw/src/clb/clb.sv:28]
     1: i_4477/O (LUT3)
Found timing loop:
     0: i_5166/O (LUT6)
      [E:/bob_full_v1/hw/src/clb/clb.sv:28]
     1: i_5166/O (LUT6)
Found timing loop:
     0: i_5237/O (LUT3)
      [E:/bob_full_v1/hw/src/clb/clb.sv:28]
     1: i_5237/O (LUT3)
Found timing loop:
     0: i_5236/O (LUT3)
      [E:/bob_full_v1/hw/src/clb/clb.sv:28]
     1: i_5236/O (LUT3)
Found timing loop:
     0: i_5235/O (LUT3)
      [E:/bob_full_v1/hw/src/clb/clb.sv:28]
     1: i_5235/O (LUT3)
Found timing loop:
     0: i_4684/O (LUT3)
      [E:/bob_full_v1/hw/src/clb/clb.sv:28]
     1: i_4684/I2 (LUT3)
     2: i_4590/O (LUT3)
      [(null):0]
     3: i_4590/I0 (LUT3)
     4: i_4591/O (LUT6)
      [(null):0]
     5: i_4591/I5 (LUT6)
     6: i_4489/O (LUT3)
      [E:/bob_full_v1/hw/src/clb/clb.sv:28]
     7: i_4489/I1 (LUT3)
     8: i_4366/O (LUT6)
      [(null):0]
     9: i_4366/I1 (LUT6)
    10: i_4463/O (LUT6)
      [(null):0]
    11: i_4463/I5 (LUT6)
    12: i_4684/O (LUT3)
      [E:/bob_full_v1/hw/src/clb/clb.sv:28]
Inferred a: "set_disable_timing -from I2 -to O i_4684"
Found timing loop:
     0: i_4489/O (LUT3)
      [E:/bob_full_v1/hw/src/clb/clb.sv:28]
     1: i_4489/I1 (LUT3)
     2: i_4366/O (LUT6)
      [(null):0]
     3: i_4366/I1 (LUT6)
     4: i_4463/O (LUT6)
      [(null):0]
     5: i_4463/I5 (LUT6)
     6: i_4684/O (LUT3)
      [E:/bob_full_v1/hw/src/clb/clb.sv:28]
     7: i_4684/O (LUT3)
Inferred a: "set_disable_timing -from I1 -to O i_4489"
Found timing loop:
     0: i_4477/O (LUT3)
      [E:/bob_full_v1/hw/src/clb/clb.sv:28]
     1: i_4477/O (LUT3)
Found timing loop:
     0: i_5166/O (LUT6)
      [E:/bob_full_v1/hw/src/clb/clb.sv:28]
     1: i_5166/O (LUT6)
Found timing loop:
     0: i_5237/O (LUT3)
      [E:/bob_full_v1/hw/src/clb/clb.sv:28]
     1: i_5237/O (LUT3)
Found timing loop:
     0: i_5236/O (LUT3)
      [E:/bob_full_v1/hw/src/clb/clb.sv:28]
     1: i_5236/O (LUT3)
Found timing loop:
     0: i_5235/O (LUT3)
      [E:/bob_full_v1/hw/src/clb/clb.sv:28]
     1: i_5235/O (LUT3)
Found timing loop:
     0: i_4684/O (LUT3)
      [E:/bob_full_v1/hw/src/clb/clb.sv:28]
     1: i_4684/O (LUT3)
Found timing loop:
     0: i_4683/O (LUT3)
      [E:/bob_full_v1/hw/src/clb/clb.sv:28]
     1: i_4683/I2 (LUT3)
     2: i_4583/O (LUT3)
      [(null):0]
     3: i_4583/I0 (LUT3)
     4: i_4584/O (LUT6)
      [(null):0]
     5: i_4584/I5 (LUT6)
     6: i_4489/O (LUT3)
      [E:/bob_full_v1/hw/src/clb/clb.sv:28]
     7: i_4489/O (LUT3)
Inferred a: "set_disable_timing -from I2 -to O i_4683"
Found timing loop:
     0: i_4489/O (LUT3)
      [E:/bob_full_v1/hw/src/clb/clb.sv:28]
     1: i_4489/O (LUT3)
Found timing loop:
     0: i_4488/O (LUT3)
      [E:/bob_full_v1/hw/src/clb/clb.sv:28]
     1: i_4488/I1 (LUT3)
     2: i_4319/O (LUT6)
      [(null):0]
     3: i_4319/I1 (LUT6)
     4: i_4460/O (LUT6)
      [(null):0]
     5: i_4460/I5 (LUT6)
     6: i_4684/O (LUT3)
      [E:/bob_full_v1/hw/src/clb/clb.sv:28]
     7: i_4684/O (LUT3)
Inferred a: "set_disable_timing -from I1 -to O i_4488"
Found timing loop:
     0: i_4477/O (LUT3)
      [E:/bob_full_v1/hw/src/clb/clb.sv:28]
     1: i_4477/O (LUT3)
Found timing loop:
     0: i_5166/O (LUT6)
      [E:/bob_full_v1/hw/src/clb/clb.sv:28]
     1: i_5166/O (LUT6)
Found timing loop:
     0: i_5237/O (LUT3)
      [E:/bob_full_v1/hw/src/clb/clb.sv:28]
     1: i_5237/O (LUT3)
Found timing loop:
     0: i_5236/O (LUT3)
      [E:/bob_full_v1/hw/src/clb/clb.sv:28]
     1: i_5236/O (LUT3)
Found timing loop:
     0: i_5235/O (LUT3)
      [E:/bob_full_v1/hw/src/clb/clb.sv:28]
     1: i_5235/O (LUT3)
Found timing loop:
     0: i_4684/O (LUT3)
      [E:/bob_full_v1/hw/src/clb/clb.sv:28]
     1: i_4684/O (LUT3)
Found timing loop:
     0: i_4683/O (LUT3)
      [E:/bob_full_v1/hw/src/clb/clb.sv:28]
     1: i_4683/O (LUT3)
Found timing loop:
     0: i_4682/O (LUT3)
      [E:/bob_full_v1/hw/src/clb/clb.sv:28]
     1: i_4682/I2 (LUT3)
     2: i_4576/O (LUT3)
      [(null):0]
     3: i_4576/I0 (LUT3)
     4: i_4577/O (LUT6)
      [(null):0]
     5: i_4577/I5 (LUT6)
     6: i_4489/O (LUT3)
      [E:/bob_full_v1/hw/src/clb/clb.sv:28]
     7: i_4489/O (LUT3)
Inferred a: "set_disable_timing -from I2 -to O i_4682"
Found timing loop:
     0: i_4489/O (LUT3)
      [E:/bob_full_v1/hw/src/clb/clb.sv:28]
     1: i_4489/O (LUT3)
Found timing loop:
     0: i_4488/O (LUT3)
      [E:/bob_full_v1/hw/src/clb/clb.sv:28]
     1: i_4488/O (LUT3)
Found timing loop:
     0: i_4487/O (LUT3)
      [E:/bob_full_v1/hw/src/clb/clb.sv:28]
     1: i_4487/I1 (LUT3)
     2: i_4317/O (LUT6)
      [(null):0]
     3: i_4317/I1 (LUT6)
     4: i_4457/O (LUT6)
      [(null):0]
     5: i_4457/I5 (LUT6)
     6: i_4684/O (LUT3)
      [E:/bob_full_v1/hw/src/clb/clb.sv:28]
     7: i_4684/O (LUT3)
Inferred a: "set_disable_timing -from I1 -to O i_4487"
Found timing loop:
     0: i_4477/O (LUT3)
      [E:/bob_full_v1/hw/src/clb/clb.sv:28]
     1: i_4477/O (LUT3)
Found timing loop:
     0: i_5166/O (LUT6)
      [E:/bob_full_v1/hw/src/clb/clb.sv:28]
     1: i_5166/O (LUT6)
Found timing loop:
     0: i_5237/O (LUT3)
      [E:/bob_full_v1/hw/src/clb/clb.sv:28]
     1: i_5237/O (LUT3)
Found timing loop:
     0: i_5236/O (LUT3)
      [E:/bob_full_v1/hw/src/clb/clb.sv:28]
     1: i_5236/O (LUT3)
Found timing loop:
     0: i_5235/O (LUT3)
      [E:/bob_full_v1/hw/src/clb/clb.sv:28]
     1: i_5235/O (LUT3)
Found timing loop:
     0: i_4684/O (LUT3)
      [E:/bob_full_v1/hw/src/clb/clb.sv:28]
     1: i_4684/O (LUT3)
Found timing loop:
     0: i_4683/O (LUT3)
      [E:/bob_full_v1/hw/src/clb/clb.sv:28]
     1: i_4683/O (LUT3)
Found timing loop:
     0: i_4682/O (LUT3)
      [E:/bob_full_v1/hw/src/clb/clb.sv:28]
     1: i_4682/O (LUT3)
Found timing loop:
     0: i_4681/O (LUT3)
      [E:/bob_full_v1/hw/src/clb/clb.sv:28]
     1: i_4681/I2 (LUT3)
     2: i_4569/O (LUT3)
      [(null):0]
     3: i_4569/I0 (LUT3)
     4: i_4570/O (LUT6)
      [(null):0]
     5: i_4570/I5 (LUT6)
     6: i_4489/O (LUT3)
      [E:/bob_full_v1/hw/src/clb/clb.sv:28]
     7: i_4489/O (LUT3)
Inferred a: "set_disable_timing -from I2 -to O i_4681"
Found timing loop:
     0: i_3675/O (LUT3)
      [E:/bob_full_v1/hw/src/clb/clb.sv:28]
     1: i_3675/O (LUT3)
Found timing loop:
     0: i_3673/O (LUT3)
      [E:/bob_full_v1/hw/src/clb/clb.sv:28]
     1: i_3673/O (LUT3)
Found timing loop:
     0: i_4485/O (LUT3)
      [E:/bob_full_v1/hw/src/clb/clb.sv:28]
     1: i_4485/O (LUT3)
Found timing loop:
     0: i_4484/O (LUT3)
      [E:/bob_full_v1/hw/src/clb/clb.sv:28]
     1: i_4484/I1 (LUT3)
     2: i_4313/O (LUT6)
      [(null):0]
     3: i_4313/I3 (LUT6)
     4: i_4314/O (LUT6)
      [(null):0]
     5: i_4314/I5 (LUT6)
     6: i_5166/O (LUT6)
      [E:/bob_full_v1/hw/src/clb/clb.sv:28]
     7: i_5166/O (LUT6)
Inferred a: "set_disable_timing -from I1 -to O i_4484"
Found timing loop:
     0: i_4477/O (LUT3)
      [E:/bob_full_v1/hw/src/clb/clb.sv:28]
     1: i_4477/O (LUT3)
Found timing loop:
     0: i_5166/O (LUT6)
      [E:/bob_full_v1/hw/src/clb/clb.sv:28]
     1: i_5166/O (LUT6)
Found timing loop:
     0: i_5237/O (LUT3)
      [E:/bob_full_v1/hw/src/clb/clb.sv:28]
     1: i_5237/O (LUT3)
Found timing loop:
     0: i_5236/O (LUT3)
      [E:/bob_full_v1/hw/src/clb/clb.sv:28]
     1: i_5236/O (LUT3)
Found timing loop:
     0: i_5235/O (LUT3)
      [E:/bob_full_v1/hw/src/clb/clb.sv:28]
     1: i_5235/O (LUT3)
Found timing loop:
     0: i_4684/O (LUT3)
      [E:/bob_full_v1/hw/src/clb/clb.sv:28]
     1: i_4684/O (LUT3)
Found timing loop:
     0: i_4683/O (LUT3)
      [E:/bob_full_v1/hw/src/clb/clb.sv:28]
     1: i_4683/O (LUT3)
Found timing loop:
     0: i_4682/O (LUT3)
      [E:/bob_full_v1/hw/src/clb/clb.sv:28]
     1: i_4682/O (LUT3)
Found timing loop:
     0: i_4681/O (LUT3)
      [E:/bob_full_v1/hw/src/clb/clb.sv:28]
     1: i_4681/O (LUT3)
Found timing loop:
     0: i_3690/O (LUT3)
      [E:/bob_full_v1/hw/src/clb/clb.sv:28]
     1: i_3690/I1 (LUT3)
     2: i_3668/O (LUT6)
      [(null):0]
     3: i_3668/I3 (LUT6)
     4: i_3670/O (LUT6)
      [(null):0]
     5: i_3670/I5 (LUT6)
     6: i_4485/O (LUT3)
      [E:/bob_full_v1/hw/src/clb/clb.sv:28]
     7: i_4485/O (LUT3)
Inferred a: "set_disable_timing -from I1 -to O i_3690"
Found timing loop:
     0: i_3675/O (LUT3)
      [E:/bob_full_v1/hw/src/clb/clb.sv:28]
     1: i_3675/O (LUT3)
Found timing loop:
     0: i_3673/O (LUT3)
      [E:/bob_full_v1/hw/src/clb/clb.sv:28]
     1: i_3673/O (LUT3)
Found timing loop:
     0: i_4485/O (LUT3)
      [E:/bob_full_v1/hw/src/clb/clb.sv:28]
     1: i_4485/O (LUT3)
Found timing loop:
     0: i_4484/O (LUT3)
      [E:/bob_full_v1/hw/src/clb/clb.sv:28]
     1: i_4484/O (LUT3)
Found timing loop:
     0: i_4483/O (LUT3)
      [E:/bob_full_v1/hw/src/clb/clb.sv:28]
     1: i_4483/I1 (LUT3)
     2: i_4311/O (LUT6)
      [(null):0]
     3: i_4311/I0 (LUT6)
     4: i_4446/O (LUT6)
      [(null):0]
     5: i_4446/I5 (LUT6)
     6: i_3690/O (LUT3)
      [E:/bob_full_v1/hw/src/clb/clb.sv:28]
     7: i_3690/O (LUT3)
Inferred a: "set_disable_timing -from I1 -to O i_4483"
Found timing loop:
     0: i_4477/O (LUT3)
      [E:/bob_full_v1/hw/src/clb/clb.sv:28]
     1: i_4477/O (LUT3)
Found timing loop:
     0: i_5166/O (LUT6)
      [E:/bob_full_v1/hw/src/clb/clb.sv:28]
     1: i_5166/O (LUT6)
Found timing loop:
     0: i_5237/O (LUT3)
      [E:/bob_full_v1/hw/src/clb/clb.sv:28]
     1: i_5237/O (LUT3)
Found timing loop:
     0: i_5236/O (LUT3)
      [E:/bob_full_v1/hw/src/clb/clb.sv:28]
     1: i_5236/O (LUT3)
Found timing loop:
     0: i_5235/O (LUT3)
      [E:/bob_full_v1/hw/src/clb/clb.sv:28]
     1: i_5235/O (LUT3)
Found timing loop:
     0: i_4684/O (LUT3)
      [E:/bob_full_v1/hw/src/clb/clb.sv:28]
     1: i_4684/O (LUT3)
Found timing loop:
     0: i_4683/O (LUT3)
      [E:/bob_full_v1/hw/src/clb/clb.sv:28]
     1: i_4683/O (LUT3)
Found timing loop:
     0: i_4682/O (LUT3)
      [E:/bob_full_v1/hw/src/clb/clb.sv:28]
     1: i_4682/O (LUT3)
Found timing loop:
     0: i_4681/O (LUT3)
      [E:/bob_full_v1/hw/src/clb/clb.sv:28]
     1: i_4681/O (LUT3)
Found timing loop:
     0: i_3690/O (LUT3)
      [E:/bob_full_v1/hw/src/clb/clb.sv:28]
     1: i_3690/O (LUT3)
Found timing loop:
     0: i_3689/O (LUT3)
      [E:/bob_full_v1/hw/src/clb/clb.sv:28]
     1: i_3689/I1 (LUT3)
     2: i_3663/O (LUT6)
      [(null):0]
     3: i_3663/I3 (LUT6)
     4: i_3665/O (LUT6)
      [(null):0]
     5: i_3665/I5 (LUT6)
     6: i_4485/O (LUT3)
      [E:/bob_full_v1/hw/src/clb/clb.sv:28]
     7: i_4485/O (LUT3)
Inferred a: "set_disable_timing -from I1 -to O i_3689"
Found timing loop:
     0: i_3673/O (LUT3)
      [E:/bob_full_v1/hw/src/clb/clb.sv:28]
     1: i_3673/O (LUT3)
Found timing loop:
     0: i_3675/O (LUT3)
      [E:/bob_full_v1/hw/src/clb/clb.sv:28]
     1: i_3675/O (LUT3)
Found timing loop:
     0: i_4485/O (LUT3)
      [E:/bob_full_v1/hw/src/clb/clb.sv:28]
     1: i_4485/O (LUT3)
Found timing loop:
     0: i_4484/O (LUT3)
      [E:/bob_full_v1/hw/src/clb/clb.sv:28]
     1: i_4484/O (LUT3)
Found timing loop:
     0: i_4483/O (LUT3)
      [E:/bob_full_v1/hw/src/clb/clb.sv:28]
     1: i_4483/O (LUT3)
Found timing loop:
     0: i_4482/O (LUT3)
      [E:/bob_full_v1/hw/src/clb/clb.sv:28]
     1: i_4482/I1 (LUT3)
     2: i_4309/O (LUT6)
      [(null):0]
     3: i_4309/I0 (LUT6)
     4: i_4443/O (LUT6)
      [(null):0]
     5: i_4443/I5 (LUT6)
     6: i_3690/O (LUT3)
      [E:/bob_full_v1/hw/src/clb/clb.sv:28]
     7: i_3690/O (LUT3)
Inferred a: "set_disable_timing -from I1 -to O i_4482"
Found timing loop:
     0: i_3686/O (LUT3)
      [E:/bob_full_v1/hw/src/clb/clb.sv:28]
     1: i_3686/O (LUT3)
Found timing loop:
     0: i_3685/O (LUT3)
      [E:/bob_full_v1/hw/src/clb/clb.sv:28]
     1: i_3685/I1 (LUT3)
     2: i_3647/O (LUT6)
      [(null):0]
     3: i_3647/I3 (LUT6)
     4: i_3649/O (LUT6)
      [(null):0]
     5: i_3649/I5 (LUT6)
     6: i_4485/O (LUT3)
      [E:/bob_full_v1/hw/src/clb/clb.sv:28]
     7: i_4485/O (LUT3)
Inferred a: "set_disable_timing -from I1 -to O i_3685"
Found timing loop:
     0: i_3673/O (LUT3)
      [E:/bob_full_v1/hw/src/clb/clb.sv:28]
     1: i_3673/O (LUT3)
Found timing loop:
     0: i_3675/O (LUT3)
      [E:/bob_full_v1/hw/src/clb/clb.sv:28]
     1: i_3675/O (LUT3)
Found timing loop:
     0: i_4485/O (LUT3)
      [E:/bob_full_v1/hw/src/clb/clb.sv:28]
     1: i_4485/O (LUT3)
Found timing loop:
     0: i_4484/O (LUT3)
      [E:/bob_full_v1/hw/src/clb/clb.sv:28]
     1: i_4484/O (LUT3)
Found timing loop:
     0: i_4483/O (LUT3)
      [E:/bob_full_v1/hw/src/clb/clb.sv:28]
     1: i_4483/O (LUT3)
Found timing loop:
     0: i_4482/O (LUT3)
      [E:/bob_full_v1/hw/src/clb/clb.sv:28]
     1: i_4482/O (LUT3)
Found timing loop:
     0: i_3886/O (LUT3)
      [E:/bob_full_v1/hw/src/clb/clb.sv:28]
     1: i_3886/I2 (LUT3)
     2: i_3799/O (LUT3)
      [(null):0]
     3: i_3799/I0 (LUT3)
     4: i_3800/O (LUT6)
      [(null):0]
     5: i_3800/I5 (LUT6)
     6: i_3686/O (LUT3)
      [E:/bob_full_v1/hw/src/clb/clb.sv:28]
     7: i_3686/O (LUT3)
Inferred a: "set_disable_timing -from I2 -to O i_3886"
Found timing loop:
     0: i_3686/O (LUT3)
      [E:/bob_full_v1/hw/src/clb/clb.sv:28]
     1: i_3686/O (LUT3)
Found timing loop:
     0: i_3685/O (LUT3)
      [E:/bob_full_v1/hw/src/clb/clb.sv:28]
     1: i_3685/O (LUT3)
Found timing loop:
     0: i_3684/O (LUT3)
      [E:/bob_full_v1/hw/src/clb/clb.sv:28]
     1: i_3684/I1 (LUT3)
     2: i_3642/O (LUT6)
      [(null):0]
     3: i_3642/I1 (LUT6)
     4: i_3645/O (LUT6)
      [(null):0]
     5: i_3645/I5 (LUT6)
     6: i_3886/O (LUT3)
      [E:/bob_full_v1/hw/src/clb/clb.sv:28]
     7: i_3886/O (LUT3)
Inferred a: "set_disable_timing -from I1 -to O i_3684"
Found timing loop:
     0: i_3673/O (LUT3)
      [E:/bob_full_v1/hw/src/clb/clb.sv:28]
     1: i_3673/O (LUT3)
Found timing loop:
     0: i_3675/O (LUT3)
      [E:/bob_full_v1/hw/src/clb/clb.sv:28]
     1: i_3675/O (LUT3)
Found timing loop:
     0: i_4485/O (LUT3)
      [E:/bob_full_v1/hw/src/clb/clb.sv:28]
     1: i_4485/O (LUT3)
Found timing loop:
     0: i_4484/O (LUT3)
      [E:/bob_full_v1/hw/src/clb/clb.sv:28]
     1: i_4484/O (LUT3)
Found timing loop:
     0: i_4483/O (LUT3)
      [E:/bob_full_v1/hw/src/clb/clb.sv:28]
     1: i_4483/O (LUT3)
Found timing loop:
     0: i_4482/O (LUT3)
      [E:/bob_full_v1/hw/src/clb/clb.sv:28]
     1: i_4482/O (LUT3)
Found timing loop:
     0: i_3886/O (LUT3)
      [E:/bob_full_v1/hw/src/clb/clb.sv:28]
     1: i_3886/O (LUT3)
Found timing loop:
     0: i_3885/O (LUT3)
      [E:/bob_full_v1/hw/src/clb/clb.sv:28]
     1: i_3885/I2 (LUT3)
     2: i_3792/O (LUT3)
      [(null):0]
     3: i_3792/I0 (LUT3)
     4: i_3793/O (LUT6)
      [(null):0]
     5: i_3793/I5 (LUT6)
     6: i_3686/O (LUT3)
      [E:/bob_full_v1/hw/src/clb/clb.sv:28]
     7: i_3686/O (LUT3)
Inferred a: "set_disable_timing -from I2 -to O i_3885"
Found timing loop:
     0: i_3686/O (LUT3)
      [E:/bob_full_v1/hw/src/clb/clb.sv:28]
     1: i_3686/O (LUT3)
Found timing loop:
     0: i_3685/O (LUT3)
      [E:/bob_full_v1/hw/src/clb/clb.sv:28]
     1: i_3685/O (LUT3)
Found timing loop:
     0: i_3684/O (LUT3)
      [E:/bob_full_v1/hw/src/clb/clb.sv:28]
     1: i_3684/O (LUT3)
Found timing loop:
     0: i_3683/O (LUT3)
      [E:/bob_full_v1/hw/src/clb/clb.sv:28]
     1: i_3683/I1 (LUT3)
     2: i_3607/O (LUT6)
      [(null):0]
     3: i_3607/I1 (LUT6)
     4: i_3640/O (LUT6)
      [(null):0]
     5: i_3640/I5 (LUT6)
     6: i_3886/O (LUT3)
      [E:/bob_full_v1/hw/src/clb/clb.sv:28]
     7: i_3886/O (LUT3)
Inferred a: "set_disable_timing -from I1 -to O i_3683"
Found timing loop:
     0: i_3880/O (LUT3)
      [E:/bob_full_v1/hw/src/clb/clb.sv:28]
     1: i_3880/I2 (LUT3)
     2: i_3770/O (LUT3)
      [(null):0]
     3: i_3770/I2 (LUT3)
     4: i_3771/O (LUT6)
      [(null):0]
     5: i_3771/I5 (LUT6)
     6: i_3686/O (LUT3)
      [E:/bob_full_v1/hw/src/clb/clb.sv:28]
     7: i_3686/O (LUT3)
Inferred a: "set_disable_timing -from I2 -to O i_3880"
Found timing loop:
     0: i_3876/O (LUT3)
      [E:/bob_full_v1/hw/src/clb/clb.sv:28]
     1: i_3876/I1 (LUT3)
     2: i_3692/O (LUT5)
      [(null):0]
     3: i_3692/I4 (LUT5)
     4: i_3695/O (LUT5)
      [(null):0]
     5: i_3695/I4 (LUT5)
     6: i_3697/O (MUXF7)
      [(null):0]
     7: i_3697/I1 (MUXF7)
     8: i_3727/O (MUXF7)
      [(null):0]
     9: i_3727/I1 (MUXF7)
    10: i_3748/O (LUT6)
      [(null):0]
    11: i_3748/I4 (LUT6)
    12: i_3880/O (LUT3)
      [E:/bob_full_v1/hw/src/clb/clb.sv:28]
    13: i_3880/O (LUT3)
Inferred a: "set_disable_timing -from I1 -to O i_3876"
Found timing loop:
     0: i_3880/O (LUT3)
      [E:/bob_full_v1/hw/src/clb/clb.sv:28]
     1: i_3880/O (LUT3)
Found timing loop:
     0: i_3752/O (LUT6)
      [(null):0]
     1: i_3752/I5 (LUT6)
     2: i_3753/O (LUT6)
      [(null):0]
     3: i_3753/I4 (LUT6)
     4: i_3876/O (LUT3)
      [E:/bob_full_v1/hw/src/clb/clb.sv:28]
     5: i_3876/O (LUT3)
Inferred a: "set_disable_timing -from I5 -to O i_3752"
Found timing loop:
     0: i_3880/O (LUT3)
      [E:/bob_full_v1/hw/src/clb/clb.sv:28]
     1: i_3880/O (LUT3)
Found timing loop:
     0: i_3752/O (LUT6)
      [(null):0]
     1: i_3752/O (LUT6)
Found timing loop:
     0: i_3876/O (LUT3)
      [E:/bob_full_v1/hw/src/clb/clb.sv:28]
     1: i_3876/O (LUT3)
Found timing loop:
     0: i_3878/O (LUT3)
      [E:/bob_full_v1/hw/src/clb/clb.sv:28]
     1: i_3878/I2 (LUT3)
     2: i_3698/O (LUT3)
      [(null):0]
     3: i_3698/I2 (LUT3)
     4: i_3882/O (LUT3)
      [E:/bob_full_v1/hw/src/clb/clb.sv:28]
     5: i_3882/I0 (LUT3)
     6: i_3729/O (LUT6)
      [(null):0]
     7: i_3729/I5 (LUT6)
     8: i_3731/O (LUT6)
      [(null):0]
     9: i_3731/I4 (LUT6)
    10: i_3876/O (LUT3)
      [E:/bob_full_v1/hw/src/clb/clb.sv:28]
    11: i_3876/O (LUT3)
Inferred a: "set_disable_timing -from I2 -to O i_3878"
Found timing loop:
     0: i_4489/O (LUT3)
      [E:/bob_full_v1/hw/src/clb/clb.sv:28]
     1: i_4489/O (LUT3)
Found timing loop:
     0: i_4488/O (LUT3)
      [E:/bob_full_v1/hw/src/clb/clb.sv:28]
     1: i_4488/O (LUT3)
Found timing loop:
     0: i_4487/O (LUT3)
      [E:/bob_full_v1/hw/src/clb/clb.sv:28]
     1: i_4487/O (LUT3)
Found timing loop:
     0: i_4486/O (LUT3)
      [E:/bob_full_v1/hw/src/clb/clb.sv:28]
     1: i_4486/I1 (LUT3)
     2: i_4315/O (LUT6)
      [(null):0]
     3: i_4315/I0 (LUT6)
     4: i_4455/O (LUT6)
      [(null):0]
     5: i_4455/I5 (LUT6)
     6: i_3690/O (LUT3)
      [E:/bob_full_v1/hw/src/clb/clb.sv:28]
     7: i_3690/O (LUT3)
Inferred a: "set_disable_timing -from I1 -to O i_4486"
Found timing loop:
     0: i_4489/O (LUT3)
      [E:/bob_full_v1/hw/src/clb/clb.sv:28]
     1: i_4489/O (LUT3)
Found timing loop:
     0: i_4488/O (LUT3)
      [E:/bob_full_v1/hw/src/clb/clb.sv:28]
     1: i_4488/O (LUT3)
Found timing loop:
     0: i_4487/O (LUT3)
      [E:/bob_full_v1/hw/src/clb/clb.sv:28]
     1: i_4487/O (LUT3)
Found timing loop:
     0: i_4486/O (LUT3)
      [E:/bob_full_v1/hw/src/clb/clb.sv:28]
     1: i_4486/O (LUT3)
Found timing loop:
     0: i_4676/O (LUT3)
      [E:/bob_full_v1/hw/src/clb/clb.sv:28]
     1: i_4676/I1 (LUT3)
     2: i_4495/O (LUT5)
      [(null):0]
     3: i_4495/I4 (LUT5)
     4: i_4497/O (LUT3)
      [(null):0]
     5: i_4497/I2 (LUT3)
     6: i_4498/O (LUT6)
      [(null):0]
     7: i_4498/I5 (LUT6)
     8: i_4521/O (MUXF7)
      [(null):0]
     9: i_4521/I1 (MUXF7)
    10: i_4546/O (LUT6)
      [(null):0]
    11: i_4546/I4 (LUT6)
    12: i_4678/O (LUT3)
      [E:/bob_full_v1/hw/src/clb/clb.sv:28]
    13: i_4678/I1 (LUT3)
    14: i_4555/O (LUT6)
      [(null):0]
    15: i_4555/I5 (LUT6)
    16: i_4557/O (LUT4)
      [(null):0]
    17: i_4557/I2 (LUT4)
    18: i_4676/O (LUT3)
      [E:/bob_full_v1/hw/src/clb/clb.sv:28]
Inferred a: "set_disable_timing -from I1 -to O i_4676"
Found timing loop:
     0: i_4678/O (LUT3)
      [E:/bob_full_v1/hw/src/clb/clb.sv:28]
     1: i_4678/I1 (LUT3)
     2: i_4555/O (LUT6)
      [(null):0]
     3: i_4555/I5 (LUT6)
     4: i_4557/O (LUT4)
      [(null):0]
     5: i_4557/I2 (LUT4)
     6: i_4676/O (LUT3)
      [E:/bob_full_v1/hw/src/clb/clb.sv:28]
     7: i_4676/O (LUT3)
Inferred a: "set_disable_timing -from I1 -to O i_4678"
Found timing loop:
     0: i_4676/O (LUT3)
      [E:/bob_full_v1/hw/src/clb/clb.sv:28]
     1: i_4676/O (LUT3)
Found timing loop:
     0: i_4677/O (LUT3)
      [E:/bob_full_v1/hw/src/clb/clb.sv:28]
     1: i_4677/I2 (LUT3)
     2: i_4499/O (LUT3)
      [(null):0]
     3: i_4499/I2 (LUT3)
     4: i_4679/O (LUT3)
      [E:/bob_full_v1/hw/src/clb/clb.sv:28]
     5: i_4679/I2 (LUT3)
     6: i_4534/O (LUT6)
      [(null):0]
     7: i_4534/I4 (LUT6)
     8: i_4678/O (LUT3)
      [E:/bob_full_v1/hw/src/clb/clb.sv:28]
     9: i_4678/O (LUT3)
Inferred a: "set_disable_timing -from I2 -to O i_4677"
Found timing loop:
     0: i_5371/O (LUT3)
      [E:/bob_full_v1/hw/src/clb/clb.sv:28]
     1: i_5371/I1 (LUT3)
     2: i_5243/O (MUXF7)
      [E:/bob_full_v1/hw/src/clb/clb.sv:28]
     3: i_5243/I1 (MUXF7)
     4: i_5244/O (LUT5)
      [E:/bob_full_v1/hw/src/clb/clb.sv:28]
     5: i_5244/I4 (LUT5)
     6: i_3693/O (LUT6)
      [(null):0]
     7: i_3693/I5 (LUT6)
     8: i_3880/O (LUT3)
      [E:/bob_full_v1/hw/src/clb/clb.sv:28]
     9: i_3880/O (LUT3)
Inferred a: "set_disable_timing -from I1 -to O i_5371"
Found timing loop:
     0: i_4489/O (LUT3)
      [E:/bob_full_v1/hw/src/clb/clb.sv:28]
     1: i_4489/O (LUT3)
Found timing loop:
     0: i_4488/O (LUT3)
      [E:/bob_full_v1/hw/src/clb/clb.sv:28]
     1: i_4488/O (LUT3)
Found timing loop:
     0: i_4487/O (LUT3)
      [E:/bob_full_v1/hw/src/clb/clb.sv:28]
     1: i_4487/O (LUT3)
Found timing loop:
     0: i_4486/O (LUT3)
      [E:/bob_full_v1/hw/src/clb/clb.sv:28]
     1: i_4486/O (LUT3)
Found timing loop:
     0: i_4676/O (LUT3)
      [E:/bob_full_v1/hw/src/clb/clb.sv:28]
     1: i_4676/O (LUT3)
Found timing loop:
     0: i_5260/O (LUT6)
      [E:/bob_full_v1/hw/src/clb/clb.sv:28]
     1: i_5260/I3 (LUT6)
     2: i_5261/O (MUXF7)
      [E:/bob_full_v1/hw/src/clb/clb.sv:28]
     3: i_5261/I1 (MUXF7)
     4: i_5354/O (LUT6)
      [E:/bob_full_v1/hw/src/clb/clb.sv:28]
     5: i_5354/I5 (LUT6)
     6: i_4696/O (LUT3)
      [E:/bob_full_v1/hw/src/clb/clb.sv:28]
     7: i_4696/I1 (LUT3)
     8: i_4669/O (LUT6)
      [(null):0]
     9: i_4669/I3 (LUT6)
    10: i_4671/O (LUT6)
      [(null):0]
    11: i_4671/I5 (LUT6)
    12: i_5260/O (LUT6)
      [E:/bob_full_v1/hw/src/clb/clb.sv:28]
Inferred a: "set_disable_timing -from I3 -to O i_5260"
Found timing loop:
     0: i_5241/O (LUT3)
      [E:/bob_full_v1/hw/src/clb/clb.sv:28]
     1: i_5241/O (LUT3)
Found timing loop:
     0: i_5240/O (LUT3)
      [E:/bob_full_v1/hw/src/clb/clb.sv:28]
     1: i_5240/O (LUT3)
Found timing loop:
     0: i_5239/O (LUT3)
      [E:/bob_full_v1/hw/src/clb/clb.sv:28]
     1: i_5239/I1 (LUT3)
     2: i_5180/O (LUT5)
      [E:/bob_full_v1/hw/src/clb/clb.sv:28]
     3: i_5180/I0 (LUT5)
     4: i_5225/O (LUT6)
      [E:/bob_full_v1/hw/src/clb/clb.sv:28]
     5: i_5225/I5 (LUT6)
     6: i_4493/O (LUT3)
      [E:/bob_full_v1/hw/src/clb/clb.sv:28]
     7: i_4493/O (LUT3)
Inferred a: "set_disable_timing -from I1 -to O i_5239"
Found timing loop:
     0: i_5231/O (LUT3)
      [E:/bob_full_v1/hw/src/clb/clb.sv:28]
     1: i_5231/O (LUT3)
Found timing loop:
     0: i_5308/O (LUT6)
      [E:/bob_full_v1/hw/src/clb/clb.sv:28]
     1: i_5308/O (LUT6)
Found timing loop:
     0: i_5378/O (LUT3)
      [E:/bob_full_v1/hw/src/clb/clb.sv:28]
     1: i_5378/O (LUT3)
Found timing loop:
     0: i_5377/O (LUT3)
      [E:/bob_full_v1/hw/src/clb/clb.sv:28]
     1: i_5377/O (LUT3)
Found timing loop:
     0: i_5376/O (LUT3)
      [E:/bob_full_v1/hw/src/clb/clb.sv:28]
     1: i_5376/O (LUT3)
Found timing loop:
     0: i_4493/O (LUT3)
      [E:/bob_full_v1/hw/src/clb/clb.sv:28]
     1: i_4493/O (LUT3)
Found timing loop:
     0: i_4492/O (LUT3)
      [E:/bob_full_v1/hw/src/clb/clb.sv:28]
     1: i_4492/O (LUT3)
Found timing loop:
     0: i_4491/O (LUT3)
      [E:/bob_full_v1/hw/src/clb/clb.sv:28]
     1: i_4491/I1 (LUT3)
     2: i_4325/O (LUT6)
      [(null):0]
     3: i_4325/I1 (LUT6)
     4: i_4469/O (LUT6)
      [(null):0]
     5: i_4469/I5 (LUT6)
     6: i_4684/O (LUT3)
      [E:/bob_full_v1/hw/src/clb/clb.sv:28]
     7: i_4684/O (LUT3)
Inferred a: "set_disable_timing -from I1 -to O i_4491"
Found timing loop:
     0: i_4477/O (LUT3)
      [E:/bob_full_v1/hw/src/clb/clb.sv:28]
     1: i_4477/O (LUT3)
Found timing loop:
     0: i_5166/O (LUT6)
      [E:/bob_full_v1/hw/src/clb/clb.sv:28]
     1: i_5166/O (LUT6)
Found timing loop:
     0: i_5237/O (LUT3)
      [E:/bob_full_v1/hw/src/clb/clb.sv:28]
     1: i_5237/O (LUT3)
Found timing loop:
     0: i_5236/O (LUT3)
      [E:/bob_full_v1/hw/src/clb/clb.sv:28]
     1: i_5236/O (LUT3)
Found timing loop:
     0: i_5235/O (LUT3)
      [E:/bob_full_v1/hw/src/clb/clb.sv:28]
     1: i_5235/O (LUT3)
Found timing loop:
     0: i_4684/O (LUT3)
      [E:/bob_full_v1/hw/src/clb/clb.sv:28]
     1: i_4684/O (LUT3)
Found timing loop:
     0: i_4683/O (LUT3)
      [E:/bob_full_v1/hw/src/clb/clb.sv:28]
     1: i_4683/O (LUT3)
Found timing loop:
     0: i_4682/O (LUT3)
      [E:/bob_full_v1/hw/src/clb/clb.sv:28]
     1: i_4682/O (LUT3)
Found timing loop:
     0: i_4681/O (LUT3)
      [E:/bob_full_v1/hw/src/clb/clb.sv:28]
     1: i_4681/O (LUT3)
Found timing loop:
     0: i_3690/O (LUT3)
      [E:/bob_full_v1/hw/src/clb/clb.sv:28]
     1: i_3690/O (LUT3)
Found timing loop:
     0: i_3689/O (LUT3)
      [E:/bob_full_v1/hw/src/clb/clb.sv:28]
     1: i_3689/O (LUT3)
Found timing loop:
     0: i_3688/O (LUT3)
      [E:/bob_full_v1/hw/src/clb/clb.sv:28]
     1: i_3688/I1 (LUT3)
     2: i_3603/O (LUT6)
      [(null):0]
     3: i_3603/I1 (LUT6)
     4: i_3661/O (LUT6)
      [(null):0]
     5: i_3661/I5 (LUT6)
     6: i_3886/O (LUT3)
      [E:/bob_full_v1/hw/src/clb/clb.sv:28]
     7: i_3886/O (LUT3)
Inferred a: "set_disable_timing -from I1 -to O i_3688"
Found timing loop:
     0: i_3675/O (LUT3)
      [E:/bob_full_v1/hw/src/clb/clb.sv:28]
     1: i_3675/O (LUT3)
Found timing loop:
     0: i_3673/O (LUT3)
      [E:/bob_full_v1/hw/src/clb/clb.sv:28]
     1: i_3673/O (LUT3)
Found timing loop:
     0: i_4485/O (LUT3)
      [E:/bob_full_v1/hw/src/clb/clb.sv:28]
     1: i_4485/O (LUT3)
Found timing loop:
     0: i_4484/O (LUT3)
      [E:/bob_full_v1/hw/src/clb/clb.sv:28]
     1: i_4484/O (LUT3)
Found timing loop:
     0: i_4483/O (LUT3)
      [E:/bob_full_v1/hw/src/clb/clb.sv:28]
     1: i_4483/O (LUT3)
Found timing loop:
     0: i_4482/O (LUT3)
      [E:/bob_full_v1/hw/src/clb/clb.sv:28]
     1: i_4482/O (LUT3)
Found timing loop:
     0: i_3886/O (LUT3)
      [E:/bob_full_v1/hw/src/clb/clb.sv:28]
     1: i_3886/O (LUT3)
Found timing loop:
     0: i_3885/O (LUT3)
      [E:/bob_full_v1/hw/src/clb/clb.sv:28]
     1: i_3885/O (LUT3)
Found timing loop:
     0: i_3884/O (LUT3)
      [E:/bob_full_v1/hw/src/clb/clb.sv:28]
     1: i_3884/I1 (LUT3)
     2: i_3780/O (LUT6)
      [(null):0]
     3: i_3780/I5 (LUT6)
     4: i_3781/O (LUT4)
      [(null):0]
     5: i_3781/I2 (LUT4)
     6: i_3876/O (LUT3)
      [E:/bob_full_v1/hw/src/clb/clb.sv:28]
     7: i_3876/O (LUT3)
Inferred a: "set_disable_timing -from I1 -to O i_3884"
Found timing loop:
     0: i_3686/O (LUT3)
      [E:/bob_full_v1/hw/src/clb/clb.sv:28]
     1: i_3686/O (LUT3)
Found timing loop:
     0: i_3685/O (LUT3)
      [E:/bob_full_v1/hw/src/clb/clb.sv:28]
     1: i_3685/O (LUT3)
Found timing loop:
     0: i_3684/O (LUT3)
      [E:/bob_full_v1/hw/src/clb/clb.sv:28]
     1: i_3684/O (LUT3)
Found timing loop:
     0: i_3683/O (LUT3)
      [E:/bob_full_v1/hw/src/clb/clb.sv:28]
     1: i_3683/O (LUT3)
Found timing loop:
     0: i_3878/O (LUT3)
      [E:/bob_full_v1/hw/src/clb/clb.sv:28]
     1: i_3878/O (LUT3)
Found timing loop:
     0: i_3876/O (LUT3)
      [E:/bob_full_v1/hw/src/clb/clb.sv:28]
     1: i_3876/O (LUT3)
Found timing loop:
     0: i_4688/O (LUT3)
      [E:/bob_full_v1/hw/src/clb/clb.sv:28]
     1: i_4688/I1 (LUT3)
     2: i_4613/O (LUT6)
      [(null):0]
     3: i_4613/I5 (LUT6)
     4: i_4614/O (LUT4)
      [(null):0]
     5: i_4614/I1 (LUT4)
     6: i_4676/O (LUT3)
      [E:/bob_full_v1/hw/src/clb/clb.sv:28]
     7: i_4676/O (LUT3)
Inferred a: "set_disable_timing -from I1 -to O i_4688"
Found timing loop:
     0: i_4489/O (LUT3)
      [E:/bob_full_v1/hw/src/clb/clb.sv:28]
     1: i_4489/O (LUT3)
Found timing loop:
     0: i_4488/O (LUT3)
      [E:/bob_full_v1/hw/src/clb/clb.sv:28]
     1: i_4488/O (LUT3)
Found timing loop:
     0: i_4487/O (LUT3)
      [E:/bob_full_v1/hw/src/clb/clb.sv:28]
     1: i_4487/O (LUT3)
Found timing loop:
     0: i_4486/O (LUT3)
      [E:/bob_full_v1/hw/src/clb/clb.sv:28]
     1: i_4486/O (LUT3)
Found timing loop:
     0: i_4677/O (LUT3)
      [E:/bob_full_v1/hw/src/clb/clb.sv:28]
     1: i_4677/O (LUT3)
Found timing loop:
     0: i_4676/O (LUT3)
      [E:/bob_full_v1/hw/src/clb/clb.sv:28]
     1: i_4676/O (LUT3)
Found timing loop:
     0: i_5260/O (LUT6)
      [E:/bob_full_v1/hw/src/clb/clb.sv:28]
     1: i_5260/O (LUT6)
Found timing loop:
     0: i_5381/O (LUT3)
      [E:/bob_full_v1/hw/src/clb/clb.sv:28]
     1: i_5381/I2 (LUT3)
     2: i_6267/O (LUT3)
      [E:/bob_full_v1/hw/src/top/fpga4x4_top.v:12]
     3: i_6267/I1 (LUT3)
     4: i_5353/O (LUT6)
      [E:/bob_full_v1/hw/src/clb/clb.sv:28]
     5: i_5353/I5 (LUT6)
     6: i_5241/O (LUT3)
      [E:/bob_full_v1/hw/src/clb/clb.sv:28]
     7: i_5241/O (LUT3)
Inferred a: "set_disable_timing -from I2 -to O i_5381"
Found timing loop:
     0: i_5241/O (LUT3)
      [E:/bob_full_v1/hw/src/clb/clb.sv:28]
     1: i_5241/O (LUT3)
Found timing loop:
     0: i_5240/O (LUT3)
      [E:/bob_full_v1/hw/src/clb/clb.sv:28]
     1: i_5240/O (LUT3)
Found timing loop:
     0: i_5239/O (LUT3)
      [E:/bob_full_v1/hw/src/clb/clb.sv:28]
     1: i_5239/O (LUT3)
Found timing loop:
     0: i_5238/O (LUT3)
      [E:/bob_full_v1/hw/src/clb/clb.sv:28]
     1: i_5238/I1 (LUT3)
     2: i_5178/O (LUT5)
      [E:/bob_full_v1/hw/src/clb/clb.sv:28]
     3: i_5178/I0 (LUT5)
     4: i_5224/O (LUT6)
      [E:/bob_full_v1/hw/src/clb/clb.sv:28]
     5: i_5224/I5 (LUT6)
     6: i_4493/O (LUT3)
      [E:/bob_full_v1/hw/src/clb/clb.sv:28]
     7: i_4493/O (LUT3)
Inferred a: "set_disable_timing -from I1 -to O i_5238"
Found timing loop:
     0: i_5371/O (LUT3)
      [E:/bob_full_v1/hw/src/clb/clb.sv:28]
     1: i_5371/O (LUT3)
Found timing loop:
     0: i_5241/O (LUT3)
      [E:/bob_full_v1/hw/src/clb/clb.sv:28]
     1: i_5241/O (LUT3)
Found timing loop:
     0: i_5240/O (LUT3)
      [E:/bob_full_v1/hw/src/clb/clb.sv:28]
     1: i_5240/O (LUT3)
Found timing loop:
     0: i_5239/O (LUT3)
      [E:/bob_full_v1/hw/src/clb/clb.sv:28]
     1: i_5239/O (LUT3)
Found timing loop:
     0: i_5238/O (LUT3)
      [E:/bob_full_v1/hw/src/clb/clb.sv:28]
     1: i_5238/O (LUT3)
Found timing loop:
     0: i_5371/O (LUT3)
      [E:/bob_full_v1/hw/src/clb/clb.sv:28]
     1: i_5371/O (LUT3)
Found timing loop:
     0: i_5451/O (LUT6)
      [E:/bob_full_v1/hw/src/clb/clb.sv:28]
     1: i_5451/I5 (LUT6)
     2: i_5486/O (LUT5)
      [E:/bob_full_v1/hw/src/clb/clb.sv:28]
     3: i_5486/I2 (LUT5)
     4: i_5514/O (LUT3)
      [E:/bob_full_v1/hw/src/clb/clb.sv:28]
     5: i_5514/I1 (LUT3)
     6: i_5388/O (LUT5)
      [E:/bob_full_v1/hw/src/clb/clb.sv:28]
     7: i_5388/I4 (LUT5)
     8: i_5410/O (LUT3)
      [E:/bob_full_v1/hw/src/clb/clb.sv:28]
     9: i_5410/I2 (LUT3)
    10: i_5411/O (LUT6)
      [E:/bob_full_v1/hw/src/clb/clb.sv:28]
    11: i_5411/I5 (LUT6)
    12: i_5424/O (MUXF7)
      [E:/bob_full_v1/hw/src/clb/clb.sv:28]
    13: i_5424/I1 (MUXF7)
    14: i_5442/O (LUT6)
      [E:/bob_full_v1/hw/src/clb/clb.sv:28]
    15: i_5442/I4 (LUT6)
    16: i_5516/O (LUT3)
      [E:/bob_full_v1/hw/src/clb/clb.sv:28]
    17: i_5516/I2 (LUT3)
    18: i_5470/O (LUT3)
      [E:/bob_full_v1/hw/src/clb/clb.sv:28]
    19: i_5470/I1 (LUT3)
    20: i_5471/O (LUT6)
      [E:/bob_full_v1/hw/src/clb/clb.sv:28]
    21: i_5471/I5 (LUT6)
    22: i_5386/O (LUT3)
      [E:/bob_full_v1/hw/src/clb/clb.sv:28]
    23: i_5386/I1 (LUT3)
    24: i_5263/O (LUT5)
      [E:/bob_full_v1/hw/src/clb/clb.sv:28]
    25: i_5263/I2 (LUT5)
    26: i_5264/O (LUT6)
      [E:/bob_full_v1/hw/src/clb/clb.sv:28]
    27: i_5264/I5 (LUT6)
    28: i_5451/O (LUT6)
      [E:/bob_full_v1/hw/src/clb/clb.sv:28]
Inferred a: "set_disable_timing -from I5 -to O i_5451"
Found timing loop:
     0: i_5386/O (LUT3)
      [E:/bob_full_v1/hw/src/clb/clb.sv:28]
     1: i_5386/I1 (LUT3)
     2: i_5263/O (LUT5)
      [E:/bob_full_v1/hw/src/clb/clb.sv:28]
     3: i_5263/I2 (LUT5)
     4: i_5264/O (LUT6)
      [E:/bob_full_v1/hw/src/clb/clb.sv:28]
     5: i_5264/I5 (LUT6)
     6: i_5451/O (LUT6)
      [E:/bob_full_v1/hw/src/clb/clb.sv:28]
     7: i_5451/O (LUT6)
Inferred a: "set_disable_timing -from I1 -to O i_5386"
Found timing loop:
     0: i_5241/O (LUT3)
      [E:/bob_full_v1/hw/src/clb/clb.sv:28]
     1: i_5241/O (LUT3)
Found timing loop:
     0: i_5240/O (LUT3)
      [E:/bob_full_v1/hw/src/clb/clb.sv:28]
     1: i_5240/O (LUT3)
Found timing loop:
     0: i_5239/O (LUT3)
      [E:/bob_full_v1/hw/src/clb/clb.sv:28]
     1: i_5239/O (LUT3)
Found timing loop:
     0: i_5238/O (LUT3)
      [E:/bob_full_v1/hw/src/clb/clb.sv:28]
     1: i_5238/O (LUT3)
Found timing loop:
     0: i_5371/O (LUT3)
      [E:/bob_full_v1/hw/src/clb/clb.sv:28]
     1: i_5371/O (LUT3)
Found timing loop:
     0: i_4696/O (LUT3)
      [E:/bob_full_v1/hw/src/clb/clb.sv:28]
     1: i_4696/I1 (LUT3)
     2: i_4669/O (LUT6)
      [(null):0]
     3: i_4669/I3 (LUT6)
     4: i_4671/O (LUT6)
      [(null):0]
     5: i_4671/I5 (LUT6)
     6: i_5260/O (LUT6)
      [E:/bob_full_v1/hw/src/clb/clb.sv:28]
     7: i_5260/O (LUT6)
Inferred a: "set_disable_timing -from I1 -to O i_4696"
Found timing loop:
     0: i_4489/O (LUT3)
      [E:/bob_full_v1/hw/src/clb/clb.sv:28]
     1: i_4489/O (LUT3)
Found timing loop:
     0: i_4488/O (LUT3)
      [E:/bob_full_v1/hw/src/clb/clb.sv:28]
     1: i_4488/O (LUT3)
Found timing loop:
     0: i_4487/O (LUT3)
      [E:/bob_full_v1/hw/src/clb/clb.sv:28]
     1: i_4487/O (LUT3)
Found timing loop:
     0: i_4486/O (LUT3)
      [E:/bob_full_v1/hw/src/clb/clb.sv:28]
     1: i_4486/O (LUT3)
Found timing loop:
     0: i_4677/O (LUT3)
      [E:/bob_full_v1/hw/src/clb/clb.sv:28]
     1: i_4677/O (LUT3)
Found timing loop:
     0: i_4676/O (LUT3)
      [E:/bob_full_v1/hw/src/clb/clb.sv:28]
     1: i_4676/O (LUT3)
Found timing loop:
     0: i_5260/O (LUT6)
      [E:/bob_full_v1/hw/src/clb/clb.sv:28]
     1: i_5260/O (LUT6)
Found timing loop:
     0: i_5381/O (LUT3)
      [E:/bob_full_v1/hw/src/clb/clb.sv:28]
     1: i_5381/O (LUT3)
Found timing loop:
     0: i_5380/O (LUT3)
      [E:/bob_full_v1/hw/src/clb/clb.sv:28]
     1: i_5380/I1 (LUT3)
     2: i_5253/O (LUT5)
      [E:/bob_full_v1/hw/src/clb/clb.sv:28]
     3: i_5253/I2 (LUT5)
     4: i_5254/O (LUT6)
      [E:/bob_full_v1/hw/src/clb/clb.sv:28]
     5: i_5254/I5 (LUT6)
     6: i_5451/O (LUT6)
      [E:/bob_full_v1/hw/src/clb/clb.sv:28]
     7: i_5451/O (LUT6)
Inferred a: "set_disable_timing -from I1 -to O i_5380"
Found timing loop:
     0: i_5241/O (LUT3)
      [E:/bob_full_v1/hw/src/clb/clb.sv:28]
     1: i_5241/O (LUT3)
Found timing loop:
     0: i_5240/O (LUT3)
      [E:/bob_full_v1/hw/src/clb/clb.sv:28]
     1: i_5240/O (LUT3)
Found timing loop:
     0: i_5239/O (LUT3)
      [E:/bob_full_v1/hw/src/clb/clb.sv:28]
     1: i_5239/O (LUT3)
Found timing loop:
     0: i_5238/O (LUT3)
      [E:/bob_full_v1/hw/src/clb/clb.sv:28]
     1: i_5238/O (LUT3)
Found timing loop:
     0: i_5371/O (LUT3)
      [E:/bob_full_v1/hw/src/clb/clb.sv:28]
     1: i_5371/O (LUT3)
Found timing loop:
     0: i_5451/O (LUT6)
      [E:/bob_full_v1/hw/src/clb/clb.sv:28]
     1: i_5451/O (LUT6)
Found timing loop:
     0: i_5521/O (LUT3)
      [E:/bob_full_v1/hw/src/clb/clb.sv:28]
     1: i_5521/I2 (LUT3)
     2: i_5483/O (LUT3)
      [E:/bob_full_v1/hw/src/clb/clb.sv:28]
     3: i_5483/I1 (LUT3)
     4: i_5484/O (LUT6)
      [E:/bob_full_v1/hw/src/clb/clb.sv:28]
     5: i_5484/I5 (LUT6)
     6: i_5386/O (LUT3)
      [E:/bob_full_v1/hw/src/clb/clb.sv:28]
     7: i_5386/O (LUT3)
Inferred a: "set_disable_timing -from I2 -to O i_5521"
Found timing loop:
     0: i_5386/O (LUT3)
      [E:/bob_full_v1/hw/src/clb/clb.sv:28]
     1: i_5386/O (LUT3)
Found timing loop:
     0: i_5385/O (LUT3)
      [E:/bob_full_v1/hw/src/clb/clb.sv:28]
     1: i_5385/I1 (LUT3)
     2: i_5365/O (LUT3)
      [E:/bob_full_v1/hw/src/clb/clb.sv:28]
     3: i_5365/I0 (LUT3)
     4: i_5384/O (LUT3)
      [E:/bob_full_v1/hw/src/clb/clb.sv:28]
     5: i_5384/I2 (LUT3)
     6: i_5364/O (LUT6)
      [E:/bob_full_v1/hw/src/clb/clb.sv:28]
     7: i_5364/I5 (LUT6)
     8: i_4696/O (LUT3)
      [E:/bob_full_v1/hw/src/clb/clb.sv:28]
     9: i_4696/O (LUT3)
Inferred a: "set_disable_timing -from I1 -to O i_5385"
Found timing loop:
     0: i_5241/O (LUT3)
      [E:/bob_full_v1/hw/src/clb/clb.sv:28]
     1: i_5241/O (LUT3)
Found timing loop:
     0: i_5240/O (LUT3)
      [E:/bob_full_v1/hw/src/clb/clb.sv:28]
     1: i_5240/O (LUT3)
Found timing loop:
     0: i_5239/O (LUT3)
      [E:/bob_full_v1/hw/src/clb/clb.sv:28]
     1: i_5239/O (LUT3)
Found timing loop:
     0: i_5238/O (LUT3)
      [E:/bob_full_v1/hw/src/clb/clb.sv:28]
     1: i_5238/O (LUT3)
Found timing loop:
     0: i_5371/O (LUT3)
      [E:/bob_full_v1/hw/src/clb/clb.sv:28]
     1: i_5371/O (LUT3)
Found timing loop:
     0: i_5451/O (LUT6)
      [E:/bob_full_v1/hw/src/clb/clb.sv:28]
     1: i_5451/O (LUT6)
Found timing loop:
     0: i_5521/O (LUT3)
      [E:/bob_full_v1/hw/src/clb/clb.sv:28]
     1: i_5521/O (LUT3)
Found timing loop:
     0: i_5520/O (LUT3)
      [E:/bob_full_v1/hw/src/clb/clb.sv:28]
     1: i_5520/I2 (LUT3)
     2: i_5479/O (LUT3)
      [E:/bob_full_v1/hw/src/clb/clb.sv:28]
     3: i_5479/I1 (LUT3)
     4: i_5480/O (LUT6)
      [E:/bob_full_v1/hw/src/clb/clb.sv:28]
     5: i_5480/I5 (LUT6)
     6: i_5386/O (LUT3)
      [E:/bob_full_v1/hw/src/clb/clb.sv:28]
     7: i_5386/O (LUT3)
Inferred a: "set_disable_timing -from I2 -to O i_5520"
Found timing loop:
     0: i_5386/O (LUT3)
      [E:/bob_full_v1/hw/src/clb/clb.sv:28]
     1: i_5386/O (LUT3)
Found timing loop:
     0: i_5385/O (LUT3)
      [E:/bob_full_v1/hw/src/clb/clb.sv:28]
     1: i_5385/O (LUT3)
Found timing loop:
     0: i_5383/O (LUT3)
      [E:/bob_full_v1/hw/src/clb/clb.sv:28]
     1: i_5383/I1 (LUT3)
     2: i_5257/O (LUT5)
      [E:/bob_full_v1/hw/src/clb/clb.sv:28]
     3: i_5257/I2 (LUT5)
     4: i_5258/O (LUT6)
      [E:/bob_full_v1/hw/src/clb/clb.sv:28]
     5: i_5258/I5 (LUT6)
     6: i_5451/O (LUT6)
      [E:/bob_full_v1/hw/src/clb/clb.sv:28]
     7: i_5451/O (LUT6)
Inferred a: "set_disable_timing -from I1 -to O i_5383"
Found timing loop:
     0: i_5241/O (LUT3)
      [E:/bob_full_v1/hw/src/clb/clb.sv:28]
     1: i_5241/O (LUT3)
Found timing loop:
     0: i_5240/O (LUT3)
      [E:/bob_full_v1/hw/src/clb/clb.sv:28]
     1: i_5240/O (LUT3)
Found timing loop:
     0: i_5239/O (LUT3)
      [E:/bob_full_v1/hw/src/clb/clb.sv:28]
     1: i_5239/O (LUT3)
Found timing loop:
     0: i_5238/O (LUT3)
      [E:/bob_full_v1/hw/src/clb/clb.sv:28]
     1: i_5238/O (LUT3)
Found timing loop:
     0: i_5371/O (LUT3)
      [E:/bob_full_v1/hw/src/clb/clb.sv:28]
     1: i_5371/O (LUT3)
Found timing loop:
     0: i_5451/O (LUT6)
      [E:/bob_full_v1/hw/src/clb/clb.sv:28]
     1: i_5451/O (LUT6)
Found timing loop:
     0: i_5521/O (LUT3)
      [E:/bob_full_v1/hw/src/clb/clb.sv:28]
     1: i_5521/O (LUT3)
Found timing loop:
     0: i_5520/O (LUT3)
      [E:/bob_full_v1/hw/src/clb/clb.sv:28]
     1: i_5520/O (LUT3)
Found timing loop:
     0: i_5519/O (LUT3)
      [E:/bob_full_v1/hw/src/clb/clb.sv:28]
     1: i_5519/I2 (LUT3)
     2: i_5475/O (LUT3)
      [E:/bob_full_v1/hw/src/clb/clb.sv:28]
     3: i_5475/I1 (LUT3)
     4: i_5476/O (LUT6)
      [E:/bob_full_v1/hw/src/clb/clb.sv:28]
     5: i_5476/I5 (LUT6)
     6: i_5386/O (LUT3)
      [E:/bob_full_v1/hw/src/clb/clb.sv:28]
     7: i_5386/O (LUT3)
Inferred a: "set_disable_timing -from I2 -to O i_5519"
Found timing loop:
     0: i_4696/O (LUT3)
      [E:/bob_full_v1/hw/src/clb/clb.sv:28]
     1: i_4696/O (LUT3)
Found timing loop:
     0: i_4695/O (LUT3)
      [E:/bob_full_v1/hw/src/clb/clb.sv:28]
     1: i_4695/I1 (LUT3)
     2: i_4662/O (LUT6)
      [(null):0]
     3: i_4662/I3 (LUT6)
     4: i_4664/O (LUT6)
      [(null):0]
     5: i_4664/I5 (LUT6)
     6: i_5260/O (LUT6)
      [E:/bob_full_v1/hw/src/clb/clb.sv:28]
     7: i_5260/O (LUT6)
Inferred a: "set_disable_timing -from I1 -to O i_4695"
Found timing loop:
     0: i_4489/O (LUT3)
      [E:/bob_full_v1/hw/src/clb/clb.sv:28]
     1: i_4489/O (LUT3)
Found timing loop:
     0: i_4488/O (LUT3)
      [E:/bob_full_v1/hw/src/clb/clb.sv:28]
     1: i_4488/O (LUT3)
Found timing loop:
     0: i_4487/O (LUT3)
      [E:/bob_full_v1/hw/src/clb/clb.sv:28]
     1: i_4487/O (LUT3)
Found timing loop:
     0: i_4486/O (LUT3)
      [E:/bob_full_v1/hw/src/clb/clb.sv:28]
     1: i_4486/O (LUT3)
Found timing loop:
     0: i_4676/O (LUT3)
      [E:/bob_full_v1/hw/src/clb/clb.sv:28]
     1: i_4676/O (LUT3)
Found timing loop:
     0: i_5260/O (LUT6)
      [E:/bob_full_v1/hw/src/clb/clb.sv:28]
     1: i_5260/O (LUT6)
Found timing loop:
     0: i_5381/O (LUT3)
      [E:/bob_full_v1/hw/src/clb/clb.sv:28]
     1: i_5381/O (LUT3)
Found timing loop:
     0: i_5380/O (LUT3)
      [E:/bob_full_v1/hw/src/clb/clb.sv:28]
     1: i_5380/O (LUT3)
Found timing loop:
     0: i_5379/O (LUT3)
      [E:/bob_full_v1/hw/src/clb/clb.sv:28]
     1: i_5379/I1 (LUT3)
     2: i_5251/O (LUT5)
      [E:/bob_full_v1/hw/src/clb/clb.sv:28]
     3: i_5251/I2 (LUT5)
     4: i_5252/O (LUT6)
      [E:/bob_full_v1/hw/src/clb/clb.sv:28]
     5: i_5252/I5 (LUT6)
     6: i_5451/O (LUT6)
      [E:/bob_full_v1/hw/src/clb/clb.sv:28]
     7: i_5451/O (LUT6)
Inferred a: "set_disable_timing -from I1 -to O i_5379"
Found timing loop:
     0: i_4489/O (LUT3)
      [E:/bob_full_v1/hw/src/clb/clb.sv:28]
     1: i_4489/O (LUT3)
Found timing loop:
     0: i_4488/O (LUT3)
      [E:/bob_full_v1/hw/src/clb/clb.sv:28]
     1: i_4488/O (LUT3)
Found timing loop:
     0: i_4487/O (LUT3)
      [E:/bob_full_v1/hw/src/clb/clb.sv:28]
     1: i_4487/O (LUT3)
Found timing loop:
     0: i_4486/O (LUT3)
      [E:/bob_full_v1/hw/src/clb/clb.sv:28]
     1: i_4486/O (LUT3)
Found timing loop:
     0: i_4677/O (LUT3)
      [E:/bob_full_v1/hw/src/clb/clb.sv:28]
     1: i_4677/O (LUT3)
Found timing loop:
     0: i_4676/O (LUT3)
      [E:/bob_full_v1/hw/src/clb/clb.sv:28]
     1: i_4676/O (LUT3)
Found timing loop:
     0: i_5260/O (LUT6)
      [E:/bob_full_v1/hw/src/clb/clb.sv:28]
     1: i_5260/O (LUT6)
Found timing loop:
     0: i_5381/O (LUT3)
      [E:/bob_full_v1/hw/src/clb/clb.sv:28]
     1: i_5381/O (LUT3)
Found timing loop:
     0: i_5380/O (LUT3)
      [E:/bob_full_v1/hw/src/clb/clb.sv:28]
     1: i_5380/O (LUT3)
Found timing loop:
     0: i_5379/O (LUT3)
      [E:/bob_full_v1/hw/src/clb/clb.sv:28]
     1: i_5379/O (LUT3)
Found timing loop:
     0: i_4891/O (LUT3)
      [E:/bob_full_v1/hw/src/clb/clb.sv:28]
     1: i_4891/I2 (LUT3)
     2: i_6250/O (LUT3)
      [E:/bob_full_v1/hw/src/top/fpga4x4_top.v:12]
     3: i_6250/I1 (LUT3)
     4: i_4890/O (LUT3)
      [E:/bob_full_v1/hw/src/clb/clb.sv:28]
     5: i_4890/I2 (LUT3)
     6: i_4793/O (LUT3)
      [(null):0]
     7: i_4793/I2 (LUT3)
     8: i_4690/O (LUT3)
      [E:/bob_full_v1/hw/src/clb/clb.sv:28]
     9: i_4690/I1 (LUT3)
    10: i_4627/O (LUT6)
      [(null):0]
    11: i_4627/I1 (LUT6)
    12: i_4630/O (LUT6)
      [(null):0]
    13: i_4630/I5 (LUT6)
    14: i_4891/O (LUT3)
      [E:/bob_full_v1/hw/src/clb/clb.sv:28]
Inferred a: "set_disable_timing -from I2 -to O i_4891"
Found timing loop:
     0: i_4489/O (LUT3)
      [E:/bob_full_v1/hw/src/clb/clb.sv:28]
     1: i_4489/O (LUT3)
Found timing loop:
     0: i_4488/O (LUT3)
      [E:/bob_full_v1/hw/src/clb/clb.sv:28]
     1: i_4488/O (LUT3)
Found timing loop:
     0: i_4487/O (LUT3)
      [E:/bob_full_v1/hw/src/clb/clb.sv:28]
     1: i_4487/O (LUT3)
Found timing loop:
     0: i_4486/O (LUT3)
      [E:/bob_full_v1/hw/src/clb/clb.sv:28]
     1: i_4486/O (LUT3)
Found timing loop:
     0: i_4677/O (LUT3)
      [E:/bob_full_v1/hw/src/clb/clb.sv:28]
     1: i_4677/O (LUT3)
Found timing loop:
     0: i_4676/O (LUT3)
      [E:/bob_full_v1/hw/src/clb/clb.sv:28]
     1: i_4676/O (LUT3)
Found timing loop:
     0: i_5260/O (LUT6)
      [E:/bob_full_v1/hw/src/clb/clb.sv:28]
     1: i_5260/O (LUT6)
Found timing loop:
     0: i_5381/O (LUT3)
      [E:/bob_full_v1/hw/src/clb/clb.sv:28]
     1: i_5381/O (LUT3)
Found timing loop:
     0: i_5380/O (LUT3)
      [E:/bob_full_v1/hw/src/clb/clb.sv:28]
     1: i_5380/O (LUT3)
Found timing loop:
     0: i_5379/O (LUT3)
      [E:/bob_full_v1/hw/src/clb/clb.sv:28]
     1: i_5379/O (LUT3)
Found timing loop:
     0: i_4891/O (LUT3)
      [E:/bob_full_v1/hw/src/clb/clb.sv:28]
     1: i_4891/O (LUT3)
Found timing loop:
     0: i_4889/O (LUT3)
      [E:/bob_full_v1/hw/src/clb/clb.sv:28]
     1: i_4889/I2 (LUT3)
     2: i_4786/O (LUT3)
      [(null):0]
     3: i_4786/I0 (LUT3)
     4: i_4787/O (LUT6)
      [(null):0]
     5: i_4787/I5 (LUT6)
     6: i_4692/O (LUT3)
      [E:/bob_full_v1/hw/src/clb/clb.sv:28]
     7: i_4692/I1 (LUT3)
     8: i_4641/O (LUT6)
      [(null):0]
     9: i_4641/I1 (LUT6)
    10: i_4644/O (LUT6)
      [(null):0]
    11: i_4644/I5 (LUT6)
    12: i_4891/O (LUT3)
      [E:/bob_full_v1/hw/src/clb/clb.sv:28]
    13: i_4891/O (LUT3)
Inferred a: "set_disable_timing -from I2 -to O i_4889"
Found timing loop:
     0: i_4692/O (LUT3)
      [E:/bob_full_v1/hw/src/clb/clb.sv:28]
     1: i_4692/I1 (LUT3)
     2: i_4641/O (LUT6)
      [(null):0]
     3: i_4641/I1 (LUT6)
     4: i_4644/O (LUT6)
      [(null):0]
     5: i_4644/I5 (LUT6)
     6: i_4891/O (LUT3)
      [E:/bob_full_v1/hw/src/clb/clb.sv:28]
     7: i_4891/O (LUT3)
Inferred a: "set_disable_timing -from I1 -to O i_4692"
Found timing loop:
     0: i_4489/O (LUT3)
      [E:/bob_full_v1/hw/src/clb/clb.sv:28]
     1: i_4489/O (LUT3)
Found timing loop:
     0: i_4488/O (LUT3)
      [E:/bob_full_v1/hw/src/clb/clb.sv:28]
     1: i_4488/O (LUT3)
Found timing loop:
     0: i_4487/O (LUT3)
      [E:/bob_full_v1/hw/src/clb/clb.sv:28]
     1: i_4487/O (LUT3)
Found timing loop:
     0: i_4486/O (LUT3)
      [E:/bob_full_v1/hw/src/clb/clb.sv:28]
     1: i_4486/O (LUT3)
Found timing loop:
     0: i_4677/O (LUT3)
      [E:/bob_full_v1/hw/src/clb/clb.sv:28]
     1: i_4677/O (LUT3)
Found timing loop:
     0: i_4676/O (LUT3)
      [E:/bob_full_v1/hw/src/clb/clb.sv:28]
     1: i_4676/O (LUT3)
Found timing loop:
     0: i_5260/O (LUT6)
      [E:/bob_full_v1/hw/src/clb/clb.sv:28]
     1: i_5260/O (LUT6)
Found timing loop:
     0: i_5381/O (LUT3)
      [E:/bob_full_v1/hw/src/clb/clb.sv:28]
     1: i_5381/O (LUT3)
Found timing loop:
     0: i_5380/O (LUT3)
      [E:/bob_full_v1/hw/src/clb/clb.sv:28]
     1: i_5380/O (LUT3)
Found timing loop:
     0: i_5379/O (LUT3)
      [E:/bob_full_v1/hw/src/clb/clb.sv:28]
     1: i_5379/O (LUT3)
Found timing loop:
     0: i_4891/O (LUT3)
      [E:/bob_full_v1/hw/src/clb/clb.sv:28]
     1: i_4891/O (LUT3)
Found timing loop:
     0: i_4889/O (LUT3)
      [E:/bob_full_v1/hw/src/clb/clb.sv:28]
     1: i_4889/O (LUT3)
Found timing loop:
     0: i_4888/O (LUT3)
      [E:/bob_full_v1/hw/src/clb/clb.sv:28]
     1: i_4888/I2 (LUT3)
     2: i_4779/O (LUT3)
      [(null):0]
     3: i_4779/I0 (LUT3)
     4: i_4780/O (LUT6)
      [(null):0]
     5: i_4780/I5 (LUT6)
     6: i_4692/O (LUT3)
      [E:/bob_full_v1/hw/src/clb/clb.sv:28]
     7: i_4692/O (LUT3)
Inferred a: "set_disable_timing -from I2 -to O i_4888"
Found timing loop:
     0: i_4692/O (LUT3)
      [E:/bob_full_v1/hw/src/clb/clb.sv:28]
     1: i_4692/O (LUT3)
Found timing loop:
     0: i_4691/O (LUT3)
      [E:/bob_full_v1/hw/src/clb/clb.sv:28]
     1: i_4691/I1 (LUT3)
     2: i_4634/O (LUT6)
      [(null):0]
     3: i_4634/I1 (LUT6)
     4: i_4637/O (LUT6)
      [(null):0]
     5: i_4637/I5 (LUT6)
     6: i_4891/O (LUT3)
      [E:/bob_full_v1/hw/src/clb/clb.sv:28]
     7: i_4891/O (LUT3)
Inferred a: "set_disable_timing -from I1 -to O i_4691"
Found timing loop:
     0: i_4690/O (LUT3)
      [E:/bob_full_v1/hw/src/clb/clb.sv:28]
     1: i_4690/I1 (LUT3)
     2: i_4627/O (LUT6)
      [(null):0]
     3: i_4627/I1 (LUT6)
     4: i_4630/O (LUT6)
      [(null):0]
     5: i_4630/I5 (LUT6)
     6: i_4891/O (LUT3)
      [E:/bob_full_v1/hw/src/clb/clb.sv:28]
     7: i_4891/O (LUT3)
Inferred a: "set_disable_timing -from I1 -to O i_4690"
Found timing loop:
     0: i_4489/O (LUT3)
      [E:/bob_full_v1/hw/src/clb/clb.sv:28]
     1: i_4489/O (LUT3)
Found timing loop:
     0: i_4488/O (LUT3)
      [E:/bob_full_v1/hw/src/clb/clb.sv:28]
     1: i_4488/O (LUT3)
Found timing loop:
     0: i_4487/O (LUT3)
      [E:/bob_full_v1/hw/src/clb/clb.sv:28]
     1: i_4487/O (LUT3)
Found timing loop:
     0: i_4486/O (LUT3)
      [E:/bob_full_v1/hw/src/clb/clb.sv:28]
     1: i_4486/O (LUT3)
Found timing loop:
     0: i_4677/O (LUT3)
      [E:/bob_full_v1/hw/src/clb/clb.sv:28]
     1: i_4677/O (LUT3)
Found timing loop:
     0: i_4676/O (LUT3)
      [E:/bob_full_v1/hw/src/clb/clb.sv:28]
     1: i_4676/O (LUT3)
Found timing loop:
     0: i_5260/O (LUT6)
      [E:/bob_full_v1/hw/src/clb/clb.sv:28]
     1: i_5260/O (LUT6)
Found timing loop:
     0: i_5381/O (LUT3)
      [E:/bob_full_v1/hw/src/clb/clb.sv:28]
     1: i_5381/O (LUT3)
Found timing loop:
     0: i_5380/O (LUT3)
      [E:/bob_full_v1/hw/src/clb/clb.sv:28]
     1: i_5380/O (LUT3)
Found timing loop:
     0: i_5379/O (LUT3)
      [E:/bob_full_v1/hw/src/clb/clb.sv:28]
     1: i_5379/O (LUT3)
Found timing loop:
     0: i_4891/O (LUT3)
      [E:/bob_full_v1/hw/src/clb/clb.sv:28]
     1: i_4891/O (LUT3)
Found timing loop:
     0: i_4889/O (LUT3)
      [E:/bob_full_v1/hw/src/clb/clb.sv:28]
     1: i_4889/O (LUT3)
Found timing loop:
     0: i_4888/O (LUT3)
      [E:/bob_full_v1/hw/src/clb/clb.sv:28]
     1: i_4888/O (LUT3)
Found timing loop:
     0: i_4887/O (LUT3)
      [E:/bob_full_v1/hw/src/clb/clb.sv:28]
     1: i_4887/I2 (LUT3)
     2: i_4772/O (LUT3)
      [(null):0]
     3: i_4772/I0 (LUT3)
     4: i_4773/O (LUT6)
      [(null):0]
     5: i_4773/I5 (LUT6)
     6: i_4692/O (LUT3)
      [E:/bob_full_v1/hw/src/clb/clb.sv:28]
     7: i_4692/O (LUT3)
Inferred a: "set_disable_timing -from I2 -to O i_4887"
Found timing loop:
     0: i_3686/O (LUT3)
      [E:/bob_full_v1/hw/src/clb/clb.sv:28]
     1: i_3686/O (LUT3)
Found timing loop:
     0: i_3685/O (LUT3)
      [E:/bob_full_v1/hw/src/clb/clb.sv:28]
     1: i_3685/O (LUT3)
Found timing loop:
     0: i_3684/O (LUT3)
      [E:/bob_full_v1/hw/src/clb/clb.sv:28]
     1: i_3684/O (LUT3)
Found timing loop:
     0: i_3683/O (LUT3)
      [E:/bob_full_v1/hw/src/clb/clb.sv:28]
     1: i_3683/O (LUT3)
Found timing loop:
     0: i_3876/O (LUT3)
      [E:/bob_full_v1/hw/src/clb/clb.sv:28]
     1: i_3876/O (LUT3)
Found timing loop:
     0: i_3878/O (LUT3)
      [E:/bob_full_v1/hw/src/clb/clb.sv:28]
     1: i_3878/O (LUT3)
Found timing loop:
     0: i_4688/O (LUT3)
      [E:/bob_full_v1/hw/src/clb/clb.sv:28]
     1: i_4688/O (LUT3)
Found timing loop:
     0: i_4687/O (LUT3)
      [E:/bob_full_v1/hw/src/clb/clb.sv:28]
     1: i_4687/I1 (LUT3)
     2: i_4606/O (LUT6)
      [(null):0]
     3: i_4606/I3 (LUT6)
     4: i_4608/O (LUT6)
      [(null):0]
     5: i_4608/I5 (LUT6)
     6: i_5260/O (LUT6)
      [E:/bob_full_v1/hw/src/clb/clb.sv:28]
     7: i_5260/O (LUT6)
Inferred a: "set_disable_timing -from I1 -to O i_4687"
Found timing loop:
     0: i_4489/O (LUT3)
      [E:/bob_full_v1/hw/src/clb/clb.sv:28]
     1: i_4489/O (LUT3)
Found timing loop:
     0: i_4488/O (LUT3)
      [E:/bob_full_v1/hw/src/clb/clb.sv:28]
     1: i_4488/O (LUT3)
Found timing loop:
     0: i_4487/O (LUT3)
      [E:/bob_full_v1/hw/src/clb/clb.sv:28]
     1: i_4487/O (LUT3)
Found timing loop:
     0: i_4486/O (LUT3)
      [E:/bob_full_v1/hw/src/clb/clb.sv:28]
     1: i_4486/O (LUT3)
Found timing loop:
     0: i_4677/O (LUT3)
      [E:/bob_full_v1/hw/src/clb/clb.sv:28]
     1: i_4677/O (LUT3)
Found timing loop:
     0: i_4676/O (LUT3)
      [E:/bob_full_v1/hw/src/clb/clb.sv:28]
     1: i_4676/O (LUT3)
Found timing loop:
     0: i_5260/O (LUT6)
      [E:/bob_full_v1/hw/src/clb/clb.sv:28]
     1: i_5260/O (LUT6)
Found timing loop:
     0: i_5381/O (LUT3)
      [E:/bob_full_v1/hw/src/clb/clb.sv:28]
     1: i_5381/O (LUT3)
Found timing loop:
     0: i_5380/O (LUT3)
      [E:/bob_full_v1/hw/src/clb/clb.sv:28]
     1: i_5380/O (LUT3)
Found timing loop:
     0: i_5379/O (LUT3)
      [E:/bob_full_v1/hw/src/clb/clb.sv:28]
     1: i_5379/O (LUT3)
Found timing loop:
     0: i_4891/O (LUT3)
      [E:/bob_full_v1/hw/src/clb/clb.sv:28]
     1: i_4891/O (LUT3)
Found timing loop:
     0: i_4889/O (LUT3)
      [E:/bob_full_v1/hw/src/clb/clb.sv:28]
     1: i_4889/O (LUT3)
Found timing loop:
     0: i_4888/O (LUT3)
      [E:/bob_full_v1/hw/src/clb/clb.sv:28]
     1: i_4888/O (LUT3)
Found timing loop:
     0: i_4887/O (LUT3)
      [E:/bob_full_v1/hw/src/clb/clb.sv:28]
     1: i_4887/O (LUT3)
Found timing loop:
     0: i_3897/O (LUT3)
      [E:/bob_full_v1/hw/src/clb/clb.sv:28]
     1: i_3897/I1 (LUT3)
     2: i_3708/O (LUT6)
      [(null):0]
     3: i_3708/I3 (LUT6)
     4: i_3871/O (LUT6)
      [(null):0]
     5: i_3871/I5 (LUT6)
     6: i_4688/O (LUT3)
      [E:/bob_full_v1/hw/src/clb/clb.sv:28]
     7: i_4688/O (LUT3)
Inferred a: "set_disable_timing -from I1 -to O i_3897"
Found timing loop:
     0: i_3686/O (LUT3)
      [E:/bob_full_v1/hw/src/clb/clb.sv:28]
     1: i_3686/O (LUT3)
Found timing loop:
     0: i_3685/O (LUT3)
      [E:/bob_full_v1/hw/src/clb/clb.sv:28]
     1: i_3685/O (LUT3)
Found timing loop:
     0: i_3684/O (LUT3)
      [E:/bob_full_v1/hw/src/clb/clb.sv:28]
     1: i_3684/O (LUT3)
Found timing loop:
     0: i_3683/O (LUT3)
      [E:/bob_full_v1/hw/src/clb/clb.sv:28]
     1: i_3683/O (LUT3)
Found timing loop:
     0: i_3876/O (LUT3)
      [E:/bob_full_v1/hw/src/clb/clb.sv:28]
     1: i_3876/O (LUT3)
Found timing loop:
     0: i_3878/O (LUT3)
      [E:/bob_full_v1/hw/src/clb/clb.sv:28]
     1: i_3878/O (LUT3)
Found timing loop:
     0: i_4688/O (LUT3)
      [E:/bob_full_v1/hw/src/clb/clb.sv:28]
     1: i_4688/O (LUT3)
Found timing loop:
     0: i_4687/O (LUT3)
      [E:/bob_full_v1/hw/src/clb/clb.sv:28]
     1: i_4687/O (LUT3)
Found timing loop:
     0: i_4686/O (LUT3)
      [E:/bob_full_v1/hw/src/clb/clb.sv:28]
     1: i_4686/I1 (LUT3)
     2: i_4599/O (LUT6)
      [(null):0]
     3: i_4599/I0 (LUT6)
     4: i_4603/O (LUT6)
      [(null):0]
     5: i_4603/I5 (LUT6)
     6: i_3897/O (LUT3)
      [E:/bob_full_v1/hw/src/clb/clb.sv:28]
     7: i_3897/O (LUT3)
Inferred a: "set_disable_timing -from I1 -to O i_4686"
Found timing loop:
     0: i_4489/O (LUT3)
      [E:/bob_full_v1/hw/src/clb/clb.sv:28]
     1: i_4489/O (LUT3)
Found timing loop:
     0: i_4488/O (LUT3)
      [E:/bob_full_v1/hw/src/clb/clb.sv:28]
     1: i_4488/O (LUT3)
Found timing loop:
     0: i_4487/O (LUT3)
      [E:/bob_full_v1/hw/src/clb/clb.sv:28]
     1: i_4487/O (LUT3)
Found timing loop:
     0: i_4486/O (LUT3)
      [E:/bob_full_v1/hw/src/clb/clb.sv:28]
     1: i_4486/O (LUT3)
Found timing loop:
     0: i_4677/O (LUT3)
      [E:/bob_full_v1/hw/src/clb/clb.sv:28]
     1: i_4677/O (LUT3)
Found timing loop:
     0: i_4676/O (LUT3)
      [E:/bob_full_v1/hw/src/clb/clb.sv:28]
     1: i_4676/O (LUT3)
Found timing loop:
     0: i_5260/O (LUT6)
      [E:/bob_full_v1/hw/src/clb/clb.sv:28]
     1: i_5260/O (LUT6)
Found timing loop:
     0: i_5381/O (LUT3)
      [E:/bob_full_v1/hw/src/clb/clb.sv:28]
     1: i_5381/O (LUT3)
Found timing loop:
     0: i_5380/O (LUT3)
      [E:/bob_full_v1/hw/src/clb/clb.sv:28]
     1: i_5380/O (LUT3)
Found timing loop:
     0: i_5379/O (LUT3)
      [E:/bob_full_v1/hw/src/clb/clb.sv:28]
     1: i_5379/O (LUT3)
Found timing loop:
     0: i_4891/O (LUT3)
      [E:/bob_full_v1/hw/src/clb/clb.sv:28]
     1: i_4891/O (LUT3)
Found timing loop:
     0: i_4889/O (LUT3)
      [E:/bob_full_v1/hw/src/clb/clb.sv:28]
     1: i_4889/O (LUT3)
Found timing loop:
     0: i_4888/O (LUT3)
      [E:/bob_full_v1/hw/src/clb/clb.sv:28]
     1: i_4888/O (LUT3)
Found timing loop:
     0: i_4887/O (LUT3)
      [E:/bob_full_v1/hw/src/clb/clb.sv:28]
     1: i_4887/O (LUT3)
Found timing loop:
     0: i_3897/O (LUT3)
      [E:/bob_full_v1/hw/src/clb/clb.sv:28]
     1: i_3897/O (LUT3)
Found timing loop:
     0: i_3896/O (LUT3)
      [E:/bob_full_v1/hw/src/clb/clb.sv:28]
     1: i_3896/I1 (LUT3)
     2: i_3864/O (LUT6)
      [(null):0]
     3: i_3864/I3 (LUT6)
     4: i_3866/O (LUT6)
      [(null):0]
     5: i_3866/I5 (LUT6)
     6: i_4688/O (LUT3)
      [E:/bob_full_v1/hw/src/clb/clb.sv:28]
     7: i_4688/O (LUT3)
Inferred a: "set_disable_timing -from I1 -to O i_3896"
Found timing loop:
     0: i_3686/O (LUT3)
      [E:/bob_full_v1/hw/src/clb/clb.sv:28]
     1: i_3686/O (LUT3)
Found timing loop:
     0: i_3685/O (LUT3)
      [E:/bob_full_v1/hw/src/clb/clb.sv:28]
     1: i_3685/O (LUT3)
Found timing loop:
     0: i_3684/O (LUT3)
      [E:/bob_full_v1/hw/src/clb/clb.sv:28]
     1: i_3684/O (LUT3)
Found timing loop:
     0: i_3683/O (LUT3)
      [E:/bob_full_v1/hw/src/clb/clb.sv:28]
     1: i_3683/O (LUT3)
Found timing loop:
     0: i_3876/O (LUT3)
      [E:/bob_full_v1/hw/src/clb/clb.sv:28]
     1: i_3876/O (LUT3)
Found timing loop:
     0: i_3878/O (LUT3)
      [E:/bob_full_v1/hw/src/clb/clb.sv:28]
     1: i_3878/O (LUT3)
Found timing loop:
     0: i_4688/O (LUT3)
      [E:/bob_full_v1/hw/src/clb/clb.sv:28]
     1: i_4688/O (LUT3)
Found timing loop:
     0: i_4687/O (LUT3)
      [E:/bob_full_v1/hw/src/clb/clb.sv:28]
     1: i_4687/O (LUT3)
Found timing loop:
     0: i_4686/O (LUT3)
      [E:/bob_full_v1/hw/src/clb/clb.sv:28]
     1: i_4686/O (LUT3)
Found timing loop:
     0: i_4685/O (LUT3)
      [E:/bob_full_v1/hw/src/clb/clb.sv:28]
     1: i_4685/I1 (LUT3)
     2: i_4592/O (LUT6)
      [(null):0]
     3: i_4592/I0 (LUT6)
     4: i_4596/O (LUT6)
      [(null):0]
     5: i_4596/I5 (LUT6)
     6: i_3897/O (LUT3)
      [E:/bob_full_v1/hw/src/clb/clb.sv:28]
     7: i_3897/O (LUT3)
Inferred a: "set_disable_timing -from I1 -to O i_4685"
Found timing loop:
     0: i_3893/O (LUT3)
      [E:/bob_full_v1/hw/src/clb/clb.sv:28]
     1: i_3893/I2 (LUT3)
     2: i_3850/O (LUT3)
      [(null):0]
     3: i_3850/I0 (LUT3)
     4: i_3851/O (LUT6)
      [(null):0]
     5: i_3851/I5 (LUT6)
     6: i_3686/O (LUT3)
      [E:/bob_full_v1/hw/src/clb/clb.sv:28]
     7: i_3686/O (LUT3)
Inferred a: "set_disable_timing -from I2 -to O i_3893"
Found timing loop:
     0: i_3686/O (LUT3)
      [E:/bob_full_v1/hw/src/clb/clb.sv:28]
     1: i_3686/O (LUT3)
Found timing loop:
     0: i_3685/O (LUT3)
      [E:/bob_full_v1/hw/src/clb/clb.sv:28]
     1: i_3685/O (LUT3)
Found timing loop:
     0: i_3684/O (LUT3)
      [E:/bob_full_v1/hw/src/clb/clb.sv:28]
     1: i_3684/O (LUT3)
Found timing loop:
     0: i_3683/O (LUT3)
      [E:/bob_full_v1/hw/src/clb/clb.sv:28]
     1: i_3683/O (LUT3)
Found timing loop:
     0: i_3876/O (LUT3)
      [E:/bob_full_v1/hw/src/clb/clb.sv:28]
     1: i_3876/O (LUT3)
Found timing loop:
     0: i_3878/O (LUT3)
      [E:/bob_full_v1/hw/src/clb/clb.sv:28]
     1: i_3878/O (LUT3)
Found timing loop:
     0: i_4688/O (LUT3)
      [E:/bob_full_v1/hw/src/clb/clb.sv:28]
     1: i_4688/O (LUT3)
Found timing loop:
     0: i_4687/O (LUT3)
      [E:/bob_full_v1/hw/src/clb/clb.sv:28]
     1: i_4687/O (LUT3)
Found timing loop:
     0: i_4686/O (LUT3)
      [E:/bob_full_v1/hw/src/clb/clb.sv:28]
     1: i_4686/O (LUT3)
Found timing loop:
     0: i_4685/O (LUT3)
      [E:/bob_full_v1/hw/src/clb/clb.sv:28]
     1: i_4685/O (LUT3)
Found timing loop:
     0: i_4092/O (LUT3)
      [E:/bob_full_v1/hw/src/clb/clb.sv:28]
     1: i_4092/I2 (LUT3)
     2: i_4006/O (LUT3)
      [(null):0]
     3: i_4006/I0 (LUT3)
     4: i_4007/O (LUT6)
      [(null):0]
     5: i_4007/I5 (LUT6)
     6: i_3893/O (LUT3)
      [E:/bob_full_v1/hw/src/clb/clb.sv:28]
     7: i_3893/O (LUT3)
Inferred a: "set_disable_timing -from I2 -to O i_4092"
Found timing loop:
     0: i_3893/O (LUT3)
      [E:/bob_full_v1/hw/src/clb/clb.sv:28]
     1: i_3893/O (LUT3)
Found timing loop:
     0: i_3892/O (LUT3)
      [E:/bob_full_v1/hw/src/clb/clb.sv:28]
     1: i_3892/I1 (LUT3)
     2: i_3712/O (LUT6)
      [(null):0]
     3: i_3712/I1 (LUT6)
     4: i_3840/O (LUT6)
      [(null):0]
     5: i_3840/I5 (LUT6)
     6: i_4092/O (LUT3)
      [E:/bob_full_v1/hw/src/clb/clb.sv:28]
     7: i_4092/O (LUT3)
Inferred a: "set_disable_timing -from I1 -to O i_3892"
Found timing loop:
     0: i_3686/O (LUT3)
      [E:/bob_full_v1/hw/src/clb/clb.sv:28]
     1: i_3686/O (LUT3)
Found timing loop:
     0: i_3685/O (LUT3)
      [E:/bob_full_v1/hw/src/clb/clb.sv:28]
     1: i_3685/O (LUT3)
Found timing loop:
     0: i_3684/O (LUT3)
      [E:/bob_full_v1/hw/src/clb/clb.sv:28]
     1: i_3684/O (LUT3)
Found timing loop:
     0: i_3683/O (LUT3)
      [E:/bob_full_v1/hw/src/clb/clb.sv:28]
     1: i_3683/O (LUT3)
Found timing loop:
     0: i_3878/O (LUT3)
      [E:/bob_full_v1/hw/src/clb/clb.sv:28]
     1: i_3878/O (LUT3)
Found timing loop:
     0: i_3876/O (LUT3)
      [E:/bob_full_v1/hw/src/clb/clb.sv:28]
     1: i_3876/O (LUT3)
Found timing loop:
     0: i_4688/O (LUT3)
      [E:/bob_full_v1/hw/src/clb/clb.sv:28]
     1: i_4688/O (LUT3)
Found timing loop:
     0: i_4687/O (LUT3)
      [E:/bob_full_v1/hw/src/clb/clb.sv:28]
     1: i_4687/O (LUT3)
Found timing loop:
     0: i_4686/O (LUT3)
      [E:/bob_full_v1/hw/src/clb/clb.sv:28]
     1: i_4686/O (LUT3)
Found timing loop:
     0: i_4685/O (LUT3)
      [E:/bob_full_v1/hw/src/clb/clb.sv:28]
     1: i_4685/O (LUT3)
Found timing loop:
     0: i_4092/O (LUT3)
      [E:/bob_full_v1/hw/src/clb/clb.sv:28]
     1: i_4092/O (LUT3)
Found timing loop:
     0: i_4091/O (LUT3)
      [E:/bob_full_v1/hw/src/clb/clb.sv:28]
     1: i_4091/I2 (LUT3)
     2: i_3999/O (LUT3)
      [(null):0]
     3: i_3999/I0 (LUT3)
     4: i_4000/O (LUT6)
      [(null):0]
     5: i_4000/I5 (LUT6)
     6: i_3893/O (LUT3)
      [E:/bob_full_v1/hw/src/clb/clb.sv:28]
     7: i_3893/O (LUT3)
Inferred a: "set_disable_timing -from I2 -to O i_4091"
Found timing loop:
     0: i_3893/O (LUT3)
      [E:/bob_full_v1/hw/src/clb/clb.sv:28]
     1: i_3893/O (LUT3)
Found timing loop:
     0: i_3892/O (LUT3)
      [E:/bob_full_v1/hw/src/clb/clb.sv:28]
     1: i_3892/O (LUT3)
Found timing loop:
     0: i_3891/O (LUT3)
      [E:/bob_full_v1/hw/src/clb/clb.sv:28]
     1: i_3891/I1 (LUT3)
     2: i_3832/O (LUT6)
      [(null):0]
     3: i_3832/I1 (LUT6)
     4: i_3835/O (LUT6)
      [(null):0]
     5: i_3835/I5 (LUT6)
     6: i_4092/O (LUT3)
      [E:/bob_full_v1/hw/src/clb/clb.sv:28]
     7: i_4092/O (LUT3)
Inferred a: "set_disable_timing -from I1 -to O i_3891"
Found timing loop:
     0: i_3686/O (LUT3)
      [E:/bob_full_v1/hw/src/clb/clb.sv:28]
     1: i_3686/O (LUT3)
Found timing loop:
     0: i_3685/O (LUT3)
      [E:/bob_full_v1/hw/src/clb/clb.sv:28]
     1: i_3685/O (LUT3)
Found timing loop:
     0: i_3684/O (LUT3)
      [E:/bob_full_v1/hw/src/clb/clb.sv:28]
     1: i_3684/O (LUT3)
Found timing loop:
     0: i_3683/O (LUT3)
      [E:/bob_full_v1/hw/src/clb/clb.sv:28]
     1: i_3683/O (LUT3)
Found timing loop:
     0: i_3878/O (LUT3)
      [E:/bob_full_v1/hw/src/clb/clb.sv:28]
     1: i_3878/O (LUT3)
Found timing loop:
     0: i_3876/O (LUT3)
      [E:/bob_full_v1/hw/src/clb/clb.sv:28]
     1: i_3876/O (LUT3)
Found timing loop:
     0: i_4688/O (LUT3)
      [E:/bob_full_v1/hw/src/clb/clb.sv:28]
     1: i_4688/O (LUT3)
Found timing loop:
     0: i_4687/O (LUT3)
      [E:/bob_full_v1/hw/src/clb/clb.sv:28]
     1: i_4687/O (LUT3)
Found timing loop:
     0: i_4686/O (LUT3)
      [E:/bob_full_v1/hw/src/clb/clb.sv:28]
     1: i_4686/O (LUT3)
Found timing loop:
     0: i_4685/O (LUT3)
      [E:/bob_full_v1/hw/src/clb/clb.sv:28]
     1: i_4685/O (LUT3)
Found timing loop:
     0: i_4092/O (LUT3)
      [E:/bob_full_v1/hw/src/clb/clb.sv:28]
     1: i_4092/O (LUT3)
Found timing loop:
     0: i_4091/O (LUT3)
      [E:/bob_full_v1/hw/src/clb/clb.sv:28]
     1: i_4091/O (LUT3)
Found timing loop:
     0: i_4090/O (LUT3)
      [E:/bob_full_v1/hw/src/clb/clb.sv:28]
     1: i_4090/I2 (LUT3)
     2: i_3992/O (LUT3)
      [(null):0]
     3: i_3992/I0 (LUT3)
     4: i_3993/O (LUT6)
      [(null):0]
     5: i_3993/I5 (LUT6)
     6: i_3893/O (LUT3)
      [E:/bob_full_v1/hw/src/clb/clb.sv:28]
     7: i_3893/O (LUT3)
Inferred a: "set_disable_timing -from I2 -to O i_4090"
Found timing loop:
     0: i_3893/O (LUT3)
      [E:/bob_full_v1/hw/src/clb/clb.sv:28]
     1: i_3893/O (LUT3)
Found timing loop:
     0: i_3892/O (LUT3)
      [E:/bob_full_v1/hw/src/clb/clb.sv:28]
     1: i_3892/O (LUT3)
Found timing loop:
     0: i_3891/O (LUT3)
      [E:/bob_full_v1/hw/src/clb/clb.sv:28]
     1: i_3891/O (LUT3)
Found timing loop:
     0: i_3890/O (LUT3)
      [E:/bob_full_v1/hw/src/clb/clb.sv:28]
     1: i_3890/I1 (LUT3)
     2: i_3825/O (LUT6)
      [(null):0]
     3: i_3825/I1 (LUT6)
     4: i_3828/O (LUT6)
      [(null):0]
     5: i_3828/I5 (LUT6)
     6: i_4092/O (LUT3)
      [E:/bob_full_v1/hw/src/clb/clb.sv:28]
     7: i_4092/O (LUT3)
Inferred a: "set_disable_timing -from I1 -to O i_3890"
Found timing loop:
     0: i_3893/O (LUT3)
      [E:/bob_full_v1/hw/src/clb/clb.sv:28]
     1: i_3893/O (LUT3)
Found timing loop:
     0: i_3892/O (LUT3)
      [E:/bob_full_v1/hw/src/clb/clb.sv:28]
     1: i_3892/O (LUT3)
Found timing loop:
     0: i_3891/O (LUT3)
      [E:/bob_full_v1/hw/src/clb/clb.sv:28]
     1: i_3891/O (LUT3)
Found timing loop:
     0: i_3890/O (LUT3)
      [E:/bob_full_v1/hw/src/clb/clb.sv:28]
     1: i_3890/O (LUT3)
Found timing loop:
     0: i_4084/O (LUT3)
      [E:/bob_full_v1/hw/src/clb/clb.sv:28]
     1: i_4084/I2 (LUT3)
     2: i_3905/O (LUT3)
      [(null):0]
     3: i_3905/I2 (LUT3)
     4: i_4088/O (LUT3)
      [E:/bob_full_v1/hw/src/clb/clb.sv:28]
     5: i_4088/I2 (LUT3)
     6: i_3944/O (LUT6)
      [(null):0]
     7: i_3944/I4 (LUT6)
     8: i_4086/O (LUT3)
      [E:/bob_full_v1/hw/src/clb/clb.sv:28]
     9: i_4086/I1 (LUT3)
    10: i_3972/O (LUT6)
      [(null):0]
    11: i_3972/I5 (LUT6)
    12: i_3973/O (LUT5)
      [(null):0]
    13: i_3973/I3 (LUT5)
    14: i_4084/O (LUT3)
      [E:/bob_full_v1/hw/src/clb/clb.sv:28]
Inferred a: "set_disable_timing -from I2 -to O i_4084"
Found timing loop:
     0: i_4086/O (LUT3)
      [E:/bob_full_v1/hw/src/clb/clb.sv:28]
     1: i_4086/I1 (LUT3)
     2: i_3972/O (LUT6)
      [(null):0]
     3: i_3972/I5 (LUT6)
     4: i_3973/O (LUT5)
      [(null):0]
     5: i_3973/I3 (LUT5)
     6: i_4084/O (LUT3)
      [E:/bob_full_v1/hw/src/clb/clb.sv:28]
     7: i_4084/O (LUT3)
Inferred a: "set_disable_timing -from I1 -to O i_4086"
Found timing loop:
     0: i_4082/O (LUT3)
      [E:/bob_full_v1/hw/src/clb/clb.sv:28]
     1: i_4082/I1 (LUT3)
     2: i_3899/O (LUT5)
      [(null):0]
     3: i_3899/I4 (LUT5)
     4: i_3902/O (LUT5)
      [(null):0]
     5: i_3902/I4 (LUT5)
     6: i_3904/O (MUXF7)
      [(null):0]
     7: i_3904/I1 (MUXF7)
     8: i_3934/O (MUXF7)
      [(null):0]
     9: i_3934/I1 (MUXF7)
    10: i_3955/O (LUT6)
      [(null):0]
    11: i_3955/I4 (LUT6)
    12: i_4086/O (LUT3)
      [E:/bob_full_v1/hw/src/clb/clb.sv:28]
    13: i_4086/O (LUT3)
Inferred a: "set_disable_timing -from I1 -to O i_4082"
Found timing loop:
     0: i_4084/O (LUT3)
      [E:/bob_full_v1/hw/src/clb/clb.sv:28]
     1: i_4084/O (LUT3)
Found timing loop:
     0: i_4692/O (LUT3)
      [E:/bob_full_v1/hw/src/clb/clb.sv:28]
     1: i_4692/O (LUT3)
Found timing loop:
     0: i_4691/O (LUT3)
      [E:/bob_full_v1/hw/src/clb/clb.sv:28]
     1: i_4691/O (LUT3)
Found timing loop:
     0: i_4690/O (LUT3)
      [E:/bob_full_v1/hw/src/clb/clb.sv:28]
     1: i_4690/O (LUT3)
Found timing loop:
     0: i_4689/O (LUT3)
      [E:/bob_full_v1/hw/src/clb/clb.sv:28]
     1: i_4689/I1 (LUT3)
     2: i_4620/O (LUT6)
      [(null):0]
     3: i_4620/I0 (LUT6)
     4: i_4623/O (LUT6)
      [(null):0]
     5: i_4623/I5 (LUT6)
     6: i_3897/O (LUT3)
      [E:/bob_full_v1/hw/src/clb/clb.sv:28]
     7: i_3897/O (LUT3)
Inferred a: "set_disable_timing -from I1 -to O i_4689"
Found timing loop:
     0: i_4692/O (LUT3)
      [E:/bob_full_v1/hw/src/clb/clb.sv:28]
     1: i_4692/O (LUT3)
Found timing loop:
     0: i_4691/O (LUT3)
      [E:/bob_full_v1/hw/src/clb/clb.sv:28]
     1: i_4691/O (LUT3)
Found timing loop:
     0: i_4690/O (LUT3)
      [E:/bob_full_v1/hw/src/clb/clb.sv:28]
     1: i_4690/O (LUT3)
Found timing loop:
     0: i_4689/O (LUT3)
      [E:/bob_full_v1/hw/src/clb/clb.sv:28]
     1: i_4689/O (LUT3)
Found timing loop:
     0: i_4884/O (LUT3)
      [E:/bob_full_v1/hw/src/clb/clb.sv:28]
     1: i_4884/I1 (LUT3)
     2: i_4759/O (LUT6)
      [(null):0]
     3: i_4759/I5 (LUT6)
     4: i_4760/O (LUT5)
      [(null):0]
     5: i_4760/I3 (LUT5)
     6: i_4883/O (LUT3)
      [E:/bob_full_v1/hw/src/clb/clb.sv:28]
     7: i_4883/I2 (LUT3)
     8: i_4703/O (LUT3)
      [(null):0]
     9: i_4703/I2 (LUT3)
    10: i_4885/O (LUT3)
      [E:/bob_full_v1/hw/src/clb/clb.sv:28]
    11: i_4885/I2 (LUT3)
    12: i_4738/O (LUT6)
      [(null):0]
    13: i_4738/I4 (LUT6)
    14: i_4884/O (LUT3)
      [E:/bob_full_v1/hw/src/clb/clb.sv:28]
Inferred a: "set_disable_timing -from I1 -to O i_4884"
Found timing loop:
     0: i_4882/O (LUT3)
      [E:/bob_full_v1/hw/src/clb/clb.sv:28]
     1: i_4882/I1 (LUT3)
     2: i_4698/O (LUT5)
      [(null):0]
     3: i_4698/I4 (LUT5)
     4: i_4701/O (LUT3)
      [(null):0]
     5: i_4701/I2 (LUT3)
     6: i_4702/O (LUT6)
      [(null):0]
     7: i_4702/I5 (LUT6)
     8: i_4725/O (MUXF7)
      [(null):0]
     9: i_4725/I1 (MUXF7)
    10: i_4750/O (LUT6)
      [(null):0]
    11: i_4750/I4 (LUT6)
    12: i_4884/O (LUT3)
      [E:/bob_full_v1/hw/src/clb/clb.sv:28]
    13: i_4884/O (LUT3)
Inferred a: "set_disable_timing -from I1 -to O i_4882"
Found timing loop:
     0: i_4883/O (LUT3)
      [E:/bob_full_v1/hw/src/clb/clb.sv:28]
     1: i_4883/I2 (LUT3)
     2: i_4703/O (LUT3)
      [(null):0]
     3: i_4703/I2 (LUT3)
     4: i_4885/O (LUT3)
      [E:/bob_full_v1/hw/src/clb/clb.sv:28]
     5: i_4885/I2 (LUT3)
     6: i_4738/O (LUT6)
      [(null):0]
     7: i_4738/I4 (LUT6)
     8: i_4884/O (LUT3)
      [E:/bob_full_v1/hw/src/clb/clb.sv:28]
     9: i_4884/O (LUT3)
Inferred a: "set_disable_timing -from I2 -to O i_4883"
Found timing loop:
     0: i_5514/O (LUT3)
      [E:/bob_full_v1/hw/src/clb/clb.sv:28]
     1: i_5514/I1 (LUT3)
     2: i_5388/O (LUT5)
      [E:/bob_full_v1/hw/src/clb/clb.sv:28]
     3: i_5388/I4 (LUT5)
     4: i_5410/O (LUT3)
      [E:/bob_full_v1/hw/src/clb/clb.sv:28]
     5: i_5410/I2 (LUT3)
     6: i_5411/O (LUT6)
      [E:/bob_full_v1/hw/src/clb/clb.sv:28]
     7: i_5411/I5 (LUT6)
     8: i_5424/O (MUXF7)
      [E:/bob_full_v1/hw/src/clb/clb.sv:28]
     9: i_5424/I1 (MUXF7)
    10: i_5442/O (LUT6)
      [E:/bob_full_v1/hw/src/clb/clb.sv:28]
    11: i_5442/I4 (LUT6)
    12: i_5516/O (LUT3)
      [E:/bob_full_v1/hw/src/clb/clb.sv:28]
    13: i_5516/I2 (LUT3)
    14: i_5470/O (LUT3)
      [E:/bob_full_v1/hw/src/clb/clb.sv:28]
    15: i_5470/I1 (LUT3)
    16: i_5471/O (LUT6)
      [E:/bob_full_v1/hw/src/clb/clb.sv:28]
    17: i_5471/I5 (LUT6)
    18: i_5386/O (LUT3)
      [E:/bob_full_v1/hw/src/clb/clb.sv:28]
    19: i_5386/O (LUT3)
Inferred a: "set_disable_timing -from I1 -to O i_5514"
Found timing loop:
     0: i_4690/O (LUT3)
      [E:/bob_full_v1/hw/src/clb/clb.sv:28]
     1: i_4690/O (LUT3)
Found timing loop:
     0: i_4689/O (LUT3)
      [E:/bob_full_v1/hw/src/clb/clb.sv:28]
     1: i_4689/O (LUT3)
Found timing loop:
     0: i_4692/O (LUT3)
      [E:/bob_full_v1/hw/src/clb/clb.sv:28]
     1: i_4692/O (LUT3)
Found timing loop:
     0: i_4691/O (LUT3)
      [E:/bob_full_v1/hw/src/clb/clb.sv:28]
     1: i_4691/O (LUT3)
Found timing loop:
     0: i_4882/O (LUT3)
      [E:/bob_full_v1/hw/src/clb/clb.sv:28]
     1: i_4882/O (LUT3)
Found timing loop:
     0: i_4883/O (LUT3)
      [E:/bob_full_v1/hw/src/clb/clb.sv:28]
     1: i_4883/O (LUT3)
Found timing loop:
     0: i_5399/O (LUT6)
      [E:/bob_full_v1/hw/src/clb/clb.sv:28]
     1: i_5399/I3 (LUT6)
     2: i_5400/O (MUXF7)
      [E:/bob_full_v1/hw/src/clb/clb.sv:28]
     3: i_5400/I1 (MUXF7)
     4: i_5497/O (LUT6)
      [E:/bob_full_v1/hw/src/clb/clb.sv:28]
     5: i_5497/I5 (LUT6)
     6: i_4909/O (LUT3)
      [E:/bob_full_v1/hw/src/clb/clb.sv:28]
     7: i_4909/I1 (LUT3)
     8: i_4875/O (LUT6)
      [(null):0]
     9: i_4875/I3 (LUT6)
    10: i_4877/O (LUT6)
      [(null):0]
    11: i_4877/I5 (LUT6)
    12: i_5399/O (LUT6)
      [E:/bob_full_v1/hw/src/clb/clb.sv:28]
Inferred a: "set_disable_timing -from I3 -to O i_5399"
Found timing loop:
     0: i_5386/O (LUT3)
      [E:/bob_full_v1/hw/src/clb/clb.sv:28]
     1: i_5386/O (LUT3)
Found timing loop:
     0: i_5385/O (LUT3)
      [E:/bob_full_v1/hw/src/clb/clb.sv:28]
     1: i_5385/O (LUT3)
Found timing loop:
     0: i_5383/O (LUT3)
      [E:/bob_full_v1/hw/src/clb/clb.sv:28]
     1: i_5383/O (LUT3)
Found timing loop:
     0: i_5382/O (LUT3)
      [E:/bob_full_v1/hw/src/clb/clb.sv:28]
     1: i_5382/I1 (LUT3)
     2: i_5249/O (LUT5)
      [E:/bob_full_v1/hw/src/clb/clb.sv:28]
     3: i_5249/I0 (LUT5)
     4: i_5357/O (LUT6)
      [E:/bob_full_v1/hw/src/clb/clb.sv:28]
     5: i_5357/I5 (LUT6)
     6: i_4696/O (LUT3)
      [E:/bob_full_v1/hw/src/clb/clb.sv:28]
     7: i_4696/O (LUT3)
Inferred a: "set_disable_timing -from I1 -to O i_5382"
Found timing loop:
     0: i_5514/O (LUT3)
      [E:/bob_full_v1/hw/src/clb/clb.sv:28]
     1: i_5514/O (LUT3)
Found timing loop:
     0: i_5386/O (LUT3)
      [E:/bob_full_v1/hw/src/clb/clb.sv:28]
     1: i_5386/O (LUT3)
Found timing loop:
     0: i_5385/O (LUT3)
      [E:/bob_full_v1/hw/src/clb/clb.sv:28]
     1: i_5385/O (LUT3)
Found timing loop:
     0: i_5383/O (LUT3)
      [E:/bob_full_v1/hw/src/clb/clb.sv:28]
     1: i_5383/O (LUT3)
Found timing loop:
     0: i_5382/O (LUT3)
      [E:/bob_full_v1/hw/src/clb/clb.sv:28]
     1: i_5382/O (LUT3)
Found timing loop:
     0: i_5514/O (LUT3)
      [E:/bob_full_v1/hw/src/clb/clb.sv:28]
     1: i_5514/O (LUT3)
Found timing loop:
     0: i_5577/O (LUT6)
      [(null):0]
     1: i_5577/I5 (LUT6)
     2: i_5600/O (LUT5)
      [(null):0]
     3: i_5600/I4 (LUT5)
     4: i_5617/O (LUT3)
      [E:/bob_full_v1/hw/src/clb/clb.sv:28]
     5: i_5617/I2 (LUT3)
     6: i_5547/O (LUT6)
      [(null):0]
     7: i_5547/I5 (LUT6)
     8: i_5555/O (LUT6)
      [(null):0]
     9: i_5555/I4 (LUT6)
    10: i_5618/O (LUT3)
      [E:/bob_full_v1/hw/src/clb/clb.sv:28]
    11: i_5618/I2 (LUT3)
    12: i_5591/O (LUT3)
      [(null):0]
    13: i_5591/I2 (LUT3)
    14: i_5592/O (LUT6)
      [(null):0]
    15: i_5592/I5 (LUT6)
    16: i_5529/O (LUT3)
      [E:/bob_full_v1/hw/src/clb/clb.sv:28]
    17: i_5529/I1 (LUT3)
    18: i_5405/O (LUT5)
      [E:/bob_full_v1/hw/src/clb/clb.sv:28]
    19: i_5405/I2 (LUT5)
    20: i_5406/O (LUT6)
      [E:/bob_full_v1/hw/src/clb/clb.sv:28]
    21: i_5406/I5 (LUT6)
    22: i_5577/O (LUT6)
      [(null):0]
Inferred a: "set_disable_timing -from I5 -to O i_5577"
Found timing loop:
     0: i_5529/O (LUT3)
      [E:/bob_full_v1/hw/src/clb/clb.sv:28]
     1: i_5529/I1 (LUT3)
     2: i_5405/O (LUT5)
      [E:/bob_full_v1/hw/src/clb/clb.sv:28]
     3: i_5405/I2 (LUT5)
     4: i_5406/O (LUT6)
      [E:/bob_full_v1/hw/src/clb/clb.sv:28]
     5: i_5406/I5 (LUT6)
     6: i_5577/O (LUT6)
      [(null):0]
     7: i_5577/O (LUT6)
Inferred a: "set_disable_timing -from I1 -to O i_5529"
Found timing loop:
     0: i_5386/O (LUT3)
      [E:/bob_full_v1/hw/src/clb/clb.sv:28]
     1: i_5386/O (LUT3)
Found timing loop:
     0: i_5385/O (LUT3)
      [E:/bob_full_v1/hw/src/clb/clb.sv:28]
     1: i_5385/O (LUT3)
Found timing loop:
     0: i_5383/O (LUT3)
      [E:/bob_full_v1/hw/src/clb/clb.sv:28]
     1: i_5383/O (LUT3)
Found timing loop:
     0: i_5382/O (LUT3)
      [E:/bob_full_v1/hw/src/clb/clb.sv:28]
     1: i_5382/O (LUT3)
Found timing loop:
     0: i_5514/O (LUT3)
      [E:/bob_full_v1/hw/src/clb/clb.sv:28]
     1: i_5514/O (LUT3)
Found timing loop:
     0: i_4909/O (LUT3)
      [E:/bob_full_v1/hw/src/clb/clb.sv:28]
     1: i_4909/I1 (LUT3)
     2: i_4875/O (LUT6)
      [(null):0]
     3: i_4875/I3 (LUT6)
     4: i_4877/O (LUT6)
      [(null):0]
     5: i_4877/I5 (LUT6)
     6: i_5399/O (LUT6)
      [E:/bob_full_v1/hw/src/clb/clb.sv:28]
     7: i_5399/O (LUT6)
Inferred a: "set_disable_timing -from I1 -to O i_4909"
Found timing loop:
     0: i_4690/O (LUT3)
      [E:/bob_full_v1/hw/src/clb/clb.sv:28]
     1: i_4690/O (LUT3)
Found timing loop:
     0: i_4689/O (LUT3)
      [E:/bob_full_v1/hw/src/clb/clb.sv:28]
     1: i_4689/O (LUT3)
Found timing loop:
     0: i_4692/O (LUT3)
      [E:/bob_full_v1/hw/src/clb/clb.sv:28]
     1: i_4692/O (LUT3)
Found timing loop:
     0: i_4691/O (LUT3)
      [E:/bob_full_v1/hw/src/clb/clb.sv:28]
     1: i_4691/O (LUT3)
Found timing loop:
     0: i_4882/O (LUT3)
      [E:/bob_full_v1/hw/src/clb/clb.sv:28]
     1: i_4882/O (LUT3)
Found timing loop:
     0: i_5399/O (LUT6)
      [E:/bob_full_v1/hw/src/clb/clb.sv:28]
     1: i_5399/O (LUT6)
Found timing loop:
     0: i_5524/O (LUT3)
      [E:/bob_full_v1/hw/src/clb/clb.sv:28]
     1: i_5524/I1 (LUT3)
     2: i_5397/O (LUT5)
      [E:/bob_full_v1/hw/src/clb/clb.sv:28]
     3: i_5397/I2 (LUT5)
     4: i_5398/O (LUT6)
      [E:/bob_full_v1/hw/src/clb/clb.sv:28]
     5: i_5398/I5 (LUT6)
     6: i_5577/O (LUT6)
      [(null):0]
     7: i_5577/O (LUT6)
Inferred a: "set_disable_timing -from I1 -to O i_5524"
Found timing loop:
     0: i_5386/O (LUT3)
      [E:/bob_full_v1/hw/src/clb/clb.sv:28]
     1: i_5386/O (LUT3)
Found timing loop:
     0: i_5385/O (LUT3)
      [E:/bob_full_v1/hw/src/clb/clb.sv:28]
     1: i_5385/O (LUT3)
Found timing loop:
     0: i_5383/O (LUT3)
      [E:/bob_full_v1/hw/src/clb/clb.sv:28]
     1: i_5383/O (LUT3)
Found timing loop:
     0: i_5382/O (LUT3)
      [E:/bob_full_v1/hw/src/clb/clb.sv:28]
     1: i_5382/O (LUT3)
Found timing loop:
     0: i_5514/O (LUT3)
      [E:/bob_full_v1/hw/src/clb/clb.sv:28]
     1: i_5514/O (LUT3)
Found timing loop:
     0: i_5577/O (LUT6)
      [(null):0]
     1: i_5577/O (LUT6)
Found timing loop:
     0: i_5623/O (LUT3)
      [E:/bob_full_v1/hw/src/clb/clb.sv:28]
     1: i_5623/I2 (LUT3)
     2: i_5598/O (LUT3)
      [(null):0]
     3: i_5598/I0 (LUT3)
     4: i_5599/O (LUT6)
      [(null):0]
     5: i_5599/I5 (LUT6)
     6: i_5529/O (LUT3)
      [E:/bob_full_v1/hw/src/clb/clb.sv:28]
     7: i_5529/O (LUT3)
Inferred a: "set_disable_timing -from I2 -to O i_5623"
Found timing loop:
     0: i_5529/O (LUT3)
      [E:/bob_full_v1/hw/src/clb/clb.sv:28]
     1: i_5529/O (LUT3)
Found timing loop:
     0: i_5528/O (LUT3)
      [E:/bob_full_v1/hw/src/clb/clb.sv:28]
     1: i_5528/I1 (LUT3)
     2: i_5508/O (LUT3)
      [E:/bob_full_v1/hw/src/clb/clb.sv:28]
     3: i_5508/I0 (LUT3)
     4: i_5527/O (LUT3)
      [E:/bob_full_v1/hw/src/clb/clb.sv:28]
     5: i_5527/I2 (LUT3)
     6: i_5507/O (LUT6)
      [E:/bob_full_v1/hw/src/clb/clb.sv:28]
     7: i_5507/I5 (LUT6)
     8: i_4909/O (LUT3)
      [E:/bob_full_v1/hw/src/clb/clb.sv:28]
     9: i_4909/O (LUT3)
Inferred a: "set_disable_timing -from I1 -to O i_5528"
Found timing loop:
     0: i_5386/O (LUT3)
      [E:/bob_full_v1/hw/src/clb/clb.sv:28]
     1: i_5386/O (LUT3)
Found timing loop:
     0: i_5385/O (LUT3)
      [E:/bob_full_v1/hw/src/clb/clb.sv:28]
     1: i_5385/O (LUT3)
Found timing loop:
     0: i_5383/O (LUT3)
      [E:/bob_full_v1/hw/src/clb/clb.sv:28]
     1: i_5383/O (LUT3)
Found timing loop:
     0: i_5382/O (LUT3)
      [E:/bob_full_v1/hw/src/clb/clb.sv:28]
     1: i_5382/O (LUT3)
Found timing loop:
     0: i_5514/O (LUT3)
      [E:/bob_full_v1/hw/src/clb/clb.sv:28]
     1: i_5514/O (LUT3)
Found timing loop:
     0: i_5577/O (LUT6)
      [(null):0]
     1: i_5577/O (LUT6)
Found timing loop:
     0: i_5623/O (LUT3)
      [E:/bob_full_v1/hw/src/clb/clb.sv:28]
     1: i_5623/O (LUT3)
Found timing loop:
     0: i_5622/O (LUT3)
      [E:/bob_full_v1/hw/src/clb/clb.sv:28]
     1: i_5622/I2 (LUT3)
     2: i_5596/O (LUT3)
      [(null):0]
     3: i_5596/I0 (LUT3)
     4: i_5597/O (LUT6)
      [(null):0]
     5: i_5597/I5 (LUT6)
     6: i_5529/O (LUT3)
      [E:/bob_full_v1/hw/src/clb/clb.sv:28]
     7: i_5529/O (LUT3)
Inferred a: "set_disable_timing -from I2 -to O i_5622"
Found timing loop:
     0: i_5529/O (LUT3)
      [E:/bob_full_v1/hw/src/clb/clb.sv:28]
     1: i_5529/O (LUT3)
Found timing loop:
     0: i_5528/O (LUT3)
      [E:/bob_full_v1/hw/src/clb/clb.sv:28]
     1: i_5528/O (LUT3)
Found timing loop:
     0: i_5526/O (LUT3)
      [E:/bob_full_v1/hw/src/clb/clb.sv:28]
     1: i_5526/I1 (LUT3)
     2: i_5402/O (LUT5)
      [E:/bob_full_v1/hw/src/clb/clb.sv:28]
     3: i_5402/I2 (LUT5)
     4: i_5403/O (LUT6)
      [E:/bob_full_v1/hw/src/clb/clb.sv:28]
     5: i_5403/I5 (LUT6)
     6: i_5577/O (LUT6)
      [(null):0]
     7: i_5577/O (LUT6)
Inferred a: "set_disable_timing -from I1 -to O i_5526"
Found timing loop:
     0: i_5386/O (LUT3)
      [E:/bob_full_v1/hw/src/clb/clb.sv:28]
     1: i_5386/O (LUT3)
Found timing loop:
     0: i_5385/O (LUT3)
      [E:/bob_full_v1/hw/src/clb/clb.sv:28]
     1: i_5385/O (LUT3)
Found timing loop:
     0: i_5383/O (LUT3)
      [E:/bob_full_v1/hw/src/clb/clb.sv:28]
     1: i_5383/O (LUT3)
Found timing loop:
     0: i_5382/O (LUT3)
      [E:/bob_full_v1/hw/src/clb/clb.sv:28]
     1: i_5382/O (LUT3)
Found timing loop:
     0: i_5514/O (LUT3)
      [E:/bob_full_v1/hw/src/clb/clb.sv:28]
     1: i_5514/O (LUT3)
Found timing loop:
     0: i_5577/O (LUT6)
      [(null):0]
     1: i_5577/O (LUT6)
Found timing loop:
     0: i_5623/O (LUT3)
      [E:/bob_full_v1/hw/src/clb/clb.sv:28]
     1: i_5623/O (LUT3)
Found timing loop:
     0: i_5622/O (LUT3)
      [E:/bob_full_v1/hw/src/clb/clb.sv:28]
     1: i_5622/O (LUT3)
Found timing loop:
     0: i_5621/O (LUT3)
      [E:/bob_full_v1/hw/src/clb/clb.sv:28]
     1: i_5621/I2 (LUT3)
     2: i_5594/O (LUT3)
      [(null):0]
     3: i_5594/I0 (LUT3)
     4: i_5595/O (LUT6)
      [(null):0]
     5: i_5595/I5 (LUT6)
     6: i_5529/O (LUT3)
      [E:/bob_full_v1/hw/src/clb/clb.sv:28]
     7: i_5529/O (LUT3)
Inferred a: "set_disable_timing -from I2 -to O i_5621"
Found timing loop:
     0: i_4909/O (LUT3)
      [E:/bob_full_v1/hw/src/clb/clb.sv:28]
     1: i_4909/O (LUT3)
Found timing loop:
     0: i_4907/O (LUT3)
      [E:/bob_full_v1/hw/src/clb/clb.sv:28]
     1: i_4907/I1 (LUT3)
     2: i_4868/O (LUT6)
      [(null):0]
     3: i_4868/I3 (LUT6)
     4: i_4870/O (LUT6)
      [(null):0]
     5: i_4870/I5 (LUT6)
     6: i_5399/O (LUT6)
      [E:/bob_full_v1/hw/src/clb/clb.sv:28]
     7: i_5399/O (LUT6)
Inferred a: "set_disable_timing -from I1 -to O i_4907"
Found timing loop:
     0: i_4690/O (LUT3)
      [E:/bob_full_v1/hw/src/clb/clb.sv:28]
     1: i_4690/O (LUT3)
Found timing loop:
     0: i_4689/O (LUT3)
      [E:/bob_full_v1/hw/src/clb/clb.sv:28]
     1: i_4689/O (LUT3)
Found timing loop:
     0: i_4692/O (LUT3)
      [E:/bob_full_v1/hw/src/clb/clb.sv:28]
     1: i_4692/O (LUT3)
Found timing loop:
     0: i_4691/O (LUT3)
      [E:/bob_full_v1/hw/src/clb/clb.sv:28]
     1: i_4691/O (LUT3)
Found timing loop:
     0: i_4882/O (LUT3)
      [E:/bob_full_v1/hw/src/clb/clb.sv:28]
     1: i_4882/O (LUT3)
Found timing loop:
     0: i_4883/O (LUT3)
      [E:/bob_full_v1/hw/src/clb/clb.sv:28]
     1: i_4883/O (LUT3)
Found timing loop:
     0: i_5399/O (LUT6)
      [E:/bob_full_v1/hw/src/clb/clb.sv:28]
     1: i_5399/O (LUT6)
Found timing loop:
     0: i_5524/O (LUT3)
      [E:/bob_full_v1/hw/src/clb/clb.sv:28]
     1: i_5524/O (LUT3)
Found timing loop:
     0: i_5523/O (LUT3)
      [E:/bob_full_v1/hw/src/clb/clb.sv:28]
     1: i_5523/I1 (LUT3)
     2: i_5395/O (LUT5)
      [E:/bob_full_v1/hw/src/clb/clb.sv:28]
     3: i_5395/I2 (LUT5)
     4: i_5396/O (LUT6)
      [E:/bob_full_v1/hw/src/clb/clb.sv:28]
     5: i_5396/I5 (LUT6)
     6: i_5577/O (LUT6)
      [(null):0]
     7: i_5577/O (LUT6)
Inferred a: "set_disable_timing -from I1 -to O i_5523"
Found timing loop:
     0: i_5386/O (LUT3)
      [E:/bob_full_v1/hw/src/clb/clb.sv:28]
     1: i_5386/O (LUT3)
Found timing loop:
     0: i_5385/O (LUT3)
      [E:/bob_full_v1/hw/src/clb/clb.sv:28]
     1: i_5385/O (LUT3)
Found timing loop:
     0: i_5383/O (LUT3)
      [E:/bob_full_v1/hw/src/clb/clb.sv:28]
     1: i_5383/O (LUT3)
Found timing loop:
     0: i_5382/O (LUT3)
      [E:/bob_full_v1/hw/src/clb/clb.sv:28]
     1: i_5382/O (LUT3)
Found timing loop:
     0: i_5514/O (LUT3)
      [E:/bob_full_v1/hw/src/clb/clb.sv:28]
     1: i_5514/O (LUT3)
Found timing loop:
     0: i_5577/O (LUT6)
      [(null):0]
     1: i_5577/O (LUT6)
Found timing loop:
     0: i_5623/O (LUT3)
      [E:/bob_full_v1/hw/src/clb/clb.sv:28]
     1: i_5623/O (LUT3)
Found timing loop:
     0: i_5622/O (LUT3)
      [E:/bob_full_v1/hw/src/clb/clb.sv:28]
     1: i_5622/O (LUT3)
Found timing loop:
     0: i_5621/O (LUT3)
      [E:/bob_full_v1/hw/src/clb/clb.sv:28]
     1: i_5621/O (LUT3)
Found timing loop:
     0: i_4909/O (LUT3)
      [E:/bob_full_v1/hw/src/clb/clb.sv:28]
     1: i_4909/O (LUT3)
Found timing loop:
     0: i_4907/O (LUT3)
      [E:/bob_full_v1/hw/src/clb/clb.sv:28]
     1: i_4907/O (LUT3)
Found timing loop:
     0: i_4905/O (LUT3)
      [E:/bob_full_v1/hw/src/clb/clb.sv:28]
     1: i_4905/I1 (LUT3)
     2: i_4860/O (LUT6)
      [(null):0]
     3: i_4860/I3 (LUT6)
     4: i_4862/O (LUT6)
      [(null):0]
     5: i_4862/I5 (LUT6)
     6: i_5399/O (LUT6)
      [E:/bob_full_v1/hw/src/clb/clb.sv:28]
     7: i_5399/O (LUT6)
Inferred a: "set_disable_timing -from I1 -to O i_4905"
Found timing loop:
     0: i_4690/O (LUT3)
      [E:/bob_full_v1/hw/src/clb/clb.sv:28]
     1: i_4690/O (LUT3)
Found timing loop:
     0: i_4689/O (LUT3)
      [E:/bob_full_v1/hw/src/clb/clb.sv:28]
     1: i_4689/O (LUT3)
Found timing loop:
     0: i_4692/O (LUT3)
      [E:/bob_full_v1/hw/src/clb/clb.sv:28]
     1: i_4692/O (LUT3)
Found timing loop:
     0: i_4691/O (LUT3)
      [E:/bob_full_v1/hw/src/clb/clb.sv:28]
     1: i_4691/O (LUT3)
Found timing loop:
     0: i_4883/O (LUT3)
      [E:/bob_full_v1/hw/src/clb/clb.sv:28]
     1: i_4883/O (LUT3)
Found timing loop:
     0: i_4882/O (LUT3)
      [E:/bob_full_v1/hw/src/clb/clb.sv:28]
     1: i_4882/O (LUT3)
Found timing loop:
     0: i_5399/O (LUT6)
      [E:/bob_full_v1/hw/src/clb/clb.sv:28]
     1: i_5399/O (LUT6)
Found timing loop:
     0: i_5524/O (LUT3)
      [E:/bob_full_v1/hw/src/clb/clb.sv:28]
     1: i_5524/O (LUT3)
Found timing loop:
     0: i_5523/O (LUT3)
      [E:/bob_full_v1/hw/src/clb/clb.sv:28]
     1: i_5523/O (LUT3)
Found timing loop:
     0: i_5522/O (LUT3)
      [E:/bob_full_v1/hw/src/clb/clb.sv:28]
     1: i_5522/I1 (LUT3)
     2: i_5393/O (LUT5)
      [E:/bob_full_v1/hw/src/clb/clb.sv:28]
     3: i_5393/I0 (LUT5)
     4: i_5488/O (LUT6)
      [E:/bob_full_v1/hw/src/clb/clb.sv:28]
     5: i_5488/I5 (LUT6)
     6: i_4909/O (LUT3)
      [E:/bob_full_v1/hw/src/clb/clb.sv:28]
     7: i_4909/O (LUT3)
Inferred a: "set_disable_timing -from I1 -to O i_5522"
Found timing loop:
     0: i_4690/O (LUT3)
      [E:/bob_full_v1/hw/src/clb/clb.sv:28]
     1: i_4690/O (LUT3)
Found timing loop:
     0: i_4689/O (LUT3)
      [E:/bob_full_v1/hw/src/clb/clb.sv:28]
     1: i_4689/O (LUT3)
Found timing loop:
     0: i_4692/O (LUT3)
      [E:/bob_full_v1/hw/src/clb/clb.sv:28]
     1: i_4692/O (LUT3)
Found timing loop:
     0: i_4691/O (LUT3)
      [E:/bob_full_v1/hw/src/clb/clb.sv:28]
     1: i_4691/O (LUT3)
Found timing loop:
     0: i_4882/O (LUT3)
      [E:/bob_full_v1/hw/src/clb/clb.sv:28]
     1: i_4882/O (LUT3)
Found timing loop:
     0: i_5399/O (LUT6)
      [E:/bob_full_v1/hw/src/clb/clb.sv:28]
     1: i_5399/O (LUT6)
Found timing loop:
     0: i_5524/O (LUT3)
      [E:/bob_full_v1/hw/src/clb/clb.sv:28]
     1: i_5524/O (LUT3)
Found timing loop:
     0: i_5523/O (LUT3)
      [E:/bob_full_v1/hw/src/clb/clb.sv:28]
     1: i_5523/O (LUT3)
Found timing loop:
     0: i_5522/O (LUT3)
      [E:/bob_full_v1/hw/src/clb/clb.sv:28]
     1: i_5522/O (LUT3)
Found timing loop:
     0: i_5110/O (LUT3)
      [E:/bob_full_v1/hw/src/clb/clb.sv:28]
     1: i_5110/I2 (LUT3)
     2: i_5031/O (LUT3)
      [(null):0]
     3: i_5031/I2 (LUT3)
     4: i_5109/O (LUT3)
      [E:/bob_full_v1/hw/src/clb/clb.sv:28]
     5: i_5109/I2 (LUT3)
     6: i_5029/O (LUT3)
      [(null):0]
     7: i_5029/I2 (LUT3)
     8: i_4899/O (LUT3)
      [E:/bob_full_v1/hw/src/clb/clb.sv:28]
     9: i_4899/I1 (LUT3)
    10: i_4831/O (LUT6)
      [(null):0]
    11: i_4831/I1 (LUT6)
    12: i_4834/O (LUT6)
      [(null):0]
    13: i_4834/I5 (LUT6)
    14: i_5110/O (LUT3)
      [E:/bob_full_v1/hw/src/clb/clb.sv:28]
Inferred a: "set_disable_timing -from I2 -to O i_5110"
Found timing loop:
     0: i_4899/O (LUT3)
      [E:/bob_full_v1/hw/src/clb/clb.sv:28]
     1: i_4899/I1 (LUT3)
     2: i_4831/O (LUT6)
      [(null):0]
     3: i_4831/I1 (LUT6)
     4: i_4834/O (LUT6)
      [(null):0]
     5: i_4834/I5 (LUT6)
     6: i_5110/O (LUT3)
      [E:/bob_full_v1/hw/src/clb/clb.sv:28]
     7: i_5110/O (LUT3)
Inferred a: "set_disable_timing -from I1 -to O i_4899"
Found timing loop:
     0: i_4692/O (LUT3)
      [E:/bob_full_v1/hw/src/clb/clb.sv:28]
     1: i_4692/O (LUT3)
Found timing loop:
     0: i_4691/O (LUT3)
      [E:/bob_full_v1/hw/src/clb/clb.sv:28]
     1: i_4691/O (LUT3)
Found timing loop:
     0: i_4690/O (LUT3)
      [E:/bob_full_v1/hw/src/clb/clb.sv:28]
     1: i_4690/O (LUT3)
Found timing loop:
     0: i_4689/O (LUT3)
      [E:/bob_full_v1/hw/src/clb/clb.sv:28]
     1: i_4689/O (LUT3)
Found timing loop:
     0: i_4882/O (LUT3)
      [E:/bob_full_v1/hw/src/clb/clb.sv:28]
     1: i_4882/O (LUT3)
Found timing loop:
     0: i_4883/O (LUT3)
      [E:/bob_full_v1/hw/src/clb/clb.sv:28]
     1: i_4883/O (LUT3)
Found timing loop:
     0: i_5399/O (LUT6)
      [E:/bob_full_v1/hw/src/clb/clb.sv:28]
     1: i_5399/O (LUT6)
Found timing loop:
     0: i_5524/O (LUT3)
      [E:/bob_full_v1/hw/src/clb/clb.sv:28]
     1: i_5524/O (LUT3)
Found timing loop:
     0: i_5523/O (LUT3)
      [E:/bob_full_v1/hw/src/clb/clb.sv:28]
     1: i_5523/O (LUT3)
Found timing loop:
     0: i_5522/O (LUT3)
      [E:/bob_full_v1/hw/src/clb/clb.sv:28]
     1: i_5522/O (LUT3)
Found timing loop:
     0: i_5110/O (LUT3)
      [E:/bob_full_v1/hw/src/clb/clb.sv:28]
     1: i_5110/O (LUT3)
Found timing loop:
     0: i_5108/O (LUT3)
      [E:/bob_full_v1/hw/src/clb/clb.sv:28]
     1: i_5108/I2 (LUT3)
     2: i_5021/O (LUT3)
      [(null):0]
     3: i_5021/I2 (LUT3)
     4: i_5022/O (LUT6)
      [(null):0]
     5: i_5022/I5 (LUT6)
     6: i_4899/O (LUT3)
      [E:/bob_full_v1/hw/src/clb/clb.sv:28]
     7: i_4899/O (LUT3)
Inferred a: "set_disable_timing -from I2 -to O i_5108"
Found timing loop:
     0: i_4899/O (LUT3)
      [E:/bob_full_v1/hw/src/clb/clb.sv:28]
     1: i_4899/O (LUT3)
Found timing loop:
     0: i_4901/O (LUT3)
      [E:/bob_full_v1/hw/src/clb/clb.sv:28]
     1: i_4901/I1 (LUT3)
     2: i_4846/O (LUT6)
      [(null):0]
     3: i_4846/I1 (LUT6)
     4: i_4849/O (LUT6)
      [(null):0]
     5: i_4849/I5 (LUT6)
     6: i_5110/O (LUT3)
      [E:/bob_full_v1/hw/src/clb/clb.sv:28]
     7: i_5110/O (LUT3)
Inferred a: "set_disable_timing -from I1 -to O i_4901"
Found timing loop:
     0: i_4690/O (LUT3)
      [E:/bob_full_v1/hw/src/clb/clb.sv:28]
     1: i_4690/O (LUT3)
Found timing loop:
     0: i_4689/O (LUT3)
      [E:/bob_full_v1/hw/src/clb/clb.sv:28]
     1: i_4689/O (LUT3)
Found timing loop:
     0: i_4692/O (LUT3)
      [E:/bob_full_v1/hw/src/clb/clb.sv:28]
     1: i_4692/O (LUT3)
Found timing loop:
     0: i_4691/O (LUT3)
      [E:/bob_full_v1/hw/src/clb/clb.sv:28]
     1: i_4691/O (LUT3)
Found timing loop:
     0: i_4883/O (LUT3)
      [E:/bob_full_v1/hw/src/clb/clb.sv:28]
     1: i_4883/O (LUT3)
Found timing loop:
     0: i_4882/O (LUT3)
      [E:/bob_full_v1/hw/src/clb/clb.sv:28]
     1: i_4882/O (LUT3)
Found timing loop:
     0: i_5399/O (LUT6)
      [E:/bob_full_v1/hw/src/clb/clb.sv:28]
     1: i_5399/O (LUT6)
Found timing loop:
     0: i_5524/O (LUT3)
      [E:/bob_full_v1/hw/src/clb/clb.sv:28]
     1: i_5524/O (LUT3)
Found timing loop:
     0: i_5523/O (LUT3)
      [E:/bob_full_v1/hw/src/clb/clb.sv:28]
     1: i_5523/O (LUT3)
Found timing loop:
     0: i_5522/O (LUT3)
      [E:/bob_full_v1/hw/src/clb/clb.sv:28]
     1: i_5522/O (LUT3)
Found timing loop:
     0: i_5110/O (LUT3)
      [E:/bob_full_v1/hw/src/clb/clb.sv:28]
     1: i_5110/O (LUT3)
Found timing loop:
     0: i_5108/O (LUT3)
      [E:/bob_full_v1/hw/src/clb/clb.sv:28]
     1: i_5108/O (LUT3)
Found timing loop:
     0: i_5107/O (LUT3)
      [E:/bob_full_v1/hw/src/clb/clb.sv:28]
     1: i_5107/I2 (LUT3)
     2: i_5015/O (LUT3)
      [(null):0]
     3: i_5015/I2 (LUT3)
     4: i_5016/O (LUT6)
      [(null):0]
     5: i_5016/I5 (LUT6)
     6: i_4899/O (LUT3)
      [E:/bob_full_v1/hw/src/clb/clb.sv:28]
     7: i_4899/O (LUT3)
Inferred a: "set_disable_timing -from I2 -to O i_5107"
Found timing loop:
     0: i_4899/O (LUT3)
      [E:/bob_full_v1/hw/src/clb/clb.sv:28]
     1: i_4899/O (LUT3)
Found timing loop:
     0: i_4901/O (LUT3)
      [E:/bob_full_v1/hw/src/clb/clb.sv:28]
     1: i_4901/O (LUT3)
Found timing loop:
     0: i_4897/O (LUT3)
      [E:/bob_full_v1/hw/src/clb/clb.sv:28]
     1: i_4897/I1 (LUT3)
     2: i_4823/O (LUT6)
      [(null):0]
     3: i_4823/I1 (LUT6)
     4: i_4826/O (LUT6)
      [(null):0]
     5: i_4826/I5 (LUT6)
     6: i_5110/O (LUT3)
      [E:/bob_full_v1/hw/src/clb/clb.sv:28]
     7: i_5110/O (LUT3)
Inferred a: "set_disable_timing -from I1 -to O i_4897"
Found timing loop:
     0: i_4692/O (LUT3)
      [E:/bob_full_v1/hw/src/clb/clb.sv:28]
     1: i_4692/O (LUT3)
Found timing loop:
     0: i_4691/O (LUT3)
      [E:/bob_full_v1/hw/src/clb/clb.sv:28]
     1: i_4691/O (LUT3)
Found timing loop:
     0: i_4690/O (LUT3)
      [E:/bob_full_v1/hw/src/clb/clb.sv:28]
     1: i_4690/O (LUT3)
Found timing loop:
     0: i_4689/O (LUT3)
      [E:/bob_full_v1/hw/src/clb/clb.sv:28]
     1: i_4689/O (LUT3)
Found timing loop:
     0: i_4883/O (LUT3)
      [E:/bob_full_v1/hw/src/clb/clb.sv:28]
     1: i_4883/O (LUT3)
Found timing loop:
     0: i_4882/O (LUT3)
      [E:/bob_full_v1/hw/src/clb/clb.sv:28]
     1: i_4882/O (LUT3)
Found timing loop:
     0: i_5399/O (LUT6)
      [E:/bob_full_v1/hw/src/clb/clb.sv:28]
     1: i_5399/O (LUT6)
Found timing loop:
     0: i_5524/O (LUT3)
      [E:/bob_full_v1/hw/src/clb/clb.sv:28]
     1: i_5524/O (LUT3)
Found timing loop:
     0: i_5523/O (LUT3)
      [E:/bob_full_v1/hw/src/clb/clb.sv:28]
     1: i_5523/O (LUT3)
Found timing loop:
     0: i_5522/O (LUT3)
      [E:/bob_full_v1/hw/src/clb/clb.sv:28]
     1: i_5522/O (LUT3)
Found timing loop:
     0: i_5110/O (LUT3)
      [E:/bob_full_v1/hw/src/clb/clb.sv:28]
     1: i_5110/O (LUT3)
Found timing loop:
     0: i_5108/O (LUT3)
      [E:/bob_full_v1/hw/src/clb/clb.sv:28]
     1: i_5108/O (LUT3)
Found timing loop:
     0: i_5107/O (LUT3)
      [E:/bob_full_v1/hw/src/clb/clb.sv:28]
     1: i_5107/O (LUT3)
Found timing loop:
     0: i_5106/O (LUT3)
      [E:/bob_full_v1/hw/src/clb/clb.sv:28]
     1: i_5106/I2 (LUT3)
     2: i_5009/O (LUT3)
      [(null):0]
     3: i_5009/I2 (LUT3)
     4: i_5010/O (LUT6)
      [(null):0]
     5: i_5010/I5 (LUT6)
     6: i_4899/O (LUT3)
      [E:/bob_full_v1/hw/src/clb/clb.sv:28]
     7: i_4899/O (LUT3)
Inferred a: "set_disable_timing -from I2 -to O i_5106"
Found timing loop:
     0: i_3893/O (LUT3)
      [E:/bob_full_v1/hw/src/clb/clb.sv:28]
     1: i_3893/O (LUT3)
Found timing loop:
     0: i_3892/O (LUT3)
      [E:/bob_full_v1/hw/src/clb/clb.sv:28]
     1: i_3892/O (LUT3)
Found timing loop:
     0: i_3891/O (LUT3)
      [E:/bob_full_v1/hw/src/clb/clb.sv:28]
     1: i_3891/O (LUT3)
Found timing loop:
     0: i_3890/O (LUT3)
      [E:/bob_full_v1/hw/src/clb/clb.sv:28]
     1: i_3890/O (LUT3)
Found timing loop:
     0: i_4082/O (LUT3)
      [E:/bob_full_v1/hw/src/clb/clb.sv:28]
     1: i_4082/O (LUT3)
Found timing loop:
     0: i_4084/O (LUT3)
      [E:/bob_full_v1/hw/src/clb/clb.sv:28]
     1: i_4084/O (LUT3)
Found timing loop:
     0: i_4895/O (LUT3)
      [E:/bob_full_v1/hw/src/clb/clb.sv:28]
     1: i_4895/I1 (LUT3)
     2: i_4816/O (LUT6)
      [(null):0]
     3: i_4816/I5 (LUT6)
     4: i_4817/O (LUT4)
      [(null):0]
     5: i_4817/I1 (LUT4)
     6: i_4882/O (LUT3)
      [E:/bob_full_v1/hw/src/clb/clb.sv:28]
     7: i_4882/O (LUT3)
Inferred a: "set_disable_timing -from I1 -to O i_4895"
Found timing loop:
     0: i_4692/O (LUT3)
      [E:/bob_full_v1/hw/src/clb/clb.sv:28]
     1: i_4692/O (LUT3)
Found timing loop:
     0: i_4691/O (LUT3)
      [E:/bob_full_v1/hw/src/clb/clb.sv:28]
     1: i_4691/O (LUT3)
Found timing loop:
     0: i_4690/O (LUT3)
      [E:/bob_full_v1/hw/src/clb/clb.sv:28]
     1: i_4690/O (LUT3)
Found timing loop:
     0: i_4689/O (LUT3)
      [E:/bob_full_v1/hw/src/clb/clb.sv:28]
     1: i_4689/O (LUT3)
Found timing loop:
     0: i_4882/O (LUT3)
      [E:/bob_full_v1/hw/src/clb/clb.sv:28]
     1: i_4882/O (LUT3)
Found timing loop:
     0: i_4883/O (LUT3)
      [E:/bob_full_v1/hw/src/clb/clb.sv:28]
     1: i_4883/O (LUT3)
Found timing loop:
     0: i_5399/O (LUT6)
      [E:/bob_full_v1/hw/src/clb/clb.sv:28]
     1: i_5399/O (LUT6)
Found timing loop:
     0: i_5524/O (LUT3)
      [E:/bob_full_v1/hw/src/clb/clb.sv:28]
     1: i_5524/O (LUT3)
Found timing loop:
     0: i_5523/O (LUT3)
      [E:/bob_full_v1/hw/src/clb/clb.sv:28]
     1: i_5523/O (LUT3)
Found timing loop:
     0: i_5522/O (LUT3)
      [E:/bob_full_v1/hw/src/clb/clb.sv:28]
     1: i_5522/O (LUT3)
Found timing loop:
     0: i_5110/O (LUT3)
      [E:/bob_full_v1/hw/src/clb/clb.sv:28]
     1: i_5110/O (LUT3)
Found timing loop:
     0: i_5108/O (LUT3)
      [E:/bob_full_v1/hw/src/clb/clb.sv:28]
     1: i_5108/O (LUT3)
Found timing loop:
     0: i_5107/O (LUT3)
      [E:/bob_full_v1/hw/src/clb/clb.sv:28]
     1: i_5107/O (LUT3)
Found timing loop:
     0: i_5106/O (LUT3)
      [E:/bob_full_v1/hw/src/clb/clb.sv:28]
     1: i_5106/O (LUT3)
Found timing loop:
     0: i_4103/O (LUT3)
      [E:/bob_full_v1/hw/src/clb/clb.sv:28]
     1: i_4103/I1 (LUT3)
     2: i_3915/O (LUT6)
      [(null):0]
     3: i_3915/I3 (LUT6)
     4: i_4077/O (LUT6)
      [(null):0]
     5: i_4077/I5 (LUT6)
     6: i_4895/O (LUT3)
      [E:/bob_full_v1/hw/src/clb/clb.sv:28]
     7: i_4895/O (LUT3)
Inferred a: "set_disable_timing -from I1 -to O i_4103"
Found timing loop:
     0: i_3893/O (LUT3)
      [E:/bob_full_v1/hw/src/clb/clb.sv:28]
     1: i_3893/O (LUT3)
Found timing loop:
     0: i_3892/O (LUT3)
      [E:/bob_full_v1/hw/src/clb/clb.sv:28]
     1: i_3892/O (LUT3)
Found timing loop:
     0: i_3891/O (LUT3)
      [E:/bob_full_v1/hw/src/clb/clb.sv:28]
     1: i_3891/O (LUT3)
Found timing loop:
     0: i_3890/O (LUT3)
      [E:/bob_full_v1/hw/src/clb/clb.sv:28]
     1: i_3890/O (LUT3)
Found timing loop:
     0: i_4082/O (LUT3)
      [E:/bob_full_v1/hw/src/clb/clb.sv:28]
     1: i_4082/O (LUT3)
Found timing loop:
     0: i_4084/O (LUT3)
      [E:/bob_full_v1/hw/src/clb/clb.sv:28]
     1: i_4084/O (LUT3)
Found timing loop:
     0: i_4895/O (LUT3)
      [E:/bob_full_v1/hw/src/clb/clb.sv:28]
     1: i_4895/O (LUT3)
Found timing loop:
     0: i_4894/O (LUT3)
      [E:/bob_full_v1/hw/src/clb/clb.sv:28]
     1: i_4894/I1 (LUT3)
     2: i_4809/O (LUT6)
      [(null):0]
     3: i_4809/I0 (LUT6)
     4: i_4813/O (LUT6)
      [(null):0]
     5: i_4813/I5 (LUT6)
     6: i_4103/O (LUT3)
      [E:/bob_full_v1/hw/src/clb/clb.sv:28]
     7: i_4103/O (LUT3)
Inferred a: "set_disable_timing -from I1 -to O i_4894"
Found timing loop:
     0: i_4692/O (LUT3)
      [E:/bob_full_v1/hw/src/clb/clb.sv:28]
     1: i_4692/O (LUT3)
Found timing loop:
     0: i_4691/O (LUT3)
      [E:/bob_full_v1/hw/src/clb/clb.sv:28]
     1: i_4691/O (LUT3)
Found timing loop:
     0: i_4690/O (LUT3)
      [E:/bob_full_v1/hw/src/clb/clb.sv:28]
     1: i_4690/O (LUT3)
Found timing loop:
     0: i_4689/O (LUT3)
      [E:/bob_full_v1/hw/src/clb/clb.sv:28]
     1: i_4689/O (LUT3)
Found timing loop:
     0: i_4883/O (LUT3)
      [E:/bob_full_v1/hw/src/clb/clb.sv:28]
     1: i_4883/O (LUT3)
Found timing loop:
     0: i_4882/O (LUT3)
      [E:/bob_full_v1/hw/src/clb/clb.sv:28]
     1: i_4882/O (LUT3)
Found timing loop:
     0: i_5399/O (LUT6)
      [E:/bob_full_v1/hw/src/clb/clb.sv:28]
     1: i_5399/O (LUT6)
Found timing loop:
     0: i_5524/O (LUT3)
      [E:/bob_full_v1/hw/src/clb/clb.sv:28]
     1: i_5524/O (LUT3)
Found timing loop:
     0: i_5523/O (LUT3)
      [E:/bob_full_v1/hw/src/clb/clb.sv:28]
     1: i_5523/O (LUT3)
Found timing loop:
     0: i_5522/O (LUT3)
      [E:/bob_full_v1/hw/src/clb/clb.sv:28]
     1: i_5522/O (LUT3)
Found timing loop:
     0: i_5110/O (LUT3)
      [E:/bob_full_v1/hw/src/clb/clb.sv:28]
     1: i_5110/O (LUT3)
Found timing loop:
     0: i_5108/O (LUT3)
      [E:/bob_full_v1/hw/src/clb/clb.sv:28]
     1: i_5108/O (LUT3)
Found timing loop:
     0: i_5107/O (LUT3)
      [E:/bob_full_v1/hw/src/clb/clb.sv:28]
     1: i_5107/O (LUT3)
Found timing loop:
     0: i_5106/O (LUT3)
      [E:/bob_full_v1/hw/src/clb/clb.sv:28]
     1: i_5106/O (LUT3)
Found timing loop:
     0: i_4103/O (LUT3)
      [E:/bob_full_v1/hw/src/clb/clb.sv:28]
     1: i_4103/O (LUT3)
Found timing loop:
     0: i_4102/O (LUT3)
      [E:/bob_full_v1/hw/src/clb/clb.sv:28]
     1: i_4102/I1 (LUT3)
     2: i_4070/O (LUT6)
      [(null):0]
     3: i_4070/I3 (LUT6)
     4: i_4072/O (LUT6)
      [(null):0]
     5: i_4072/I5 (LUT6)
     6: i_4895/O (LUT3)
      [E:/bob_full_v1/hw/src/clb/clb.sv:28]
     7: i_4895/O (LUT3)
Inferred a: "set_disable_timing -from I1 -to O i_4102"
Found timing loop:
     0: i_3893/O (LUT3)
      [E:/bob_full_v1/hw/src/clb/clb.sv:28]
     1: i_3893/O (LUT3)
Found timing loop:
     0: i_3892/O (LUT3)
      [E:/bob_full_v1/hw/src/clb/clb.sv:28]
     1: i_3892/O (LUT3)
Found timing loop:
     0: i_3891/O (LUT3)
      [E:/bob_full_v1/hw/src/clb/clb.sv:28]
     1: i_3891/O (LUT3)
Found timing loop:
     0: i_3890/O (LUT3)
      [E:/bob_full_v1/hw/src/clb/clb.sv:28]
     1: i_3890/O (LUT3)
Found timing loop:
     0: i_4082/O (LUT3)
      [E:/bob_full_v1/hw/src/clb/clb.sv:28]
     1: i_4082/O (LUT3)
Found timing loop:
     0: i_4084/O (LUT3)
      [E:/bob_full_v1/hw/src/clb/clb.sv:28]
     1: i_4084/O (LUT3)
Found timing loop:
     0: i_4895/O (LUT3)
      [E:/bob_full_v1/hw/src/clb/clb.sv:28]
     1: i_4895/O (LUT3)
Found timing loop:
     0: i_4894/O (LUT3)
      [E:/bob_full_v1/hw/src/clb/clb.sv:28]
     1: i_4894/O (LUT3)
Found timing loop:
     0: i_4893/O (LUT3)
      [E:/bob_full_v1/hw/src/clb/clb.sv:28]
     1: i_4893/I1 (LUT3)
     2: i_4802/O (LUT6)
      [(null):0]
     3: i_4802/I0 (LUT6)
     4: i_4806/O (LUT6)
      [(null):0]
     5: i_4806/I5 (LUT6)
     6: i_4103/O (LUT3)
      [E:/bob_full_v1/hw/src/clb/clb.sv:28]
     7: i_4103/O (LUT3)
Inferred a: "set_disable_timing -from I1 -to O i_4893"
Found timing loop:
     0: i_4692/O (LUT3)
      [E:/bob_full_v1/hw/src/clb/clb.sv:28]
     1: i_4692/O (LUT3)
Found timing loop:
     0: i_4691/O (LUT3)
      [E:/bob_full_v1/hw/src/clb/clb.sv:28]
     1: i_4691/O (LUT3)
Found timing loop:
     0: i_4690/O (LUT3)
      [E:/bob_full_v1/hw/src/clb/clb.sv:28]
     1: i_4690/O (LUT3)
Found timing loop:
     0: i_4689/O (LUT3)
      [E:/bob_full_v1/hw/src/clb/clb.sv:28]
     1: i_4689/O (LUT3)
Found timing loop:
     0: i_4883/O (LUT3)
      [E:/bob_full_v1/hw/src/clb/clb.sv:28]
     1: i_4883/O (LUT3)
Found timing loop:
     0: i_4882/O (LUT3)
      [E:/bob_full_v1/hw/src/clb/clb.sv:28]
     1: i_4882/O (LUT3)
Found timing loop:
     0: i_5399/O (LUT6)
      [E:/bob_full_v1/hw/src/clb/clb.sv:28]
     1: i_5399/O (LUT6)
Found timing loop:
     0: i_5524/O (LUT3)
      [E:/bob_full_v1/hw/src/clb/clb.sv:28]
     1: i_5524/O (LUT3)
Found timing loop:
     0: i_5523/O (LUT3)
      [E:/bob_full_v1/hw/src/clb/clb.sv:28]
     1: i_5523/O (LUT3)
Found timing loop:
     0: i_5522/O (LUT3)
      [E:/bob_full_v1/hw/src/clb/clb.sv:28]
     1: i_5522/O (LUT3)
Found timing loop:
     0: i_5110/O (LUT3)
      [E:/bob_full_v1/hw/src/clb/clb.sv:28]
     1: i_5110/O (LUT3)
Found timing loop:
     0: i_5108/O (LUT3)
      [E:/bob_full_v1/hw/src/clb/clb.sv:28]
     1: i_5108/O (LUT3)
Found timing loop:
     0: i_5107/O (LUT3)
      [E:/bob_full_v1/hw/src/clb/clb.sv:28]
     1: i_5107/O (LUT3)
Found timing loop:
     0: i_5106/O (LUT3)
      [E:/bob_full_v1/hw/src/clb/clb.sv:28]
     1: i_5106/O (LUT3)
Found timing loop:
     0: i_4103/O (LUT3)
      [E:/bob_full_v1/hw/src/clb/clb.sv:28]
     1: i_4103/O (LUT3)
Found timing loop:
     0: i_4102/O (LUT3)
      [E:/bob_full_v1/hw/src/clb/clb.sv:28]
     1: i_4102/O (LUT3)
Found timing loop:
     0: i_4101/O (LUT3)
      [E:/bob_full_v1/hw/src/clb/clb.sv:28]
     1: i_4101/I1 (LUT3)
     2: i_3917/O (LUT6)
      [(null):0]
     3: i_3917/I3 (LUT6)
     4: i_4065/O (LUT6)
      [(null):0]
     5: i_4065/I5 (LUT6)
     6: i_4895/O (LUT3)
      [E:/bob_full_v1/hw/src/clb/clb.sv:28]
     7: i_4895/O (LUT3)
Inferred a: "set_disable_timing -from I1 -to O i_4101"
Found timing loop:
     0: i_3893/O (LUT3)
      [E:/bob_full_v1/hw/src/clb/clb.sv:28]
     1: i_3893/O (LUT3)
Found timing loop:
     0: i_3892/O (LUT3)
      [E:/bob_full_v1/hw/src/clb/clb.sv:28]
     1: i_3892/O (LUT3)
Found timing loop:
     0: i_3891/O (LUT3)
      [E:/bob_full_v1/hw/src/clb/clb.sv:28]
     1: i_3891/O (LUT3)
Found timing loop:
     0: i_3890/O (LUT3)
      [E:/bob_full_v1/hw/src/clb/clb.sv:28]
     1: i_3890/O (LUT3)
Found timing loop:
     0: i_4084/O (LUT3)
      [E:/bob_full_v1/hw/src/clb/clb.sv:28]
     1: i_4084/O (LUT3)
Found timing loop:
     0: i_4082/O (LUT3)
      [E:/bob_full_v1/hw/src/clb/clb.sv:28]
     1: i_4082/O (LUT3)
Found timing loop:
     0: i_4895/O (LUT3)
      [E:/bob_full_v1/hw/src/clb/clb.sv:28]
     1: i_4895/O (LUT3)
Found timing loop:
     0: i_4894/O (LUT3)
      [E:/bob_full_v1/hw/src/clb/clb.sv:28]
     1: i_4894/O (LUT3)
Found timing loop:
     0: i_4893/O (LUT3)
      [E:/bob_full_v1/hw/src/clb/clb.sv:28]
     1: i_4893/O (LUT3)
Found timing loop:
     0: i_4892/O (LUT3)
      [E:/bob_full_v1/hw/src/clb/clb.sv:28]
     1: i_4892/I1 (LUT3)
     2: i_4795/O (LUT6)
      [(null):0]
     3: i_4795/I0 (LUT6)
     4: i_4799/O (LUT6)
      [(null):0]
     5: i_4799/I5 (LUT6)
     6: i_4103/O (LUT3)
      [E:/bob_full_v1/hw/src/clb/clb.sv:28]
     7: i_4103/O (LUT3)
Inferred a: "set_disable_timing -from I1 -to O i_4892"
Found timing loop:
     0: i_3893/O (LUT3)
      [E:/bob_full_v1/hw/src/clb/clb.sv:28]
     1: i_3893/O (LUT3)
Found timing loop:
     0: i_3892/O (LUT3)
      [E:/bob_full_v1/hw/src/clb/clb.sv:28]
     1: i_3892/O (LUT3)
Found timing loop:
     0: i_3891/O (LUT3)
      [E:/bob_full_v1/hw/src/clb/clb.sv:28]
     1: i_3891/O (LUT3)
Found timing loop:
     0: i_3890/O (LUT3)
      [E:/bob_full_v1/hw/src/clb/clb.sv:28]
     1: i_3890/O (LUT3)
Found timing loop:
     0: i_4084/O (LUT3)
      [E:/bob_full_v1/hw/src/clb/clb.sv:28]
     1: i_4084/O (LUT3)
Found timing loop:
     0: i_4082/O (LUT3)
      [E:/bob_full_v1/hw/src/clb/clb.sv:28]
     1: i_4082/O (LUT3)
Found timing loop:
     0: i_4895/O (LUT3)
      [E:/bob_full_v1/hw/src/clb/clb.sv:28]
     1: i_4895/O (LUT3)
Found timing loop:
     0: i_4894/O (LUT3)
      [E:/bob_full_v1/hw/src/clb/clb.sv:28]
     1: i_4894/O (LUT3)
Found timing loop:
     0: i_4893/O (LUT3)
      [E:/bob_full_v1/hw/src/clb/clb.sv:28]
     1: i_4893/O (LUT3)
Found timing loop:
     0: i_4892/O (LUT3)
      [E:/bob_full_v1/hw/src/clb/clb.sv:28]
     1: i_4892/O (LUT3)
Found timing loop:
     0: i_4297/O (LUT3)
      [E:/bob_full_v1/hw/src/clb/clb.sv:28]
     1: i_4297/I2 (LUT3)
     2: i_4221/O (LUT3)
      [(null):0]
     3: i_4221/I2 (LUT3)
     4: i_4222/O (LUT6)
      [(null):0]
     5: i_4222/I5 (LUT6)
     6: i_4097/O (LUT3)
      [E:/bob_full_v1/hw/src/clb/clb.sv:28]
     7: i_4097/I1 (LUT3)
     8: i_4039/O (LUT6)
      [(null):0]
     9: i_4039/I1 (LUT6)
    10: i_4042/O (LUT6)
      [(null):0]
    11: i_4042/I5 (LUT6)
    12: i_4297/O (LUT3)
      [E:/bob_full_v1/hw/src/clb/clb.sv:28]
Inferred a: "set_disable_timing -from I2 -to O i_4297"
Found timing loop:
     0: i_4097/O (LUT3)
      [E:/bob_full_v1/hw/src/clb/clb.sv:28]
     1: i_4097/I1 (LUT3)
     2: i_4039/O (LUT6)
      [(null):0]
     3: i_4039/I1 (LUT6)
     4: i_4042/O (LUT6)
      [(null):0]
     5: i_4042/I5 (LUT6)
     6: i_4297/O (LUT3)
      [E:/bob_full_v1/hw/src/clb/clb.sv:28]
     7: i_4297/O (LUT3)
Inferred a: "set_disable_timing -from I1 -to O i_4097"
Found timing loop:
     0: i_3893/O (LUT3)
      [E:/bob_full_v1/hw/src/clb/clb.sv:28]
     1: i_3893/O (LUT3)
Found timing loop:
     0: i_3892/O (LUT3)
      [E:/bob_full_v1/hw/src/clb/clb.sv:28]
     1: i_3892/O (LUT3)
Found timing loop:
     0: i_3891/O (LUT3)
      [E:/bob_full_v1/hw/src/clb/clb.sv:28]
     1: i_3891/O (LUT3)
Found timing loop:
     0: i_3890/O (LUT3)
      [E:/bob_full_v1/hw/src/clb/clb.sv:28]
     1: i_3890/O (LUT3)
Found timing loop:
     0: i_4084/O (LUT3)
      [E:/bob_full_v1/hw/src/clb/clb.sv:28]
     1: i_4084/O (LUT3)
Found timing loop:
     0: i_4082/O (LUT3)
      [E:/bob_full_v1/hw/src/clb/clb.sv:28]
     1: i_4082/O (LUT3)
Found timing loop:
     0: i_4895/O (LUT3)
      [E:/bob_full_v1/hw/src/clb/clb.sv:28]
     1: i_4895/O (LUT3)
Found timing loop:
     0: i_4894/O (LUT3)
      [E:/bob_full_v1/hw/src/clb/clb.sv:28]
     1: i_4894/O (LUT3)
Found timing loop:
     0: i_4893/O (LUT3)
      [E:/bob_full_v1/hw/src/clb/clb.sv:28]
     1: i_4893/O (LUT3)
Found timing loop:
     0: i_4892/O (LUT3)
      [E:/bob_full_v1/hw/src/clb/clb.sv:28]
     1: i_4892/O (LUT3)
Found timing loop:
     0: i_4297/O (LUT3)
      [E:/bob_full_v1/hw/src/clb/clb.sv:28]
     1: i_4297/O (LUT3)
Found timing loop:
     0: i_4296/O (LUT3)
      [E:/bob_full_v1/hw/src/clb/clb.sv:28]
     1: i_4296/I2 (LUT3)
     2: i_4215/O (LUT3)
      [(null):0]
     3: i_4215/I2 (LUT3)
     4: i_4216/O (LUT6)
      [(null):0]
     5: i_4216/I5 (LUT6)
     6: i_4097/O (LUT3)
      [E:/bob_full_v1/hw/src/clb/clb.sv:28]
     7: i_4097/O (LUT3)
Inferred a: "set_disable_timing -from I2 -to O i_4296"
Found timing loop:
     0: i_4097/O (LUT3)
      [E:/bob_full_v1/hw/src/clb/clb.sv:28]
     1: i_4097/O (LUT3)
Found timing loop:
     0: i_4099/O (LUT3)
      [E:/bob_full_v1/hw/src/clb/clb.sv:28]
     1: i_4099/I1 (LUT3)
     2: i_4051/O (LUT6)
      [(null):0]
     3: i_4051/I1 (LUT6)
     4: i_4054/O (LUT6)
      [(null):0]
     5: i_4054/I5 (LUT6)
     6: i_4297/O (LUT3)
      [E:/bob_full_v1/hw/src/clb/clb.sv:28]
     7: i_4297/O (LUT3)
Inferred a: "set_disable_timing -from I1 -to O i_4099"
Found timing loop:
     0: i_3893/O (LUT3)
      [E:/bob_full_v1/hw/src/clb/clb.sv:28]
     1: i_3893/O (LUT3)
Found timing loop:
     0: i_3892/O (LUT3)
      [E:/bob_full_v1/hw/src/clb/clb.sv:28]
     1: i_3892/O (LUT3)
Found timing loop:
     0: i_3891/O (LUT3)
      [E:/bob_full_v1/hw/src/clb/clb.sv:28]
     1: i_3891/O (LUT3)
Found timing loop:
     0: i_3890/O (LUT3)
      [E:/bob_full_v1/hw/src/clb/clb.sv:28]
     1: i_3890/O (LUT3)
Found timing loop:
     0: i_4084/O (LUT3)
      [E:/bob_full_v1/hw/src/clb/clb.sv:28]
     1: i_4084/O (LUT3)
Found timing loop:
     0: i_4082/O (LUT3)
      [E:/bob_full_v1/hw/src/clb/clb.sv:28]
     1: i_4082/O (LUT3)
Found timing loop:
     0: i_4895/O (LUT3)
      [E:/bob_full_v1/hw/src/clb/clb.sv:28]
     1: i_4895/O (LUT3)
Found timing loop:
     0: i_4894/O (LUT3)
      [E:/bob_full_v1/hw/src/clb/clb.sv:28]
     1: i_4894/O (LUT3)
Found timing loop:
     0: i_4893/O (LUT3)
      [E:/bob_full_v1/hw/src/clb/clb.sv:28]
     1: i_4893/O (LUT3)
Found timing loop:
     0: i_4892/O (LUT3)
      [E:/bob_full_v1/hw/src/clb/clb.sv:28]
     1: i_4892/O (LUT3)
Found timing loop:
     0: i_4297/O (LUT3)
      [E:/bob_full_v1/hw/src/clb/clb.sv:28]
     1: i_4297/O (LUT3)
Found timing loop:
     0: i_4296/O (LUT3)
      [E:/bob_full_v1/hw/src/clb/clb.sv:28]
     1: i_4296/O (LUT3)
Found timing loop:
     0: i_4295/O (LUT3)
      [E:/bob_full_v1/hw/src/clb/clb.sv:28]
     1: i_4295/I2 (LUT3)
     2: i_4209/O (LUT3)
      [(null):0]
     3: i_4209/I2 (LUT3)
     4: i_4210/O (LUT6)
      [(null):0]
     5: i_4210/I5 (LUT6)
     6: i_4097/O (LUT3)
      [E:/bob_full_v1/hw/src/clb/clb.sv:28]
     7: i_4097/O (LUT3)
Inferred a: "set_disable_timing -from I2 -to O i_4295"
Found timing loop:
     0: i_4097/O (LUT3)
      [E:/bob_full_v1/hw/src/clb/clb.sv:28]
     1: i_4097/O (LUT3)
Found timing loop:
     0: i_4099/O (LUT3)
      [E:/bob_full_v1/hw/src/clb/clb.sv:28]
     1: i_4099/O (LUT3)
Found timing loop:
     0: i_4096/O (LUT3)
      [E:/bob_full_v1/hw/src/clb/clb.sv:28]
     1: i_4096/I1 (LUT3)
     2: i_4032/O (LUT6)
      [(null):0]
     3: i_4032/I1 (LUT6)
     4: i_4035/O (LUT6)
      [(null):0]
     5: i_4035/I5 (LUT6)
     6: i_4297/O (LUT3)
      [E:/bob_full_v1/hw/src/clb/clb.sv:28]
     7: i_4297/O (LUT3)
Inferred a: "set_disable_timing -from I1 -to O i_4096"
Found timing loop:
     0: i_3893/O (LUT3)
      [E:/bob_full_v1/hw/src/clb/clb.sv:28]
     1: i_3893/O (LUT3)
Found timing loop:
     0: i_3892/O (LUT3)
      [E:/bob_full_v1/hw/src/clb/clb.sv:28]
     1: i_3892/O (LUT3)
Found timing loop:
     0: i_3891/O (LUT3)
      [E:/bob_full_v1/hw/src/clb/clb.sv:28]
     1: i_3891/O (LUT3)
Found timing loop:
     0: i_3890/O (LUT3)
      [E:/bob_full_v1/hw/src/clb/clb.sv:28]
     1: i_3890/O (LUT3)
Found timing loop:
     0: i_4082/O (LUT3)
      [E:/bob_full_v1/hw/src/clb/clb.sv:28]
     1: i_4082/O (LUT3)
Found timing loop:
     0: i_4084/O (LUT3)
      [E:/bob_full_v1/hw/src/clb/clb.sv:28]
     1: i_4084/O (LUT3)
Found timing loop:
     0: i_4895/O (LUT3)
      [E:/bob_full_v1/hw/src/clb/clb.sv:28]
     1: i_4895/O (LUT3)
Found timing loop:
     0: i_4894/O (LUT3)
      [E:/bob_full_v1/hw/src/clb/clb.sv:28]
     1: i_4894/O (LUT3)
Found timing loop:
     0: i_4893/O (LUT3)
      [E:/bob_full_v1/hw/src/clb/clb.sv:28]
     1: i_4893/O (LUT3)
Found timing loop:
     0: i_4892/O (LUT3)
      [E:/bob_full_v1/hw/src/clb/clb.sv:28]
     1: i_4892/O (LUT3)
Found timing loop:
     0: i_4297/O (LUT3)
      [E:/bob_full_v1/hw/src/clb/clb.sv:28]
     1: i_4297/O (LUT3)
Found timing loop:
     0: i_4296/O (LUT3)
      [E:/bob_full_v1/hw/src/clb/clb.sv:28]
     1: i_4296/O (LUT3)
Found timing loop:
     0: i_4295/O (LUT3)
      [E:/bob_full_v1/hw/src/clb/clb.sv:28]
     1: i_4295/O (LUT3)
Found timing loop:
     0: i_4294/O (LUT3)
      [E:/bob_full_v1/hw/src/clb/clb.sv:28]
     1: i_4294/I2 (LUT3)
     2: i_4203/O (LUT3)
      [(null):0]
     3: i_4203/I2 (LUT3)
     4: i_4204/O (LUT6)
      [(null):0]
     5: i_4204/I5 (LUT6)
     6: i_4097/O (LUT3)
      [E:/bob_full_v1/hw/src/clb/clb.sv:28]
     7: i_4097/O (LUT3)
Inferred a: "set_disable_timing -from I2 -to O i_4294"
Found timing loop:
     0: i_3231/O (LUT3)
      [E:/bob_full_v1/hw/src/clb/clb.sv:28]
     1: i_3231/O (LUT3)
Found timing loop:
     0: i_3230/O (LUT3)
      [E:/bob_full_v1/hw/src/clb/clb.sv:28]
     1: i_3230/O (LUT3)
Found timing loop:
     0: i_3229/O (LUT3)
      [E:/bob_full_v1/hw/src/clb/clb.sv:28]
     1: i_3229/O (LUT3)
Found timing loop:
     0: i_3228/O (LUT3)
      [E:/bob_full_v1/hw/src/clb/clb.sv:28]
     1: i_3228/O (LUT3)
Found timing loop:
     0: i_3512/O (LUT3)
      [E:/bob_full_v1/hw/src/clb/mux_bank.v:35]
     1: i_3512/O (LUT3)
Found timing loop:
     0: i_3513/O (LUT3)
      [E:/bob_full_v1/hw/src/clb/mux_bank.v:35]
     1: i_3513/O (LUT3)
Found timing loop:
     0: i_3514/O (LUT3)
      [E:/bob_full_v1/hw/src/clb/mux_bank.v:35]
     1: i_3514/O (LUT3)
Found timing loop:
     0: i_3382/O (LUT3)
      [E:/bob_full_v1/hw/src/clb/clb.sv:28]
     1: i_3382/O (LUT3)
Found timing loop:
     0: i_4095/O (LUT3)
      [E:/bob_full_v1/hw/src/clb/clb.sv:28]
     1: i_4095/I2 (LUT3)
     2: i_4030/O (LUT3)
      [(null):0]
     3: i_4030/I0 (LUT3)
     4: i_4031/O (LUT6)
      [(null):0]
     5: i_4031/I5 (LUT6)
     6: i_3893/O (LUT3)
      [E:/bob_full_v1/hw/src/clb/clb.sv:28]
     7: i_3893/O (LUT3)
Inferred a: "set_disable_timing -from I2 -to O i_4095"
Found timing loop:
     0: i_3893/O (LUT3)
      [E:/bob_full_v1/hw/src/clb/clb.sv:28]
     1: i_3893/O (LUT3)
Found timing loop:
     0: i_3892/O (LUT3)
      [E:/bob_full_v1/hw/src/clb/clb.sv:28]
     1: i_3892/O (LUT3)
Found timing loop:
     0: i_3891/O (LUT3)
      [E:/bob_full_v1/hw/src/clb/clb.sv:28]
     1: i_3891/O (LUT3)
Found timing loop:
     0: i_3890/O (LUT3)
      [E:/bob_full_v1/hw/src/clb/clb.sv:28]
     1: i_3890/O (LUT3)
Found timing loop:
     0: i_4084/O (LUT3)
      [E:/bob_full_v1/hw/src/clb/clb.sv:28]
     1: i_4084/O (LUT3)
Found timing loop:
     0: i_4082/O (LUT3)
      [E:/bob_full_v1/hw/src/clb/clb.sv:28]
     1: i_4082/O (LUT3)
Found timing loop:
     0: i_4895/O (LUT3)
      [E:/bob_full_v1/hw/src/clb/clb.sv:28]
     1: i_4895/O (LUT3)
Found timing loop:
     0: i_4894/O (LUT3)
      [E:/bob_full_v1/hw/src/clb/clb.sv:28]
     1: i_4894/O (LUT3)
Found timing loop:
     0: i_4893/O (LUT3)
      [E:/bob_full_v1/hw/src/clb/clb.sv:28]
     1: i_4893/O (LUT3)
Found timing loop:
     0: i_4892/O (LUT3)
      [E:/bob_full_v1/hw/src/clb/clb.sv:28]
     1: i_4892/O (LUT3)
Found timing loop:
     0: i_4297/O (LUT3)
      [E:/bob_full_v1/hw/src/clb/clb.sv:28]
     1: i_4297/O (LUT3)
Found timing loop:
     0: i_4296/O (LUT3)
      [E:/bob_full_v1/hw/src/clb/clb.sv:28]
     1: i_4296/O (LUT3)
Found timing loop:
     0: i_4295/O (LUT3)
      [E:/bob_full_v1/hw/src/clb/clb.sv:28]
     1: i_4295/O (LUT3)
Found timing loop:
     0: i_4294/O (LUT3)
      [E:/bob_full_v1/hw/src/clb/clb.sv:28]
     1: i_4294/O (LUT3)
Found timing loop:
     0: i_3400/O (LUT3)
      [E:/bob_full_v1/hw/src/clb/clb.sv:28]
     1: i_3400/I1 (LUT3)
     2: i_3292/O (MUXF7)
      [E:/bob_full_v1/hw/src/clb/clb.sv:28]
     3: i_3292/I0 (MUXF7)
     4: i_3377/O (LUT6)
      [E:/bob_full_v1/hw/src/clb/clb.sv:28]
     5: i_3377/I3 (LUT6)
     6: i_3382/O (LUT3)
      [E:/bob_full_v1/hw/src/clb/clb.sv:28]
     7: i_3382/O (LUT3)
Inferred a: "set_disable_timing -from I1 -to O i_3400"
Found timing loop:
     0: i_3231/O (LUT3)
      [E:/bob_full_v1/hw/src/clb/clb.sv:28]
     1: i_3231/O (LUT3)
Found timing loop:
     0: i_3230/O (LUT3)
      [E:/bob_full_v1/hw/src/clb/clb.sv:28]
     1: i_3230/O (LUT3)
Found timing loop:
     0: i_3229/O (LUT3)
      [E:/bob_full_v1/hw/src/clb/clb.sv:28]
     1: i_3229/O (LUT3)
Found timing loop:
     0: i_3228/O (LUT3)
      [E:/bob_full_v1/hw/src/clb/clb.sv:28]
     1: i_3228/O (LUT3)
Found timing loop:
     0: i_3512/O (LUT3)
      [E:/bob_full_v1/hw/src/clb/mux_bank.v:35]
     1: i_3512/O (LUT3)
Found timing loop:
     0: i_3513/O (LUT3)
      [E:/bob_full_v1/hw/src/clb/mux_bank.v:35]
     1: i_3513/O (LUT3)
Found timing loop:
     0: i_3514/O (LUT3)
      [E:/bob_full_v1/hw/src/clb/mux_bank.v:35]
     1: i_3514/O (LUT3)
Found timing loop:
     0: i_3382/O (LUT3)
      [E:/bob_full_v1/hw/src/clb/clb.sv:28]
     1: i_3382/O (LUT3)
Found timing loop:
     0: i_4095/O (LUT3)
      [E:/bob_full_v1/hw/src/clb/clb.sv:28]
     1: i_4095/O (LUT3)
Found timing loop:
     0: i_4094/O (LUT3)
      [E:/bob_full_v1/hw/src/clb/clb.sv:28]
     1: i_4094/I1 (LUT3)
     2: i_4020/O (LUT6)
      [(null):0]
     3: i_4020/I0 (LUT6)
     4: i_4023/O (LUT6)
      [(null):0]
     5: i_4023/I5 (LUT6)
     6: i_3400/O (LUT3)
      [E:/bob_full_v1/hw/src/clb/clb.sv:28]
     7: i_3400/O (LUT3)
Inferred a: "set_disable_timing -from I1 -to O i_4094"
Found timing loop:
     0: i_4082/O (LUT3)
      [E:/bob_full_v1/hw/src/clb/clb.sv:28]
     1: i_4082/O (LUT3)
Found timing loop:
     0: i_4084/O (LUT3)
      [E:/bob_full_v1/hw/src/clb/clb.sv:28]
     1: i_4084/O (LUT3)
Found timing loop:
     0: i_4895/O (LUT3)
      [E:/bob_full_v1/hw/src/clb/clb.sv:28]
     1: i_4895/O (LUT3)
Found timing loop:
     0: i_4894/O (LUT3)
      [E:/bob_full_v1/hw/src/clb/clb.sv:28]
     1: i_4894/O (LUT3)
Found timing loop:
     0: i_4893/O (LUT3)
      [E:/bob_full_v1/hw/src/clb/clb.sv:28]
     1: i_4893/O (LUT3)
Found timing loop:
     0: i_4892/O (LUT3)
      [E:/bob_full_v1/hw/src/clb/clb.sv:28]
     1: i_4892/O (LUT3)
Found timing loop:
     0: i_3400/O (LUT3)
      [E:/bob_full_v1/hw/src/clb/clb.sv:28]
     1: i_3400/O (LUT3)
Found timing loop:
     0: i_3399/O (LUT3)
      [E:/bob_full_v1/hw/src/clb/clb.sv:28]
     1: i_3399/I1 (LUT3)
     2: i_3290/O (MUXF7)
      [E:/bob_full_v1/hw/src/clb/clb.sv:28]
     3: i_3290/I0 (MUXF7)
     4: i_3372/O (LUT6)
      [E:/bob_full_v1/hw/src/clb/clb.sv:28]
     5: i_3372/I3 (LUT6)
     6: i_3382/O (LUT3)
      [E:/bob_full_v1/hw/src/clb/clb.sv:28]
     7: i_3382/O (LUT3)
Inferred a: "set_disable_timing -from I1 -to O i_3399"
Found timing loop:
     0: i_3231/O (LUT3)
      [E:/bob_full_v1/hw/src/clb/clb.sv:28]
     1: i_3231/O (LUT3)
Found timing loop:
     0: i_3230/O (LUT3)
      [E:/bob_full_v1/hw/src/clb/clb.sv:28]
     1: i_3230/O (LUT3)
Found timing loop:
     0: i_3229/O (LUT3)
      [E:/bob_full_v1/hw/src/clb/clb.sv:28]
     1: i_3229/O (LUT3)
Found timing loop:
     0: i_3228/O (LUT3)
      [E:/bob_full_v1/hw/src/clb/clb.sv:28]
     1: i_3228/O (LUT3)
Found timing loop:
     0: i_3512/O (LUT3)
      [E:/bob_full_v1/hw/src/clb/mux_bank.v:35]
     1: i_3512/O (LUT3)
Found timing loop:
     0: i_3513/O (LUT3)
      [E:/bob_full_v1/hw/src/clb/mux_bank.v:35]
     1: i_3513/O (LUT3)
Found timing loop:
     0: i_3514/O (LUT3)
      [E:/bob_full_v1/hw/src/clb/mux_bank.v:35]
     1: i_3514/O (LUT3)
Found timing loop:
     0: i_3382/O (LUT3)
      [E:/bob_full_v1/hw/src/clb/clb.sv:28]
     1: i_3382/O (LUT3)
Found timing loop:
     0: i_4095/O (LUT3)
      [E:/bob_full_v1/hw/src/clb/clb.sv:28]
     1: i_4095/O (LUT3)
Found timing loop:
     0: i_4094/O (LUT3)
      [E:/bob_full_v1/hw/src/clb/clb.sv:28]
     1: i_4094/O (LUT3)
Found timing loop:
     0: i_4013/O (LUT6)
      [(null):0]
     1: i_4013/I3 (LUT6)
     2: i_4016/O (MUXF7)
      [(null):0]
     3: i_4016/I1 (MUXF7)
     4: i_4017/O (LUT6)
      [(null):0]
     5: i_4017/I5 (LUT6)
     6: i_3400/O (LUT3)
      [E:/bob_full_v1/hw/src/clb/clb.sv:28]
     7: i_3400/O (LUT3)
Inferred a: "set_disable_timing -from I3 -to O i_4013"
Found timing loop:
     0: i_3893/O (LUT3)
      [E:/bob_full_v1/hw/src/clb/clb.sv:28]
     1: i_3893/O (LUT3)
Found timing loop:
     0: i_3892/O (LUT3)
      [E:/bob_full_v1/hw/src/clb/clb.sv:28]
     1: i_3892/O (LUT3)
Found timing loop:
     0: i_3891/O (LUT3)
      [E:/bob_full_v1/hw/src/clb/clb.sv:28]
     1: i_3891/O (LUT3)
Found timing loop:
     0: i_3890/O (LUT3)
      [E:/bob_full_v1/hw/src/clb/clb.sv:28]
     1: i_3890/O (LUT3)
Found timing loop:
     0: i_4082/O (LUT3)
      [E:/bob_full_v1/hw/src/clb/clb.sv:28]
     1: i_4082/O (LUT3)
Found timing loop:
     0: i_4084/O (LUT3)
      [E:/bob_full_v1/hw/src/clb/clb.sv:28]
     1: i_4084/O (LUT3)
Found timing loop:
     0: i_4895/O (LUT3)
      [E:/bob_full_v1/hw/src/clb/clb.sv:28]
     1: i_4895/O (LUT3)
Found timing loop:
     0: i_4894/O (LUT3)
      [E:/bob_full_v1/hw/src/clb/clb.sv:28]
     1: i_4894/O (LUT3)
Found timing loop:
     0: i_4893/O (LUT3)
      [E:/bob_full_v1/hw/src/clb/clb.sv:28]
     1: i_4893/O (LUT3)
Found timing loop:
     0: i_4892/O (LUT3)
      [E:/bob_full_v1/hw/src/clb/clb.sv:28]
     1: i_4892/O (LUT3)
Found timing loop:
     0: i_4297/O (LUT3)
      [E:/bob_full_v1/hw/src/clb/clb.sv:28]
     1: i_4297/O (LUT3)
Found timing loop:
     0: i_4296/O (LUT3)
      [E:/bob_full_v1/hw/src/clb/clb.sv:28]
     1: i_4296/O (LUT3)
Found timing loop:
     0: i_4295/O (LUT3)
      [E:/bob_full_v1/hw/src/clb/clb.sv:28]
     1: i_4295/O (LUT3)
Found timing loop:
     0: i_4294/O (LUT3)
      [E:/bob_full_v1/hw/src/clb/clb.sv:28]
     1: i_4294/O (LUT3)
Found timing loop:
     0: i_3400/O (LUT3)
      [E:/bob_full_v1/hw/src/clb/clb.sv:28]
     1: i_3400/O (LUT3)
Found timing loop:
     0: i_3399/O (LUT3)
      [E:/bob_full_v1/hw/src/clb/clb.sv:28]
     1: i_3399/O (LUT3)
Found timing loop:
     0: i_3398/O (LUT3)
      [E:/bob_full_v1/hw/src/clb/clb.sv:28]
     1: i_3398/I1 (LUT3)
     2: i_3288/O (MUXF7)
      [E:/bob_full_v1/hw/src/clb/clb.sv:28]
     3: i_3288/I0 (MUXF7)
     4: i_3367/O (LUT6)
      [E:/bob_full_v1/hw/src/clb/clb.sv:28]
     5: i_3367/I3 (LUT6)
     6: i_3382/O (LUT3)
      [E:/bob_full_v1/hw/src/clb/clb.sv:28]
     7: i_3382/O (LUT3)
Inferred a: "set_disable_timing -from I1 -to O i_3398"
Found timing loop:
     0: i_3231/O (LUT3)
      [E:/bob_full_v1/hw/src/clb/clb.sv:28]
     1: i_3231/O (LUT3)
Found timing loop:
     0: i_3230/O (LUT3)
      [E:/bob_full_v1/hw/src/clb/clb.sv:28]
     1: i_3230/O (LUT3)
Found timing loop:
     0: i_3229/O (LUT3)
      [E:/bob_full_v1/hw/src/clb/clb.sv:28]
     1: i_3229/O (LUT3)
Found timing loop:
     0: i_3228/O (LUT3)
      [E:/bob_full_v1/hw/src/clb/clb.sv:28]
     1: i_3228/O (LUT3)
Found timing loop:
     0: i_3512/O (LUT3)
      [E:/bob_full_v1/hw/src/clb/mux_bank.v:35]
     1: i_3512/O (LUT3)
Found timing loop:
     0: i_3513/O (LUT3)
      [E:/bob_full_v1/hw/src/clb/mux_bank.v:35]
     1: i_3513/O (LUT3)
Found timing loop:
     0: i_3514/O (LUT3)
      [E:/bob_full_v1/hw/src/clb/mux_bank.v:35]
     1: i_3514/O (LUT3)
Found timing loop:
     0: i_3382/O (LUT3)
      [E:/bob_full_v1/hw/src/clb/clb.sv:28]
     1: i_3382/O (LUT3)
Found timing loop:
     0: i_4095/O (LUT3)
      [E:/bob_full_v1/hw/src/clb/clb.sv:28]
     1: i_4095/O (LUT3)
Found timing loop:
     0: i_4094/O (LUT3)
      [E:/bob_full_v1/hw/src/clb/clb.sv:28]
     1: i_4094/O (LUT3)
Found timing loop:
     0: i_4013/O (LUT6)
      [(null):0]
     1: i_4013/O (LUT6)
Found timing loop:
     0: i_4093/O (LUT3)
      [E:/bob_full_v1/hw/src/clb/clb.sv:28]
     1: i_4093/I1 (LUT3)
     2: i_3923/O (LUT6)
      [(null):0]
     3: i_3923/I0 (LUT6)
     4: i_4010/O (LUT6)
      [(null):0]
     5: i_4010/I5 (LUT6)
     6: i_3400/O (LUT3)
      [E:/bob_full_v1/hw/src/clb/clb.sv:28]
     7: i_3400/O (LUT3)
Inferred a: "set_disable_timing -from I1 -to O i_4093"
Found timing loop:
     0: i_4297/O (LUT3)
      [E:/bob_full_v1/hw/src/clb/clb.sv:28]
     1: i_4297/O (LUT3)
Found timing loop:
     0: i_4296/O (LUT3)
      [E:/bob_full_v1/hw/src/clb/clb.sv:28]
     1: i_4296/O (LUT3)
Found timing loop:
     0: i_4295/O (LUT3)
      [E:/bob_full_v1/hw/src/clb/clb.sv:28]
     1: i_4295/O (LUT3)
Found timing loop:
     0: i_4294/O (LUT3)
      [E:/bob_full_v1/hw/src/clb/clb.sv:28]
     1: i_4294/O (LUT3)
Found timing loop:
     0: i_3893/O (LUT3)
      [E:/bob_full_v1/hw/src/clb/clb.sv:28]
     1: i_3893/O (LUT3)
Found timing loop:
     0: i_3892/O (LUT3)
      [E:/bob_full_v1/hw/src/clb/clb.sv:28]
     1: i_3892/O (LUT3)
Found timing loop:
     0: i_3891/O (LUT3)
      [E:/bob_full_v1/hw/src/clb/clb.sv:28]
     1: i_3891/O (LUT3)
Found timing loop:
     0: i_3890/O (LUT3)
      [E:/bob_full_v1/hw/src/clb/clb.sv:28]
     1: i_3890/O (LUT3)
Found timing loop:
     0: i_3396/O (LUT3)
      [E:/bob_full_v1/hw/src/clb/clb.sv:28]
     1: i_3396/O (LUT3)
Found timing loop:
     0: i_3394/O (LUT3)
      [E:/bob_full_v1/hw/src/clb/clb.sv:28]
     1: i_3394/O (LUT3)
Found timing loop:
     0: i_3393/O (LUT3)
      [E:/bob_full_v1/hw/src/clb/clb.sv:28]
     1: i_3393/O (LUT3)
Found timing loop:
     0: i_3392/O (LUT3)
      [E:/bob_full_v1/hw/src/clb/clb.sv:28]
     1: i_3392/O (LUT3)
Found timing loop:
     0: i_3502/O (LUT3)
      [E:/bob_full_v1/hw/src/clb/clb.sv:60]
     1: i_3502/I1 (LUT3)
     2: i_3411/O (LUT5)
      [E:/bob_full_v1/hw/src/clb/clb.sv:46]
     3: i_3411/I4 (LUT5)
     4: i_3412/O (LUT5)
      [E:/bob_full_v1/hw/src/clb/lut6.sv:33]
     5: i_3412/I4 (LUT5)
     6: i_3506/O (LUT3)
      [E:/bob_full_v1/hw/src/clb/lut6.sv:29]
     7: i_3506/I2 (LUT3)
     8: i_3415/O (LUT6)
      [E:/bob_full_v1/hw/src/clb/lut6.sv:28]
     9: i_3415/I5 (LUT6)
    10: i_3427/O (LUT6)
      [E:/bob_full_v1/hw/src/clb/lut6.sv:26]
    11: i_3427/I4 (LUT6)
    12: i_3507/O (LUT3)
      [E:/bob_full_v1/hw/src/clb/mux_bank.v:35]
    13: i_3507/I2 (LUT3)
    14: i_6238/O (LUT3)
      [E:/bob_full_v1/hw/src/top/fpga4x4_top.v:12]
    15: i_6238/I1 (LUT3)
    16: i_3462/O (LUT6)
      [E:/bob_full_v1/hw/src/clb/mux_bank.v:35]
    17: i_3462/I5 (LUT6)
    18: i_3396/O (LUT3)
      [E:/bob_full_v1/hw/src/clb/clb.sv:28]
    19: i_3396/O (LUT3)
Inferred a: "set_disable_timing -from I1 -to O i_3502"
Found timing loop:
     0: i_3506/O (LUT3)
      [E:/bob_full_v1/hw/src/clb/lut6.sv:29]
     1: i_3506/I2 (LUT3)
     2: i_3415/O (LUT6)
      [E:/bob_full_v1/hw/src/clb/lut6.sv:28]
     3: i_3415/I5 (LUT6)
     4: i_3427/O (LUT6)
      [E:/bob_full_v1/hw/src/clb/lut6.sv:26]
     5: i_3427/I4 (LUT6)
     6: i_3507/O (LUT3)
      [E:/bob_full_v1/hw/src/clb/mux_bank.v:35]
     7: i_3507/I2 (LUT3)
     8: i_6238/O (LUT3)
      [E:/bob_full_v1/hw/src/top/fpga4x4_top.v:12]
     9: i_6238/I1 (LUT3)
    10: i_3462/O (LUT6)
      [E:/bob_full_v1/hw/src/clb/mux_bank.v:35]
    11: i_3462/I5 (LUT6)
    12: i_3396/O (LUT3)
      [E:/bob_full_v1/hw/src/clb/clb.sv:28]
    13: i_3396/O (LUT3)
Inferred a: "set_disable_timing -from I2 -to O i_3506"
Found timing loop:
     0: i_4097/O (LUT3)
      [E:/bob_full_v1/hw/src/clb/clb.sv:28]
     1: i_4097/O (LUT3)
Found timing loop:
     0: i_4099/O (LUT3)
      [E:/bob_full_v1/hw/src/clb/clb.sv:28]
     1: i_4099/O (LUT3)
Found timing loop:
     0: i_4096/O (LUT3)
      [E:/bob_full_v1/hw/src/clb/clb.sv:28]
     1: i_4096/O (LUT3)
Found timing loop:
     0: i_3510/O (LUT3)
      [E:/bob_full_v1/hw/src/clb/mux_bank.v:35]
     1: i_3510/I1 (LUT3)
     2: i_3447/O (MUXF7)
      [E:/bob_full_v1/hw/src/clb/mux_bank.v:35]
     3: i_3447/I0 (MUXF7)
     4: i_3481/O (LUT6)
      [E:/bob_full_v1/hw/src/clb/mux_bank.v:35]
     5: i_3481/I3 (LUT6)
     6: i_3502/O (LUT3)
      [E:/bob_full_v1/hw/src/clb/clb.sv:60]
     7: i_3502/O (LUT3)
Inferred a: "set_disable_timing -from I1 -to O i_3510"
Found timing loop:
     0: i_3396/O (LUT3)
      [E:/bob_full_v1/hw/src/clb/clb.sv:28]
     1: i_3396/O (LUT3)
Found timing loop:
     0: i_3394/O (LUT3)
      [E:/bob_full_v1/hw/src/clb/clb.sv:28]
     1: i_3394/O (LUT3)
Found timing loop:
     0: i_3393/O (LUT3)
      [E:/bob_full_v1/hw/src/clb/clb.sv:28]
     1: i_3393/O (LUT3)
Found timing loop:
     0: i_3392/O (LUT3)
      [E:/bob_full_v1/hw/src/clb/clb.sv:28]
     1: i_3392/O (LUT3)
Found timing loop:
     0: i_3502/O (LUT3)
      [E:/bob_full_v1/hw/src/clb/clb.sv:60]
     1: i_3502/O (LUT3)
Found timing loop:
     0: i_3506/O (LUT3)
      [E:/bob_full_v1/hw/src/clb/lut6.sv:29]
     1: i_3506/O (LUT3)
Found timing loop:
     0: i_4301/O (LUT3)
      [E:/bob_full_v1/hw/src/clb/clb.sv:28]
     1: i_4301/I1 (LUT3)
     2: i_4243/O (LUT5)
      [(null):0]
     3: i_4243/I2 (LUT5)
     4: i_4244/O (LUT6)
      [(null):0]
     5: i_4244/I5 (LUT6)
     6: i_3510/O (LUT3)
      [E:/bob_full_v1/hw/src/clb/mux_bank.v:35]
     7: i_3510/O (LUT3)
Inferred a: "set_disable_timing -from I1 -to O i_4301"
Found timing loop:
     0: i_4097/O (LUT3)
      [E:/bob_full_v1/hw/src/clb/clb.sv:28]
     1: i_4097/O (LUT3)
Found timing loop:
     0: i_4099/O (LUT3)
      [E:/bob_full_v1/hw/src/clb/clb.sv:28]
     1: i_4099/O (LUT3)
Found timing loop:
     0: i_4096/O (LUT3)
      [E:/bob_full_v1/hw/src/clb/clb.sv:28]
     1: i_4096/O (LUT3)
Found timing loop:
     0: i_3510/O (LUT3)
      [E:/bob_full_v1/hw/src/clb/mux_bank.v:35]
     1: i_3510/O (LUT3)
Found timing loop:
     0: i_3508/O (LUT3)
      [E:/bob_full_v1/hw/src/clb/mux_bank.v:35]
     1: i_3508/I1 (LUT3)
     2: i_3445/O (MUXF7)
      [E:/bob_full_v1/hw/src/clb/mux_bank.v:35]
     3: i_3445/I0 (MUXF7)
     4: i_3475/O (LUT6)
      [E:/bob_full_v1/hw/src/clb/mux_bank.v:35]
     5: i_3475/I3 (LUT6)
     6: i_3502/O (LUT3)
      [E:/bob_full_v1/hw/src/clb/clb.sv:60]
     7: i_3502/O (LUT3)
Inferred a: "set_disable_timing -from I1 -to O i_3508"
Found timing loop:
     0: i_3396/O (LUT3)
      [E:/bob_full_v1/hw/src/clb/clb.sv:28]
     1: i_3396/O (LUT3)
Found timing loop:
     0: i_3394/O (LUT3)
      [E:/bob_full_v1/hw/src/clb/clb.sv:28]
     1: i_3394/O (LUT3)
Found timing loop:
     0: i_3393/O (LUT3)
      [E:/bob_full_v1/hw/src/clb/clb.sv:28]
     1: i_3393/O (LUT3)
Found timing loop:
     0: i_3392/O (LUT3)
      [E:/bob_full_v1/hw/src/clb/clb.sv:28]
     1: i_3392/O (LUT3)
Found timing loop:
     0: i_3502/O (LUT3)
      [E:/bob_full_v1/hw/src/clb/clb.sv:60]
     1: i_3502/O (LUT3)
Found timing loop:
     0: i_3506/O (LUT3)
      [E:/bob_full_v1/hw/src/clb/lut6.sv:29]
     1: i_3506/O (LUT3)
Found timing loop:
     0: i_4301/O (LUT3)
      [E:/bob_full_v1/hw/src/clb/clb.sv:28]
     1: i_4301/O (LUT3)
Found timing loop:
     0: i_4300/O (LUT3)
      [E:/bob_full_v1/hw/src/clb/clb.sv:28]
     1: i_4300/I1 (LUT3)
     2: i_4237/O (LUT5)
      [(null):0]
     3: i_4237/I2 (LUT5)
     4: i_4238/O (LUT6)
      [(null):0]
     5: i_4238/I5 (LUT6)
     6: i_3510/O (LUT3)
      [E:/bob_full_v1/hw/src/clb/mux_bank.v:35]
     7: i_3510/O (LUT3)
Inferred a: "set_disable_timing -from I1 -to O i_4300"
Found timing loop:
     0: i_4097/O (LUT3)
      [E:/bob_full_v1/hw/src/clb/clb.sv:28]
     1: i_4097/O (LUT3)
Found timing loop:
     0: i_4099/O (LUT3)
      [E:/bob_full_v1/hw/src/clb/clb.sv:28]
     1: i_4099/O (LUT3)
Found timing loop:
     0: i_4096/O (LUT3)
      [E:/bob_full_v1/hw/src/clb/clb.sv:28]
     1: i_4096/O (LUT3)
Found timing loop:
     0: i_3510/O (LUT3)
      [E:/bob_full_v1/hw/src/clb/mux_bank.v:35]
     1: i_3510/O (LUT3)
Found timing loop:
     0: i_3508/O (LUT3)
      [E:/bob_full_v1/hw/src/clb/mux_bank.v:35]
     1: i_3508/O (LUT3)
Found timing loop:
     0: i_3511/O (LUT3)
      [E:/bob_full_v1/hw/src/clb/mux_bank.v:35]
     1: i_3511/I1 (LUT3)
     2: i_3406/O (MUXF7)
      [E:/bob_full_v1/hw/src/clb/mux_bank.v:35]
     3: i_3406/I0 (MUXF7)
     4: i_3484/O (LUT6)
      [E:/bob_full_v1/hw/src/clb/mux_bank.v:35]
     5: i_3484/I3 (LUT6)
     6: i_3502/O (LUT3)
      [E:/bob_full_v1/hw/src/clb/clb.sv:60]
     7: i_3502/O (LUT3)
Inferred a: "set_disable_timing -from I1 -to O i_3511"
Found timing loop:
     0: i_3396/O (LUT3)
      [E:/bob_full_v1/hw/src/clb/clb.sv:28]
     1: i_3396/O (LUT3)
Found timing loop:
     0: i_3394/O (LUT3)
      [E:/bob_full_v1/hw/src/clb/clb.sv:28]
     1: i_3394/O (LUT3)
Found timing loop:
     0: i_3393/O (LUT3)
      [E:/bob_full_v1/hw/src/clb/clb.sv:28]
     1: i_3393/O (LUT3)
Found timing loop:
     0: i_3392/O (LUT3)
      [E:/bob_full_v1/hw/src/clb/clb.sv:28]
     1: i_3392/O (LUT3)
Found timing loop:
     0: i_3502/O (LUT3)
      [E:/bob_full_v1/hw/src/clb/clb.sv:60]
     1: i_3502/O (LUT3)
Found timing loop:
     0: i_3506/O (LUT3)
      [E:/bob_full_v1/hw/src/clb/lut6.sv:29]
     1: i_3506/O (LUT3)
Found timing loop:
     0: i_4301/O (LUT3)
      [E:/bob_full_v1/hw/src/clb/clb.sv:28]
     1: i_4301/O (LUT3)
Found timing loop:
     0: i_4300/O (LUT3)
      [E:/bob_full_v1/hw/src/clb/clb.sv:28]
     1: i_4300/O (LUT3)
Found timing loop:
     0: i_4299/O (LUT3)
      [E:/bob_full_v1/hw/src/clb/clb.sv:28]
     1: i_4299/I1 (LUT3)
     2: i_4231/O (LUT5)
      [(null):0]
     3: i_4231/I2 (LUT5)
     4: i_4232/O (LUT6)
      [(null):0]
     5: i_4232/I5 (LUT6)
     6: i_3510/O (LUT3)
      [E:/bob_full_v1/hw/src/clb/mux_bank.v:35]
     7: i_3510/O (LUT3)
Inferred a: "set_disable_timing -from I1 -to O i_4299"
Found timing loop:
     0: i_4097/O (LUT3)
      [E:/bob_full_v1/hw/src/clb/clb.sv:28]
     1: i_4097/O (LUT3)
Found timing loop:
     0: i_4099/O (LUT3)
      [E:/bob_full_v1/hw/src/clb/clb.sv:28]
     1: i_4099/O (LUT3)
Found timing loop:
     0: i_4096/O (LUT3)
      [E:/bob_full_v1/hw/src/clb/clb.sv:28]
     1: i_4096/O (LUT3)
Found timing loop:
     0: i_3510/O (LUT3)
      [E:/bob_full_v1/hw/src/clb/mux_bank.v:35]
     1: i_3510/O (LUT3)
Found timing loop:
     0: i_3508/O (LUT3)
      [E:/bob_full_v1/hw/src/clb/mux_bank.v:35]
     1: i_3508/O (LUT3)
Found timing loop:
     0: i_3511/O (LUT3)
      [E:/bob_full_v1/hw/src/clb/mux_bank.v:35]
     1: i_3511/O (LUT3)
Found timing loop:
     0: i_3509/O (LUT3)
      [E:/bob_full_v1/hw/src/clb/mux_bank.v:35]
     1: i_3509/I1 (LUT3)
     2: i_3408/O (MUXF7)
      [E:/bob_full_v1/hw/src/clb/mux_bank.v:35]
     3: i_3408/I0 (MUXF7)
     4: i_3478/O (LUT6)
      [E:/bob_full_v1/hw/src/clb/mux_bank.v:35]
     5: i_3478/I3 (LUT6)
     6: i_3502/O (LUT3)
      [E:/bob_full_v1/hw/src/clb/clb.sv:60]
     7: i_3502/O (LUT3)
Inferred a: "set_disable_timing -from I1 -to O i_3509"
Found timing loop:
     0: i_4899/O (LUT3)
      [E:/bob_full_v1/hw/src/clb/clb.sv:28]
     1: i_4899/O (LUT3)
Found timing loop:
     0: i_4901/O (LUT3)
      [E:/bob_full_v1/hw/src/clb/clb.sv:28]
     1: i_4901/O (LUT3)
Found timing loop:
     0: i_4897/O (LUT3)
      [E:/bob_full_v1/hw/src/clb/clb.sv:28]
     1: i_4897/O (LUT3)
Found timing loop:
     0: i_4900/O (LUT3)
      [E:/bob_full_v1/hw/src/clb/clb.sv:28]
     1: i_4900/I1 (LUT3)
     2: i_4839/O (LUT6)
      [(null):0]
     3: i_4839/I0 (LUT6)
     4: i_4843/O (LUT6)
      [(null):0]
     5: i_4843/I5 (LUT6)
     6: i_4103/O (LUT3)
      [E:/bob_full_v1/hw/src/clb/clb.sv:28]
     7: i_4103/O (LUT3)
Inferred a: "set_disable_timing -from I1 -to O i_4900"
Found timing loop:
     0: i_4097/O (LUT3)
      [E:/bob_full_v1/hw/src/clb/clb.sv:28]
     1: i_4097/O (LUT3)
Found timing loop:
     0: i_4099/O (LUT3)
      [E:/bob_full_v1/hw/src/clb/clb.sv:28]
     1: i_4099/O (LUT3)
Found timing loop:
     0: i_4096/O (LUT3)
      [E:/bob_full_v1/hw/src/clb/clb.sv:28]
     1: i_4096/O (LUT3)
Found timing loop:
     0: i_3510/O (LUT3)
      [E:/bob_full_v1/hw/src/clb/mux_bank.v:35]
     1: i_3510/O (LUT3)
Found timing loop:
     0: i_3508/O (LUT3)
      [E:/bob_full_v1/hw/src/clb/mux_bank.v:35]
     1: i_3508/O (LUT3)
Found timing loop:
     0: i_3511/O (LUT3)
      [E:/bob_full_v1/hw/src/clb/mux_bank.v:35]
     1: i_3511/O (LUT3)
Found timing loop:
     0: i_3509/O (LUT3)
      [E:/bob_full_v1/hw/src/clb/mux_bank.v:35]
     1: i_3509/O (LUT3)
Found timing loop:
     0: i_5112/O (LUT3)
      [E:/bob_full_v1/hw/src/clb/clb.sv:28]
     1: i_5112/I1 (LUT3)
     2: i_5038/O (LUT5)
      [(null):0]
     3: i_5038/I2 (LUT5)
     4: i_5039/O (LUT6)
      [(null):0]
     5: i_5039/I5 (LUT6)
     6: i_4303/O (LUT3)
      [E:/bob_full_v1/hw/src/clb/clb.sv:28]
     7: i_4303/I1 (LUT3)
     8: i_4261/O (LUT5)
      [(null):0]
     9: i_4261/I1 (LUT5)
    10: i_4265/O (LUT6)
      [(null):0]
    11: i_4265/I5 (LUT6)
    12: i_5112/O (LUT3)
      [E:/bob_full_v1/hw/src/clb/clb.sv:28]
Inferred a: "set_disable_timing -from I1 -to O i_5112"
Found timing loop:
     0: i_4899/O (LUT3)
      [E:/bob_full_v1/hw/src/clb/clb.sv:28]
     1: i_4899/O (LUT3)
Found timing loop:
     0: i_4901/O (LUT3)
      [E:/bob_full_v1/hw/src/clb/clb.sv:28]
     1: i_4901/O (LUT3)
Found timing loop:
     0: i_4900/O (LUT3)
      [E:/bob_full_v1/hw/src/clb/clb.sv:28]
     1: i_4900/O (LUT3)
Found timing loop:
     0: i_4897/O (LUT3)
      [E:/bob_full_v1/hw/src/clb/clb.sv:28]
     1: i_4897/O (LUT3)
Found timing loop:
     0: i_4303/O (LUT3)
      [E:/bob_full_v1/hw/src/clb/clb.sv:28]
     1: i_4303/I1 (LUT3)
     2: i_4261/O (LUT5)
      [(null):0]
     3: i_4261/I1 (LUT5)
     4: i_4265/O (LUT6)
      [(null):0]
     5: i_4265/I5 (LUT6)
     6: i_5112/O (LUT3)
      [E:/bob_full_v1/hw/src/clb/clb.sv:28]
     7: i_5112/O (LUT3)
Inferred a: "set_disable_timing -from I1 -to O i_4303"
Found timing loop:
     0: i_4097/O (LUT3)
      [E:/bob_full_v1/hw/src/clb/clb.sv:28]
     1: i_4097/O (LUT3)
Found timing loop:
     0: i_4099/O (LUT3)
      [E:/bob_full_v1/hw/src/clb/clb.sv:28]
     1: i_4099/O (LUT3)
Found timing loop:
     0: i_4096/O (LUT3)
      [E:/bob_full_v1/hw/src/clb/clb.sv:28]
     1: i_4096/O (LUT3)
Found timing loop:
     0: i_3510/O (LUT3)
      [E:/bob_full_v1/hw/src/clb/mux_bank.v:35]
     1: i_3510/O (LUT3)
Found timing loop:
     0: i_3508/O (LUT3)
      [E:/bob_full_v1/hw/src/clb/mux_bank.v:35]
     1: i_3508/O (LUT3)
Found timing loop:
     0: i_3511/O (LUT3)
      [E:/bob_full_v1/hw/src/clb/mux_bank.v:35]
     1: i_3511/O (LUT3)
Found timing loop:
     0: i_3509/O (LUT3)
      [E:/bob_full_v1/hw/src/clb/mux_bank.v:35]
     1: i_3509/O (LUT3)
Found timing loop:
     0: i_5112/O (LUT3)
      [E:/bob_full_v1/hw/src/clb/clb.sv:28]
     1: i_5112/O (LUT3)
Found timing loop:
     0: i_5050/O (LUT5)
      [(null):0]
     1: i_5050/I4 (LUT5)
     2: i_5051/O (LUT6)
      [(null):0]
     3: i_5051/I4 (LUT6)
     4: i_5055/O (LUT6)
      [(null):0]
     5: i_5055/I5 (LUT6)
     6: i_5101/O (LUT3)
      [E:/bob_full_v1/hw/src/clb/clb.sv:28]
     7: i_5101/I2 (LUT3)
     8: i_4918/O (LUT3)
      [(null):0]
     9: i_4918/I2 (LUT3)
    10: i_5104/O (LUT3)
      [E:/bob_full_v1/hw/src/clb/clb.sv:28]
    11: i_5104/I2 (LUT3)
    12: i_5004/O (LUT2)
      [(null):0]
    13: i_5004/I1 (LUT2)
    14: i_5094/O (LUT2)
      [(null):0]
    15: i_5094/I1 (LUT2)
    16: i_4973/O (LUT2)
      [(null):0]
    17: i_4973/I0 (LUT2)
    18: i_4975/O (LUT2)
      [(null):0]
    19: i_4975/I1 (LUT2)
    20: i_5102/O (LUT2)
      [E:/bob_full_v1/hw/src/clb/clb.sv:28]
    21: i_5102/I0 (LUT2)
    22: i_4991/O (LUT6)
      [(null):0]
    23: i_4991/I2 (LUT6)
    24: i_4992/O (LUT6)
      [(null):0]
    25: i_4992/I5 (LUT6)
    26: i_4303/O (LUT3)
      [E:/bob_full_v1/hw/src/clb/clb.sv:28]
    27: i_4303/O (LUT3)
Inferred a: "set_disable_timing -from I4 -to O i_5050"
Found timing loop:
     0: i_4899/O (LUT3)
      [E:/bob_full_v1/hw/src/clb/clb.sv:28]
     1: i_4899/O (LUT3)
Found timing loop:
     0: i_4901/O (LUT3)
      [E:/bob_full_v1/hw/src/clb/clb.sv:28]
     1: i_4901/O (LUT3)
Found timing loop:
     0: i_4897/O (LUT3)
      [E:/bob_full_v1/hw/src/clb/clb.sv:28]
     1: i_4897/O (LUT3)
Found timing loop:
     0: i_4900/O (LUT3)
      [E:/bob_full_v1/hw/src/clb/clb.sv:28]
     1: i_4900/O (LUT3)
Found timing loop:
     0: i_4303/O (LUT3)
      [E:/bob_full_v1/hw/src/clb/clb.sv:28]
     1: i_4303/O (LUT3)
Found timing loop:
     0: i_4305/O (LUT3)
      [E:/bob_full_v1/hw/src/clb/clb.sv:28]
     1: i_4305/I1 (LUT3)
     2: i_4273/O (LUT5)
      [(null):0]
     3: i_4273/I1 (LUT5)
     4: i_4277/O (LUT6)
      [(null):0]
     5: i_4277/I5 (LUT6)
     6: i_5112/O (LUT3)
      [E:/bob_full_v1/hw/src/clb/clb.sv:28]
     7: i_5112/O (LUT3)
Inferred a: "set_disable_timing -from I1 -to O i_4305"
Found timing loop:
     0: i_4097/O (LUT3)
      [E:/bob_full_v1/hw/src/clb/clb.sv:28]
     1: i_4097/O (LUT3)
Found timing loop:
     0: i_4099/O (LUT3)
      [E:/bob_full_v1/hw/src/clb/clb.sv:28]
     1: i_4099/O (LUT3)
Found timing loop:
     0: i_4096/O (LUT3)
      [E:/bob_full_v1/hw/src/clb/clb.sv:28]
     1: i_4096/O (LUT3)
Found timing loop:
     0: i_3510/O (LUT3)
      [E:/bob_full_v1/hw/src/clb/mux_bank.v:35]
     1: i_3510/O (LUT3)
Found timing loop:
     0: i_3508/O (LUT3)
      [E:/bob_full_v1/hw/src/clb/mux_bank.v:35]
     1: i_3508/O (LUT3)
Found timing loop:
     0: i_3511/O (LUT3)
      [E:/bob_full_v1/hw/src/clb/mux_bank.v:35]
     1: i_3511/O (LUT3)
Found timing loop:
     0: i_3509/O (LUT3)
      [E:/bob_full_v1/hw/src/clb/mux_bank.v:35]
     1: i_3509/O (LUT3)
Found timing loop:
     0: i_5112/O (LUT3)
      [E:/bob_full_v1/hw/src/clb/clb.sv:28]
     1: i_5112/O (LUT3)
Found timing loop:
     0: i_5050/O (LUT5)
      [(null):0]
     1: i_5050/O (LUT5)
Found timing loop:
     0: i_5111/O (LUT3)
      [E:/bob_full_v1/hw/src/clb/clb.sv:28]
     1: i_5111/I1 (LUT3)
     2: i_5032/O (LUT5)
      [(null):0]
     3: i_5032/I2 (LUT5)
     4: i_5033/O (LUT6)
      [(null):0]
     5: i_5033/I5 (LUT6)
     6: i_4303/O (LUT3)
      [E:/bob_full_v1/hw/src/clb/clb.sv:28]
     7: i_4303/O (LUT3)
Inferred a: "set_disable_timing -from I1 -to O i_5111"
Found timing loop:
     0: i_4899/O (LUT3)
      [E:/bob_full_v1/hw/src/clb/clb.sv:28]
     1: i_4899/O (LUT3)
Found timing loop:
     0: i_4901/O (LUT3)
      [E:/bob_full_v1/hw/src/clb/clb.sv:28]
     1: i_4901/O (LUT3)
Found timing loop:
     0: i_4897/O (LUT3)
      [E:/bob_full_v1/hw/src/clb/clb.sv:28]
     1: i_4897/O (LUT3)
Found timing loop:
     0: i_4900/O (LUT3)
      [E:/bob_full_v1/hw/src/clb/clb.sv:28]
     1: i_4900/O (LUT3)
Found timing loop:
     0: i_4303/O (LUT3)
      [E:/bob_full_v1/hw/src/clb/clb.sv:28]
     1: i_4303/O (LUT3)
Found timing loop:
     0: i_4305/O (LUT3)
      [E:/bob_full_v1/hw/src/clb/clb.sv:28]
     1: i_4305/O (LUT3)
Found timing loop:
     0: i_4302/O (LUT3)
      [E:/bob_full_v1/hw/src/clb/clb.sv:28]
     1: i_4302/I1 (LUT3)
     2: i_4255/O (LUT5)
      [(null):0]
     3: i_4255/I1 (LUT5)
     4: i_4259/O (LUT6)
      [(null):0]
     5: i_4259/I5 (LUT6)
     6: i_5112/O (LUT3)
      [E:/bob_full_v1/hw/src/clb/clb.sv:28]
     7: i_5112/O (LUT3)
Inferred a: "set_disable_timing -from I1 -to O i_4302"
Found timing loop:
     0: i_4097/O (LUT3)
      [E:/bob_full_v1/hw/src/clb/clb.sv:28]
     1: i_4097/O (LUT3)
Found timing loop:
     0: i_4099/O (LUT3)
      [E:/bob_full_v1/hw/src/clb/clb.sv:28]
     1: i_4099/O (LUT3)
Found timing loop:
     0: i_4096/O (LUT3)
      [E:/bob_full_v1/hw/src/clb/clb.sv:28]
     1: i_4096/O (LUT3)
Found timing loop:
     0: i_3510/O (LUT3)
      [E:/bob_full_v1/hw/src/clb/mux_bank.v:35]
     1: i_3510/O (LUT3)
Found timing loop:
     0: i_3508/O (LUT3)
      [E:/bob_full_v1/hw/src/clb/mux_bank.v:35]
     1: i_3508/O (LUT3)
Found timing loop:
     0: i_3511/O (LUT3)
      [E:/bob_full_v1/hw/src/clb/mux_bank.v:35]
     1: i_3511/O (LUT3)
Found timing loop:
     0: i_3509/O (LUT3)
      [E:/bob_full_v1/hw/src/clb/mux_bank.v:35]
     1: i_3509/O (LUT3)
Found timing loop:
     0: i_5112/O (LUT3)
      [E:/bob_full_v1/hw/src/clb/clb.sv:28]
     1: i_5112/O (LUT3)
Found timing loop:
     0: i_5050/O (LUT5)
      [(null):0]
     1: i_5050/O (LUT5)
Found timing loop:
     0: i_5111/O (LUT3)
      [E:/bob_full_v1/hw/src/clb/clb.sv:28]
     1: i_5111/O (LUT3)
Found timing loop:
     0: i_5113/O (LUT3)
      [E:/bob_full_v1/hw/src/clb/clb.sv:28]
     1: i_5113/I1 (LUT3)
     2: i_5044/O (LUT5)
      [(null):0]
     3: i_5044/I2 (LUT5)
     4: i_5045/O (LUT6)
      [(null):0]
     5: i_5045/I5 (LUT6)
     6: i_4303/O (LUT3)
      [E:/bob_full_v1/hw/src/clb/clb.sv:28]
     7: i_4303/O (LUT3)
Inferred a: "set_disable_timing -from I1 -to O i_5113"
Found timing loop:
     0: i_4097/O (LUT3)
      [E:/bob_full_v1/hw/src/clb/clb.sv:28]
     1: i_4097/O (LUT3)
Found timing loop:
     0: i_4099/O (LUT3)
      [E:/bob_full_v1/hw/src/clb/clb.sv:28]
     1: i_4099/O (LUT3)
Found timing loop:
     0: i_4096/O (LUT3)
      [E:/bob_full_v1/hw/src/clb/clb.sv:28]
     1: i_4096/O (LUT3)
Found timing loop:
     0: i_3510/O (LUT3)
      [E:/bob_full_v1/hw/src/clb/mux_bank.v:35]
     1: i_3510/O (LUT3)
Found timing loop:
     0: i_3508/O (LUT3)
      [E:/bob_full_v1/hw/src/clb/mux_bank.v:35]
     1: i_3508/O (LUT3)
Found timing loop:
     0: i_3511/O (LUT3)
      [E:/bob_full_v1/hw/src/clb/mux_bank.v:35]
     1: i_3511/O (LUT3)
Found timing loop:
     0: i_3509/O (LUT3)
      [E:/bob_full_v1/hw/src/clb/mux_bank.v:35]
     1: i_3509/O (LUT3)
Found timing loop:
     0: i_5112/O (LUT3)
      [E:/bob_full_v1/hw/src/clb/clb.sv:28]
     1: i_5112/O (LUT3)
Found timing loop:
     0: i_5050/O (LUT5)
      [(null):0]
     1: i_5050/O (LUT5)
Found timing loop:
     0: i_5111/O (LUT3)
      [E:/bob_full_v1/hw/src/clb/clb.sv:28]
     1: i_5111/O (LUT3)
Found timing loop:
     0: i_5113/O (LUT3)
      [E:/bob_full_v1/hw/src/clb/clb.sv:28]
     1: i_5113/O (LUT3)
Found timing loop:
     0: i_4289/O (LUT3)
      [E:/bob_full_v1/hw/src/clb/clb.sv:28]
     1: i_4289/I2 (LUT3)
     2: i_4112/O (LUT3)
      [(null):0]
     3: i_4112/I2 (LUT3)
     4: i_4292/O (LUT3)
      [E:/bob_full_v1/hw/src/clb/clb.sv:28]
     5: i_4292/I2 (LUT3)
     6: i_4198/O (LUT2)
      [(null):0]
     7: i_4198/I1 (LUT2)
     8: i_4282/O (LUT2)
      [(null):0]
     9: i_4282/I1 (LUT2)
    10: i_4167/O (LUT2)
      [(null):0]
    11: i_4167/I0 (LUT2)
    12: i_4169/O (LUT2)
      [(null):0]
    13: i_4169/I1 (LUT2)
    14: i_4290/O (LUT2)
      [E:/bob_full_v1/hw/src/clb/clb.sv:28]
    15: i_4290/I0 (LUT2)
    16: i_4185/O (LUT6)
      [(null):0]
    17: i_4185/I0 (LUT6)
    18: i_4187/O (LUT5)
      [(null):0]
    19: i_4187/I1 (LUT5)
    20: i_4289/O (LUT3)
      [E:/bob_full_v1/hw/src/clb/clb.sv:28]
Inferred a: "set_disable_timing -from I2 -to O i_4289"
Found timing loop:
     0: i_4289/O (LUT3)
      [E:/bob_full_v1/hw/src/clb/clb.sv:28]
     1: i_4289/O (LUT3)
Found timing loop:
     0: i_4096/O (LUT3)
      [E:/bob_full_v1/hw/src/clb/clb.sv:28]
     1: i_4096/O (LUT3)
Found timing loop:
     0: i_4097/O (LUT3)
      [E:/bob_full_v1/hw/src/clb/clb.sv:28]
     1: i_4097/O (LUT3)
Found timing loop:
     0: i_4099/O (LUT3)
      [E:/bob_full_v1/hw/src/clb/clb.sv:28]
     1: i_4099/O (LUT3)
Found timing loop:
     0: i_5113/O (LUT3)
      [E:/bob_full_v1/hw/src/clb/clb.sv:28]
     1: i_5113/O (LUT3)
Found timing loop:
     0: i_5111/O (LUT3)
      [E:/bob_full_v1/hw/src/clb/clb.sv:28]
     1: i_5111/O (LUT3)
Found timing loop:
     0: i_5112/O (LUT3)
      [E:/bob_full_v1/hw/src/clb/clb.sv:28]
     1: i_5112/O (LUT3)
Found timing loop:
     0: i_5050/O (LUT5)
      [(null):0]
     1: i_5050/O (LUT5)
Found timing loop:
     0: i_3511/O (LUT3)
      [E:/bob_full_v1/hw/src/clb/mux_bank.v:35]
     1: i_3511/O (LUT3)
Found timing loop:
     0: i_3508/O (LUT3)
      [E:/bob_full_v1/hw/src/clb/mux_bank.v:35]
     1: i_3508/O (LUT3)
Found timing loop:
     0: i_3510/O (LUT3)
      [E:/bob_full_v1/hw/src/clb/mux_bank.v:35]
     1: i_3510/O (LUT3)
Found timing loop:
     0: i_3509/O (LUT3)
      [E:/bob_full_v1/hw/src/clb/mux_bank.v:35]
     1: i_3509/O (LUT3)
Found timing loop:
     0: i_4288/O (LUT3)
      [E:/bob_full_v1/hw/src/clb/clb.sv:28]
     1: i_4288/I1 (LUT3)
     2: i_4105/O (LUT5)
      [(null):0]
     3: i_4105/I4 (LUT5)
     4: i_4289/O (LUT3)
      [E:/bob_full_v1/hw/src/clb/clb.sv:28]
     5: i_4289/O (LUT3)
Inferred a: "set_disable_timing -from I1 -to O i_4288"
Found timing loop:
     0: i_4289/O (LUT3)
      [E:/bob_full_v1/hw/src/clb/clb.sv:28]
     1: i_4289/O (LUT3)
Found timing loop:
     0: i_4096/O (LUT3)
      [E:/bob_full_v1/hw/src/clb/clb.sv:28]
     1: i_4096/O (LUT3)
Found timing loop:
     0: i_4097/O (LUT3)
      [E:/bob_full_v1/hw/src/clb/clb.sv:28]
     1: i_4097/O (LUT3)
Found timing loop:
     0: i_4099/O (LUT3)
      [E:/bob_full_v1/hw/src/clb/clb.sv:28]
     1: i_4099/O (LUT3)
Found timing loop:
     0: i_5113/O (LUT3)
      [E:/bob_full_v1/hw/src/clb/clb.sv:28]
     1: i_5113/O (LUT3)
Found timing loop:
     0: i_5111/O (LUT3)
      [E:/bob_full_v1/hw/src/clb/clb.sv:28]
     1: i_5111/O (LUT3)
Found timing loop:
     0: i_5112/O (LUT3)
      [E:/bob_full_v1/hw/src/clb/clb.sv:28]
     1: i_5112/O (LUT3)
Found timing loop:
     0: i_5050/O (LUT5)
      [(null):0]
     1: i_5050/O (LUT5)
Found timing loop:
     0: i_3511/O (LUT3)
      [E:/bob_full_v1/hw/src/clb/mux_bank.v:35]
     1: i_3511/O (LUT3)
Found timing loop:
     0: i_3508/O (LUT3)
      [E:/bob_full_v1/hw/src/clb/mux_bank.v:35]
     1: i_3508/O (LUT3)
Found timing loop:
     0: i_3510/O (LUT3)
      [E:/bob_full_v1/hw/src/clb/mux_bank.v:35]
     1: i_3510/O (LUT3)
Found timing loop:
     0: i_3509/O (LUT3)
      [E:/bob_full_v1/hw/src/clb/mux_bank.v:35]
     1: i_3509/O (LUT3)
Found timing loop:
     0: i_4288/O (LUT3)
      [E:/bob_full_v1/hw/src/clb/clb.sv:28]
     1: i_4288/O (LUT3)
Found timing loop:
     0: i_4289/O (LUT3)
      [E:/bob_full_v1/hw/src/clb/clb.sv:28]
     1: i_4289/O (LUT3)
Found timing loop:
     0: i_4290/O (LUT2)
      [E:/bob_full_v1/hw/src/clb/clb.sv:28]
     1: i_4290/I0 (LUT2)
     2: i_4185/O (LUT6)
      [(null):0]
     3: i_4185/I0 (LUT6)
     4: i_4187/O (LUT5)
      [(null):0]
     5: i_4187/I1 (LUT5)
     6: i_4289/O (LUT3)
      [E:/bob_full_v1/hw/src/clb/clb.sv:28]
     7: i_4289/O (LUT3)
Inferred a: "set_disable_timing -from I0 -to O i_4290"
Found timing loop:
     0: i_4290/O (LUT2)
      [E:/bob_full_v1/hw/src/clb/clb.sv:28]
     1: i_4290/O (LUT2)
Found timing loop:
     0: i_4169/O (LUT2)
      [(null):0]
     1: i_4169/I1 (LUT2)
     2: i_4290/O (LUT2)
      [E:/bob_full_v1/hw/src/clb/clb.sv:28]
     3: i_4290/O (LUT2)
Inferred a: "set_disable_timing -from I1 -to O i_4169"
Found timing loop:
     0: i_4290/O (LUT2)
      [E:/bob_full_v1/hw/src/clb/clb.sv:28]
     1: i_4290/O (LUT2)
Found timing loop:
     0: i_5113/O (LUT3)
      [E:/bob_full_v1/hw/src/clb/clb.sv:28]
     1: i_5113/O (LUT3)
Found timing loop:
     0: i_5050/O (LUT5)
      [(null):0]
     1: i_5050/O (LUT5)
Found timing loop:
     0: i_5111/O (LUT3)
      [E:/bob_full_v1/hw/src/clb/clb.sv:28]
     1: i_5111/O (LUT3)
Found timing loop:
     0: i_5112/O (LUT3)
      [E:/bob_full_v1/hw/src/clb/clb.sv:28]
     1: i_5112/O (LUT3)
Found timing loop:
     0: i_4097/O (LUT3)
      [E:/bob_full_v1/hw/src/clb/clb.sv:28]
     1: i_4097/O (LUT3)
Found timing loop:
     0: i_4099/O (LUT3)
      [E:/bob_full_v1/hw/src/clb/clb.sv:28]
     1: i_4099/O (LUT3)
Found timing loop:
     0: i_4096/O (LUT3)
      [E:/bob_full_v1/hw/src/clb/clb.sv:28]
     1: i_4096/O (LUT3)
Found timing loop:
     0: i_3511/O (LUT3)
      [E:/bob_full_v1/hw/src/clb/mux_bank.v:35]
     1: i_3511/O (LUT3)
Found timing loop:
     0: i_3509/O (LUT3)
      [E:/bob_full_v1/hw/src/clb/mux_bank.v:35]
     1: i_3509/O (LUT3)
Found timing loop:
     0: i_3508/O (LUT3)
      [E:/bob_full_v1/hw/src/clb/mux_bank.v:35]
     1: i_3508/O (LUT3)
Found timing loop:
     0: i_3510/O (LUT3)
      [E:/bob_full_v1/hw/src/clb/mux_bank.v:35]
     1: i_3510/O (LUT3)
Found timing loop:
     0: i_4289/O (LUT3)
      [E:/bob_full_v1/hw/src/clb/clb.sv:28]
     1: i_4289/O (LUT3)
Found timing loop:
     0: i_4288/O (LUT3)
      [E:/bob_full_v1/hw/src/clb/clb.sv:28]
     1: i_4288/O (LUT3)
Found timing loop:
     0: i_4169/O (LUT2)
      [(null):0]
     1: i_4169/O (LUT2)
Found timing loop:
     0: i_4169/O (LUT2)
      [(null):0]
     1: i_4169/O (LUT2)
Found timing loop:
     0: i_4169/O (LUT2)
      [(null):0]
     1: i_4169/O (LUT2)
Found timing loop:
     0: i_4169/O (LUT2)
      [(null):0]
     1: i_4169/O (LUT2)
Found timing loop:
     0: i_4169/O (LUT2)
      [(null):0]
     1: i_4169/O (LUT2)
Found timing loop:
     0: i_4169/O (LUT2)
      [(null):0]
     1: i_4169/O (LUT2)
Found timing loop:
     0: i_4169/O (LUT2)
      [(null):0]
     1: i_4169/O (LUT2)
Found timing loop:
     0: i_4097/O (LUT3)
      [E:/bob_full_v1/hw/src/clb/clb.sv:28]
     1: i_4097/O (LUT3)
Found timing loop:
     0: i_4099/O (LUT3)
      [E:/bob_full_v1/hw/src/clb/clb.sv:28]
     1: i_4099/O (LUT3)
Found timing loop:
     0: i_4096/O (LUT3)
      [E:/bob_full_v1/hw/src/clb/clb.sv:28]
     1: i_4096/O (LUT3)
Found timing loop:
     0: i_4288/O (LUT3)
      [E:/bob_full_v1/hw/src/clb/clb.sv:28]
     1: i_4288/O (LUT3)
Found timing loop:
     0: i_4289/O (LUT3)
      [E:/bob_full_v1/hw/src/clb/clb.sv:28]
     1: i_4289/I0 (LUT3)
     2: i_4190/O (LUT5)
      [(null):0]
     3: i_4190/I0 (LUT5)
     4: i_4192/O (LUT6)
      [(null):0]
     5: i_4192/I5 (LUT6)
     6: i_4194/O (LUT6)
      [(null):0]
     7: i_4194/I4 (LUT6)
     8: i_4288/O (LUT3)
      [E:/bob_full_v1/hw/src/clb/clb.sv:28]
     9: i_4288/O (LUT3)
Inferred a: "set_disable_timing -from I0 -to O i_4289"
Found timing loop:
     0: i_5113/O (LUT3)
      [E:/bob_full_v1/hw/src/clb/clb.sv:28]
     1: i_5113/O (LUT3)
Found timing loop:
     0: i_5111/O (LUT3)
      [E:/bob_full_v1/hw/src/clb/clb.sv:28]
     1: i_5111/O (LUT3)
Found timing loop:
     0: i_5112/O (LUT3)
      [E:/bob_full_v1/hw/src/clb/clb.sv:28]
     1: i_5112/O (LUT3)
Found timing loop:
     0: i_5050/O (LUT5)
      [(null):0]
     1: i_5050/O (LUT5)
Found timing loop:
     0: i_3510/O (LUT3)
      [E:/bob_full_v1/hw/src/clb/mux_bank.v:35]
     1: i_3510/O (LUT3)
Found timing loop:
     0: i_3508/O (LUT3)
      [E:/bob_full_v1/hw/src/clb/mux_bank.v:35]
     1: i_3508/O (LUT3)
Found timing loop:
     0: i_3511/O (LUT3)
      [E:/bob_full_v1/hw/src/clb/mux_bank.v:35]
     1: i_3511/O (LUT3)
Found timing loop:
     0: i_3509/O (LUT3)
      [E:/bob_full_v1/hw/src/clb/mux_bank.v:35]
     1: i_3509/O (LUT3)
Found timing loop:
     0: i_4096/O (LUT3)
      [E:/bob_full_v1/hw/src/clb/clb.sv:28]
     1: i_4096/O (LUT3)
Found timing loop:
     0: i_4097/O (LUT3)
      [E:/bob_full_v1/hw/src/clb/clb.sv:28]
     1: i_4097/O (LUT3)
Found timing loop:
     0: i_4099/O (LUT3)
      [E:/bob_full_v1/hw/src/clb/clb.sv:28]
     1: i_4099/O (LUT3)
Found timing loop:
     0: i_5113/O (LUT3)
      [E:/bob_full_v1/hw/src/clb/clb.sv:28]
     1: i_5113/O (LUT3)
Found timing loop:
     0: i_5111/O (LUT3)
      [E:/bob_full_v1/hw/src/clb/clb.sv:28]
     1: i_5111/O (LUT3)
Found timing loop:
     0: i_5112/O (LUT3)
      [E:/bob_full_v1/hw/src/clb/clb.sv:28]
     1: i_5112/O (LUT3)
Found timing loop:
     0: i_5050/O (LUT5)
      [(null):0]
     1: i_5050/O (LUT5)
Found timing loop:
     0: i_3511/O (LUT3)
      [E:/bob_full_v1/hw/src/clb/mux_bank.v:35]
     1: i_3511/O (LUT3)
Found timing loop:
     0: i_3508/O (LUT3)
      [E:/bob_full_v1/hw/src/clb/mux_bank.v:35]
     1: i_3508/O (LUT3)
Found timing loop:
     0: i_3510/O (LUT3)
      [E:/bob_full_v1/hw/src/clb/mux_bank.v:35]
     1: i_3510/O (LUT3)
Found timing loop:
     0: i_3509/O (LUT3)
      [E:/bob_full_v1/hw/src/clb/mux_bank.v:35]
     1: i_3509/O (LUT3)
Found timing loop:
     0: i_4288/O (LUT3)
      [E:/bob_full_v1/hw/src/clb/clb.sv:28]
     1: i_4288/O (LUT3)
Found timing loop:
     0: i_4289/O (LUT3)
      [E:/bob_full_v1/hw/src/clb/clb.sv:28]
     1: i_4289/O (LUT3)
Found timing loop:
     0: i_3412/O (LUT5)
      [E:/bob_full_v1/hw/src/clb/lut6.sv:33]
     1: i_3412/I4 (LUT5)
     2: i_3506/O (LUT3)
      [E:/bob_full_v1/hw/src/clb/lut6.sv:29]
     3: i_3506/O (LUT3)
Inferred a: "set_disable_timing -from I4 -to O i_3412"
Found timing loop:
     0: i_3506/O (LUT3)
      [E:/bob_full_v1/hw/src/clb/lut6.sv:29]
     1: i_3506/O (LUT3)
Found timing loop:
     0: i_3507/O (LUT3)
      [E:/bob_full_v1/hw/src/clb/mux_bank.v:35]
     1: i_3507/I2 (LUT3)
     2: i_6238/O (LUT3)
      [E:/bob_full_v1/hw/src/top/fpga4x4_top.v:12]
     3: i_6238/I1 (LUT3)
     4: i_3462/O (LUT6)
      [E:/bob_full_v1/hw/src/clb/mux_bank.v:35]
     5: i_3462/I5 (LUT6)
     6: i_3396/O (LUT3)
      [E:/bob_full_v1/hw/src/clb/clb.sv:28]
     7: i_3396/O (LUT3)
Inferred a: "set_disable_timing -from I2 -to O i_3507"
Found timing loop:
     0: i_5529/O (LUT3)
      [E:/bob_full_v1/hw/src/clb/clb.sv:28]
     1: i_5529/O (LUT3)
Found timing loop:
     0: i_5528/O (LUT3)
      [E:/bob_full_v1/hw/src/clb/clb.sv:28]
     1: i_5528/O (LUT3)
Found timing loop:
     0: i_5526/O (LUT3)
      [E:/bob_full_v1/hw/src/clb/clb.sv:28]
     1: i_5526/O (LUT3)
Found timing loop:
     0: i_5525/O (LUT3)
      [E:/bob_full_v1/hw/src/clb/clb.sv:28]
     1: i_5525/I1 (LUT3)
     2: i_5389/O (LUT5)
      [E:/bob_full_v1/hw/src/clb/clb.sv:28]
     3: i_5389/I0 (LUT5)
     4: i_5500/O (LUT6)
      [E:/bob_full_v1/hw/src/clb/clb.sv:28]
     5: i_5500/I5 (LUT6)
     6: i_4909/O (LUT3)
      [E:/bob_full_v1/hw/src/clb/clb.sv:28]
     7: i_4909/O (LUT3)
Inferred a: "set_disable_timing -from I1 -to O i_5525"
Found timing loop:
     0: i_5617/O (LUT3)
      [E:/bob_full_v1/hw/src/clb/clb.sv:28]
     1: i_5617/I2 (LUT3)
     2: i_5547/O (LUT6)
      [(null):0]
     3: i_5547/I5 (LUT6)
     4: i_5555/O (LUT6)
      [(null):0]
     5: i_5555/I4 (LUT6)
     6: i_5618/O (LUT3)
      [E:/bob_full_v1/hw/src/clb/clb.sv:28]
     7: i_5618/I2 (LUT3)
     8: i_5591/O (LUT3)
      [(null):0]
     9: i_5591/I2 (LUT3)
    10: i_5592/O (LUT6)
      [(null):0]
    11: i_5592/I5 (LUT6)
    12: i_5529/O (LUT3)
      [E:/bob_full_v1/hw/src/clb/clb.sv:28]
    13: i_5529/O (LUT3)
Inferred a: "set_disable_timing -from I2 -to O i_5617"
Found timing loop:
     0: i_5618/O (LUT3)
      [E:/bob_full_v1/hw/src/clb/clb.sv:28]
     1: i_5618/I2 (LUT3)
     2: i_5591/O (LUT3)
      [(null):0]
     3: i_5591/I2 (LUT3)
     4: i_5592/O (LUT6)
      [(null):0]
     5: i_5592/I5 (LUT6)
     6: i_5529/O (LUT3)
      [E:/bob_full_v1/hw/src/clb/clb.sv:28]
     7: i_5529/O (LUT3)
Inferred a: "set_disable_timing -from I2 -to O i_5618"
Found timing loop:
     0: i_5529/O (LUT3)
      [E:/bob_full_v1/hw/src/clb/clb.sv:28]
     1: i_5529/O (LUT3)
Found timing loop:
     0: i_5528/O (LUT3)
      [E:/bob_full_v1/hw/src/clb/clb.sv:28]
     1: i_5528/O (LUT3)
Found timing loop:
     0: i_5526/O (LUT3)
      [E:/bob_full_v1/hw/src/clb/clb.sv:28]
     1: i_5526/O (LUT3)
Found timing loop:
     0: i_5525/O (LUT3)
      [E:/bob_full_v1/hw/src/clb/clb.sv:28]
     1: i_5525/O (LUT3)
Found timing loop:
     0: i_5616/O (LUT3)
      [E:/bob_full_v1/hw/src/clb/clb.sv:28]
     1: i_5616/I1 (LUT3)
     2: i_5531/O (LUT5)
      [(null):0]
     3: i_5531/I4 (LUT5)
     4: i_5542/O (LUT5)
      [(null):0]
     5: i_5542/I4 (LUT5)
     6: i_5550/O (LUT6)
      [(null):0]
     7: i_5550/I5 (LUT6)
     8: i_5560/O (LUT6)
      [(null):0]
     9: i_5560/I4 (LUT6)
    10: i_5618/O (LUT3)
      [E:/bob_full_v1/hw/src/clb/clb.sv:28]
    11: i_5618/O (LUT3)
Inferred a: "set_disable_timing -from I1 -to O i_5616"
Found timing loop:
     0: i_5617/O (LUT3)
      [E:/bob_full_v1/hw/src/clb/clb.sv:28]
     1: i_5617/O (LUT3)
Found timing loop:
     0: i_4899/O (LUT3)
      [E:/bob_full_v1/hw/src/clb/clb.sv:28]
     1: i_4899/O (LUT3)
Found timing loop:
     0: i_4897/O (LUT3)
      [E:/bob_full_v1/hw/src/clb/clb.sv:28]
     1: i_4897/O (LUT3)
Found timing loop:
     0: i_4901/O (LUT3)
      [E:/bob_full_v1/hw/src/clb/clb.sv:28]
     1: i_4901/O (LUT3)
Found timing loop:
     0: i_4900/O (LUT3)
      [E:/bob_full_v1/hw/src/clb/clb.sv:28]
     1: i_4900/O (LUT3)
Found timing loop:
     0: i_4303/O (LUT3)
      [E:/bob_full_v1/hw/src/clb/clb.sv:28]
     1: i_4303/O (LUT3)
Found timing loop:
     0: i_4305/O (LUT3)
      [E:/bob_full_v1/hw/src/clb/clb.sv:28]
     1: i_4305/O (LUT3)
Found timing loop:
     0: i_4302/O (LUT3)
      [E:/bob_full_v1/hw/src/clb/clb.sv:28]
     1: i_4302/O (LUT3)
Found timing loop:
     0: i_5625/O (LUT3)
      [E:/bob_full_v1/hw/src/clb/clb.sv:28]
     1: i_5625/I1 (LUT3)
     2: i_5538/O (LUT4)
      [(null):0]
     3: i_5538/I3 (LUT4)
     4: i_6286/O (LUT5)
      [E:/bob_full_v1/hw/src/top/fpga4x4_top.v:12]
     5: i_6286/I4 (LUT5)
     6: i_5617/O (LUT3)
      [E:/bob_full_v1/hw/src/clb/clb.sv:28]
     7: i_5617/O (LUT3)
Inferred a: "set_disable_timing -from I1 -to O i_5625"
Found timing loop:
     0: i_5529/O (LUT3)
      [E:/bob_full_v1/hw/src/clb/clb.sv:28]
     1: i_5529/O (LUT3)
Found timing loop:
     0: i_5528/O (LUT3)
      [E:/bob_full_v1/hw/src/clb/clb.sv:28]
     1: i_5528/O (LUT3)
Found timing loop:
     0: i_5526/O (LUT3)
      [E:/bob_full_v1/hw/src/clb/clb.sv:28]
     1: i_5526/O (LUT3)
Found timing loop:
     0: i_5525/O (LUT3)
      [E:/bob_full_v1/hw/src/clb/clb.sv:28]
     1: i_5525/O (LUT3)
Found timing loop:
     0: i_5617/O (LUT3)
      [E:/bob_full_v1/hw/src/clb/clb.sv:28]
     1: i_5617/O (LUT3)
Found timing loop:
     0: i_5616/O (LUT3)
      [E:/bob_full_v1/hw/src/clb/clb.sv:28]
     1: i_5616/O (LUT3)
Found timing loop:
     0: i_5121/O (LUT3)
      [E:/bob_full_v1/hw/src/clb/clb.sv:28]
     1: i_5121/I1 (LUT3)
     2: i_5084/O (LUT5)
      [(null):0]
     3: i_5084/I1 (LUT5)
     4: i_5087/O (LUT6)
      [(null):0]
     5: i_5087/I5 (LUT6)
     6: i_5625/O (LUT3)
      [E:/bob_full_v1/hw/src/clb/clb.sv:28]
     7: i_5625/O (LUT3)
Inferred a: "set_disable_timing -from I1 -to O i_5121"
Found timing loop:
     0: i_4899/O (LUT3)
      [E:/bob_full_v1/hw/src/clb/clb.sv:28]
     1: i_4899/O (LUT3)
Found timing loop:
     0: i_4897/O (LUT3)
      [E:/bob_full_v1/hw/src/clb/clb.sv:28]
     1: i_4897/O (LUT3)
Found timing loop:
     0: i_4901/O (LUT3)
      [E:/bob_full_v1/hw/src/clb/clb.sv:28]
     1: i_4901/O (LUT3)
Found timing loop:
     0: i_4900/O (LUT3)
      [E:/bob_full_v1/hw/src/clb/clb.sv:28]
     1: i_4900/O (LUT3)
Found timing loop:
     0: i_4303/O (LUT3)
      [E:/bob_full_v1/hw/src/clb/clb.sv:28]
     1: i_4303/O (LUT3)
Found timing loop:
     0: i_4305/O (LUT3)
      [E:/bob_full_v1/hw/src/clb/clb.sv:28]
     1: i_4305/O (LUT3)
Found timing loop:
     0: i_4302/O (LUT3)
      [E:/bob_full_v1/hw/src/clb/clb.sv:28]
     1: i_4302/O (LUT3)
Found timing loop:
     0: i_5625/O (LUT3)
      [E:/bob_full_v1/hw/src/clb/clb.sv:28]
     1: i_5625/O (LUT3)
Found timing loop:
     0: i_5627/O (LUT3)
      [E:/bob_full_v1/hw/src/clb/clb.sv:28]
     1: i_5627/I1 (LUT3)
     2: i_5540/O (LUT4)
      [(null):0]
     3: i_5540/I0 (LUT4)
     4: i_5541/O (LUT6)
      [(null):0]
     5: i_5541/I5 (LUT6)
     6: i_5121/O (LUT3)
      [E:/bob_full_v1/hw/src/clb/clb.sv:28]
     7: i_5121/O (LUT3)
Inferred a: "set_disable_timing -from I1 -to O i_5627"
Found timing loop:
     0: i_5529/O (LUT3)
      [E:/bob_full_v1/hw/src/clb/clb.sv:28]
     1: i_5529/O (LUT3)
Found timing loop:
     0: i_5528/O (LUT3)
      [E:/bob_full_v1/hw/src/clb/clb.sv:28]
     1: i_5528/O (LUT3)
Found timing loop:
     0: i_5526/O (LUT3)
      [E:/bob_full_v1/hw/src/clb/clb.sv:28]
     1: i_5526/O (LUT3)
Found timing loop:
     0: i_5525/O (LUT3)
      [E:/bob_full_v1/hw/src/clb/clb.sv:28]
     1: i_5525/O (LUT3)
Found timing loop:
     0: i_4899/O (LUT3)
      [E:/bob_full_v1/hw/src/clb/clb.sv:28]
     1: i_4899/O (LUT3)
Found timing loop:
     0: i_4897/O (LUT3)
      [E:/bob_full_v1/hw/src/clb/clb.sv:28]
     1: i_4897/O (LUT3)
Found timing loop:
     0: i_4901/O (LUT3)
      [E:/bob_full_v1/hw/src/clb/clb.sv:28]
     1: i_4901/O (LUT3)
Found timing loop:
     0: i_4900/O (LUT3)
      [E:/bob_full_v1/hw/src/clb/clb.sv:28]
     1: i_4900/O (LUT3)
Found timing loop:
     0: i_4303/O (LUT3)
      [E:/bob_full_v1/hw/src/clb/clb.sv:28]
     1: i_4303/O (LUT3)
Found timing loop:
     0: i_4305/O (LUT3)
      [E:/bob_full_v1/hw/src/clb/clb.sv:28]
     1: i_4305/O (LUT3)
Found timing loop:
     0: i_4302/O (LUT3)
      [E:/bob_full_v1/hw/src/clb/clb.sv:28]
     1: i_4302/O (LUT3)
Found timing loop:
     0: i_5625/O (LUT3)
      [E:/bob_full_v1/hw/src/clb/clb.sv:28]
     1: i_5625/O (LUT3)
Found timing loop:
     0: i_5627/O (LUT3)
      [E:/bob_full_v1/hw/src/clb/clb.sv:28]
     1: i_5627/O (LUT3)
Found timing loop:
     0: i_5624/O (LUT3)
      [E:/bob_full_v1/hw/src/clb/clb.sv:28]
     1: i_5624/I1 (LUT3)
     2: i_5615/O (LUT3)
      [(null):0]
     3: i_5615/I2 (LUT3)
     4: i_6260/O (LUT6)
      [E:/bob_full_v1/hw/src/top/fpga4x4_top.v:12]
     5: i_6260/I4 (LUT6)
     6: i_5115/O (LUT3)
      [E:/bob_full_v1/hw/src/clb/clb.sv:28]
     7: i_5115/I1 (LUT3)
     8: i_5066/O (LUT5)
      [(null):0]
     9: i_5066/I1 (LUT5)
    10: i_5070/O (LUT6)
      [(null):0]
    11: i_5070/I5 (LUT6)
    12: i_5625/O (LUT3)
      [E:/bob_full_v1/hw/src/clb/clb.sv:28]
    13: i_5625/O (LUT3)
Inferred a: "set_disable_timing -from I1 -to O i_5624"
Found timing loop:
     0: i_5529/O (LUT3)
      [E:/bob_full_v1/hw/src/clb/clb.sv:28]
     1: i_5529/O (LUT3)
Found timing loop:
     0: i_5528/O (LUT3)
      [E:/bob_full_v1/hw/src/clb/clb.sv:28]
     1: i_5528/O (LUT3)
Found timing loop:
     0: i_5526/O (LUT3)
      [E:/bob_full_v1/hw/src/clb/clb.sv:28]
     1: i_5526/O (LUT3)
Found timing loop:
     0: i_5525/O (LUT3)
      [E:/bob_full_v1/hw/src/clb/clb.sv:28]
     1: i_5525/O (LUT3)
Found timing loop:
     0: i_5617/O (LUT3)
      [E:/bob_full_v1/hw/src/clb/clb.sv:28]
     1: i_5617/O (LUT3)
Found timing loop:
     0: i_5616/O (LUT3)
      [E:/bob_full_v1/hw/src/clb/clb.sv:28]
     1: i_5616/O (LUT3)
Found timing loop:
     0: i_5121/O (LUT3)
      [E:/bob_full_v1/hw/src/clb/clb.sv:28]
     1: i_5121/O (LUT3)
Found timing loop:
     0: i_5119/O (LUT3)
      [E:/bob_full_v1/hw/src/clb/clb.sv:28]
     1: i_5119/I1 (LUT3)
     2: i_5077/O (LUT5)
      [(null):0]
     3: i_5077/I1 (LUT5)
     4: i_5081/O (LUT6)
      [(null):0]
     5: i_5081/I5 (LUT6)
     6: i_5625/O (LUT3)
      [E:/bob_full_v1/hw/src/clb/clb.sv:28]
     7: i_5625/O (LUT3)
Inferred a: "set_disable_timing -from I1 -to O i_5119"
Found timing loop:
     0: i_4303/O (LUT3)
      [E:/bob_full_v1/hw/src/clb/clb.sv:28]
     1: i_4303/O (LUT3)
Found timing loop:
     0: i_4305/O (LUT3)
      [E:/bob_full_v1/hw/src/clb/clb.sv:28]
     1: i_4305/O (LUT3)
Found timing loop:
     0: i_4302/O (LUT3)
      [E:/bob_full_v1/hw/src/clb/clb.sv:28]
     1: i_4302/O (LUT3)
Found timing loop:
     0: i_4899/O (LUT3)
      [E:/bob_full_v1/hw/src/clb/clb.sv:28]
     1: i_4899/O (LUT3)
Found timing loop:
     0: i_4897/O (LUT3)
      [E:/bob_full_v1/hw/src/clb/clb.sv:28]
     1: i_4897/O (LUT3)
Found timing loop:
     0: i_4901/O (LUT3)
      [E:/bob_full_v1/hw/src/clb/clb.sv:28]
     1: i_4901/O (LUT3)
Found timing loop:
     0: i_4900/O (LUT3)
      [E:/bob_full_v1/hw/src/clb/clb.sv:28]
     1: i_4900/O (LUT3)
Found timing loop:
     0: i_5625/O (LUT3)
      [E:/bob_full_v1/hw/src/clb/clb.sv:28]
     1: i_5625/O (LUT3)
Found timing loop:
     0: i_5627/O (LUT3)
      [E:/bob_full_v1/hw/src/clb/clb.sv:28]
     1: i_5627/O (LUT3)
Found timing loop:
     0: i_5624/O (LUT3)
      [E:/bob_full_v1/hw/src/clb/clb.sv:28]
     1: i_5624/O (LUT3)
Found timing loop:
     0: i_5626/O (LUT3)
      [E:/bob_full_v1/hw/src/clb/clb.sv:28]
     1: i_5626/I1 (LUT3)
     2: i_5532/O (LUT4)
      [(null):0]
     3: i_5532/I0 (LUT4)
     4: i_5533/O (LUT6)
      [(null):0]
     5: i_5533/I5 (LUT6)
     6: i_5121/O (LUT3)
      [E:/bob_full_v1/hw/src/clb/clb.sv:28]
     7: i_5121/O (LUT3)
Inferred a: "set_disable_timing -from I1 -to O i_5626"
Found timing loop:
     0: i_5101/O (LUT3)
      [E:/bob_full_v1/hw/src/clb/clb.sv:28]
     1: i_5101/I2 (LUT3)
     2: i_4918/O (LUT3)
      [(null):0]
     3: i_4918/I2 (LUT3)
     4: i_5104/O (LUT3)
      [E:/bob_full_v1/hw/src/clb/clb.sv:28]
     5: i_5104/I2 (LUT3)
     6: i_5004/O (LUT2)
      [(null):0]
     7: i_5004/I1 (LUT2)
     8: i_5094/O (LUT2)
      [(null):0]
     9: i_5094/I1 (LUT2)
    10: i_4973/O (LUT2)
      [(null):0]
    11: i_4973/I0 (LUT2)
    12: i_4975/O (LUT2)
      [(null):0]
    13: i_4975/I1 (LUT2)
    14: i_5102/O (LUT2)
      [E:/bob_full_v1/hw/src/clb/clb.sv:28]
    15: i_5102/I0 (LUT2)
    16: i_4991/O (LUT6)
      [(null):0]
    17: i_4991/I2 (LUT6)
    18: i_4992/O (LUT6)
      [(null):0]
    19: i_4992/I5 (LUT6)
    20: i_4303/O (LUT3)
      [E:/bob_full_v1/hw/src/clb/clb.sv:28]
    21: i_4303/O (LUT3)
Inferred a: "set_disable_timing -from I2 -to O i_5101"
Found timing loop:
     0: i_5101/O (LUT3)
      [E:/bob_full_v1/hw/src/clb/clb.sv:28]
     1: i_5101/O (LUT3)
Found timing loop:
     0: i_4897/O (LUT3)
      [E:/bob_full_v1/hw/src/clb/clb.sv:28]
     1: i_4897/O (LUT3)
Found timing loop:
     0: i_4900/O (LUT3)
      [E:/bob_full_v1/hw/src/clb/clb.sv:28]
     1: i_4900/O (LUT3)
Found timing loop:
     0: i_4899/O (LUT3)
      [E:/bob_full_v1/hw/src/clb/clb.sv:28]
     1: i_4899/O (LUT3)
Found timing loop:
     0: i_4901/O (LUT3)
      [E:/bob_full_v1/hw/src/clb/clb.sv:28]
     1: i_4901/O (LUT3)
Found timing loop:
     0: i_5626/O (LUT3)
      [E:/bob_full_v1/hw/src/clb/clb.sv:28]
     1: i_5626/O (LUT3)
Found timing loop:
     0: i_5624/O (LUT3)
      [E:/bob_full_v1/hw/src/clb/clb.sv:28]
     1: i_5624/O (LUT3)
Found timing loop:
     0: i_5625/O (LUT3)
      [E:/bob_full_v1/hw/src/clb/clb.sv:28]
     1: i_5625/O (LUT3)
Found timing loop:
     0: i_5627/O (LUT3)
      [E:/bob_full_v1/hw/src/clb/clb.sv:28]
     1: i_5627/O (LUT3)
Found timing loop:
     0: i_4302/O (LUT3)
      [E:/bob_full_v1/hw/src/clb/clb.sv:28]
     1: i_4302/O (LUT3)
Found timing loop:
     0: i_4305/O (LUT3)
      [E:/bob_full_v1/hw/src/clb/clb.sv:28]
     1: i_4305/O (LUT3)
Found timing loop:
     0: i_4303/O (LUT3)
      [E:/bob_full_v1/hw/src/clb/clb.sv:28]
     1: i_4303/O (LUT3)
Found timing loop:
     0: i_5100/O (LUT3)
      [E:/bob_full_v1/hw/src/clb/clb.sv:28]
     1: i_5100/I1 (LUT3)
     2: i_4911/O (LUT5)
      [(null):0]
     3: i_4911/I4 (LUT5)
     4: i_5101/O (LUT3)
      [E:/bob_full_v1/hw/src/clb/clb.sv:28]
     5: i_5101/O (LUT3)
Inferred a: "set_disable_timing -from I1 -to O i_5100"
Found timing loop:
     0: i_5101/O (LUT3)
      [E:/bob_full_v1/hw/src/clb/clb.sv:28]
     1: i_5101/O (LUT3)
Found timing loop:
     0: i_4897/O (LUT3)
      [E:/bob_full_v1/hw/src/clb/clb.sv:28]
     1: i_4897/O (LUT3)
Found timing loop:
     0: i_4900/O (LUT3)
      [E:/bob_full_v1/hw/src/clb/clb.sv:28]
     1: i_4900/O (LUT3)
Found timing loop:
     0: i_4899/O (LUT3)
      [E:/bob_full_v1/hw/src/clb/clb.sv:28]
     1: i_4899/O (LUT3)
Found timing loop:
     0: i_4901/O (LUT3)
      [E:/bob_full_v1/hw/src/clb/clb.sv:28]
     1: i_4901/O (LUT3)
Found timing loop:
     0: i_5626/O (LUT3)
      [E:/bob_full_v1/hw/src/clb/clb.sv:28]
     1: i_5626/O (LUT3)
Found timing loop:
     0: i_5624/O (LUT3)
      [E:/bob_full_v1/hw/src/clb/clb.sv:28]
     1: i_5624/O (LUT3)
Found timing loop:
     0: i_5625/O (LUT3)
      [E:/bob_full_v1/hw/src/clb/clb.sv:28]
     1: i_5625/O (LUT3)
Found timing loop:
     0: i_5627/O (LUT3)
      [E:/bob_full_v1/hw/src/clb/clb.sv:28]
     1: i_5627/O (LUT3)
Found timing loop:
     0: i_4302/O (LUT3)
      [E:/bob_full_v1/hw/src/clb/clb.sv:28]
     1: i_4302/O (LUT3)
Found timing loop:
     0: i_4305/O (LUT3)
      [E:/bob_full_v1/hw/src/clb/clb.sv:28]
     1: i_4305/O (LUT3)
Found timing loop:
     0: i_4303/O (LUT3)
      [E:/bob_full_v1/hw/src/clb/clb.sv:28]
     1: i_4303/O (LUT3)
Found timing loop:
     0: i_5100/O (LUT3)
      [E:/bob_full_v1/hw/src/clb/clb.sv:28]
     1: i_5100/O (LUT3)
Found timing loop:
     0: i_5101/O (LUT3)
      [E:/bob_full_v1/hw/src/clb/clb.sv:28]
     1: i_5101/O (LUT3)
Found timing loop:
     0: i_5102/O (LUT2)
      [E:/bob_full_v1/hw/src/clb/clb.sv:28]
     1: i_5102/I0 (LUT2)
     2: i_4991/O (LUT6)
      [(null):0]
     3: i_4991/I2 (LUT6)
     4: i_4992/O (LUT6)
      [(null):0]
     5: i_4992/I5 (LUT6)
     6: i_4303/O (LUT3)
      [E:/bob_full_v1/hw/src/clb/clb.sv:28]
     7: i_4303/O (LUT3)
Inferred a: "set_disable_timing -from I0 -to O i_5102"
Found timing loop:
     0: i_5102/O (LUT2)
      [E:/bob_full_v1/hw/src/clb/clb.sv:28]
     1: i_5102/O (LUT2)
Found timing loop:
     0: i_4975/O (LUT2)
      [(null):0]
     1: i_4975/I1 (LUT2)
     2: i_5102/O (LUT2)
      [E:/bob_full_v1/hw/src/clb/clb.sv:28]
     3: i_5102/O (LUT2)
Inferred a: "set_disable_timing -from I1 -to O i_4975"
Found timing loop:
     0: i_5102/O (LUT2)
      [E:/bob_full_v1/hw/src/clb/clb.sv:28]
     1: i_5102/O (LUT2)
Found timing loop:
     0: i_5626/O (LUT3)
      [E:/bob_full_v1/hw/src/clb/clb.sv:28]
     1: i_5626/O (LUT3)
Found timing loop:
     0: i_5627/O (LUT3)
      [E:/bob_full_v1/hw/src/clb/clb.sv:28]
     1: i_5627/O (LUT3)
Found timing loop:
     0: i_5625/O (LUT3)
      [E:/bob_full_v1/hw/src/clb/clb.sv:28]
     1: i_5625/O (LUT3)
Found timing loop:
     0: i_5624/O (LUT3)
      [E:/bob_full_v1/hw/src/clb/clb.sv:28]
     1: i_5624/O (LUT3)
Found timing loop:
     0: i_4899/O (LUT3)
      [E:/bob_full_v1/hw/src/clb/clb.sv:28]
     1: i_4899/O (LUT3)
Found timing loop:
     0: i_4901/O (LUT3)
      [E:/bob_full_v1/hw/src/clb/clb.sv:28]
     1: i_4901/O (LUT3)
Found timing loop:
     0: i_4897/O (LUT3)
      [E:/bob_full_v1/hw/src/clb/clb.sv:28]
     1: i_4897/O (LUT3)
Found timing loop:
     0: i_4900/O (LUT3)
      [E:/bob_full_v1/hw/src/clb/clb.sv:28]
     1: i_4900/O (LUT3)
Found timing loop:
     0: i_4302/O (LUT3)
      [E:/bob_full_v1/hw/src/clb/clb.sv:28]
     1: i_4302/O (LUT3)
Found timing loop:
     0: i_4305/O (LUT3)
      [E:/bob_full_v1/hw/src/clb/clb.sv:28]
     1: i_4305/O (LUT3)
Found timing loop:
     0: i_4303/O (LUT3)
      [E:/bob_full_v1/hw/src/clb/clb.sv:28]
     1: i_4303/O (LUT3)
Found timing loop:
     0: i_5101/O (LUT3)
      [E:/bob_full_v1/hw/src/clb/clb.sv:28]
     1: i_5101/O (LUT3)
Found timing loop:
     0: i_5100/O (LUT3)
      [E:/bob_full_v1/hw/src/clb/clb.sv:28]
     1: i_5100/O (LUT3)
Found timing loop:
     0: i_4975/O (LUT2)
      [(null):0]
     1: i_4975/O (LUT2)
Found timing loop:
     0: i_4975/O (LUT2)
      [(null):0]
     1: i_4975/O (LUT2)
Found timing loop:
     0: i_4975/O (LUT2)
      [(null):0]
     1: i_4975/O (LUT2)
Found timing loop:
     0: i_4975/O (LUT2)
      [(null):0]
     1: i_4975/O (LUT2)
Found timing loop:
     0: i_4975/O (LUT2)
      [(null):0]
     1: i_4975/O (LUT2)
Found timing loop:
     0: i_4975/O (LUT2)
      [(null):0]
     1: i_4975/O (LUT2)
Found timing loop:
     0: i_4975/O (LUT2)
      [(null):0]
     1: i_4975/O (LUT2)
Found timing loop:
     0: i_4899/O (LUT3)
      [E:/bob_full_v1/hw/src/clb/clb.sv:28]
     1: i_4899/O (LUT3)
Found timing loop:
     0: i_4901/O (LUT3)
      [E:/bob_full_v1/hw/src/clb/clb.sv:28]
     1: i_4901/O (LUT3)
Found timing loop:
     0: i_4897/O (LUT3)
      [E:/bob_full_v1/hw/src/clb/clb.sv:28]
     1: i_4897/O (LUT3)
Found timing loop:
     0: i_4900/O (LUT3)
      [E:/bob_full_v1/hw/src/clb/clb.sv:28]
     1: i_4900/O (LUT3)
Found timing loop:
     0: i_5100/O (LUT3)
      [E:/bob_full_v1/hw/src/clb/clb.sv:28]
     1: i_5100/O (LUT3)
Found timing loop:
     0: i_5101/O (LUT3)
      [E:/bob_full_v1/hw/src/clb/clb.sv:28]
     1: i_5101/I0 (LUT3)
     2: i_4996/O (LUT5)
      [(null):0]
     3: i_4996/I0 (LUT5)
     4: i_4998/O (LUT6)
      [(null):0]
     5: i_4998/I5 (LUT6)
     6: i_5000/O (LUT6)
      [(null):0]
     7: i_5000/I4 (LUT6)
     8: i_5100/O (LUT3)
      [E:/bob_full_v1/hw/src/clb/clb.sv:28]
     9: i_5100/O (LUT3)
Inferred a: "set_disable_timing -from I0 -to O i_5101"
Found timing loop:
     0: i_5626/O (LUT3)
      [E:/bob_full_v1/hw/src/clb/clb.sv:28]
     1: i_5626/O (LUT3)
Found timing loop:
     0: i_5624/O (LUT3)
      [E:/bob_full_v1/hw/src/clb/clb.sv:28]
     1: i_5624/O (LUT3)
Found timing loop:
     0: i_5625/O (LUT3)
      [E:/bob_full_v1/hw/src/clb/clb.sv:28]
     1: i_5625/O (LUT3)
Found timing loop:
     0: i_5627/O (LUT3)
      [E:/bob_full_v1/hw/src/clb/clb.sv:28]
     1: i_5627/O (LUT3)
Found timing loop:
     0: i_4303/O (LUT3)
      [E:/bob_full_v1/hw/src/clb/clb.sv:28]
     1: i_4303/O (LUT3)
Found timing loop:
     0: i_4305/O (LUT3)
      [E:/bob_full_v1/hw/src/clb/clb.sv:28]
     1: i_4305/O (LUT3)
Found timing loop:
     0: i_4302/O (LUT3)
      [E:/bob_full_v1/hw/src/clb/clb.sv:28]
     1: i_4302/O (LUT3)
Found timing loop:
     0: i_4897/O (LUT3)
      [E:/bob_full_v1/hw/src/clb/clb.sv:28]
     1: i_4897/O (LUT3)
Found timing loop:
     0: i_4900/O (LUT3)
      [E:/bob_full_v1/hw/src/clb/clb.sv:28]
     1: i_4900/O (LUT3)
Found timing loop:
     0: i_4899/O (LUT3)
      [E:/bob_full_v1/hw/src/clb/clb.sv:28]
     1: i_4899/O (LUT3)
Found timing loop:
     0: i_4901/O (LUT3)
      [E:/bob_full_v1/hw/src/clb/clb.sv:28]
     1: i_4901/O (LUT3)
Found timing loop:
     0: i_5626/O (LUT3)
      [E:/bob_full_v1/hw/src/clb/clb.sv:28]
     1: i_5626/O (LUT3)
Found timing loop:
     0: i_5624/O (LUT3)
      [E:/bob_full_v1/hw/src/clb/clb.sv:28]
     1: i_5624/O (LUT3)
Found timing loop:
     0: i_5625/O (LUT3)
      [E:/bob_full_v1/hw/src/clb/clb.sv:28]
     1: i_5625/O (LUT3)
Found timing loop:
     0: i_5627/O (LUT3)
      [E:/bob_full_v1/hw/src/clb/clb.sv:28]
     1: i_5627/O (LUT3)
Found timing loop:
     0: i_4302/O (LUT3)
      [E:/bob_full_v1/hw/src/clb/clb.sv:28]
     1: i_4302/O (LUT3)
Found timing loop:
     0: i_4305/O (LUT3)
      [E:/bob_full_v1/hw/src/clb/clb.sv:28]
     1: i_4305/O (LUT3)
Found timing loop:
     0: i_4303/O (LUT3)
      [E:/bob_full_v1/hw/src/clb/clb.sv:28]
     1: i_4303/O (LUT3)
Found timing loop:
     0: i_5100/O (LUT3)
      [E:/bob_full_v1/hw/src/clb/clb.sv:28]
     1: i_5100/O (LUT3)
Found timing loop:
     0: i_5101/O (LUT3)
      [E:/bob_full_v1/hw/src/clb/clb.sv:28]
     1: i_5101/O (LUT3)
Found timing loop:
     0: i_5115/O (LUT3)
      [E:/bob_full_v1/hw/src/clb/clb.sv:28]
     1: i_5115/I1 (LUT3)
     2: i_5066/O (LUT5)
      [(null):0]
     3: i_5066/I1 (LUT5)
     4: i_5070/O (LUT6)
      [(null):0]
     5: i_5070/I5 (LUT6)
     6: i_5625/O (LUT3)
      [E:/bob_full_v1/hw/src/clb/clb.sv:28]
     7: i_5625/O (LUT3)
Inferred a: "set_disable_timing -from I1 -to O i_5115"
Found timing loop:
     0: i_5101/O (LUT3)
      [E:/bob_full_v1/hw/src/clb/clb.sv:28]
     1: i_5101/O (LUT3)
Found timing loop:
     0: i_5121/O (LUT3)
      [E:/bob_full_v1/hw/src/clb/clb.sv:28]
     1: i_5121/O (LUT3)
Found timing loop:
     0: i_5119/O (LUT3)
      [E:/bob_full_v1/hw/src/clb/clb.sv:28]
     1: i_5119/O (LUT3)
Found timing loop:
     0: i_5617/O (LUT3)
      [E:/bob_full_v1/hw/src/clb/clb.sv:28]
     1: i_5617/O (LUT3)
Found timing loop:
     0: i_5616/O (LUT3)
      [E:/bob_full_v1/hw/src/clb/clb.sv:28]
     1: i_5616/O (LUT3)
Found timing loop:
     0: i_5101/O (LUT3)
      [E:/bob_full_v1/hw/src/clb/clb.sv:28]
     1: i_5101/O (LUT3)
Found timing loop:
     0: i_5101/O (LUT3)
      [E:/bob_full_v1/hw/src/clb/clb.sv:28]
     1: i_5101/O (LUT3)
Found timing loop:
     0: i_5529/O (LUT3)
      [E:/bob_full_v1/hw/src/clb/clb.sv:28]
     1: i_5529/O (LUT3)
Found timing loop:
     0: i_5528/O (LUT3)
      [E:/bob_full_v1/hw/src/clb/clb.sv:28]
     1: i_5528/O (LUT3)
Found timing loop:
     0: i_5526/O (LUT3)
      [E:/bob_full_v1/hw/src/clb/clb.sv:28]
     1: i_5526/O (LUT3)
Found timing loop:
     0: i_5525/O (LUT3)
      [E:/bob_full_v1/hw/src/clb/clb.sv:28]
     1: i_5525/O (LUT3)
Found timing loop:
     0: i_5617/O (LUT3)
      [E:/bob_full_v1/hw/src/clb/clb.sv:28]
     1: i_5617/O (LUT3)
Found timing loop:
     0: i_5616/O (LUT3)
      [E:/bob_full_v1/hw/src/clb/clb.sv:28]
     1: i_5616/O (LUT3)
Found timing loop:
     0: i_5618/O (LUT3)
      [E:/bob_full_v1/hw/src/clb/clb.sv:28]
     1: i_5618/O (LUT3)
Found timing loop:
     0: i_5617/O (LUT3)
      [E:/bob_full_v1/hw/src/clb/clb.sv:28]
     1: i_5617/O (LUT3)
Found timing loop:
     0: i_5616/O (LUT3)
      [E:/bob_full_v1/hw/src/clb/clb.sv:28]
     1: i_5616/O (LUT3)
Found timing loop:
     0: i_5529/O (LUT3)
      [E:/bob_full_v1/hw/src/clb/clb.sv:28]
     1: i_5529/O (LUT3)
Found timing loop:
     0: i_5528/O (LUT3)
      [E:/bob_full_v1/hw/src/clb/clb.sv:28]
     1: i_5528/O (LUT3)
Found timing loop:
     0: i_5526/O (LUT3)
      [E:/bob_full_v1/hw/src/clb/clb.sv:28]
     1: i_5526/O (LUT3)
Found timing loop:
     0: i_5525/O (LUT3)
      [E:/bob_full_v1/hw/src/clb/clb.sv:28]
     1: i_5525/O (LUT3)
Found timing loop:
     0: i_5618/O (LUT3)
      [E:/bob_full_v1/hw/src/clb/clb.sv:28]
     1: i_5618/O (LUT3)
Found timing loop:
     0: i_5618/O (LUT3)
      [E:/bob_full_v1/hw/src/clb/clb.sv:28]
     1: i_5618/O (LUT3)
Found timing loop:
     0: i_5616/O (LUT3)
      [E:/bob_full_v1/hw/src/clb/clb.sv:28]
     1: i_5616/O (LUT3)
Found timing loop:
     0: i_5529/O (LUT3)
      [E:/bob_full_v1/hw/src/clb/clb.sv:28]
     1: i_5529/O (LUT3)
Found timing loop:
     0: i_5528/O (LUT3)
      [E:/bob_full_v1/hw/src/clb/clb.sv:28]
     1: i_5528/O (LUT3)
Found timing loop:
     0: i_5526/O (LUT3)
      [E:/bob_full_v1/hw/src/clb/clb.sv:28]
     1: i_5526/O (LUT3)
Found timing loop:
     0: i_5525/O (LUT3)
      [E:/bob_full_v1/hw/src/clb/clb.sv:28]
     1: i_5525/O (LUT3)
Found timing loop:
     0: i_5618/O (LUT3)
      [E:/bob_full_v1/hw/src/clb/clb.sv:28]
     1: i_5618/O (LUT3)
Found timing loop:
     0: i_5618/O (LUT3)
      [E:/bob_full_v1/hw/src/clb/clb.sv:28]
     1: i_5618/O (LUT3)
Found timing loop:
     0: i_5618/O (LUT3)
      [E:/bob_full_v1/hw/src/clb/clb.sv:28]
     1: i_5618/O (LUT3)
Found timing loop:
     0: i_5618/O (LUT3)
      [E:/bob_full_v1/hw/src/clb/clb.sv:28]
     1: i_5618/O (LUT3)
Found timing loop:
     0: i_5617/O (LUT3)
      [E:/bob_full_v1/hw/src/clb/clb.sv:28]
     1: i_5617/O (LUT3)
Found timing loop:
     0: i_5616/O (LUT3)
      [E:/bob_full_v1/hw/src/clb/clb.sv:28]
     1: i_5616/O (LUT3)
Found timing loop:
     0: i_5529/O (LUT3)
      [E:/bob_full_v1/hw/src/clb/clb.sv:28]
     1: i_5529/O (LUT3)
Found timing loop:
     0: i_5528/O (LUT3)
      [E:/bob_full_v1/hw/src/clb/clb.sv:28]
     1: i_5528/O (LUT3)
Found timing loop:
     0: i_5526/O (LUT3)
      [E:/bob_full_v1/hw/src/clb/clb.sv:28]
     1: i_5526/O (LUT3)
Found timing loop:
     0: i_5525/O (LUT3)
      [E:/bob_full_v1/hw/src/clb/clb.sv:28]
     1: i_5525/O (LUT3)
Found timing loop:
     0: i_5102/O (LUT2)
      [E:/bob_full_v1/hw/src/clb/clb.sv:28]
     1: i_5102/O (LUT2)
Found timing loop:
     0: i_5101/O (LUT3)
      [E:/bob_full_v1/hw/src/clb/clb.sv:28]
     1: i_5101/O (LUT3)
Found timing loop:
     0: i_5101/O (LUT3)
      [E:/bob_full_v1/hw/src/clb/clb.sv:28]
     1: i_5101/O (LUT3)
Found timing loop:
     0: i_5101/O (LUT3)
      [E:/bob_full_v1/hw/src/clb/clb.sv:28]
     1: i_5101/O (LUT3)
Found timing loop:
     0: i_5101/O (LUT3)
      [E:/bob_full_v1/hw/src/clb/clb.sv:28]
     1: i_5101/O (LUT3)
Found timing loop:
     0: i_4303/O (LUT3)
      [E:/bob_full_v1/hw/src/clb/clb.sv:28]
     1: i_4303/O (LUT3)
Found timing loop:
     0: i_4899/O (LUT3)
      [E:/bob_full_v1/hw/src/clb/clb.sv:28]
     1: i_4899/O (LUT3)
Found timing loop:
     0: i_4901/O (LUT3)
      [E:/bob_full_v1/hw/src/clb/clb.sv:28]
     1: i_4901/O (LUT3)
Found timing loop:
     0: i_4897/O (LUT3)
      [E:/bob_full_v1/hw/src/clb/clb.sv:28]
     1: i_4897/O (LUT3)
Found timing loop:
     0: i_4900/O (LUT3)
      [E:/bob_full_v1/hw/src/clb/clb.sv:28]
     1: i_4900/O (LUT3)
Found timing loop:
     0: i_5617/O (LUT3)
      [E:/bob_full_v1/hw/src/clb/clb.sv:28]
     1: i_5617/O (LUT3)
Found timing loop:
     0: i_4909/O (LUT3)
      [E:/bob_full_v1/hw/src/clb/clb.sv:28]
     1: i_4909/O (LUT3)
Found timing loop:
     0: i_4907/O (LUT3)
      [E:/bob_full_v1/hw/src/clb/clb.sv:28]
     1: i_4907/O (LUT3)
Found timing loop:
     0: i_5617/O (LUT3)
      [E:/bob_full_v1/hw/src/clb/clb.sv:28]
     1: i_5617/O (LUT3)
Found timing loop:
     0: i_4909/O (LUT3)
      [E:/bob_full_v1/hw/src/clb/clb.sv:28]
     1: i_4909/O (LUT3)
Found timing loop:
     0: i_4907/O (LUT3)
      [E:/bob_full_v1/hw/src/clb/clb.sv:28]
     1: i_4907/O (LUT3)
Found timing loop:
     0: i_5577/O (LUT6)
      [(null):0]
     1: i_5577/O (LUT6)
Found timing loop:
     0: i_5623/O (LUT3)
      [E:/bob_full_v1/hw/src/clb/clb.sv:28]
     1: i_5623/O (LUT3)
Found timing loop:
     0: i_5617/O (LUT3)
      [E:/bob_full_v1/hw/src/clb/clb.sv:28]
     1: i_5617/O (LUT3)
Found timing loop:
     0: i_4909/O (LUT3)
      [E:/bob_full_v1/hw/src/clb/clb.sv:28]
     1: i_4909/O (LUT3)
Found timing loop:
     0: i_5617/O (LUT3)
      [E:/bob_full_v1/hw/src/clb/clb.sv:28]
     1: i_5617/O (LUT3)
Found timing loop:
     0: i_4909/O (LUT3)
      [E:/bob_full_v1/hw/src/clb/clb.sv:28]
     1: i_4909/O (LUT3)
Found timing loop:
     0: i_5386/O (LUT3)
      [E:/bob_full_v1/hw/src/clb/clb.sv:28]
     1: i_5386/O (LUT3)
Found timing loop:
     0: i_5385/O (LUT3)
      [E:/bob_full_v1/hw/src/clb/clb.sv:28]
     1: i_5385/O (LUT3)
Found timing loop:
     0: i_5383/O (LUT3)
      [E:/bob_full_v1/hw/src/clb/clb.sv:28]
     1: i_5383/O (LUT3)
Found timing loop:
     0: i_5382/O (LUT3)
      [E:/bob_full_v1/hw/src/clb/clb.sv:28]
     1: i_5382/O (LUT3)
Found timing loop:
     0: i_4692/O (LUT3)
      [E:/bob_full_v1/hw/src/clb/clb.sv:28]
     1: i_4692/O (LUT3)
Found timing loop:
     0: i_4691/O (LUT3)
      [E:/bob_full_v1/hw/src/clb/clb.sv:28]
     1: i_4691/O (LUT3)
Found timing loop:
     0: i_4690/O (LUT3)
      [E:/bob_full_v1/hw/src/clb/clb.sv:28]
     1: i_4690/O (LUT3)
Found timing loop:
     0: i_4689/O (LUT3)
      [E:/bob_full_v1/hw/src/clb/clb.sv:28]
     1: i_4689/O (LUT3)
Found timing loop:
     0: i_4884/O (LUT3)
      [E:/bob_full_v1/hw/src/clb/clb.sv:28]
     1: i_4884/O (LUT3)
Found timing loop:
     0: i_4882/O (LUT3)
      [E:/bob_full_v1/hw/src/clb/clb.sv:28]
     1: i_4882/O (LUT3)
Found timing loop:
     0: i_4883/O (LUT3)
      [E:/bob_full_v1/hw/src/clb/clb.sv:28]
     1: i_4883/O (LUT3)
Found timing loop:
     0: i_4692/O (LUT3)
      [E:/bob_full_v1/hw/src/clb/clb.sv:28]
     1: i_4692/O (LUT3)
Found timing loop:
     0: i_4691/O (LUT3)
      [E:/bob_full_v1/hw/src/clb/clb.sv:28]
     1: i_4691/O (LUT3)
Found timing loop:
     0: i_4690/O (LUT3)
      [E:/bob_full_v1/hw/src/clb/clb.sv:28]
     1: i_4690/O (LUT3)
Found timing loop:
     0: i_4689/O (LUT3)
      [E:/bob_full_v1/hw/src/clb/clb.sv:28]
     1: i_4689/O (LUT3)
Found timing loop:
     0: i_4882/O (LUT3)
      [E:/bob_full_v1/hw/src/clb/clb.sv:28]
     1: i_4882/O (LUT3)
Found timing loop:
     0: i_4883/O (LUT3)
      [E:/bob_full_v1/hw/src/clb/clb.sv:28]
     1: i_4883/O (LUT3)
Found timing loop:
     0: i_4692/O (LUT3)
      [E:/bob_full_v1/hw/src/clb/clb.sv:28]
     1: i_4692/O (LUT3)
Found timing loop:
     0: i_4691/O (LUT3)
      [E:/bob_full_v1/hw/src/clb/clb.sv:28]
     1: i_4691/O (LUT3)
Found timing loop:
     0: i_4690/O (LUT3)
      [E:/bob_full_v1/hw/src/clb/clb.sv:28]
     1: i_4690/O (LUT3)
Found timing loop:
     0: i_4689/O (LUT3)
      [E:/bob_full_v1/hw/src/clb/clb.sv:28]
     1: i_4689/O (LUT3)
Found timing loop:
     0: i_4884/O (LUT3)
      [E:/bob_full_v1/hw/src/clb/clb.sv:28]
     1: i_4884/O (LUT3)
Found timing loop:
     0: i_4884/O (LUT3)
      [E:/bob_full_v1/hw/src/clb/clb.sv:28]
     1: i_4884/O (LUT3)
Found timing loop:
     0: i_4884/O (LUT3)
      [E:/bob_full_v1/hw/src/clb/clb.sv:28]
     1: i_4884/O (LUT3)
Found timing loop:
     0: i_4884/O (LUT3)
      [E:/bob_full_v1/hw/src/clb/clb.sv:28]
     1: i_4884/O (LUT3)
Found timing loop:
     0: i_4884/O (LUT3)
      [E:/bob_full_v1/hw/src/clb/clb.sv:28]
     1: i_4884/O (LUT3)
Found timing loop:
     0: i_4884/O (LUT3)
      [E:/bob_full_v1/hw/src/clb/clb.sv:28]
     1: i_4884/O (LUT3)
Found timing loop:
     0: i_4692/O (LUT3)
      [E:/bob_full_v1/hw/src/clb/clb.sv:28]
     1: i_4692/O (LUT3)
Found timing loop:
     0: i_4691/O (LUT3)
      [E:/bob_full_v1/hw/src/clb/clb.sv:28]
     1: i_4691/O (LUT3)
Found timing loop:
     0: i_4690/O (LUT3)
      [E:/bob_full_v1/hw/src/clb/clb.sv:28]
     1: i_4690/O (LUT3)
Found timing loop:
     0: i_4689/O (LUT3)
      [E:/bob_full_v1/hw/src/clb/clb.sv:28]
     1: i_4689/O (LUT3)
Found timing loop:
     0: i_4882/O (LUT3)
      [E:/bob_full_v1/hw/src/clb/clb.sv:28]
     1: i_4882/O (LUT3)
Found timing loop:
     0: i_4882/O (LUT3)
      [E:/bob_full_v1/hw/src/clb/clb.sv:28]
     1: i_4882/O (LUT3)
Found timing loop:
     0: i_4882/O (LUT3)
      [E:/bob_full_v1/hw/src/clb/clb.sv:28]
     1: i_4882/O (LUT3)
Found timing loop:
     0: i_4692/O (LUT3)
      [E:/bob_full_v1/hw/src/clb/clb.sv:28]
     1: i_4692/O (LUT3)
Found timing loop:
     0: i_4691/O (LUT3)
      [E:/bob_full_v1/hw/src/clb/clb.sv:28]
     1: i_4691/O (LUT3)
Found timing loop:
     0: i_4690/O (LUT3)
      [E:/bob_full_v1/hw/src/clb/clb.sv:28]
     1: i_4690/O (LUT3)
Found timing loop:
     0: i_4689/O (LUT3)
      [E:/bob_full_v1/hw/src/clb/clb.sv:28]
     1: i_4689/O (LUT3)
Found timing loop:
     0: i_4086/O (LUT3)
      [E:/bob_full_v1/hw/src/clb/clb.sv:28]
     1: i_4086/O (LUT3)
Found timing loop:
     0: i_4084/O (LUT3)
      [E:/bob_full_v1/hw/src/clb/clb.sv:28]
     1: i_4084/O (LUT3)
Found timing loop:
     0: i_3902/O (LUT5)
      [(null):0]
     1: i_3902/I4 (LUT5)
     2: i_3904/O (MUXF7)
      [(null):0]
     3: i_3904/I1 (MUXF7)
     4: i_3934/O (MUXF7)
      [(null):0]
     5: i_3934/I1 (MUXF7)
     6: i_3955/O (LUT6)
      [(null):0]
     7: i_3955/I4 (LUT6)
     8: i_4086/O (LUT3)
      [E:/bob_full_v1/hw/src/clb/clb.sv:28]
     9: i_4086/O (LUT3)
Inferred a: "set_disable_timing -from I4 -to O i_3902"
Found timing loop:
     0: i_3385/O (LUT3)
      [E:/bob_full_v1/hw/src/clb/clb.sv:28]
     1: i_3385/I1 (LUT3)
     2: i_3238/O (MUXF7)
      [E:/bob_full_v1/hw/src/clb/clb.sv:28]
     3: i_3238/I1 (MUXF7)
     4: i_3239/O (LUT6)
      [E:/bob_full_v1/hw/src/clb/clb.sv:28]
     5: i_3239/I5 (LUT6)
     6: i_3261/O (LUT6)
      [E:/bob_full_v1/hw/src/clb/clb.sv:28]
     7: i_3261/I4 (LUT6)
     8: i_3384/O (LUT3)
      [E:/bob_full_v1/hw/src/clb/clb.sv:28]
     9: i_3384/O (LUT3)
Inferred a: "set_disable_timing -from I1 -to O i_3385"
Found timing loop:
     0: i_3383/O (LUT3)
      [E:/bob_full_v1/hw/src/clb/clb.sv:28]
     1: i_3383/O (LUT3)
Found timing loop:
     0: i_3384/O (LUT3)
      [E:/bob_full_v1/hw/src/clb/clb.sv:28]
     1: i_3384/O (LUT3)
Found timing loop:
     0: i_3893/O (LUT3)
      [E:/bob_full_v1/hw/src/clb/clb.sv:28]
     1: i_3893/O (LUT3)
Found timing loop:
     0: i_3892/O (LUT3)
      [E:/bob_full_v1/hw/src/clb/clb.sv:28]
     1: i_3892/O (LUT3)
Found timing loop:
     0: i_3891/O (LUT3)
      [E:/bob_full_v1/hw/src/clb/clb.sv:28]
     1: i_3891/O (LUT3)
Found timing loop:
     0: i_3890/O (LUT3)
      [E:/bob_full_v1/hw/src/clb/clb.sv:28]
     1: i_3890/O (LUT3)
Found timing loop:
     0: i_4086/O (LUT3)
      [E:/bob_full_v1/hw/src/clb/clb.sv:28]
     1: i_4086/O (LUT3)
Found timing loop:
     0: i_4082/O (LUT3)
      [E:/bob_full_v1/hw/src/clb/clb.sv:28]
     1: i_4082/O (LUT3)
Found timing loop:
     0: i_4084/O (LUT3)
      [E:/bob_full_v1/hw/src/clb/clb.sv:28]
     1: i_4084/O (LUT3)
Found timing loop:
     0: i_3893/O (LUT3)
      [E:/bob_full_v1/hw/src/clb/clb.sv:28]
     1: i_3893/O (LUT3)
Found timing loop:
     0: i_3892/O (LUT3)
      [E:/bob_full_v1/hw/src/clb/clb.sv:28]
     1: i_3892/O (LUT3)
Found timing loop:
     0: i_3891/O (LUT3)
      [E:/bob_full_v1/hw/src/clb/clb.sv:28]
     1: i_3891/O (LUT3)
Found timing loop:
     0: i_3890/O (LUT3)
      [E:/bob_full_v1/hw/src/clb/clb.sv:28]
     1: i_3890/O (LUT3)
Found timing loop:
     0: i_4086/O (LUT3)
      [E:/bob_full_v1/hw/src/clb/clb.sv:28]
     1: i_4086/O (LUT3)
Found timing loop:
     0: i_4086/O (LUT3)
      [E:/bob_full_v1/hw/src/clb/clb.sv:28]
     1: i_4086/O (LUT3)
Found timing loop:
     0: i_4084/O (LUT3)
      [E:/bob_full_v1/hw/src/clb/clb.sv:28]
     1: i_4084/O (LUT3)
Found timing loop:
     0: i_4082/O (LUT3)
      [E:/bob_full_v1/hw/src/clb/clb.sv:28]
     1: i_4082/O (LUT3)
Found timing loop:
     0: i_3893/O (LUT3)
      [E:/bob_full_v1/hw/src/clb/clb.sv:28]
     1: i_3893/O (LUT3)
Found timing loop:
     0: i_3892/O (LUT3)
      [E:/bob_full_v1/hw/src/clb/clb.sv:28]
     1: i_3892/O (LUT3)
Found timing loop:
     0: i_3891/O (LUT3)
      [E:/bob_full_v1/hw/src/clb/clb.sv:28]
     1: i_3891/O (LUT3)
Found timing loop:
     0: i_3890/O (LUT3)
      [E:/bob_full_v1/hw/src/clb/clb.sv:28]
     1: i_3890/O (LUT3)
Found timing loop:
     0: i_3893/O (LUT3)
      [E:/bob_full_v1/hw/src/clb/clb.sv:28]
     1: i_3893/O (LUT3)
Found timing loop:
     0: i_3892/O (LUT3)
      [E:/bob_full_v1/hw/src/clb/clb.sv:28]
     1: i_3892/O (LUT3)
Found timing loop:
     0: i_3891/O (LUT3)
      [E:/bob_full_v1/hw/src/clb/clb.sv:28]
     1: i_3891/O (LUT3)
Found timing loop:
     0: i_3890/O (LUT3)
      [E:/bob_full_v1/hw/src/clb/clb.sv:28]
     1: i_3890/O (LUT3)
Found timing loop:
     0: i_4082/O (LUT3)
      [E:/bob_full_v1/hw/src/clb/clb.sv:28]
     1: i_4082/O (LUT3)
Found timing loop:
     0: i_4084/O (LUT3)
      [E:/bob_full_v1/hw/src/clb/clb.sv:28]
     1: i_4084/I0 (LUT3)
     2: i_4085/O (LUT2)
      [E:/bob_full_v1/hw/src/clb/clb.sv:28]
     3: i_4085/I0 (LUT2)
     4: i_3925/O (LUT6)
      [(null):0]
     5: i_3925/I1 (LUT6)
     6: i_3926/O (LUT6)
      [(null):0]
     7: i_3926/I3 (LUT6)
     8: i_4082/O (LUT3)
      [E:/bob_full_v1/hw/src/clb/clb.sv:28]
     9: i_4082/O (LUT3)
Inferred a: "set_disable_timing -from I0 -to O i_4084"
Found timing loop:
     0: i_4086/O (LUT3)
      [E:/bob_full_v1/hw/src/clb/clb.sv:28]
     1: i_4086/O (LUT3)
Found timing loop:
     0: i_4086/O (LUT3)
      [E:/bob_full_v1/hw/src/clb/clb.sv:28]
     1: i_4086/O (LUT3)
Found timing loop:
     0: i_4086/O (LUT3)
      [E:/bob_full_v1/hw/src/clb/clb.sv:28]
     1: i_4086/O (LUT3)
Found timing loop:
     0: i_4086/O (LUT3)
      [E:/bob_full_v1/hw/src/clb/clb.sv:28]
     1: i_4086/O (LUT3)
Found timing loop:
     0: i_4082/O (LUT3)
      [E:/bob_full_v1/hw/src/clb/clb.sv:28]
     1: i_4082/O (LUT3)
Found timing loop:
     0: i_4084/O (LUT3)
      [E:/bob_full_v1/hw/src/clb/clb.sv:28]
     1: i_4084/O (LUT3)
Found timing loop:
     0: i_3893/O (LUT3)
      [E:/bob_full_v1/hw/src/clb/clb.sv:28]
     1: i_3893/O (LUT3)
Found timing loop:
     0: i_3892/O (LUT3)
      [E:/bob_full_v1/hw/src/clb/clb.sv:28]
     1: i_3892/O (LUT3)
Found timing loop:
     0: i_3891/O (LUT3)
      [E:/bob_full_v1/hw/src/clb/clb.sv:28]
     1: i_3891/O (LUT3)
Found timing loop:
     0: i_3890/O (LUT3)
      [E:/bob_full_v1/hw/src/clb/clb.sv:28]
     1: i_3890/O (LUT3)
Found timing loop:
     0: i_4084/O (LUT3)
      [E:/bob_full_v1/hw/src/clb/clb.sv:28]
     1: i_4084/O (LUT3)
Found timing loop:
     0: i_4084/O (LUT3)
      [E:/bob_full_v1/hw/src/clb/clb.sv:28]
     1: i_4084/O (LUT3)
Found timing loop:
     0: i_3067/O (LUT3)
      [E:/bob_full_v1/hw/src/clb/clb.sv:28]
     1: i_3067/O (LUT3)
Found timing loop:
     0: i_3066/O (LUT3)
      [E:/bob_full_v1/hw/src/clb/clb.sv:28]
     1: i_3066/O (LUT3)
Found timing loop:
     0: i_3065/O (LUT3)
      [E:/bob_full_v1/hw/src/clb/clb.sv:28]
     1: i_3065/O (LUT3)
Found timing loop:
     0: i_3064/O (LUT3)
      [E:/bob_full_v1/hw/src/clb/clb.sv:28]
     1: i_3064/O (LUT3)
Found timing loop:
     0: i_3391/O (LUT3)
      [E:/bob_full_v1/hw/src/clb/clb.sv:28]
     1: i_3391/O (LUT3)
Found timing loop:
     0: i_3390/O (LUT3)
      [E:/bob_full_v1/hw/src/clb/clb.sv:28]
     1: i_3390/O (LUT3)
Found timing loop:
     0: i_3389/O (LUT3)
      [E:/bob_full_v1/hw/src/clb/clb.sv:28]
     1: i_3389/O (LUT3)
Found timing loop:
     0: i_3388/O (LUT3)
      [E:/bob_full_v1/hw/src/clb/clb.sv:28]
     1: i_3388/I1 (LUT3)
     2: i_3270/O (MUXF7)
      [E:/bob_full_v1/hw/src/clb/clb.sv:28]
     3: i_3270/I1 (MUXF7)
     4: i_3271/O (LUT6)
      [E:/bob_full_v1/hw/src/clb/clb.sv:28]
     5: i_3271/I5 (LUT6)
     6: i_3324/O (LUT6)
      [E:/bob_full_v1/hw/src/clb/clb.sv:28]
     7: i_3324/I5 (LUT6)
     8: i_3512/O (LUT3)
      [E:/bob_full_v1/hw/src/clb/mux_bank.v:35]
     9: i_3512/O (LUT3)
Inferred a: "set_disable_timing -from I1 -to O i_3388"
Found timing loop:
     0: i_3067/O (LUT3)
      [E:/bob_full_v1/hw/src/clb/clb.sv:28]
     1: i_3067/O (LUT3)
Found timing loop:
     0: i_3066/O (LUT3)
      [E:/bob_full_v1/hw/src/clb/clb.sv:28]
     1: i_3066/O (LUT3)
Found timing loop:
     0: i_3065/O (LUT3)
      [E:/bob_full_v1/hw/src/clb/clb.sv:28]
     1: i_3065/O (LUT3)
Found timing loop:
     0: i_3064/O (LUT3)
      [E:/bob_full_v1/hw/src/clb/clb.sv:28]
     1: i_3064/O (LUT3)
Found timing loop:
     0: i_3391/O (LUT3)
      [E:/bob_full_v1/hw/src/clb/clb.sv:28]
     1: i_3391/O (LUT3)
Found timing loop:
     0: i_3390/O (LUT3)
      [E:/bob_full_v1/hw/src/clb/clb.sv:28]
     1: i_3390/O (LUT3)
Found timing loop:
     0: i_3389/O (LUT3)
      [E:/bob_full_v1/hw/src/clb/clb.sv:28]
     1: i_3389/O (LUT3)
Found timing loop:
     0: i_3388/O (LUT3)
      [E:/bob_full_v1/hw/src/clb/clb.sv:28]
     1: i_3388/O (LUT3)
Found timing loop:
     0: i_3220/O (LUT3)
      [E:/bob_full_v1/hw/src/clb/clb.sv:28]
     1: i_3220/I1 (LUT3)
     2: i_3104/O (MUXF7)
      [E:/bob_full_v1/hw/src/clb/clb.sv:28]
     3: i_3104/I0 (MUXF7)
     4: i_3151/O (LUT6)
      [E:/bob_full_v1/hw/src/clb/clb.sv:28]
     5: i_3151/I5 (LUT6)
     6: i_3219/O (LUT3)
      [E:/bob_full_v1/hw/src/clb/clb.sv:28]
     7: i_3219/I2 (LUT3)
     8: i_3073/O (LUT3)
      [E:/bob_full_v1/hw/src/clb/clb.sv:28]
     9: i_3073/I2 (LUT3)
    10: i_3223/O (LUT3)
      [E:/bob_full_v1/hw/src/clb/clb.sv:28]
    11: i_3223/I2 (LUT3)
    12: i_3090/O (LUT6)
      [E:/bob_full_v1/hw/src/clb/clb.sv:28]
    13: i_3090/I4 (LUT6)
    14: i_3220/O (LUT3)
      [E:/bob_full_v1/hw/src/clb/clb.sv:28]
Inferred a: "set_disable_timing -from I1 -to O i_3220"
Found timing loop:
     0: i_3219/O (LUT3)
      [E:/bob_full_v1/hw/src/clb/clb.sv:28]
     1: i_3219/I2 (LUT3)
     2: i_3073/O (LUT3)
      [E:/bob_full_v1/hw/src/clb/clb.sv:28]
     3: i_3073/I2 (LUT3)
     4: i_3223/O (LUT3)
      [E:/bob_full_v1/hw/src/clb/clb.sv:28]
     5: i_3223/I2 (LUT3)
     6: i_3090/O (LUT6)
      [E:/bob_full_v1/hw/src/clb/clb.sv:28]
     7: i_3090/I4 (LUT6)
     8: i_3220/O (LUT3)
      [E:/bob_full_v1/hw/src/clb/clb.sv:28]
     9: i_3220/O (LUT3)
Inferred a: "set_disable_timing -from I2 -to O i_3219"
Found timing loop:
     0: i_3218/O (LUT3)
      [E:/bob_full_v1/hw/src/clb/clb.sv:28]
     1: i_3218/I1 (LUT3)
     2: i_3132/O (LUT5)
      [E:/bob_full_v1/hw/src/clb/clb.sv:28]
     3: i_3132/I4 (LUT5)
     4: i_3221/O (LUT3)
      [E:/bob_full_v1/hw/src/clb/clb.sv:28]
     5: i_3221/I1 (LUT3)
     6: i_3074/O (MUXF7)
      [E:/bob_full_v1/hw/src/clb/clb.sv:28]
     7: i_3074/I1 (MUXF7)
     8: i_3075/O (LUT6)
      [E:/bob_full_v1/hw/src/clb/clb.sv:28]
     9: i_3075/I5 (LUT6)
    10: i_3097/O (LUT6)
      [E:/bob_full_v1/hw/src/clb/clb.sv:28]
    11: i_3097/I4 (LUT6)
    12: i_3220/O (LUT3)
      [E:/bob_full_v1/hw/src/clb/clb.sv:28]
    13: i_3220/O (LUT3)
Inferred a: "set_disable_timing -from I1 -to O i_3218"
Found timing loop:
     0: i_3686/O (LUT3)
      [E:/bob_full_v1/hw/src/clb/clb.sv:28]
     1: i_3686/O (LUT3)
Found timing loop:
     0: i_3685/O (LUT3)
      [E:/bob_full_v1/hw/src/clb/clb.sv:28]
     1: i_3685/O (LUT3)
Found timing loop:
     0: i_3684/O (LUT3)
      [E:/bob_full_v1/hw/src/clb/clb.sv:28]
     1: i_3684/O (LUT3)
Found timing loop:
     0: i_3683/O (LUT3)
      [E:/bob_full_v1/hw/src/clb/clb.sv:28]
     1: i_3683/O (LUT3)
Found timing loop:
     0: i_3876/O (LUT3)
      [E:/bob_full_v1/hw/src/clb/clb.sv:28]
     1: i_3876/O (LUT3)
Found timing loop:
     0: i_3878/O (LUT3)
      [E:/bob_full_v1/hw/src/clb/clb.sv:28]
     1: i_3878/O (LUT3)
Found timing loop:
     0: i_4688/O (LUT3)
      [E:/bob_full_v1/hw/src/clb/clb.sv:28]
     1: i_4688/O (LUT3)
Found timing loop:
     0: i_4687/O (LUT3)
      [E:/bob_full_v1/hw/src/clb/clb.sv:28]
     1: i_4687/O (LUT3)
Found timing loop:
     0: i_4686/O (LUT3)
      [E:/bob_full_v1/hw/src/clb/clb.sv:28]
     1: i_4686/O (LUT3)
Found timing loop:
     0: i_4685/O (LUT3)
      [E:/bob_full_v1/hw/src/clb/clb.sv:28]
     1: i_4685/O (LUT3)
Found timing loop:
     0: i_4092/O (LUT3)
      [E:/bob_full_v1/hw/src/clb/clb.sv:28]
     1: i_4092/O (LUT3)
Found timing loop:
     0: i_4091/O (LUT3)
      [E:/bob_full_v1/hw/src/clb/clb.sv:28]
     1: i_4091/O (LUT3)
Found timing loop:
     0: i_4090/O (LUT3)
      [E:/bob_full_v1/hw/src/clb/clb.sv:28]
     1: i_4090/O (LUT3)
Found timing loop:
     0: i_3235/O (LUT3)
      [E:/bob_full_v1/hw/src/clb/clb.sv:28]
     1: i_3235/I1 (LUT3)
     2: i_3128/O (MUXF7)
      [E:/bob_full_v1/hw/src/clb/clb.sv:28]
     3: i_3128/I0 (MUXF7)
     4: i_3213/O (LUT6)
      [E:/bob_full_v1/hw/src/clb/clb.sv:28]
     5: i_3213/I3 (LUT6)
     6: i_3218/O (LUT3)
      [E:/bob_full_v1/hw/src/clb/clb.sv:28]
     7: i_3218/O (LUT3)
Inferred a: "set_disable_timing -from I1 -to O i_3235"
Found timing loop:
     0: i_3067/O (LUT3)
      [E:/bob_full_v1/hw/src/clb/clb.sv:28]
     1: i_3067/O (LUT3)
Found timing loop:
     0: i_3066/O (LUT3)
      [E:/bob_full_v1/hw/src/clb/clb.sv:28]
     1: i_3066/O (LUT3)
Found timing loop:
     0: i_3065/O (LUT3)
      [E:/bob_full_v1/hw/src/clb/clb.sv:28]
     1: i_3065/O (LUT3)
Found timing loop:
     0: i_3064/O (LUT3)
      [E:/bob_full_v1/hw/src/clb/clb.sv:28]
     1: i_3064/O (LUT3)
Found timing loop:
     0: i_3391/O (LUT3)
      [E:/bob_full_v1/hw/src/clb/clb.sv:28]
     1: i_3391/O (LUT3)
Found timing loop:
     0: i_3390/O (LUT3)
      [E:/bob_full_v1/hw/src/clb/clb.sv:28]
     1: i_3390/O (LUT3)
Found timing loop:
     0: i_3389/O (LUT3)
      [E:/bob_full_v1/hw/src/clb/clb.sv:28]
     1: i_3389/O (LUT3)
Found timing loop:
     0: i_3388/O (LUT3)
      [E:/bob_full_v1/hw/src/clb/clb.sv:28]
     1: i_3388/O (LUT3)
Found timing loop:
     0: i_3218/O (LUT3)
      [E:/bob_full_v1/hw/src/clb/clb.sv:28]
     1: i_3218/O (LUT3)
Found timing loop:
     0: i_3889/O (LUT3)
      [E:/bob_full_v1/hw/src/clb/clb.sv:28]
     1: i_3889/I1 (LUT3)
     2: i_3714/O (LUT6)
      [(null):0]
     3: i_3714/I0 (LUT6)
     4: i_3822/O (LUT6)
      [(null):0]
     5: i_3822/I5 (LUT6)
     6: i_3235/O (LUT3)
      [E:/bob_full_v1/hw/src/clb/clb.sv:28]
     7: i_3235/O (LUT3)
Inferred a: "set_disable_timing -from I1 -to O i_3889"
Found timing loop:
     0: i_3686/O (LUT3)
      [E:/bob_full_v1/hw/src/clb/clb.sv:28]
     1: i_3686/O (LUT3)
Found timing loop:
     0: i_3685/O (LUT3)
      [E:/bob_full_v1/hw/src/clb/clb.sv:28]
     1: i_3685/O (LUT3)
Found timing loop:
     0: i_3684/O (LUT3)
      [E:/bob_full_v1/hw/src/clb/clb.sv:28]
     1: i_3684/O (LUT3)
Found timing loop:
     0: i_3683/O (LUT3)
      [E:/bob_full_v1/hw/src/clb/clb.sv:28]
     1: i_3683/O (LUT3)
Found timing loop:
     0: i_3878/O (LUT3)
      [E:/bob_full_v1/hw/src/clb/clb.sv:28]
     1: i_3878/O (LUT3)
Found timing loop:
     0: i_3876/O (LUT3)
      [E:/bob_full_v1/hw/src/clb/clb.sv:28]
     1: i_3876/O (LUT3)
Found timing loop:
     0: i_4688/O (LUT3)
      [E:/bob_full_v1/hw/src/clb/clb.sv:28]
     1: i_4688/O (LUT3)
Found timing loop:
     0: i_4687/O (LUT3)
      [E:/bob_full_v1/hw/src/clb/clb.sv:28]
     1: i_4687/O (LUT3)
Found timing loop:
     0: i_4686/O (LUT3)
      [E:/bob_full_v1/hw/src/clb/clb.sv:28]
     1: i_4686/O (LUT3)
Found timing loop:
     0: i_4685/O (LUT3)
      [E:/bob_full_v1/hw/src/clb/clb.sv:28]
     1: i_4685/O (LUT3)
Found timing loop:
     0: i_4092/O (LUT3)
      [E:/bob_full_v1/hw/src/clb/clb.sv:28]
     1: i_4092/O (LUT3)
Found timing loop:
     0: i_4091/O (LUT3)
      [E:/bob_full_v1/hw/src/clb/clb.sv:28]
     1: i_4091/O (LUT3)
Found timing loop:
     0: i_4090/O (LUT3)
      [E:/bob_full_v1/hw/src/clb/clb.sv:28]
     1: i_4090/O (LUT3)
Found timing loop:
     0: i_3235/O (LUT3)
      [E:/bob_full_v1/hw/src/clb/clb.sv:28]
     1: i_3235/O (LUT3)
Found timing loop:
     0: i_3234/O (LUT3)
      [E:/bob_full_v1/hw/src/clb/clb.sv:28]
     1: i_3234/I1 (LUT3)
     2: i_3126/O (MUXF7)
      [E:/bob_full_v1/hw/src/clb/clb.sv:28]
     3: i_3126/I0 (MUXF7)
     4: i_3208/O (LUT6)
      [E:/bob_full_v1/hw/src/clb/clb.sv:28]
     5: i_3208/I3 (LUT6)
     6: i_3218/O (LUT3)
      [E:/bob_full_v1/hw/src/clb/clb.sv:28]
     7: i_3218/O (LUT3)
Inferred a: "set_disable_timing -from I1 -to O i_3234"
Found timing loop:
     0: i_3067/O (LUT3)
      [E:/bob_full_v1/hw/src/clb/clb.sv:28]
     1: i_3067/O (LUT3)
Found timing loop:
     0: i_3066/O (LUT3)
      [E:/bob_full_v1/hw/src/clb/clb.sv:28]
     1: i_3066/O (LUT3)
Found timing loop:
     0: i_3065/O (LUT3)
      [E:/bob_full_v1/hw/src/clb/clb.sv:28]
     1: i_3065/O (LUT3)
Found timing loop:
     0: i_3064/O (LUT3)
      [E:/bob_full_v1/hw/src/clb/clb.sv:28]
     1: i_3064/O (LUT3)
Found timing loop:
     0: i_3391/O (LUT3)
      [E:/bob_full_v1/hw/src/clb/clb.sv:28]
     1: i_3391/O (LUT3)
Found timing loop:
     0: i_3390/O (LUT3)
      [E:/bob_full_v1/hw/src/clb/clb.sv:28]
     1: i_3390/O (LUT3)
Found timing loop:
     0: i_3389/O (LUT3)
      [E:/bob_full_v1/hw/src/clb/clb.sv:28]
     1: i_3389/O (LUT3)
Found timing loop:
     0: i_3388/O (LUT3)
      [E:/bob_full_v1/hw/src/clb/clb.sv:28]
     1: i_3388/O (LUT3)
Found timing loop:
     0: i_3218/O (LUT3)
      [E:/bob_full_v1/hw/src/clb/clb.sv:28]
     1: i_3218/O (LUT3)
Found timing loop:
     0: i_3889/O (LUT3)
      [E:/bob_full_v1/hw/src/clb/clb.sv:28]
     1: i_3889/O (LUT3)
Found timing loop:
     0: i_3888/O (LUT3)
      [E:/bob_full_v1/hw/src/clb/clb.sv:28]
     1: i_3888/I1 (LUT3)
     2: i_3813/O (LUT6)
      [(null):0]
     3: i_3813/I0 (LUT6)
     4: i_3816/O (LUT6)
      [(null):0]
     5: i_3816/I5 (LUT6)
     6: i_3235/O (LUT3)
      [E:/bob_full_v1/hw/src/clb/clb.sv:28]
     7: i_3235/O (LUT3)
Inferred a: "set_disable_timing -from I1 -to O i_3888"
Found timing loop:
     0: i_3876/O (LUT3)
      [E:/bob_full_v1/hw/src/clb/clb.sv:28]
     1: i_3876/O (LUT3)
Found timing loop:
     0: i_3878/O (LUT3)
      [E:/bob_full_v1/hw/src/clb/clb.sv:28]
     1: i_3878/O (LUT3)
Found timing loop:
     0: i_4688/O (LUT3)
      [E:/bob_full_v1/hw/src/clb/clb.sv:28]
     1: i_4688/O (LUT3)
Found timing loop:
     0: i_4687/O (LUT3)
      [E:/bob_full_v1/hw/src/clb/clb.sv:28]
     1: i_4687/O (LUT3)
Found timing loop:
     0: i_4686/O (LUT3)
      [E:/bob_full_v1/hw/src/clb/clb.sv:28]
     1: i_4686/O (LUT3)
Found timing loop:
     0: i_4685/O (LUT3)
      [E:/bob_full_v1/hw/src/clb/clb.sv:28]
     1: i_4685/O (LUT3)
Found timing loop:
     0: i_3235/O (LUT3)
      [E:/bob_full_v1/hw/src/clb/clb.sv:28]
     1: i_3235/O (LUT3)
Found timing loop:
     0: i_3234/O (LUT3)
      [E:/bob_full_v1/hw/src/clb/clb.sv:28]
     1: i_3234/O (LUT3)
Found timing loop:
     0: i_3233/O (LUT3)
      [E:/bob_full_v1/hw/src/clb/clb.sv:28]
     1: i_3233/I1 (LUT3)
     2: i_3124/O (MUXF7)
      [E:/bob_full_v1/hw/src/clb/clb.sv:28]
     3: i_3124/I0 (MUXF7)
     4: i_3203/O (LUT6)
      [E:/bob_full_v1/hw/src/clb/clb.sv:28]
     5: i_3203/I3 (LUT6)
     6: i_3218/O (LUT3)
      [E:/bob_full_v1/hw/src/clb/clb.sv:28]
     7: i_3218/O (LUT3)
Inferred a: "set_disable_timing -from I1 -to O i_3233"
Found timing loop:
     0: i_3067/O (LUT3)
      [E:/bob_full_v1/hw/src/clb/clb.sv:28]
     1: i_3067/O (LUT3)
Found timing loop:
     0: i_3066/O (LUT3)
      [E:/bob_full_v1/hw/src/clb/clb.sv:28]
     1: i_3066/O (LUT3)
Found timing loop:
     0: i_3065/O (LUT3)
      [E:/bob_full_v1/hw/src/clb/clb.sv:28]
     1: i_3065/O (LUT3)
Found timing loop:
     0: i_3064/O (LUT3)
      [E:/bob_full_v1/hw/src/clb/clb.sv:28]
     1: i_3064/O (LUT3)
Found timing loop:
     0: i_3391/O (LUT3)
      [E:/bob_full_v1/hw/src/clb/clb.sv:28]
     1: i_3391/O (LUT3)
Found timing loop:
     0: i_3390/O (LUT3)
      [E:/bob_full_v1/hw/src/clb/clb.sv:28]
     1: i_3390/O (LUT3)
Found timing loop:
     0: i_3389/O (LUT3)
      [E:/bob_full_v1/hw/src/clb/clb.sv:28]
     1: i_3389/O (LUT3)
Found timing loop:
     0: i_3388/O (LUT3)
      [E:/bob_full_v1/hw/src/clb/clb.sv:28]
     1: i_3388/O (LUT3)
Found timing loop:
     0: i_3218/O (LUT3)
      [E:/bob_full_v1/hw/src/clb/clb.sv:28]
     1: i_3218/O (LUT3)
Found timing loop:
     0: i_3889/O (LUT3)
      [E:/bob_full_v1/hw/src/clb/clb.sv:28]
     1: i_3889/O (LUT3)
Found timing loop:
     0: i_3888/O (LUT3)
      [E:/bob_full_v1/hw/src/clb/clb.sv:28]
     1: i_3888/O (LUT3)
Found timing loop:
     0: i_3806/O (LUT6)
      [(null):0]
     1: i_3806/I3 (LUT6)
     2: i_3809/O (MUXF7)
      [(null):0]
     3: i_3809/I1 (MUXF7)
     4: i_3810/O (LUT6)
      [(null):0]
     5: i_3810/I5 (LUT6)
     6: i_3235/O (LUT3)
      [E:/bob_full_v1/hw/src/clb/clb.sv:28]
     7: i_3235/O (LUT3)
Inferred a: "set_disable_timing -from I3 -to O i_3806"
Found timing loop:
     0: i_3686/O (LUT3)
      [E:/bob_full_v1/hw/src/clb/clb.sv:28]
     1: i_3686/O (LUT3)
Found timing loop:
     0: i_3685/O (LUT3)
      [E:/bob_full_v1/hw/src/clb/clb.sv:28]
     1: i_3685/O (LUT3)
Found timing loop:
     0: i_3684/O (LUT3)
      [E:/bob_full_v1/hw/src/clb/clb.sv:28]
     1: i_3684/O (LUT3)
Found timing loop:
     0: i_3683/O (LUT3)
      [E:/bob_full_v1/hw/src/clb/clb.sv:28]
     1: i_3683/O (LUT3)
Found timing loop:
     0: i_3876/O (LUT3)
      [E:/bob_full_v1/hw/src/clb/clb.sv:28]
     1: i_3876/O (LUT3)
Found timing loop:
     0: i_3878/O (LUT3)
      [E:/bob_full_v1/hw/src/clb/clb.sv:28]
     1: i_3878/O (LUT3)
Found timing loop:
     0: i_4688/O (LUT3)
      [E:/bob_full_v1/hw/src/clb/clb.sv:28]
     1: i_4688/O (LUT3)
Found timing loop:
     0: i_4687/O (LUT3)
      [E:/bob_full_v1/hw/src/clb/clb.sv:28]
     1: i_4687/O (LUT3)
Found timing loop:
     0: i_4686/O (LUT3)
      [E:/bob_full_v1/hw/src/clb/clb.sv:28]
     1: i_4686/O (LUT3)
Found timing loop:
     0: i_4685/O (LUT3)
      [E:/bob_full_v1/hw/src/clb/clb.sv:28]
     1: i_4685/O (LUT3)
Found timing loop:
     0: i_4092/O (LUT3)
      [E:/bob_full_v1/hw/src/clb/clb.sv:28]
     1: i_4092/O (LUT3)
Found timing loop:
     0: i_4091/O (LUT3)
      [E:/bob_full_v1/hw/src/clb/clb.sv:28]
     1: i_4091/O (LUT3)
Found timing loop:
     0: i_4090/O (LUT3)
      [E:/bob_full_v1/hw/src/clb/clb.sv:28]
     1: i_4090/O (LUT3)
Found timing loop:
     0: i_3235/O (LUT3)
      [E:/bob_full_v1/hw/src/clb/clb.sv:28]
     1: i_3235/O (LUT3)
Found timing loop:
     0: i_3234/O (LUT3)
      [E:/bob_full_v1/hw/src/clb/clb.sv:28]
     1: i_3234/O (LUT3)
Found timing loop:
     0: i_3233/O (LUT3)
      [E:/bob_full_v1/hw/src/clb/clb.sv:28]
     1: i_3233/O (LUT3)
Found timing loop:
     0: i_3232/O (LUT3)
      [E:/bob_full_v1/hw/src/clb/clb.sv:28]
     1: i_3232/I1 (LUT3)
     2: i_3122/O (MUXF7)
      [E:/bob_full_v1/hw/src/clb/clb.sv:28]
     3: i_3122/I0 (MUXF7)
     4: i_3198/O (LUT6)
      [E:/bob_full_v1/hw/src/clb/clb.sv:28]
     5: i_3198/I3 (LUT6)
     6: i_3218/O (LUT3)
      [E:/bob_full_v1/hw/src/clb/clb.sv:28]
     7: i_3218/O (LUT3)
Inferred a: "set_disable_timing -from I1 -to O i_3232"
Found timing loop:
     0: i_4092/O (LUT3)
      [E:/bob_full_v1/hw/src/clb/clb.sv:28]
     1: i_4092/O (LUT3)
Found timing loop:
     0: i_4091/O (LUT3)
      [E:/bob_full_v1/hw/src/clb/clb.sv:28]
     1: i_4091/O (LUT3)
Found timing loop:
     0: i_4090/O (LUT3)
      [E:/bob_full_v1/hw/src/clb/clb.sv:28]
     1: i_4090/O (LUT3)
Found timing loop:
     0: i_3686/O (LUT3)
      [E:/bob_full_v1/hw/src/clb/clb.sv:28]
     1: i_3686/O (LUT3)
Found timing loop:
     0: i_3685/O (LUT3)
      [E:/bob_full_v1/hw/src/clb/clb.sv:28]
     1: i_3685/O (LUT3)
Found timing loop:
     0: i_3684/O (LUT3)
      [E:/bob_full_v1/hw/src/clb/clb.sv:28]
     1: i_3684/O (LUT3)
Found timing loop:
     0: i_3683/O (LUT3)
      [E:/bob_full_v1/hw/src/clb/clb.sv:28]
     1: i_3683/O (LUT3)
Found timing loop:
     0: i_3391/O (LUT3)
      [E:/bob_full_v1/hw/src/clb/clb.sv:28]
     1: i_3391/O (LUT3)
Found timing loop:
     0: i_3390/O (LUT3)
      [E:/bob_full_v1/hw/src/clb/clb.sv:28]
     1: i_3390/O (LUT3)
Found timing loop:
     0: i_3389/O (LUT3)
      [E:/bob_full_v1/hw/src/clb/clb.sv:28]
     1: i_3389/O (LUT3)
Found timing loop:
     0: i_3388/O (LUT3)
      [E:/bob_full_v1/hw/src/clb/clb.sv:28]
     1: i_3388/O (LUT3)
Found timing loop:
     0: i_3067/O (LUT3)
      [E:/bob_full_v1/hw/src/clb/clb.sv:28]
     1: i_3067/O (LUT3)
Found timing loop:
     0: i_3066/O (LUT3)
      [E:/bob_full_v1/hw/src/clb/clb.sv:28]
     1: i_3066/O (LUT3)
Found timing loop:
     0: i_3065/O (LUT3)
      [E:/bob_full_v1/hw/src/clb/clb.sv:28]
     1: i_3065/O (LUT3)
Found timing loop:
     0: i_3064/O (LUT3)
      [E:/bob_full_v1/hw/src/clb/clb.sv:28]
     1: i_3064/O (LUT3)
Found timing loop:
     0: i_3220/O (LUT3)
      [E:/bob_full_v1/hw/src/clb/clb.sv:28]
     1: i_3220/O (LUT3)
Found timing loop:
     0: i_3218/O (LUT3)
      [E:/bob_full_v1/hw/src/clb/clb.sv:28]
     1: i_3218/O (LUT3)
Found timing loop:
     0: i_3391/O (LUT3)
      [E:/bob_full_v1/hw/src/clb/clb.sv:28]
     1: i_3391/O (LUT3)
Found timing loop:
     0: i_3390/O (LUT3)
      [E:/bob_full_v1/hw/src/clb/clb.sv:28]
     1: i_3390/O (LUT3)
Found timing loop:
     0: i_3389/O (LUT3)
      [E:/bob_full_v1/hw/src/clb/clb.sv:28]
     1: i_3389/O (LUT3)
Found timing loop:
     0: i_3388/O (LUT3)
      [E:/bob_full_v1/hw/src/clb/clb.sv:28]
     1: i_3388/O (LUT3)
Found timing loop:
     0: i_3067/O (LUT3)
      [E:/bob_full_v1/hw/src/clb/clb.sv:28]
     1: i_3067/O (LUT3)
Found timing loop:
     0: i_3066/O (LUT3)
      [E:/bob_full_v1/hw/src/clb/clb.sv:28]
     1: i_3066/O (LUT3)
Found timing loop:
     0: i_3065/O (LUT3)
      [E:/bob_full_v1/hw/src/clb/clb.sv:28]
     1: i_3065/O (LUT3)
Found timing loop:
     0: i_3064/O (LUT3)
      [E:/bob_full_v1/hw/src/clb/clb.sv:28]
     1: i_3064/O (LUT3)
Found timing loop:
     0: i_3218/O (LUT3)
      [E:/bob_full_v1/hw/src/clb/clb.sv:28]
     1: i_3218/O (LUT3)
Found timing loop:
     0: i_3219/O (LUT3)
      [E:/bob_full_v1/hw/src/clb/clb.sv:28]
     1: i_3219/O (LUT3)
Found timing loop:
     0: i_3391/O (LUT3)
      [E:/bob_full_v1/hw/src/clb/clb.sv:28]
     1: i_3391/O (LUT3)
Found timing loop:
     0: i_3390/O (LUT3)
      [E:/bob_full_v1/hw/src/clb/clb.sv:28]
     1: i_3390/O (LUT3)
Found timing loop:
     0: i_3389/O (LUT3)
      [E:/bob_full_v1/hw/src/clb/clb.sv:28]
     1: i_3389/O (LUT3)
Found timing loop:
     0: i_3388/O (LUT3)
      [E:/bob_full_v1/hw/src/clb/clb.sv:28]
     1: i_3388/O (LUT3)
Found timing loop:
     0: i_3067/O (LUT3)
      [E:/bob_full_v1/hw/src/clb/clb.sv:28]
     1: i_3067/O (LUT3)
Found timing loop:
     0: i_3066/O (LUT3)
      [E:/bob_full_v1/hw/src/clb/clb.sv:28]
     1: i_3066/O (LUT3)
Found timing loop:
     0: i_3065/O (LUT3)
      [E:/bob_full_v1/hw/src/clb/clb.sv:28]
     1: i_3065/O (LUT3)
Found timing loop:
     0: i_3064/O (LUT3)
      [E:/bob_full_v1/hw/src/clb/clb.sv:28]
     1: i_3064/O (LUT3)
Found timing loop:
     0: i_3220/O (LUT3)
      [E:/bob_full_v1/hw/src/clb/clb.sv:28]
     1: i_3220/O (LUT3)
Found timing loop:
     0: i_3220/O (LUT3)
      [E:/bob_full_v1/hw/src/clb/clb.sv:28]
     1: i_3220/O (LUT3)
Found timing loop:
     0: i_3220/O (LUT3)
      [E:/bob_full_v1/hw/src/clb/clb.sv:28]
     1: i_3220/O (LUT3)
Found timing loop:
     0: i_3220/O (LUT3)
      [E:/bob_full_v1/hw/src/clb/clb.sv:28]
     1: i_3220/O (LUT3)
Found timing loop:
     0: i_3220/O (LUT3)
      [E:/bob_full_v1/hw/src/clb/clb.sv:28]
     1: i_3220/O (LUT3)
Found timing loop:
     0: i_3220/O (LUT3)
      [E:/bob_full_v1/hw/src/clb/clb.sv:28]
     1: i_3220/O (LUT3)
Found timing loop:
     0: i_3067/O (LUT3)
      [E:/bob_full_v1/hw/src/clb/clb.sv:28]
     1: i_3067/O (LUT3)
Found timing loop:
     0: i_3066/O (LUT3)
      [E:/bob_full_v1/hw/src/clb/clb.sv:28]
     1: i_3066/O (LUT3)
Found timing loop:
     0: i_3065/O (LUT3)
      [E:/bob_full_v1/hw/src/clb/clb.sv:28]
     1: i_3065/O (LUT3)
Found timing loop:
     0: i_3064/O (LUT3)
      [E:/bob_full_v1/hw/src/clb/clb.sv:28]
     1: i_3064/O (LUT3)
Found timing loop:
     0: i_3218/O (LUT3)
      [E:/bob_full_v1/hw/src/clb/clb.sv:28]
     1: i_3218/O (LUT3)
Found timing loop:
     0: i_3391/O (LUT3)
      [E:/bob_full_v1/hw/src/clb/clb.sv:28]
     1: i_3391/O (LUT3)
Found timing loop:
     0: i_3390/O (LUT3)
      [E:/bob_full_v1/hw/src/clb/clb.sv:28]
     1: i_3390/O (LUT3)
Found timing loop:
     0: i_3389/O (LUT3)
      [E:/bob_full_v1/hw/src/clb/clb.sv:28]
     1: i_3389/O (LUT3)
Found timing loop:
     0: i_3388/O (LUT3)
      [E:/bob_full_v1/hw/src/clb/clb.sv:28]
     1: i_3388/O (LUT3)
Found timing loop:
     0: i_3218/O (LUT3)
      [E:/bob_full_v1/hw/src/clb/clb.sv:28]
     1: i_3218/O (LUT3)
Found timing loop:
     0: i_3218/O (LUT3)
      [E:/bob_full_v1/hw/src/clb/clb.sv:28]
     1: i_3218/O (LUT3)
Found timing loop:
     0: i_3391/O (LUT3)
      [E:/bob_full_v1/hw/src/clb/clb.sv:28]
     1: i_3391/O (LUT3)
Found timing loop:
     0: i_3390/O (LUT3)
      [E:/bob_full_v1/hw/src/clb/clb.sv:28]
     1: i_3390/O (LUT3)
Found timing loop:
     0: i_3389/O (LUT3)
      [E:/bob_full_v1/hw/src/clb/clb.sv:28]
     1: i_3389/O (LUT3)
Found timing loop:
     0: i_3388/O (LUT3)
      [E:/bob_full_v1/hw/src/clb/clb.sv:28]
     1: i_3388/O (LUT3)
Found timing loop:
     0: i_3067/O (LUT3)
      [E:/bob_full_v1/hw/src/clb/clb.sv:28]
     1: i_3067/O (LUT3)
Found timing loop:
     0: i_3066/O (LUT3)
      [E:/bob_full_v1/hw/src/clb/clb.sv:28]
     1: i_3066/O (LUT3)
Found timing loop:
     0: i_3065/O (LUT3)
      [E:/bob_full_v1/hw/src/clb/clb.sv:28]
     1: i_3065/O (LUT3)
Found timing loop:
     0: i_3064/O (LUT3)
      [E:/bob_full_v1/hw/src/clb/clb.sv:28]
     1: i_3064/O (LUT3)
Found timing loop:
     0: i_3686/O (LUT3)
      [E:/bob_full_v1/hw/src/clb/clb.sv:28]
     1: i_3686/O (LUT3)
Found timing loop:
     0: i_3685/O (LUT3)
      [E:/bob_full_v1/hw/src/clb/clb.sv:28]
     1: i_3685/O (LUT3)
Found timing loop:
     0: i_3684/O (LUT3)
      [E:/bob_full_v1/hw/src/clb/clb.sv:28]
     1: i_3684/O (LUT3)
Found timing loop:
     0: i_3683/O (LUT3)
      [E:/bob_full_v1/hw/src/clb/clb.sv:28]
     1: i_3683/O (LUT3)
Found timing loop:
     0: i_3878/O (LUT3)
      [E:/bob_full_v1/hw/src/clb/clb.sv:28]
     1: i_3878/O (LUT3)
Found timing loop:
     0: i_3876/O (LUT3)
      [E:/bob_full_v1/hw/src/clb/clb.sv:28]
     1: i_3876/O (LUT3)
Found timing loop:
     0: i_4688/O (LUT3)
      [E:/bob_full_v1/hw/src/clb/clb.sv:28]
     1: i_4688/O (LUT3)
Found timing loop:
     0: i_4687/O (LUT3)
      [E:/bob_full_v1/hw/src/clb/clb.sv:28]
     1: i_4687/O (LUT3)
Found timing loop:
     0: i_4686/O (LUT3)
      [E:/bob_full_v1/hw/src/clb/clb.sv:28]
     1: i_4686/O (LUT3)
Found timing loop:
     0: i_4685/O (LUT3)
      [E:/bob_full_v1/hw/src/clb/clb.sv:28]
     1: i_4685/O (LUT3)
Found timing loop:
     0: i_4690/O (LUT3)
      [E:/bob_full_v1/hw/src/clb/clb.sv:28]
     1: i_4690/O (LUT3)
Found timing loop:
     0: i_4690/O (LUT3)
      [E:/bob_full_v1/hw/src/clb/clb.sv:28]
     1: i_4690/O (LUT3)
Found timing loop:
     0: i_4489/O (LUT3)
      [E:/bob_full_v1/hw/src/clb/clb.sv:28]
     1: i_4489/O (LUT3)
Found timing loop:
     0: i_4488/O (LUT3)
      [E:/bob_full_v1/hw/src/clb/clb.sv:28]
     1: i_4488/O (LUT3)
Found timing loop:
     0: i_4487/O (LUT3)
      [E:/bob_full_v1/hw/src/clb/clb.sv:28]
     1: i_4487/O (LUT3)
Found timing loop:
     0: i_4486/O (LUT3)
      [E:/bob_full_v1/hw/src/clb/clb.sv:28]
     1: i_4486/O (LUT3)
Found timing loop:
     0: i_4677/O (LUT3)
      [E:/bob_full_v1/hw/src/clb/clb.sv:28]
     1: i_4677/O (LUT3)
Found timing loop:
     0: i_4676/O (LUT3)
      [E:/bob_full_v1/hw/src/clb/clb.sv:28]
     1: i_4676/O (LUT3)
Found timing loop:
     0: i_5260/O (LUT6)
      [E:/bob_full_v1/hw/src/clb/clb.sv:28]
     1: i_5260/O (LUT6)
Found timing loop:
     0: i_5381/O (LUT3)
      [E:/bob_full_v1/hw/src/clb/clb.sv:28]
     1: i_5381/O (LUT3)
Found timing loop:
     0: i_5380/O (LUT3)
      [E:/bob_full_v1/hw/src/clb/clb.sv:28]
     1: i_5380/O (LUT3)
Found timing loop:
     0: i_5379/O (LUT3)
      [E:/bob_full_v1/hw/src/clb/clb.sv:28]
     1: i_5379/O (LUT3)
Found timing loop:
     0: i_5514/O (LUT3)
      [E:/bob_full_v1/hw/src/clb/clb.sv:28]
     1: i_5514/O (LUT3)
Found timing loop:
     0: i_4696/O (LUT3)
      [E:/bob_full_v1/hw/src/clb/clb.sv:28]
     1: i_4696/O (LUT3)
Found timing loop:
     0: i_4695/O (LUT3)
      [E:/bob_full_v1/hw/src/clb/clb.sv:28]
     1: i_4695/O (LUT3)
Found timing loop:
     0: i_5514/O (LUT3)
      [E:/bob_full_v1/hw/src/clb/clb.sv:28]
     1: i_5514/O (LUT3)
Found timing loop:
     0: i_4696/O (LUT3)
      [E:/bob_full_v1/hw/src/clb/clb.sv:28]
     1: i_4696/O (LUT3)
Found timing loop:
     0: i_4695/O (LUT3)
      [E:/bob_full_v1/hw/src/clb/clb.sv:28]
     1: i_4695/O (LUT3)
Found timing loop:
     0: i_5451/O (LUT6)
      [E:/bob_full_v1/hw/src/clb/clb.sv:28]
     1: i_5451/O (LUT6)
Found timing loop:
     0: i_5521/O (LUT3)
      [E:/bob_full_v1/hw/src/clb/clb.sv:28]
     1: i_5521/O (LUT3)
Found timing loop:
     0: i_5514/O (LUT3)
      [E:/bob_full_v1/hw/src/clb/clb.sv:28]
     1: i_5514/O (LUT3)
Found timing loop:
     0: i_4696/O (LUT3)
      [E:/bob_full_v1/hw/src/clb/clb.sv:28]
     1: i_4696/O (LUT3)
Found timing loop:
     0: i_5514/O (LUT3)
      [E:/bob_full_v1/hw/src/clb/clb.sv:28]
     1: i_5514/O (LUT3)
Found timing loop:
     0: i_5516/O (LUT3)
      [E:/bob_full_v1/hw/src/clb/clb.sv:28]
     1: i_5516/I1 (LUT3)
     2: i_5447/O (LUT5)
      [E:/bob_full_v1/hw/src/clb/clb.sv:28]
     3: i_5447/I0 (LUT5)
     4: i_5469/O (LUT6)
      [E:/bob_full_v1/hw/src/clb/clb.sv:28]
     5: i_5469/I3 (LUT6)
     6: i_5514/O (LUT3)
      [E:/bob_full_v1/hw/src/clb/clb.sv:28]
     7: i_5514/O (LUT3)
Inferred a: "set_disable_timing -from I1 -to O i_5516"
Found timing loop:
     0: i_5514/O (LUT3)
      [E:/bob_full_v1/hw/src/clb/clb.sv:28]
     1: i_5514/O (LUT3)
Found timing loop:
     0: i_5515/O (LUT3)
      [E:/bob_full_v1/hw/src/clb/clb.sv:28]
     1: i_5515/I2 (LUT3)
     2: i_5409/O (LUT3)
      [E:/bob_full_v1/hw/src/clb/clb.sv:28]
     3: i_5409/I2 (LUT3)
     4: i_5518/O (LUT3)
      [E:/bob_full_v1/hw/src/clb/clb.sv:28]
     5: i_5518/I2 (LUT3)
     6: i_5428/O (LUT6)
      [E:/bob_full_v1/hw/src/clb/clb.sv:28]
     7: i_5428/I4 (LUT6)
     8: i_5516/O (LUT3)
      [E:/bob_full_v1/hw/src/clb/clb.sv:28]
     9: i_5516/O (LUT3)
Inferred a: "set_disable_timing -from I2 -to O i_5515"
Found timing loop:
     0: i_5516/O (LUT3)
      [E:/bob_full_v1/hw/src/clb/clb.sv:28]
     1: i_5516/O (LUT3)
Found timing loop:
     0: i_5515/O (LUT3)
      [E:/bob_full_v1/hw/src/clb/clb.sv:28]
     1: i_5515/O (LUT3)
Found timing loop:
     0: i_5514/O (LUT3)
      [E:/bob_full_v1/hw/src/clb/clb.sv:28]
     1: i_5514/O (LUT3)
Found timing loop:
     0: i_5514/O (LUT3)
      [E:/bob_full_v1/hw/src/clb/clb.sv:28]
     1: i_5514/O (LUT3)
Found timing loop:
     0: i_5515/O (LUT3)
      [E:/bob_full_v1/hw/src/clb/clb.sv:28]
     1: i_5515/O (LUT3)
Found timing loop:
     0: i_5516/O (LUT3)
      [E:/bob_full_v1/hw/src/clb/clb.sv:28]
     1: i_5516/O (LUT3)
Found timing loop:
     0: i_5516/O (LUT3)
      [E:/bob_full_v1/hw/src/clb/clb.sv:28]
     1: i_5516/O (LUT3)
Found timing loop:
     0: i_5516/O (LUT3)
      [E:/bob_full_v1/hw/src/clb/clb.sv:28]
     1: i_5516/O (LUT3)
Found timing loop:
     0: i_5516/O (LUT3)
      [E:/bob_full_v1/hw/src/clb/clb.sv:28]
     1: i_5516/O (LUT3)
Found timing loop:
     0: i_5516/O (LUT3)
      [E:/bob_full_v1/hw/src/clb/clb.sv:28]
     1: i_5516/O (LUT3)
Found timing loop:
     0: i_5516/O (LUT3)
      [E:/bob_full_v1/hw/src/clb/clb.sv:28]
     1: i_5516/O (LUT3)
Found timing loop:
     0: i_5514/O (LUT3)
      [E:/bob_full_v1/hw/src/clb/clb.sv:28]
     1: i_5514/O (LUT3)
Found timing loop:
     0: i_5514/O (LUT3)
      [E:/bob_full_v1/hw/src/clb/clb.sv:28]
     1: i_5514/O (LUT3)
Found timing loop:
     0: i_4696/O (LUT3)
      [E:/bob_full_v1/hw/src/clb/clb.sv:28]
     1: i_4696/O (LUT3)
Found timing loop:
     0: i_3227/O (LUT3)
      [E:/bob_full_v1/hw/src/clb/clb.sv:28]
     1: i_3227/O (LUT3)
Found timing loop:
     0: i_3226/O (LUT3)
      [E:/bob_full_v1/hw/src/clb/clb.sv:28]
     1: i_3226/O (LUT3)
Found timing loop:
     0: i_3225/O (LUT3)
      [E:/bob_full_v1/hw/src/clb/clb.sv:28]
     1: i_3225/O (LUT3)
Found timing loop:
     0: i_3224/O (LUT3)
      [E:/bob_full_v1/hw/src/clb/clb.sv:28]
     1: i_3224/I1 (LUT3)
     2: i_3106/O (MUXF7)
      [E:/bob_full_v1/hw/src/clb/clb.sv:28]
     3: i_3106/I1 (MUXF7)
     4: i_3107/O (LUT6)
      [E:/bob_full_v1/hw/src/clb/clb.sv:28]
     5: i_3107/I5 (LUT6)
     6: i_3160/O (LUT6)
      [E:/bob_full_v1/hw/src/clb/clb.sv:28]
     7: i_3160/I5 (LUT6)
     8: i_3391/O (LUT3)
      [E:/bob_full_v1/hw/src/clb/clb.sv:28]
     9: i_3391/O (LUT3)
Inferred a: "set_disable_timing -from I1 -to O i_3224"
Found timing loop:
     0: i_3227/O (LUT3)
      [E:/bob_full_v1/hw/src/clb/clb.sv:28]
     1: i_3227/O (LUT3)
Found timing loop:
     0: i_3226/O (LUT3)
      [E:/bob_full_v1/hw/src/clb/clb.sv:28]
     1: i_3226/O (LUT3)
Found timing loop:
     0: i_3225/O (LUT3)
      [E:/bob_full_v1/hw/src/clb/clb.sv:28]
     1: i_3225/O (LUT3)
Found timing loop:
     0: i_3224/O (LUT3)
      [E:/bob_full_v1/hw/src/clb/clb.sv:28]
     1: i_3224/O (LUT3)
Found timing loop:
     0: i_3058/O (LUT3)
      [E:/bob_full_v1/hw/src/clb/clb.sv:28]
     1: i_3058/I1 (LUT3)
     2: i_3041/O (LUT5)
      [(null):0]
     3: i_3041/I4 (LUT5)
     4: i_3061/O (LUT3)
      [E:/bob_full_v1/hw/src/clb/clb.sv:28]
     5: i_3061/I1 (LUT3)
     6: i_2940/O (MUXF7)
      [(null):0]
     7: i_2940/I1 (MUXF7)
     8: i_2941/O (LUT6)
      [(null):0]
     9: i_2941/I5 (LUT6)
    10: i_2956/O (LUT6)
      [(null):0]
    11: i_2956/I4 (LUT6)
    12: i_3060/O (LUT3)
      [E:/bob_full_v1/hw/src/clb/clb.sv:28]
    13: i_3060/I1 (LUT3)
    14: i_2969/O (MUXF7)
      [(null):0]
    15: i_2969/I0 (MUXF7)
    16: i_3012/O (LUT6)
      [(null):0]
    17: i_3012/I5 (LUT6)
    18: i_3058/O (LUT3)
      [E:/bob_full_v1/hw/src/clb/clb.sv:28]
Inferred a: "set_disable_timing -from I1 -to O i_3058"
Found timing loop:
     0: i_3059/O (LUT3)
      [E:/bob_full_v1/hw/src/clb/clb.sv:28]
     1: i_3059/I2 (LUT3)
     2: i_2943/O (LUT6)
      [(null):0]
     3: i_2943/I5 (LUT6)
     4: i_2964/O (LUT6)
      [(null):0]
     5: i_2964/I5 (LUT6)
     6: i_2965/O (LUT6)
      [(null):0]
     7: i_2965/I5 (LUT6)
     8: i_3008/O (LUT6)
      [(null):0]
     9: i_3008/I5 (LUT6)
    10: i_3059/O (LUT3)
      [E:/bob_full_v1/hw/src/clb/clb.sv:28]
Inferred a: "set_disable_timing -from I2 -to O i_3059"
Found timing loop:
     0: i_3058/O (LUT3)
      [E:/bob_full_v1/hw/src/clb/clb.sv:28]
     1: i_3058/O (LUT3)
Found timing loop:
     0: i_3673/O (LUT3)
      [E:/bob_full_v1/hw/src/clb/clb.sv:28]
     1: i_3673/O (LUT3)
Found timing loop:
     0: i_3675/O (LUT3)
      [E:/bob_full_v1/hw/src/clb/clb.sv:28]
     1: i_3675/O (LUT3)
Found timing loop:
     0: i_4485/O (LUT3)
      [E:/bob_full_v1/hw/src/clb/clb.sv:28]
     1: i_4485/O (LUT3)
Found timing loop:
     0: i_4484/O (LUT3)
      [E:/bob_full_v1/hw/src/clb/clb.sv:28]
     1: i_4484/O (LUT3)
Found timing loop:
     0: i_4483/O (LUT3)
      [E:/bob_full_v1/hw/src/clb/clb.sv:28]
     1: i_4483/O (LUT3)
Found timing loop:
     0: i_4482/O (LUT3)
      [E:/bob_full_v1/hw/src/clb/clb.sv:28]
     1: i_4482/O (LUT3)
Found timing loop:
     0: i_3071/O (LUT3)
      [E:/bob_full_v1/hw/src/clb/clb.sv:28]
     1: i_3071/I1 (LUT3)
     2: i_2987/O (MUXF7)
      [(null):0]
     3: i_2987/I0 (MUXF7)
     4: i_3002/O (LUT6)
      [(null):0]
     5: i_3002/I3 (LUT6)
     6: i_3058/O (LUT3)
      [E:/bob_full_v1/hw/src/clb/clb.sv:28]
     7: i_3058/O (LUT3)
Inferred a: "set_disable_timing -from I1 -to O i_3071"
Found timing loop:
     0: i_3227/O (LUT3)
      [E:/bob_full_v1/hw/src/clb/clb.sv:28]
     1: i_3227/O (LUT3)
Found timing loop:
     0: i_3226/O (LUT3)
      [E:/bob_full_v1/hw/src/clb/clb.sv:28]
     1: i_3226/O (LUT3)
Found timing loop:
     0: i_3225/O (LUT3)
      [E:/bob_full_v1/hw/src/clb/clb.sv:28]
     1: i_3225/O (LUT3)
Found timing loop:
     0: i_3224/O (LUT3)
      [E:/bob_full_v1/hw/src/clb/clb.sv:28]
     1: i_3224/O (LUT3)
Found timing loop:
     0: i_3058/O (LUT3)
      [E:/bob_full_v1/hw/src/clb/clb.sv:28]
     1: i_3058/O (LUT3)
Found timing loop:
     0: i_3562/O (LUT6)
      [(null):0]
     1: i_3562/I3 (LUT6)
     2: i_3636/O (MUXF7)
      [(null):0]
     3: i_3636/I1 (MUXF7)
     4: i_3638/O (LUT6)
      [(null):0]
     5: i_3638/I5 (LUT6)
     6: i_3071/O (LUT3)
      [E:/bob_full_v1/hw/src/clb/clb.sv:28]
     7: i_3071/O (LUT3)
Inferred a: "set_disable_timing -from I3 -to O i_3562"
Found timing loop:
     0: i_3673/O (LUT3)
      [E:/bob_full_v1/hw/src/clb/clb.sv:28]
     1: i_3673/O (LUT3)
Found timing loop:
     0: i_3675/O (LUT3)
      [E:/bob_full_v1/hw/src/clb/clb.sv:28]
     1: i_3675/O (LUT3)
Found timing loop:
     0: i_4485/O (LUT3)
      [E:/bob_full_v1/hw/src/clb/clb.sv:28]
     1: i_4485/O (LUT3)
Found timing loop:
     0: i_4484/O (LUT3)
      [E:/bob_full_v1/hw/src/clb/clb.sv:28]
     1: i_4484/O (LUT3)
Found timing loop:
     0: i_4483/O (LUT3)
      [E:/bob_full_v1/hw/src/clb/clb.sv:28]
     1: i_4483/O (LUT3)
Found timing loop:
     0: i_4482/O (LUT3)
      [E:/bob_full_v1/hw/src/clb/clb.sv:28]
     1: i_4482/O (LUT3)
Found timing loop:
     0: i_3886/O (LUT3)
      [E:/bob_full_v1/hw/src/clb/clb.sv:28]
     1: i_3886/O (LUT3)
Found timing loop:
     0: i_3885/O (LUT3)
      [E:/bob_full_v1/hw/src/clb/clb.sv:28]
     1: i_3885/O (LUT3)
Found timing loop:
     0: i_3884/O (LUT3)
      [E:/bob_full_v1/hw/src/clb/clb.sv:28]
     1: i_3884/O (LUT3)
Found timing loop:
     0: i_3071/O (LUT3)
      [E:/bob_full_v1/hw/src/clb/clb.sv:28]
     1: i_3071/O (LUT3)
Found timing loop:
     0: i_3070/O (LUT3)
      [E:/bob_full_v1/hw/src/clb/clb.sv:28]
     1: i_3070/I1 (LUT3)
     2: i_2985/O (MUXF7)
      [(null):0]
     3: i_2985/I0 (MUXF7)
     4: i_3000/O (LUT6)
      [(null):0]
     5: i_3000/I3 (LUT6)
     6: i_3058/O (LUT3)
      [E:/bob_full_v1/hw/src/clb/clb.sv:28]
     7: i_3058/O (LUT3)
Inferred a: "set_disable_timing -from I1 -to O i_3070"
Found timing loop:
     0: i_3227/O (LUT3)
      [E:/bob_full_v1/hw/src/clb/clb.sv:28]
     1: i_3227/O (LUT3)
Found timing loop:
     0: i_3226/O (LUT3)
      [E:/bob_full_v1/hw/src/clb/clb.sv:28]
     1: i_3226/O (LUT3)
Found timing loop:
     0: i_3225/O (LUT3)
      [E:/bob_full_v1/hw/src/clb/clb.sv:28]
     1: i_3225/O (LUT3)
Found timing loop:
     0: i_3224/O (LUT3)
      [E:/bob_full_v1/hw/src/clb/clb.sv:28]
     1: i_3224/O (LUT3)
Found timing loop:
     0: i_3058/O (LUT3)
      [E:/bob_full_v1/hw/src/clb/clb.sv:28]
     1: i_3058/O (LUT3)
Found timing loop:
     0: i_3562/O (LUT6)
      [(null):0]
     1: i_3562/O (LUT6)
Found timing loop:
     0: i_3682/O (LUT3)
      [E:/bob_full_v1/hw/src/clb/clb.sv:28]
     1: i_3682/I1 (LUT3)
     2: i_3629/O (LUT6)
      [(null):0]
     3: i_3629/I0 (LUT6)
     4: i_3633/O (LUT6)
      [(null):0]
     5: i_3633/I5 (LUT6)
     6: i_3071/O (LUT3)
      [E:/bob_full_v1/hw/src/clb/clb.sv:28]
     7: i_3071/O (LUT3)
Inferred a: "set_disable_timing -from I1 -to O i_3682"
Found timing loop:
     0: i_3675/O (LUT3)
      [E:/bob_full_v1/hw/src/clb/clb.sv:28]
     1: i_3675/O (LUT3)
Found timing loop:
     0: i_3673/O (LUT3)
      [E:/bob_full_v1/hw/src/clb/clb.sv:28]
     1: i_3673/O (LUT3)
Found timing loop:
     0: i_4485/O (LUT3)
      [E:/bob_full_v1/hw/src/clb/clb.sv:28]
     1: i_4485/O (LUT3)
Found timing loop:
     0: i_4484/O (LUT3)
      [E:/bob_full_v1/hw/src/clb/clb.sv:28]
     1: i_4484/O (LUT3)
Found timing loop:
     0: i_4483/O (LUT3)
      [E:/bob_full_v1/hw/src/clb/clb.sv:28]
     1: i_4483/O (LUT3)
Found timing loop:
     0: i_4482/O (LUT3)
      [E:/bob_full_v1/hw/src/clb/clb.sv:28]
     1: i_4482/O (LUT3)
Found timing loop:
     0: i_3886/O (LUT3)
      [E:/bob_full_v1/hw/src/clb/clb.sv:28]
     1: i_3886/O (LUT3)
Found timing loop:
     0: i_3885/O (LUT3)
      [E:/bob_full_v1/hw/src/clb/clb.sv:28]
     1: i_3885/O (LUT3)
Found timing loop:
     0: i_3884/O (LUT3)
      [E:/bob_full_v1/hw/src/clb/clb.sv:28]
     1: i_3884/O (LUT3)
Found timing loop:
     0: i_3071/O (LUT3)
      [E:/bob_full_v1/hw/src/clb/clb.sv:28]
     1: i_3071/O (LUT3)
Found timing loop:
     0: i_3070/O (LUT3)
      [E:/bob_full_v1/hw/src/clb/clb.sv:28]
     1: i_3070/O (LUT3)
Found timing loop:
     0: i_3069/O (LUT3)
      [E:/bob_full_v1/hw/src/clb/clb.sv:28]
     1: i_3069/I1 (LUT3)
     2: i_2983/O (MUXF7)
      [(null):0]
     3: i_2983/I0 (MUXF7)
     4: i_2998/O (LUT6)
      [(null):0]
     5: i_2998/I3 (LUT6)
     6: i_3058/O (LUT3)
      [E:/bob_full_v1/hw/src/clb/clb.sv:28]
     7: i_3058/O (LUT3)
Inferred a: "set_disable_timing -from I1 -to O i_3069"
Found timing loop:
     0: i_3227/O (LUT3)
      [E:/bob_full_v1/hw/src/clb/clb.sv:28]
     1: i_3227/O (LUT3)
Found timing loop:
     0: i_3226/O (LUT3)
      [E:/bob_full_v1/hw/src/clb/clb.sv:28]
     1: i_3226/O (LUT3)
Found timing loop:
     0: i_3225/O (LUT3)
      [E:/bob_full_v1/hw/src/clb/clb.sv:28]
     1: i_3225/O (LUT3)
Found timing loop:
     0: i_3224/O (LUT3)
      [E:/bob_full_v1/hw/src/clb/clb.sv:28]
     1: i_3224/O (LUT3)
Found timing loop:
     0: i_3058/O (LUT3)
      [E:/bob_full_v1/hw/src/clb/clb.sv:28]
     1: i_3058/O (LUT3)
Found timing loop:
     0: i_3562/O (LUT6)
      [(null):0]
     1: i_3562/O (LUT6)
Found timing loop:
     0: i_3682/O (LUT3)
      [E:/bob_full_v1/hw/src/clb/clb.sv:28]
     1: i_3682/O (LUT3)
Found timing loop:
     0: i_3681/O (LUT3)
      [E:/bob_full_v1/hw/src/clb/clb.sv:28]
     1: i_3681/I1 (LUT3)
     2: i_3624/O (LUT6)
      [(null):0]
     3: i_3624/I0 (LUT6)
     4: i_3628/O (LUT6)
      [(null):0]
     5: i_3628/I5 (LUT6)
     6: i_3071/O (LUT3)
      [E:/bob_full_v1/hw/src/clb/clb.sv:28]
     7: i_3071/O (LUT3)
Inferred a: "set_disable_timing -from I1 -to O i_3681"
Found timing loop:
     0: i_3675/O (LUT3)
      [E:/bob_full_v1/hw/src/clb/clb.sv:28]
     1: i_3675/O (LUT3)
Found timing loop:
     0: i_3673/O (LUT3)
      [E:/bob_full_v1/hw/src/clb/clb.sv:28]
     1: i_3673/O (LUT3)
Found timing loop:
     0: i_4485/O (LUT3)
      [E:/bob_full_v1/hw/src/clb/clb.sv:28]
     1: i_4485/O (LUT3)
Found timing loop:
     0: i_4484/O (LUT3)
      [E:/bob_full_v1/hw/src/clb/clb.sv:28]
     1: i_4484/O (LUT3)
Found timing loop:
     0: i_4483/O (LUT3)
      [E:/bob_full_v1/hw/src/clb/clb.sv:28]
     1: i_4483/O (LUT3)
Found timing loop:
     0: i_4482/O (LUT3)
      [E:/bob_full_v1/hw/src/clb/clb.sv:28]
     1: i_4482/O (LUT3)
Found timing loop:
     0: i_3886/O (LUT3)
      [E:/bob_full_v1/hw/src/clb/clb.sv:28]
     1: i_3886/O (LUT3)
Found timing loop:
     0: i_3885/O (LUT3)
      [E:/bob_full_v1/hw/src/clb/clb.sv:28]
     1: i_3885/O (LUT3)
Found timing loop:
     0: i_3884/O (LUT3)
      [E:/bob_full_v1/hw/src/clb/clb.sv:28]
     1: i_3884/O (LUT3)
Found timing loop:
     0: i_3071/O (LUT3)
      [E:/bob_full_v1/hw/src/clb/clb.sv:28]
     1: i_3071/O (LUT3)
Found timing loop:
     0: i_3070/O (LUT3)
      [E:/bob_full_v1/hw/src/clb/clb.sv:28]
     1: i_3070/O (LUT3)
Found timing loop:
     0: i_3069/O (LUT3)
      [E:/bob_full_v1/hw/src/clb/clb.sv:28]
     1: i_3069/O (LUT3)
Found timing loop:
     0: i_3068/O (LUT3)
      [E:/bob_full_v1/hw/src/clb/clb.sv:28]
     1: i_3068/I1 (LUT3)
     2: i_2981/O (MUXF7)
      [(null):0]
     3: i_2981/I0 (MUXF7)
     4: i_2996/O (LUT6)
      [(null):0]
     5: i_2996/I3 (LUT6)
     6: i_3058/O (LUT3)
      [E:/bob_full_v1/hw/src/clb/clb.sv:28]
     7: i_3058/O (LUT3)
Inferred a: "set_disable_timing -from I1 -to O i_3068"
Found timing loop:
     0: i_3886/O (LUT3)
      [E:/bob_full_v1/hw/src/clb/clb.sv:28]
     1: i_3886/O (LUT3)
Found timing loop:
     0: i_3885/O (LUT3)
      [E:/bob_full_v1/hw/src/clb/clb.sv:28]
     1: i_3885/O (LUT3)
Found timing loop:
     0: i_3884/O (LUT3)
      [E:/bob_full_v1/hw/src/clb/clb.sv:28]
     1: i_3884/O (LUT3)
Found timing loop:
     0: i_3227/O (LUT3)
      [E:/bob_full_v1/hw/src/clb/clb.sv:28]
     1: i_3227/O (LUT3)
Found timing loop:
     0: i_3226/O (LUT3)
      [E:/bob_full_v1/hw/src/clb/clb.sv:28]
     1: i_3226/O (LUT3)
Found timing loop:
     0: i_3225/O (LUT3)
      [E:/bob_full_v1/hw/src/clb/clb.sv:28]
     1: i_3225/O (LUT3)
Found timing loop:
     0: i_3224/O (LUT3)
      [E:/bob_full_v1/hw/src/clb/clb.sv:28]
     1: i_3224/O (LUT3)
Found timing loop:
     0: i_3060/O (LUT3)
      [E:/bob_full_v1/hw/src/clb/clb.sv:28]
     1: i_3060/I1 (LUT3)
     2: i_2969/O (MUXF7)
      [(null):0]
     3: i_2969/I0 (MUXF7)
     4: i_3012/O (LUT6)
      [(null):0]
     5: i_3012/I5 (LUT6)
     6: i_3058/O (LUT3)
      [E:/bob_full_v1/hw/src/clb/clb.sv:28]
     7: i_3058/O (LUT3)
Inferred a: "set_disable_timing -from I1 -to O i_3060"
Found timing loop:
     0: i_3058/O (LUT3)
      [E:/bob_full_v1/hw/src/clb/clb.sv:28]
     1: i_3058/O (LUT3)
Found timing loop:
     0: i_3059/O (LUT3)
      [E:/bob_full_v1/hw/src/clb/clb.sv:28]
     1: i_3059/O (LUT3)
Found timing loop:
     0: i_3227/O (LUT3)
      [E:/bob_full_v1/hw/src/clb/clb.sv:28]
     1: i_3227/O (LUT3)
Found timing loop:
     0: i_3226/O (LUT3)
      [E:/bob_full_v1/hw/src/clb/clb.sv:28]
     1: i_3226/O (LUT3)
Found timing loop:
     0: i_3225/O (LUT3)
      [E:/bob_full_v1/hw/src/clb/clb.sv:28]
     1: i_3225/O (LUT3)
Found timing loop:
     0: i_3224/O (LUT3)
      [E:/bob_full_v1/hw/src/clb/clb.sv:28]
     1: i_3224/O (LUT3)
Found timing loop:
     0: i_3060/O (LUT3)
      [E:/bob_full_v1/hw/src/clb/clb.sv:28]
     1: i_3060/O (LUT3)
Found timing loop:
     0: i_3058/O (LUT3)
      [E:/bob_full_v1/hw/src/clb/clb.sv:28]
     1: i_3058/O (LUT3)
Found timing loop:
     0: i_3059/O (LUT3)
      [E:/bob_full_v1/hw/src/clb/clb.sv:28]
     1: i_3059/O (LUT3)
Found timing loop:
     0: i_3227/O (LUT3)
      [E:/bob_full_v1/hw/src/clb/clb.sv:28]
     1: i_3227/O (LUT3)
Found timing loop:
     0: i_3226/O (LUT3)
      [E:/bob_full_v1/hw/src/clb/clb.sv:28]
     1: i_3226/O (LUT3)
Found timing loop:
     0: i_3225/O (LUT3)
      [E:/bob_full_v1/hw/src/clb/clb.sv:28]
     1: i_3225/O (LUT3)
Found timing loop:
     0: i_3224/O (LUT3)
      [E:/bob_full_v1/hw/src/clb/clb.sv:28]
     1: i_3224/O (LUT3)
Found timing loop:
     0: i_3060/O (LUT3)
      [E:/bob_full_v1/hw/src/clb/clb.sv:28]
     1: i_3060/O (LUT3)
Found timing loop:
     0: i_3060/O (LUT3)
      [E:/bob_full_v1/hw/src/clb/clb.sv:28]
     1: i_3060/O (LUT3)
Found timing loop:
     0: i_3060/O (LUT3)
      [E:/bob_full_v1/hw/src/clb/clb.sv:28]
     1: i_3060/O (LUT3)
Found timing loop:
     0: i_3060/O (LUT3)
      [E:/bob_full_v1/hw/src/clb/clb.sv:28]
     1: i_3060/O (LUT3)
Found timing loop:
     0: i_3060/O (LUT3)
      [E:/bob_full_v1/hw/src/clb/clb.sv:28]
     1: i_3060/O (LUT3)
Found timing loop:
     0: i_3060/O (LUT3)
      [E:/bob_full_v1/hw/src/clb/clb.sv:28]
     1: i_3060/O (LUT3)
Found timing loop:
     0: i_3058/O (LUT3)
      [E:/bob_full_v1/hw/src/clb/clb.sv:28]
     1: i_3058/O (LUT3)
Found timing loop:
     0: i_3227/O (LUT3)
      [E:/bob_full_v1/hw/src/clb/clb.sv:28]
     1: i_3227/O (LUT3)
Found timing loop:
     0: i_3226/O (LUT3)
      [E:/bob_full_v1/hw/src/clb/clb.sv:28]
     1: i_3226/O (LUT3)
Found timing loop:
     0: i_3225/O (LUT3)
      [E:/bob_full_v1/hw/src/clb/clb.sv:28]
     1: i_3225/O (LUT3)
Found timing loop:
     0: i_3224/O (LUT3)
      [E:/bob_full_v1/hw/src/clb/clb.sv:28]
     1: i_3224/O (LUT3)
Found timing loop:
     0: i_3058/O (LUT3)
      [E:/bob_full_v1/hw/src/clb/clb.sv:28]
     1: i_3058/O (LUT3)
Found timing loop:
     0: i_3227/O (LUT3)
      [E:/bob_full_v1/hw/src/clb/clb.sv:28]
     1: i_3227/O (LUT3)
Found timing loop:
     0: i_3226/O (LUT3)
      [E:/bob_full_v1/hw/src/clb/clb.sv:28]
     1: i_3226/O (LUT3)
Found timing loop:
     0: i_3225/O (LUT3)
      [E:/bob_full_v1/hw/src/clb/clb.sv:28]
     1: i_3225/O (LUT3)
Found timing loop:
     0: i_3224/O (LUT3)
      [E:/bob_full_v1/hw/src/clb/clb.sv:28]
     1: i_3224/O (LUT3)
Found timing loop:
     0: i_5371/O (LUT3)
      [E:/bob_full_v1/hw/src/clb/clb.sv:28]
     1: i_5371/O (LUT3)
Found timing loop:
     0: i_4696/O (LUT3)
      [E:/bob_full_v1/hw/src/clb/clb.sv:28]
     1: i_4696/O (LUT3)
Found timing loop:
     0: i_5241/O (LUT3)
      [E:/bob_full_v1/hw/src/clb/clb.sv:28]
     1: i_5241/O (LUT3)
Found timing loop:
     0: i_5240/O (LUT3)
      [E:/bob_full_v1/hw/src/clb/clb.sv:28]
     1: i_5240/O (LUT3)
Found timing loop:
     0: i_5239/O (LUT3)
      [E:/bob_full_v1/hw/src/clb/clb.sv:28]
     1: i_5239/O (LUT3)
Found timing loop:
     0: i_4489/O (LUT3)
      [E:/bob_full_v1/hw/src/clb/clb.sv:28]
     1: i_4489/O (LUT3)
Found timing loop:
     0: i_4488/O (LUT3)
      [E:/bob_full_v1/hw/src/clb/clb.sv:28]
     1: i_4488/O (LUT3)
Found timing loop:
     0: i_4487/O (LUT3)
      [E:/bob_full_v1/hw/src/clb/clb.sv:28]
     1: i_4487/O (LUT3)
Found timing loop:
     0: i_4486/O (LUT3)
      [E:/bob_full_v1/hw/src/clb/clb.sv:28]
     1: i_4486/O (LUT3)
Found timing loop:
     0: i_4678/O (LUT3)
      [E:/bob_full_v1/hw/src/clb/clb.sv:28]
     1: i_4678/O (LUT3)
Found timing loop:
     0: i_4676/O (LUT3)
      [E:/bob_full_v1/hw/src/clb/clb.sv:28]
     1: i_4676/O (LUT3)
Found timing loop:
     0: i_4677/O (LUT3)
      [E:/bob_full_v1/hw/src/clb/clb.sv:28]
     1: i_4677/O (LUT3)
Found timing loop:
     0: i_4489/O (LUT3)
      [E:/bob_full_v1/hw/src/clb/clb.sv:28]
     1: i_4489/O (LUT3)
Found timing loop:
     0: i_4488/O (LUT3)
      [E:/bob_full_v1/hw/src/clb/clb.sv:28]
     1: i_4488/O (LUT3)
Found timing loop:
     0: i_4487/O (LUT3)
      [E:/bob_full_v1/hw/src/clb/clb.sv:28]
     1: i_4487/O (LUT3)
Found timing loop:
     0: i_4486/O (LUT3)
      [E:/bob_full_v1/hw/src/clb/clb.sv:28]
     1: i_4486/O (LUT3)
Found timing loop:
     0: i_4676/O (LUT3)
      [E:/bob_full_v1/hw/src/clb/clb.sv:28]
     1: i_4676/O (LUT3)
Found timing loop:
     0: i_4677/O (LUT3)
      [E:/bob_full_v1/hw/src/clb/clb.sv:28]
     1: i_4677/O (LUT3)
Found timing loop:
     0: i_4489/O (LUT3)
      [E:/bob_full_v1/hw/src/clb/clb.sv:28]
     1: i_4489/O (LUT3)
Found timing loop:
     0: i_4488/O (LUT3)
      [E:/bob_full_v1/hw/src/clb/clb.sv:28]
     1: i_4488/O (LUT3)
Found timing loop:
     0: i_4487/O (LUT3)
      [E:/bob_full_v1/hw/src/clb/clb.sv:28]
     1: i_4487/O (LUT3)
Found timing loop:
     0: i_4486/O (LUT3)
      [E:/bob_full_v1/hw/src/clb/clb.sv:28]
     1: i_4486/O (LUT3)
Found timing loop:
     0: i_4678/O (LUT3)
      [E:/bob_full_v1/hw/src/clb/clb.sv:28]
     1: i_4678/O (LUT3)
Found timing loop:
     0: i_4678/O (LUT3)
      [E:/bob_full_v1/hw/src/clb/clb.sv:28]
     1: i_4678/O (LUT3)
Found timing loop:
     0: i_4678/O (LUT3)
      [E:/bob_full_v1/hw/src/clb/clb.sv:28]
     1: i_4678/O (LUT3)
Found timing loop:
     0: i_4678/O (LUT3)
      [E:/bob_full_v1/hw/src/clb/clb.sv:28]
     1: i_4678/O (LUT3)
Found timing loop:
     0: i_4678/O (LUT3)
      [E:/bob_full_v1/hw/src/clb/clb.sv:28]
     1: i_4678/O (LUT3)
Found timing loop:
     0: i_4678/O (LUT3)
      [E:/bob_full_v1/hw/src/clb/clb.sv:28]
     1: i_4678/O (LUT3)
Found timing loop:
     0: i_4489/O (LUT3)
      [E:/bob_full_v1/hw/src/clb/clb.sv:28]
     1: i_4489/O (LUT3)
Found timing loop:
     0: i_4488/O (LUT3)
      [E:/bob_full_v1/hw/src/clb/clb.sv:28]
     1: i_4488/O (LUT3)
Found timing loop:
     0: i_4487/O (LUT3)
      [E:/bob_full_v1/hw/src/clb/clb.sv:28]
     1: i_4487/O (LUT3)
Found timing loop:
     0: i_4486/O (LUT3)
      [E:/bob_full_v1/hw/src/clb/clb.sv:28]
     1: i_4486/O (LUT3)
Found timing loop:
     0: i_4676/O (LUT3)
      [E:/bob_full_v1/hw/src/clb/clb.sv:28]
     1: i_4676/O (LUT3)
Found timing loop:
     0: i_4676/O (LUT3)
      [E:/bob_full_v1/hw/src/clb/clb.sv:28]
     1: i_4676/O (LUT3)
Found timing loop:
     0: i_4489/O (LUT3)
      [E:/bob_full_v1/hw/src/clb/clb.sv:28]
     1: i_4489/O (LUT3)
Found timing loop:
     0: i_4488/O (LUT3)
      [E:/bob_full_v1/hw/src/clb/clb.sv:28]
     1: i_4488/O (LUT3)
Found timing loop:
     0: i_4487/O (LUT3)
      [E:/bob_full_v1/hw/src/clb/clb.sv:28]
     1: i_4487/O (LUT3)
Found timing loop:
     0: i_4486/O (LUT3)
      [E:/bob_full_v1/hw/src/clb/clb.sv:28]
     1: i_4486/O (LUT3)
Found timing loop:
     0: i_3693/O (LUT6)
      [(null):0]
     1: i_3693/I5 (LUT6)
     2: i_3880/O (LUT3)
      [E:/bob_full_v1/hw/src/clb/clb.sv:28]
     3: i_3880/O (LUT3)
Inferred a: "set_disable_timing -from I5 -to O i_3693"
Found timing loop:
     0: i_3686/O (LUT3)
      [E:/bob_full_v1/hw/src/clb/clb.sv:28]
     1: i_3686/O (LUT3)
Found timing loop:
     0: i_3685/O (LUT3)
      [E:/bob_full_v1/hw/src/clb/clb.sv:28]
     1: i_3685/O (LUT3)
Found timing loop:
     0: i_3684/O (LUT3)
      [E:/bob_full_v1/hw/src/clb/clb.sv:28]
     1: i_3684/O (LUT3)
Found timing loop:
     0: i_3683/O (LUT3)
      [E:/bob_full_v1/hw/src/clb/clb.sv:28]
     1: i_3683/O (LUT3)
Found timing loop:
     0: i_3878/O (LUT3)
      [E:/bob_full_v1/hw/src/clb/clb.sv:28]
     1: i_3878/O (LUT3)
Found timing loop:
     0: i_3876/O (LUT3)
      [E:/bob_full_v1/hw/src/clb/clb.sv:28]
     1: i_3876/O (LUT3)
Found timing loop:
     0: i_3686/O (LUT3)
      [E:/bob_full_v1/hw/src/clb/clb.sv:28]
     1: i_3686/O (LUT3)
Found timing loop:
     0: i_3685/O (LUT3)
      [E:/bob_full_v1/hw/src/clb/clb.sv:28]
     1: i_3685/O (LUT3)
Found timing loop:
     0: i_3684/O (LUT3)
      [E:/bob_full_v1/hw/src/clb/clb.sv:28]
     1: i_3684/O (LUT3)
Found timing loop:
     0: i_3683/O (LUT3)
      [E:/bob_full_v1/hw/src/clb/clb.sv:28]
     1: i_3683/O (LUT3)
Found timing loop:
     0: i_3880/O (LUT3)
      [E:/bob_full_v1/hw/src/clb/clb.sv:28]
     1: i_3880/O (LUT3)
Found timing loop:
     0: i_3752/O (LUT6)
      [(null):0]
     1: i_3752/O (LUT6)
Found timing loop:
     0: i_3880/O (LUT3)
      [E:/bob_full_v1/hw/src/clb/clb.sv:28]
     1: i_3880/O (LUT3)
Found timing loop:
     0: i_3752/O (LUT6)
      [(null):0]
     1: i_3752/O (LUT6)
Found timing loop:
     0: i_3880/O (LUT3)
      [E:/bob_full_v1/hw/src/clb/clb.sv:28]
     1: i_3880/O (LUT3)
Found timing loop:
     0: i_3752/O (LUT6)
      [(null):0]
     1: i_3752/O (LUT6)
Found timing loop:
     0: i_3880/O (LUT3)
      [E:/bob_full_v1/hw/src/clb/clb.sv:28]
     1: i_3880/O (LUT3)
Found timing loop:
     0: i_3752/O (LUT6)
      [(null):0]
     1: i_3752/O (LUT6)
Found timing loop:
     0: i_3880/O (LUT3)
      [E:/bob_full_v1/hw/src/clb/clb.sv:28]
     1: i_3880/O (LUT3)
Found timing loop:
     0: i_3752/O (LUT6)
      [(null):0]
     1: i_3752/O (LUT6)
Found timing loop:
     0: i_3880/O (LUT3)
      [E:/bob_full_v1/hw/src/clb/clb.sv:28]
     1: i_3880/O (LUT3)
Found timing loop:
     0: i_3752/O (LUT6)
      [(null):0]
     1: i_3752/O (LUT6)
Found timing loop:
     0: i_3686/O (LUT3)
      [E:/bob_full_v1/hw/src/clb/clb.sv:28]
     1: i_3686/O (LUT3)
Found timing loop:
     0: i_3685/O (LUT3)
      [E:/bob_full_v1/hw/src/clb/clb.sv:28]
     1: i_3685/O (LUT3)
Found timing loop:
     0: i_3684/O (LUT3)
      [E:/bob_full_v1/hw/src/clb/clb.sv:28]
     1: i_3684/O (LUT3)
Found timing loop:
     0: i_3683/O (LUT3)
      [E:/bob_full_v1/hw/src/clb/clb.sv:28]
     1: i_3683/O (LUT3)
Found timing loop:
     0: i_3876/O (LUT3)
      [E:/bob_full_v1/hw/src/clb/clb.sv:28]
     1: i_3876/O (LUT3)
Found timing loop:
     0: i_3878/O (LUT3)
      [E:/bob_full_v1/hw/src/clb/clb.sv:28]
     1: i_3878/I0 (LUT3)
     2: i_3879/O (LUT2)
      [E:/bob_full_v1/hw/src/clb/clb.sv:28]
     3: i_3879/I0 (LUT2)
     4: i_3718/O (LUT6)
      [(null):0]
     5: i_3718/I1 (LUT6)
     6: i_3719/O (LUT6)
      [(null):0]
     7: i_3719/I3 (LUT6)
     8: i_3876/O (LUT3)
      [E:/bob_full_v1/hw/src/clb/clb.sv:28]
     9: i_3876/O (LUT3)
Inferred a: "set_disable_timing -from I0 -to O i_3878"
Found timing loop:
     0: i_3686/O (LUT3)
      [E:/bob_full_v1/hw/src/clb/clb.sv:28]
     1: i_3686/O (LUT3)
Found timing loop:
     0: i_3685/O (LUT3)
      [E:/bob_full_v1/hw/src/clb/clb.sv:28]
     1: i_3685/O (LUT3)
Found timing loop:
     0: i_3684/O (LUT3)
      [E:/bob_full_v1/hw/src/clb/clb.sv:28]
     1: i_3684/O (LUT3)
Found timing loop:
     0: i_3683/O (LUT3)
      [E:/bob_full_v1/hw/src/clb/clb.sv:28]
     1: i_3683/O (LUT3)
Found timing loop:
     0: i_3880/O (LUT3)
      [E:/bob_full_v1/hw/src/clb/clb.sv:28]
     1: i_3880/O (LUT3)
Found timing loop:
     0: i_3880/O (LUT3)
      [E:/bob_full_v1/hw/src/clb/clb.sv:28]
     1: i_3880/O (LUT3)
Found timing loop:
     0: i_3880/O (LUT3)
      [E:/bob_full_v1/hw/src/clb/clb.sv:28]
     1: i_3880/O (LUT3)
Found timing loop:
     0: i_3880/O (LUT3)
      [E:/bob_full_v1/hw/src/clb/clb.sv:28]
     1: i_3880/O (LUT3)
Found timing loop:
     0: i_3880/O (LUT3)
      [E:/bob_full_v1/hw/src/clb/clb.sv:28]
     1: i_3880/O (LUT3)
Found timing loop:
     0: i_3880/O (LUT3)
      [E:/bob_full_v1/hw/src/clb/clb.sv:28]
     1: i_3880/O (LUT3)
Found timing loop:
     0: i_3880/O (LUT3)
      [E:/bob_full_v1/hw/src/clb/clb.sv:28]
     1: i_3880/O (LUT3)
Found timing loop:
     0: i_3876/O (LUT3)
      [E:/bob_full_v1/hw/src/clb/clb.sv:28]
     1: i_3876/O (LUT3)
Found timing loop:
     0: i_3686/O (LUT3)
      [E:/bob_full_v1/hw/src/clb/clb.sv:28]
     1: i_3686/O (LUT3)
Found timing loop:
     0: i_3685/O (LUT3)
      [E:/bob_full_v1/hw/src/clb/clb.sv:28]
     1: i_3685/O (LUT3)
Found timing loop:
     0: i_3684/O (LUT3)
      [E:/bob_full_v1/hw/src/clb/clb.sv:28]
     1: i_3684/O (LUT3)
Found timing loop:
     0: i_3683/O (LUT3)
      [E:/bob_full_v1/hw/src/clb/clb.sv:28]
     1: i_3683/O (LUT3)
Found timing loop:
     0: i_5371/O (LUT3)
      [E:/bob_full_v1/hw/src/clb/clb.sv:28]
     1: i_5371/O (LUT3)
Found timing loop:
     0: i_4493/O (LUT3)
      [E:/bob_full_v1/hw/src/clb/clb.sv:28]
     1: i_4493/O (LUT3)
Found timing loop:
     0: i_5371/O (LUT3)
      [E:/bob_full_v1/hw/src/clb/clb.sv:28]
     1: i_5371/O (LUT3)
Found timing loop:
     0: i_4493/O (LUT3)
      [E:/bob_full_v1/hw/src/clb/clb.sv:28]
     1: i_4493/O (LUT3)
Found timing loop:
     0: i_5371/O (LUT3)
      [E:/bob_full_v1/hw/src/clb/clb.sv:28]
     1: i_5371/O (LUT3)
Found timing loop:
     0: i_4493/O (LUT3)
      [E:/bob_full_v1/hw/src/clb/clb.sv:28]
     1: i_4493/O (LUT3)
Found timing loop:
     0: i_5308/O (LUT6)
      [E:/bob_full_v1/hw/src/clb/clb.sv:28]
     1: i_5308/O (LUT6)
Found timing loop:
     0: i_5237/O (LUT3)
      [E:/bob_full_v1/hw/src/clb/clb.sv:28]
     1: i_5237/O (LUT3)
Found timing loop:
     0: i_5371/O (LUT3)
      [E:/bob_full_v1/hw/src/clb/clb.sv:28]
     1: i_5371/O (LUT3)
Found timing loop:
     0: i_5373/O (LUT3)
      [E:/bob_full_v1/hw/src/clb/clb.sv:28]
     1: i_5373/I1 (LUT3)
     2: i_5304/O (LUT5)
      [E:/bob_full_v1/hw/src/clb/clb.sv:28]
     3: i_5304/I0 (LUT5)
     4: i_5326/O (LUT6)
      [E:/bob_full_v1/hw/src/clb/clb.sv:28]
     5: i_5326/I3 (LUT6)
     6: i_5371/O (LUT3)
      [E:/bob_full_v1/hw/src/clb/clb.sv:28]
     7: i_5371/O (LUT3)
Inferred a: "set_disable_timing -from I1 -to O i_5373"
Found timing loop:
     0: i_5371/O (LUT3)
      [E:/bob_full_v1/hw/src/clb/clb.sv:28]
     1: i_5371/O (LUT3)
Found timing loop:
     0: i_5372/O (LUT3)
      [E:/bob_full_v1/hw/src/clb/clb.sv:28]
     1: i_5372/I2 (LUT3)
     2: i_5265/O (LUT3)
      [E:/bob_full_v1/hw/src/clb/clb.sv:28]
     3: i_5265/I2 (LUT3)
     4: i_5375/O (LUT3)
      [E:/bob_full_v1/hw/src/clb/clb.sv:28]
     5: i_5375/I2 (LUT3)
     6: i_5285/O (LUT6)
      [E:/bob_full_v1/hw/src/clb/clb.sv:28]
     7: i_5285/I4 (LUT6)
     8: i_5373/O (LUT3)
      [E:/bob_full_v1/hw/src/clb/clb.sv:28]
     9: i_5373/O (LUT3)
Inferred a: "set_disable_timing -from I2 -to O i_5372"
Found timing loop:
     0: i_5373/O (LUT3)
      [E:/bob_full_v1/hw/src/clb/clb.sv:28]
     1: i_5373/O (LUT3)
Found timing loop:
     0: i_5372/O (LUT3)
      [E:/bob_full_v1/hw/src/clb/clb.sv:28]
     1: i_5372/O (LUT3)
Found timing loop:
     0: i_5371/O (LUT3)
      [E:/bob_full_v1/hw/src/clb/clb.sv:28]
     1: i_5371/O (LUT3)
Found timing loop:
     0: i_5371/O (LUT3)
      [E:/bob_full_v1/hw/src/clb/clb.sv:28]
     1: i_5371/O (LUT3)
Found timing loop:
     0: i_5372/O (LUT3)
      [E:/bob_full_v1/hw/src/clb/clb.sv:28]
     1: i_5372/O (LUT3)
Found timing loop:
     0: i_5373/O (LUT3)
      [E:/bob_full_v1/hw/src/clb/clb.sv:28]
     1: i_5373/O (LUT3)
Found timing loop:
     0: i_5373/O (LUT3)
      [E:/bob_full_v1/hw/src/clb/clb.sv:28]
     1: i_5373/O (LUT3)
Found timing loop:
     0: i_5373/O (LUT3)
      [E:/bob_full_v1/hw/src/clb/clb.sv:28]
     1: i_5373/O (LUT3)
Found timing loop:
     0: i_5373/O (LUT3)
      [E:/bob_full_v1/hw/src/clb/clb.sv:28]
     1: i_5373/O (LUT3)
Found timing loop:
     0: i_5373/O (LUT3)
      [E:/bob_full_v1/hw/src/clb/clb.sv:28]
     1: i_5373/O (LUT3)
Found timing loop:
     0: i_5373/O (LUT3)
      [E:/bob_full_v1/hw/src/clb/clb.sv:28]
     1: i_5373/O (LUT3)
Found timing loop:
     0: i_5371/O (LUT3)
      [E:/bob_full_v1/hw/src/clb/clb.sv:28]
     1: i_5371/O (LUT3)
Found timing loop:
     0: i_5371/O (LUT3)
      [E:/bob_full_v1/hw/src/clb/clb.sv:28]
     1: i_5371/O (LUT3)
Found timing loop:
     0: i_5231/O (LUT3)
      [E:/bob_full_v1/hw/src/clb/clb.sv:28]
     1: i_5231/O (LUT3)
Found timing loop:
     0: i_5233/O (LUT3)
      [E:/bob_full_v1/hw/src/clb/clb.sv:28]
     1: i_5233/I1 (LUT3)
     2: i_5195/O (LUT5)
      [E:/bob_full_v1/hw/src/clb/clb.sv:28]
     3: i_5195/I0 (LUT5)
     4: i_5213/O (LUT6)
      [E:/bob_full_v1/hw/src/clb/clb.sv:28]
     5: i_5213/I3 (LUT6)
     6: i_5231/O (LUT3)
      [E:/bob_full_v1/hw/src/clb/clb.sv:28]
     7: i_5231/O (LUT3)
Inferred a: "set_disable_timing -from I1 -to O i_5233"
Found timing loop:
     0: i_5232/O (LUT3)
      [E:/bob_full_v1/hw/src/clb/clb.sv:28]
     1: i_5232/I2 (LUT3)
     2: i_5202/O (LUT1)
      [E:/bob_full_v1/hw/src/clb/clb.sv:28]
     3: i_5202/I0 (LUT1)
     4: i_5234/O (LUT3)
      [E:/bob_full_v1/hw/src/clb/clb.sv:28]
     5: i_5234/I2 (LUT3)
     6: i_5133/O (MUXF7)
      [E:/bob_full_v1/hw/src/clb/clb.sv:28]
     7: i_5133/I1 (MUXF7)
     8: i_5144/O (LUT6)
      [E:/bob_full_v1/hw/src/clb/clb.sv:28]
     9: i_5144/I4 (LUT6)
    10: i_5233/O (LUT3)
      [E:/bob_full_v1/hw/src/clb/clb.sv:28]
    11: i_5233/O (LUT3)
Inferred a: "set_disable_timing -from I2 -to O i_5232"
Found timing loop:
     0: i_5231/O (LUT3)
      [E:/bob_full_v1/hw/src/clb/clb.sv:28]
     1: i_5231/O (LUT3)
Found timing loop:
     0: i_5233/O (LUT3)
      [E:/bob_full_v1/hw/src/clb/clb.sv:28]
     1: i_5233/O (LUT3)
Found timing loop:
     0: i_5231/O (LUT3)
      [E:/bob_full_v1/hw/src/clb/clb.sv:28]
     1: i_5231/O (LUT3)
Found timing loop:
     0: i_5232/O (LUT3)
      [E:/bob_full_v1/hw/src/clb/clb.sv:28]
     1: i_5232/O (LUT3)
Found timing loop:
     0: i_5233/O (LUT3)
      [E:/bob_full_v1/hw/src/clb/clb.sv:28]
     1: i_5233/O (LUT3)
Found timing loop:
     0: i_5233/O (LUT3)
      [E:/bob_full_v1/hw/src/clb/clb.sv:28]
     1: i_5233/O (LUT3)
Found timing loop:
     0: i_5231/O (LUT3)
      [E:/bob_full_v1/hw/src/clb/clb.sv:28]
     1: i_5231/O (LUT3)
Found timing loop:
     0: i_5232/O (LUT3)
      [E:/bob_full_v1/hw/src/clb/clb.sv:28]
     1: i_5232/O (LUT3)
Found timing loop:
     0: i_5233/O (LUT3)
      [E:/bob_full_v1/hw/src/clb/clb.sv:28]
     1: i_5233/O (LUT3)
Found timing loop:
     0: i_5233/O (LUT3)
      [E:/bob_full_v1/hw/src/clb/clb.sv:28]
     1: i_5233/O (LUT3)
Found timing loop:
     0: i_5233/O (LUT3)
      [E:/bob_full_v1/hw/src/clb/clb.sv:28]
     1: i_5233/O (LUT3)
Found timing loop:
     0: i_5233/O (LUT3)
      [E:/bob_full_v1/hw/src/clb/clb.sv:28]
     1: i_5233/O (LUT3)
Found timing loop:
     0: i_5231/O (LUT3)
      [E:/bob_full_v1/hw/src/clb/clb.sv:28]
     1: i_5231/O (LUT3)
Found timing loop:
     0: i_5231/O (LUT3)
      [E:/bob_full_v1/hw/src/clb/clb.sv:28]
     1: i_5231/O (LUT3)
Found timing loop:
     0: i_3677/O (LUT3)
      [E:/bob_full_v1/hw/src/clb/clb.sv:28]
     1: i_3677/I1 (LUT3)
     2: i_3613/O (LUT6)
      [(null):0]
     3: i_3613/I5 (LUT6)
     4: i_3614/O (LUT5)
      [(null):0]
     5: i_3614/I3 (LUT5)
     6: i_3675/O (LUT3)
      [E:/bob_full_v1/hw/src/clb/clb.sv:28]
     7: i_3675/O (LUT3)
Inferred a: "set_disable_timing -from I1 -to O i_3677"
Found timing loop:
     0: i_3675/O (LUT3)
      [E:/bob_full_v1/hw/src/clb/clb.sv:28]
     1: i_3675/O (LUT3)
Found timing loop:
     0: i_3520/O (LUT5)
      [(null):0]
     1: i_3520/I4 (LUT5)
     2: i_3522/O (MUXF7)
      [(null):0]
     3: i_3522/I1 (MUXF7)
     4: i_3532/O (MUXF7)
      [(null):0]
     5: i_3532/I1 (MUXF7)
     6: i_3548/O (LUT6)
      [(null):0]
     7: i_3548/I4 (LUT6)
     8: i_3677/O (LUT3)
      [E:/bob_full_v1/hw/src/clb/clb.sv:28]
     9: i_3677/O (LUT3)
Inferred a: "set_disable_timing -from I4 -to O i_3520"
Found timing loop:
     0: i_4478/O (LUT3)
      [E:/bob_full_v1/hw/src/clb/clb.sv:28]
     1: i_4478/O (LUT3)
Found timing loop:
     0: i_4477/O (LUT3)
      [E:/bob_full_v1/hw/src/clb/clb.sv:28]
     1: i_4477/O (LUT3)
Found timing loop:
     0: i_5237/O (LUT3)
      [E:/bob_full_v1/hw/src/clb/clb.sv:28]
     1: i_5237/O (LUT3)
Found timing loop:
     0: i_4479/O (LUT3)
      [E:/bob_full_v1/hw/src/clb/clb.sv:28]
     1: i_4479/O (LUT3)
Found timing loop:
     0: i_4363/O (MUXF7)
      [(null):0]
     1: i_4363/I0 (MUXF7)
     2: i_4364/O (LUT6)
      [(null):0]
     3: i_4364/I3 (LUT6)
     4: i_4365/O (LUT6)
      [(null):0]
     5: i_4365/I4 (LUT6)
     6: i_5237/O (LUT3)
      [E:/bob_full_v1/hw/src/clb/clb.sv:28]
     7: i_5237/O (LUT3)
Inferred a: "set_disable_timing -from I0 -to O i_4363"
Found timing loop:
     0: i_4479/O (LUT3)
      [E:/bob_full_v1/hw/src/clb/clb.sv:28]
     1: i_4479/O (LUT3)
Found timing loop:
     0: i_4478/O (LUT3)
      [E:/bob_full_v1/hw/src/clb/clb.sv:28]
     1: i_4478/O (LUT3)
Found timing loop:
     0: i_4477/O (LUT3)
      [E:/bob_full_v1/hw/src/clb/clb.sv:28]
     1: i_4477/O (LUT3)
Found timing loop:
     0: i_5237/O (LUT3)
      [E:/bob_full_v1/hw/src/clb/clb.sv:28]
     1: i_5237/O (LUT3)
Found timing loop:
     0: i_4479/O (LUT3)
      [E:/bob_full_v1/hw/src/clb/clb.sv:28]
     1: i_4479/O (LUT3)
Found timing loop:
     0: i_4479/O (LUT3)
      [E:/bob_full_v1/hw/src/clb/clb.sv:28]
     1: i_4479/O (LUT3)
Found timing loop:
     0: i_4479/O (LUT3)
      [E:/bob_full_v1/hw/src/clb/clb.sv:28]
     1: i_4479/O (LUT3)
Found timing loop:
     0: i_4363/O (MUXF7)
      [(null):0]
     1: i_4363/O (MUXF7)
Found timing loop:
     0: i_4479/O (LUT3)
      [E:/bob_full_v1/hw/src/clb/clb.sv:28]
     1: i_4479/O (LUT3)
Found timing loop:
     0: i_4479/O (LUT3)
      [E:/bob_full_v1/hw/src/clb/clb.sv:28]
     1: i_4479/O (LUT3)
Found timing loop:
     0: i_4479/O (LUT3)
      [E:/bob_full_v1/hw/src/clb/clb.sv:28]
     1: i_4479/O (LUT3)
Found timing loop:
     0: i_4478/O (LUT3)
      [E:/bob_full_v1/hw/src/clb/clb.sv:28]
     1: i_4478/O (LUT3)
Found timing loop:
     0: i_4477/O (LUT3)
      [E:/bob_full_v1/hw/src/clb/clb.sv:28]
     1: i_4477/O (LUT3)
Found timing loop:
     0: i_5237/O (LUT3)
      [E:/bob_full_v1/hw/src/clb/clb.sv:28]
     1: i_5237/O (LUT3)
Found timing loop:
     0: i_4335/O (MUXF7)
      [(null):0]
     1: i_4335/I1 (MUXF7)
     2: i_4351/O (LUT6)
      [(null):0]
     3: i_4351/I5 (LUT6)
     4: i_4423/O (LUT3)
      [(null):0]
     5: i_4423/I1 (LUT3)
     6: i_4479/O (LUT3)
      [E:/bob_full_v1/hw/src/clb/clb.sv:28]
     7: i_4479/O (LUT3)
Inferred a: "set_disable_timing -from I1 -to O i_4335"
Found timing loop:
     0: i_5237/O (LUT3)
      [E:/bob_full_v1/hw/src/clb/clb.sv:28]
     1: i_5237/O (LUT3)
Found timing loop:
     0: i_4477/O (LUT3)
      [E:/bob_full_v1/hw/src/clb/clb.sv:28]
     1: i_4477/O (LUT3)
Found timing loop:
     0: i_4479/O (LUT3)
      [E:/bob_full_v1/hw/src/clb/clb.sv:28]
     1: i_4479/O (LUT3)
Found timing loop:
     0: i_4478/O (LUT3)
      [E:/bob_full_v1/hw/src/clb/clb.sv:28]
     1: i_4478/O (LUT3)
Found timing loop:
     0: i_4479/O (LUT3)
      [E:/bob_full_v1/hw/src/clb/clb.sv:28]
     1: i_4479/O (LUT3)
Found timing loop:
     0: i_4479/O (LUT3)
      [E:/bob_full_v1/hw/src/clb/clb.sv:28]
     1: i_4479/O (LUT3)
Found timing loop:
     0: i_4479/O (LUT3)
      [E:/bob_full_v1/hw/src/clb/clb.sv:28]
     1: i_4479/O (LUT3)
Found timing loop:
     0: i_4479/O (LUT3)
      [E:/bob_full_v1/hw/src/clb/clb.sv:28]
     1: i_4479/O (LUT3)
Found timing loop:
     0: i_4479/O (LUT3)
      [E:/bob_full_v1/hw/src/clb/clb.sv:28]
     1: i_4479/O (LUT3)
Found timing loop:
     0: i_4479/O (LUT3)
      [E:/bob_full_v1/hw/src/clb/clb.sv:28]
     1: i_4479/O (LUT3)
Found timing loop:
     0: i_4479/O (LUT3)
      [E:/bob_full_v1/hw/src/clb/clb.sv:28]
     1: i_4479/O (LUT3)
Found timing loop:
     0: i_4477/O (LUT3)
      [E:/bob_full_v1/hw/src/clb/clb.sv:28]
     1: i_4477/O (LUT3)
Found timing loop:
     0: i_3677/O (LUT3)
      [E:/bob_full_v1/hw/src/clb/clb.sv:28]
     1: i_3677/O (LUT3)
Found timing loop:
     0: i_3673/O (LUT3)
      [E:/bob_full_v1/hw/src/clb/clb.sv:28]
     1: i_3673/O (LUT3)
Found timing loop:
     0: i_3675/O (LUT3)
      [E:/bob_full_v1/hw/src/clb/clb.sv:28]
     1: i_3675/O (LUT3)
Found timing loop:
     0: i_3677/O (LUT3)
      [E:/bob_full_v1/hw/src/clb/clb.sv:28]
     1: i_3677/O (LUT3)
Found timing loop:
     0: i_3675/O (LUT3)
      [E:/bob_full_v1/hw/src/clb/clb.sv:28]
     1: i_3675/O (LUT3)
Found timing loop:
     0: i_3673/O (LUT3)
      [E:/bob_full_v1/hw/src/clb/clb.sv:28]
     1: i_3673/O (LUT3)
Found timing loop:
     0: i_3677/O (LUT3)
      [E:/bob_full_v1/hw/src/clb/clb.sv:28]
     1: i_3677/O (LUT3)
Found timing loop:
     0: i_3677/O (LUT3)
      [E:/bob_full_v1/hw/src/clb/clb.sv:28]
     1: i_3677/O (LUT3)
Found timing loop:
     0: i_3677/O (LUT3)
      [E:/bob_full_v1/hw/src/clb/clb.sv:28]
     1: i_3677/O (LUT3)
Found timing loop:
     0: i_3677/O (LUT3)
      [E:/bob_full_v1/hw/src/clb/clb.sv:28]
     1: i_3677/O (LUT3)
Found timing loop:
     0: i_3677/O (LUT3)
      [E:/bob_full_v1/hw/src/clb/clb.sv:28]
     1: i_3677/O (LUT3)
Found timing loop:
     0: i_3677/O (LUT3)
      [E:/bob_full_v1/hw/src/clb/clb.sv:28]
     1: i_3677/O (LUT3)
Found timing loop:
     0: i_3675/O (LUT3)
      [E:/bob_full_v1/hw/src/clb/clb.sv:28]
     1: i_3675/I0 (LUT3)
     2: i_3528/O (LUT6)
      [(null):0]
     3: i_3528/I3 (LUT6)
     4: i_3676/O (LUT2)
      [E:/bob_full_v1/hw/src/clb/clb.sv:28]
     5: i_3676/I0 (LUT2)
     6: i_3609/O (LUT5)
      [(null):0]
     7: i_3609/I4 (LUT5)
     8: i_3675/O (LUT3)
      [E:/bob_full_v1/hw/src/clb/clb.sv:28]
Inferred a: "set_disable_timing -from I0 -to O i_3675"
Found timing loop:
     0: i_3673/O (LUT3)
      [E:/bob_full_v1/hw/src/clb/clb.sv:28]
     1: i_3673/O (LUT3)
Found timing loop:
     0: i_3673/O (LUT3)
      [E:/bob_full_v1/hw/src/clb/clb.sv:28]
     1: i_3673/O (LUT3)
Found timing loop:
     0: i_3673/O (LUT3)
      [E:/bob_full_v1/hw/src/clb/clb.sv:28]
     1: i_3673/O (LUT3)
Found timing loop:
     0: i_3512/O (LUT3)
      [E:/bob_full_v1/hw/src/clb/mux_bank.v:35]
     1: i_3512/O (LUT3)
Found timing loop:
     0: i_3513/O (LUT3)
      [E:/bob_full_v1/hw/src/clb/mux_bank.v:35]
     1: i_3513/O (LUT3)
Found timing loop:
     0: i_3514/O (LUT3)
      [E:/bob_full_v1/hw/src/clb/mux_bank.v:35]
     1: i_3514/O (LUT3)
Found timing loop:
     0: i_3231/O (LUT3)
      [E:/bob_full_v1/hw/src/clb/clb.sv:28]
     1: i_3231/O (LUT3)
Found timing loop:
     0: i_3230/O (LUT3)
      [E:/bob_full_v1/hw/src/clb/clb.sv:28]
     1: i_3230/O (LUT3)
Found timing loop:
     0: i_3229/O (LUT3)
      [E:/bob_full_v1/hw/src/clb/clb.sv:28]
     1: i_3229/O (LUT3)
Found timing loop:
     0: i_3228/O (LUT3)
      [E:/bob_full_v1/hw/src/clb/clb.sv:28]
     1: i_3228/O (LUT3)
Found timing loop:
     0: i_3384/O (LUT3)
      [E:/bob_full_v1/hw/src/clb/clb.sv:28]
     1: i_3384/O (LUT3)
Found timing loop:
     0: i_3382/O (LUT3)
      [E:/bob_full_v1/hw/src/clb/clb.sv:28]
     1: i_3382/O (LUT3)
Found timing loop:
     0: i_3512/O (LUT3)
      [E:/bob_full_v1/hw/src/clb/mux_bank.v:35]
     1: i_3512/O (LUT3)
Found timing loop:
     0: i_3513/O (LUT3)
      [E:/bob_full_v1/hw/src/clb/mux_bank.v:35]
     1: i_3513/O (LUT3)
Found timing loop:
     0: i_3514/O (LUT3)
      [E:/bob_full_v1/hw/src/clb/mux_bank.v:35]
     1: i_3514/O (LUT3)
Found timing loop:
     0: i_3231/O (LUT3)
      [E:/bob_full_v1/hw/src/clb/clb.sv:28]
     1: i_3231/O (LUT3)
Found timing loop:
     0: i_3230/O (LUT3)
      [E:/bob_full_v1/hw/src/clb/clb.sv:28]
     1: i_3230/O (LUT3)
Found timing loop:
     0: i_3229/O (LUT3)
      [E:/bob_full_v1/hw/src/clb/clb.sv:28]
     1: i_3229/O (LUT3)
Found timing loop:
     0: i_3228/O (LUT3)
      [E:/bob_full_v1/hw/src/clb/clb.sv:28]
     1: i_3228/O (LUT3)
Found timing loop:
     0: i_3382/O (LUT3)
      [E:/bob_full_v1/hw/src/clb/clb.sv:28]
     1: i_3382/O (LUT3)
Found timing loop:
     0: i_3383/O (LUT3)
      [E:/bob_full_v1/hw/src/clb/clb.sv:28]
     1: i_3383/O (LUT3)
Found timing loop:
     0: i_3512/O (LUT3)
      [E:/bob_full_v1/hw/src/clb/mux_bank.v:35]
     1: i_3512/O (LUT3)
Found timing loop:
     0: i_3513/O (LUT3)
      [E:/bob_full_v1/hw/src/clb/mux_bank.v:35]
     1: i_3513/O (LUT3)
Found timing loop:
     0: i_3514/O (LUT3)
      [E:/bob_full_v1/hw/src/clb/mux_bank.v:35]
     1: i_3514/O (LUT3)
Found timing loop:
     0: i_3231/O (LUT3)
      [E:/bob_full_v1/hw/src/clb/clb.sv:28]
     1: i_3231/O (LUT3)
Found timing loop:
     0: i_3230/O (LUT3)
      [E:/bob_full_v1/hw/src/clb/clb.sv:28]
     1: i_3230/O (LUT3)
Found timing loop:
     0: i_3229/O (LUT3)
      [E:/bob_full_v1/hw/src/clb/clb.sv:28]
     1: i_3229/O (LUT3)
Found timing loop:
     0: i_3228/O (LUT3)
      [E:/bob_full_v1/hw/src/clb/clb.sv:28]
     1: i_3228/O (LUT3)
Found timing loop:
     0: i_3384/O (LUT3)
      [E:/bob_full_v1/hw/src/clb/clb.sv:28]
     1: i_3384/O (LUT3)
Found timing loop:
     0: i_3384/O (LUT3)
      [E:/bob_full_v1/hw/src/clb/clb.sv:28]
     1: i_3384/O (LUT3)
Found timing loop:
     0: i_3384/O (LUT3)
      [E:/bob_full_v1/hw/src/clb/clb.sv:28]
     1: i_3384/O (LUT3)
Found timing loop:
     0: i_3384/O (LUT3)
      [E:/bob_full_v1/hw/src/clb/clb.sv:28]
     1: i_3384/O (LUT3)
Found timing loop:
     0: i_3384/O (LUT3)
      [E:/bob_full_v1/hw/src/clb/clb.sv:28]
     1: i_3384/O (LUT3)
Found timing loop:
     0: i_3384/O (LUT3)
      [E:/bob_full_v1/hw/src/clb/clb.sv:28]
     1: i_3384/O (LUT3)
Found timing loop:
     0: i_3231/O (LUT3)
      [E:/bob_full_v1/hw/src/clb/clb.sv:28]
     1: i_3231/O (LUT3)
Found timing loop:
     0: i_3230/O (LUT3)
      [E:/bob_full_v1/hw/src/clb/clb.sv:28]
     1: i_3230/O (LUT3)
Found timing loop:
     0: i_3229/O (LUT3)
      [E:/bob_full_v1/hw/src/clb/clb.sv:28]
     1: i_3229/O (LUT3)
Found timing loop:
     0: i_3228/O (LUT3)
      [E:/bob_full_v1/hw/src/clb/clb.sv:28]
     1: i_3228/O (LUT3)
Found timing loop:
     0: i_3382/O (LUT3)
      [E:/bob_full_v1/hw/src/clb/clb.sv:28]
     1: i_3382/O (LUT3)
Found timing loop:
     0: i_3512/O (LUT3)
      [E:/bob_full_v1/hw/src/clb/mux_bank.v:35]
     1: i_3512/O (LUT3)
Found timing loop:
     0: i_3513/O (LUT3)
      [E:/bob_full_v1/hw/src/clb/mux_bank.v:35]
     1: i_3513/O (LUT3)
Found timing loop:
     0: i_3514/O (LUT3)
      [E:/bob_full_v1/hw/src/clb/mux_bank.v:35]
     1: i_3514/O (LUT3)
Found timing loop:
     0: i_3382/O (LUT3)
      [E:/bob_full_v1/hw/src/clb/clb.sv:28]
     1: i_3382/O (LUT3)
Found timing loop:
     0: i_3382/O (LUT3)
      [E:/bob_full_v1/hw/src/clb/clb.sv:28]
     1: i_3382/O (LUT3)
Found timing loop:
     0: i_3512/O (LUT3)
      [E:/bob_full_v1/hw/src/clb/mux_bank.v:35]
     1: i_3512/O (LUT3)
Found timing loop:
     0: i_3513/O (LUT3)
      [E:/bob_full_v1/hw/src/clb/mux_bank.v:35]
     1: i_3513/O (LUT3)
Found timing loop:
     0: i_3514/O (LUT3)
      [E:/bob_full_v1/hw/src/clb/mux_bank.v:35]
     1: i_3514/O (LUT3)
Found timing loop:
     0: i_3231/O (LUT3)
      [E:/bob_full_v1/hw/src/clb/clb.sv:28]
     1: i_3231/O (LUT3)
Found timing loop:
     0: i_3230/O (LUT3)
      [E:/bob_full_v1/hw/src/clb/clb.sv:28]
     1: i_3230/O (LUT3)
Found timing loop:
     0: i_3229/O (LUT3)
      [E:/bob_full_v1/hw/src/clb/clb.sv:28]
     1: i_3229/O (LUT3)
Found timing loop:
     0: i_3228/O (LUT3)
      [E:/bob_full_v1/hw/src/clb/clb.sv:28]
     1: i_3228/O (LUT3)
Found timing loop:
     0: i_3502/O (LUT3)
      [E:/bob_full_v1/hw/src/clb/clb.sv:60]
     1: i_3502/O (LUT3)
Found timing loop:
     0: i_3506/O (LUT3)
      [E:/bob_full_v1/hw/src/clb/lut6.sv:29]
     1: i_3506/O (LUT3)
Found timing loop:
     0: i_3502/O (LUT3)
      [E:/bob_full_v1/hw/src/clb/clb.sv:60]
     1: i_3502/O (LUT3)
Found timing loop:
     0: i_3506/O (LUT3)
      [E:/bob_full_v1/hw/src/clb/lut6.sv:29]
     1: i_3506/O (LUT3)
Found timing loop:
     0: i_3502/O (LUT3)
      [E:/bob_full_v1/hw/src/clb/clb.sv:60]
     1: i_3502/O (LUT3)
Found timing loop:
     0: i_3506/O (LUT3)
      [E:/bob_full_v1/hw/src/clb/lut6.sv:29]
     1: i_3506/O (LUT3)
Found timing loop:
     0: i_3502/O (LUT3)
      [E:/bob_full_v1/hw/src/clb/clb.sv:60]
     1: i_3502/O (LUT3)
Found timing loop:
     0: i_3506/O (LUT3)
      [E:/bob_full_v1/hw/src/clb/lut6.sv:29]
     1: i_3506/O (LUT3)
Found timing loop:
     0: i_3502/O (LUT3)
      [E:/bob_full_v1/hw/src/clb/clb.sv:60]
     1: i_3502/O (LUT3)
Found timing loop:
     0: i_3506/O (LUT3)
      [E:/bob_full_v1/hw/src/clb/lut6.sv:29]
     1: i_3506/O (LUT3)
Found timing loop:
     0: i_3502/O (LUT3)
      [E:/bob_full_v1/hw/src/clb/clb.sv:60]
     1: i_3502/O (LUT3)
Found timing loop:
     0: i_3506/O (LUT3)
      [E:/bob_full_v1/hw/src/clb/lut6.sv:29]
     1: i_3506/O (LUT3)
Found timing loop:
     0: i_3502/O (LUT3)
      [E:/bob_full_v1/hw/src/clb/clb.sv:60]
     1: i_3502/O (LUT3)
Found timing loop:
     0: i_3506/O (LUT3)
      [E:/bob_full_v1/hw/src/clb/lut6.sv:29]
     1: i_3506/O (LUT3)
Found timing loop:
     0: i_3502/O (LUT3)
      [E:/bob_full_v1/hw/src/clb/clb.sv:60]
     1: i_3502/O (LUT3)
Found timing loop:
     0: i_3506/O (LUT3)
      [E:/bob_full_v1/hw/src/clb/lut6.sv:29]
     1: i_3506/I0 (LUT3)
     2: i_3443/O (LUT6)
      [E:/bob_full_v1/hw/src/clb/mux_bank.v:35]
     3: i_3443/I5 (LUT6)
     4: i_3469/O (LUT6)
      [E:/bob_full_v1/hw/src/clb/mux_bank.v:35]
     5: i_3469/I3 (LUT6)
     6: i_3502/O (LUT3)
      [E:/bob_full_v1/hw/src/clb/clb.sv:60]
     7: i_3502/O (LUT3)
Inferred a: "set_disable_timing -from I0 -to O i_3506"
Found timing loop:
     0: i_3502/O (LUT3)
      [E:/bob_full_v1/hw/src/clb/clb.sv:60]
     1: i_3502/O (LUT3)
---------------------------------------------------------------------------------
Finished Technology Mapping : Time (s): cpu = 00:02:21 ; elapsed = 00:02:45 . Memory (MB): peak = 2842.234 ; gain = 1975.547
---------------------------------------------------------------------------------
---------------------------------------------------------------------------------
Start IO Insertion
---------------------------------------------------------------------------------
---------------------------------------------------------------------------------
Start Flattening Before IO Insertion
---------------------------------------------------------------------------------
---------------------------------------------------------------------------------
Finished Flattening Before IO Insertion
---------------------------------------------------------------------------------
---------------------------------------------------------------------------------
Start Final Netlist Cleanup
---------------------------------------------------------------------------------
---------------------------------------------------------------------------------
Finished Final Netlist Cleanup
---------------------------------------------------------------------------------
---------------------------------------------------------------------------------
Finished IO Insertion : Time (s): cpu = 00:02:29 ; elapsed = 00:02:53 . Memory (MB): peak = 2842.234 ; gain = 1975.547
---------------------------------------------------------------------------------
---------------------------------------------------------------------------------
Start Renaming Generated Instances
---------------------------------------------------------------------------------
---------------------------------------------------------------------------------
Finished Renaming Generated Instances : Time (s): cpu = 00:02:29 ; elapsed = 00:02:53 . Memory (MB): peak = 2842.234 ; gain = 1975.547
---------------------------------------------------------------------------------
---------------------------------------------------------------------------------
Start Rebuilding User Hierarchy
---------------------------------------------------------------------------------
---------------------------------------------------------------------------------
Finished Rebuilding User Hierarchy : Time (s): cpu = 00:02:34 ; elapsed = 00:02:59 . Memory (MB): peak = 2842.234 ; gain = 1975.547
---------------------------------------------------------------------------------
---------------------------------------------------------------------------------
Start Renaming Generated Ports
---------------------------------------------------------------------------------
---------------------------------------------------------------------------------
Finished Renaming Generated Ports : Time (s): cpu = 00:02:34 ; elapsed = 00:02:59 . Memory (MB): peak = 2842.234 ; gain = 1975.547
---------------------------------------------------------------------------------
---------------------------------------------------------------------------------
Start Handling Custom Attributes
---------------------------------------------------------------------------------
---------------------------------------------------------------------------------
Finished Handling Custom Attributes : Time (s): cpu = 00:02:35 ; elapsed = 00:03:00 . Memory (MB): peak = 2842.234 ; gain = 1975.547
---------------------------------------------------------------------------------
---------------------------------------------------------------------------------
Start Renaming Generated Nets
---------------------------------------------------------------------------------
---------------------------------------------------------------------------------
Finished Renaming Generated Nets : Time (s): cpu = 00:02:35 ; elapsed = 00:03:00 . Memory (MB): peak = 2842.234 ; gain = 1975.547
---------------------------------------------------------------------------------
---------------------------------------------------------------------------------
Start Writing Synthesis Report
---------------------------------------------------------------------------------

Report BlackBoxes: 
+-+--------------+----------+
| |BlackBox name |Instances |
+-+--------------+----------+
+-+--------------+----------+

Report Cell Usage: 
+------+------+------+
|      |Cell  |Count |
+------+------+------+
|1     |BUFG  |     1|
|2     |LUT1  |    12|
|3     |LUT2  |    22|
|4     |LUT3  |  3012|
|5     |LUT4  |   158|
|6     |LUT5  |   414|
|7     |LUT6  |  2234|
|8     |MUXF7 |   134|
|9     |MUXF8 |     1|
|10    |FDRE  |  5890|
|11    |FDSE  |    20|
|12    |IBUF  |     9|
|13    |OBUF  |     5|
+------+------+------+
---------------------------------------------------------------------------------
Finished Writing Synthesis Report : Time (s): cpu = 00:02:35 ; elapsed = 00:03:00 . Memory (MB): peak = 2842.234 ; gain = 1975.547
---------------------------------------------------------------------------------
Synthesis finished with 0 errors, 1985 critical warnings and 342 warnings.
Synthesis Optimization Runtime : Time (s): cpu = 00:02:18 ; elapsed = 00:02:54 . Memory (MB): peak = 2842.234 ; gain = 1890.656
Synthesis Optimization Complete : Time (s): cpu = 00:02:35 ; elapsed = 00:03:00 . Memory (MB): peak = 2842.234 ; gain = 1975.547
INFO: [Project 1-571] Translating synthesized netlist
Netlist sorting complete. Time (s): cpu = 00:00:00 ; elapsed = 00:00:00.107 . Memory (MB): peak = 2842.234 ; gain = 0.000
INFO: [Netlist 29-17] Analyzing 135 Unisim elements for replacement
INFO: [Netlist 29-28] Unisim Transformation completed in 0 CPU seconds
WARNING: [Netlist 29-101] Netlist 'fpga4x4_top' is not ideal for floorplanning, since the cellview 'jtag_tap' contains a large number of primitives.  Please consider enabling hierarchy in synthesis if you want to do floorplanning.
INFO: [Project 1-570] Preparing netlist for logic optimization
INFO: [Opt 31-138] Pushed 0 inverter(s) to 0 load pin(s).
Netlist sorting complete. Time (s): cpu = 00:00:00 ; elapsed = 00:00:00.004 . Memory (MB): peak = 2842.234 ; gain = 0.000
INFO: [Project 1-111] Unisim Transformation Summary:
No Unisim elements were transformed.

Synth Design complete | Checksum: 5bc5a4b5
INFO: [Common 17-83] Releasing license: Synthesis
42 Infos, 103 Warnings, 100 Critical Warnings and 0 Errors encountered.
synth_design completed successfully
synth_design: Time (s): cpu = 00:02:49 ; elapsed = 00:03:23 . Memory (MB): peak = 2842.234 ; gain = 2213.074
INFO: [runtcl-6] Synthesis results are not added to the cache due to CRITICAL_WARNING
Write ShapeDB Complete: Time (s): cpu = 00:00:00 ; elapsed = 00:00:00.043 . Memory (MB): peak = 2842.234 ; gain = 0.000
INFO: [Common 17-1381] The checkpoint 'E:/bob_full_v1/bob_vivado/bob.runs/synth_1/fpga4x4_top.dcp' has been generated.
INFO: [Vivado 12-24828] Executing command : report_utilization -file fpga4x4_top_utilization_synth.rpt -pb fpga4x4_top_utilization_synth.pb
INFO: [Common 17-206] Exiting Vivado at Mon Sep 14 04:02:43 2026...
