Copyright 1986-2022 Xilinx, Inc. All Rights Reserved. Copyright 2022-2025 Advanced Micro Devices, Inc. All Rights Reserved.
---------------------------------------------------------------------------------------------------------------------------------------------
| Tool Version : Vivado v.2025.2 (win64) Build 6299465 Fri Nov 14 19:35:11 GMT 2025
| Date         : Thu Sep 17 13:12:22 2026
| Host         : SARAVANB423 running 64-bit major release  (build 9200)
| Command      : report_timing_summary -file E:/bob_full_v1/bob_vivado/out/M13/timing.rpt
| Design       : bob_top
| Device       : 7z020-clg400
| Speed File   : -1  PRODUCTION 1.12 2019-11-22
| Design State : Routed
---------------------------------------------------------------------------------------------------------------------------------------------

Timing Summary Report

------------------------------------------------------------------------------------------------
| Timer Settings
| --------------
------------------------------------------------------------------------------------------------

  Enable Multi Corner Analysis               :  Yes
  Enable Pessimism Removal                   :  Yes
  Pessimism Removal Resolution               :  Nearest Common Node
  Enable Input Delay Default Clock           :  No
  Enable Preset / Clear Arcs                 :  No
  Disable Flight Delays                      :  No
  Ignore I/O Paths                           :  No
  Timing Early Launch at Borrowing Latches   :  No
  Borrow Time for Max Delay Exceptions       :  Yes
  Merge Timing Exceptions                    :  Yes
  Inter-SLR Compensation                     :  Conservative

  Corner  Analyze    Analyze    
  Name    Max Paths  Min Paths  
  ------  ---------  ---------  
  Slow    Yes        Yes        
  Fast    Yes        Yes        


------------------------------------------------------------------------------------------------
| Report Methodology
| ------------------
------------------------------------------------------------------------------------------------

Rule       Severity  Description                                 Violations  
---------  --------  ------------------------------------------  ----------  
SYNTH-6    Warning   Timing of a RAM block might be sub-optimal  2           
TIMING-9   Warning   Unknown CDC Logic                           1           
TIMING-23  Warning   Combinational loop found                    1           
TIMING-46  Warning   Multicycle path with tied CE pins           16          

Note: This report is based on the most recent report_methodology run and may not be up-to-date. Run report_methodology on the current design for the latest report.



check_timing report

Table of Contents
-----------------
1. checking no_clock (0)
2. checking constant_clock (0)
3. checking pulse_width_clock (0)
4. checking unconstrained_internal_endpoints (0)
5. checking no_input_delay (6)
6. checking no_output_delay (4)
7. checking multiple_clock (0)
8. checking generated_clocks (0)
9. checking loops (3224)
10. checking partial_input_delay (0)
11. checking partial_output_delay (0)
12. checking latch_loops (0)

1. checking no_clock (0)
------------------------
 There are 0 register/latch pins with no clock.


2. checking constant_clock (0)
------------------------------
 There are 0 register/latch pins with constant_clock.


3. checking pulse_width_clock (0)
---------------------------------
 There are 0 register/latch pins which need pulse_width check


4. checking unconstrained_internal_endpoints (0)
------------------------------------------------
 There are 0 pins that are not constrained for maximum delay.

 There are 0 pins that are not constrained for maximum delay due to constant clock.


5. checking no_input_delay (6)
------------------------------
 There are 0 input ports with no input delay specified.

 There are 6 input ports with no input delay but user has a false path constraint. (MEDIUM)


6. checking no_output_delay (4)
-------------------------------
 There are 0 ports with no output delay specified.

 There are 4 ports with no output delay but user has a false path constraint (MEDIUM)

 There are 0 ports with no output delay but with a timing clock defined on it or propagating through it


7. checking multiple_clock (0)
------------------------------
 There are 0 register/latch pins with multiple clocks.


8. checking generated_clocks (0)
--------------------------------
 There are 0 generated clocks that are not connected to a clock source.


9. checking loops (3224)
------------------------
 There are 3224 combinational loops in the design. (HIGH)


10. checking partial_input_delay (0)
------------------------------------
 There are 0 input ports with partial input delay specified.


11. checking partial_output_delay (0)
-------------------------------------
 There are 0 ports with partial output delay specified.


12. checking latch_loops (0)
----------------------------
 There are 0 combinational latch loops in the design through latch input



------------------------------------------------------------------------------------------------
| Design Timing Summary
| ---------------------
------------------------------------------------------------------------------------------------

    WNS(ns)      TNS(ns)  TNS Failing Endpoints  TNS Total Endpoints      WHS(ns)      THS(ns)  THS Failing Endpoints  THS Total Endpoints     WPWS(ns)     TPWS(ns)  TPWS Failing Endpoints  TPWS Total Endpoints  
    -------      -------  ---------------------  -------------------      -------      -------  ---------------------  -------------------     --------     --------  ----------------------  --------------------  
      0.877        0.000                      0                30736        0.030        0.000                      0                30736        3.500        0.000                       0                 12295  


All user specified timing constraints are met.


------------------------------------------------------------------------------------------------
| Clock Summary
| -------------
------------------------------------------------------------------------------------------------

Clock   Waveform(ns)           Period(ns)      Frequency(MHz)
-----   ------------           ----------      --------------
sysclk  {0.000 4.000}          8.000           125.000         
tck     {0.000 5000.000}       10000.000       0.100           


------------------------------------------------------------------------------------------------
| Intra Clock Table
| -----------------
------------------------------------------------------------------------------------------------

Clock             WNS(ns)      TNS(ns)  TNS Failing Endpoints  TNS Total Endpoints      WHS(ns)      THS(ns)  THS Failing Endpoints  THS Total Endpoints     WPWS(ns)     TPWS(ns)  TPWS Failing Endpoints  TPWS Total Endpoints  
-----             -------      -------  ---------------------  -------------------      -------      -------  ---------------------  -------------------     --------     --------  ----------------------  --------------------  
sysclk              0.877        0.000                      0                 2251        0.066        0.000                      0                 2251        3.500        0.000                       0                   853  
tck              3723.005        0.000                      0                28485        0.030        0.000                      0                28485     4999.020        0.000                       0                 11442  


------------------------------------------------------------------------------------------------
| Inter Clock Table
| -----------------
------------------------------------------------------------------------------------------------

From Clock    To Clock          WNS(ns)      TNS(ns)  TNS Failing Endpoints  TNS Total Endpoints      WHS(ns)      THS(ns)  THS Failing Endpoints  THS Total Endpoints  
----------    --------          -------      -------  ---------------------  -------------------      -------      -------  ---------------------  -------------------  


------------------------------------------------------------------------------------------------
| Other Path Groups Table
| -----------------------
------------------------------------------------------------------------------------------------

Path Group    From Clock    To Clock          WNS(ns)      TNS(ns)  TNS Failing Endpoints  TNS Total Endpoints      WHS(ns)      THS(ns)  THS Failing Endpoints  THS Total Endpoints  
----------    ----------    --------          -------      -------  ---------------------  -------------------      -------      -------  ---------------------  -------------------  


------------------------------------------------------------------------------------------------
| Timing Details
| --------------
------------------------------------------------------------------------------------------------


---------------------------------------------------------------------------------------------------
From Clock:  sysclk
  To Clock:  sysclk

Setup :            0  Failing Endpoints,  Worst Slack        0.877ns,  Total Violation        0.000ns
Hold  :            0  Failing Endpoints,  Worst Slack        0.066ns,  Total Violation        0.000ns
PW    :            0  Failing Endpoints,  Worst Slack        3.500ns,  Total Violation        0.000ns
---------------------------------------------------------------------------------------------------


Max Delay Paths
--------------------------------------------------------------------------------------
Slack (MET) :             0.877ns  (required time - arrival time)
  Source:                 u_core/u_clk/div_m1_reg[3]/C
                            (rising edge-triggered cell FDRE clocked by sysclk  {rise@0.000ns fall@4.000ns period=8.000ns})
  Destination:            u_core/u_clk/cnt_reg[4]/R
                            (rising edge-triggered cell FDRE clocked by sysclk  {rise@0.000ns fall@4.000ns period=8.000ns})
  Path Group:             sysclk
  Path Type:              Setup (Max at Slow Process Corner)
  Requirement:            8.000ns  (sysclk rise@8.000ns - sysclk rise@0.000ns)
  Data Path Delay:        6.538ns  (logic 3.388ns (51.816%)  route 3.150ns (48.184%))
  Logic Levels:           10  (CARRY4=7 LUT2=1 LUT4=1 LUT5=1)
  Clock Path Skew:        -0.025ns (DCD - SCD + CPR)
    Destination Clock Delay (DCD):    5.453ns = ( 13.453 - 8.000 ) 
    Source Clock Delay      (SCD):    5.942ns
    Clock Pessimism Removal (CPR):    0.464ns
  Clock Uncertainty:      0.035ns  ((TSJ^2 + TIJ^2)^1/2 + DJ) / 2 + PE
    Total System Jitter     (TSJ):    0.071ns
    Total Input Jitter      (TIJ):    0.000ns
    Discrete Jitter          (DJ):    0.000ns
    Phase Error              (PE):    0.000ns
  Timing Exception:       MultiCycle Path   Setup -end   1

    Location             Delay type                Incr(ns)  Path(ns)    Netlist Resource(s)
  -------------------------------------------------------------------    -------------------
                         (clock sysclk rise edge)     0.000     0.000 r  
    H16                                               0.000     0.000 r  sysclk (IN)
                         net (fo=0)                   0.000     0.000    sysclk
    H16                  IBUF (Prop_ibuf_I_O)         1.451     1.451 r  sysclk_IBUF_inst/O
                         net (fo=1, routed)           2.522     3.973    sysclk_IBUF
    BUFGCTRL_X0Y17       BUFG (Prop_bufg_I_O)         0.101     4.074 r  bufg_sysclk/O
                         net (fo=852, routed)         1.868     5.942    u_core/u_clk/sysclk_g
    SLICE_X110Y21        FDRE                                         r  u_core/u_clk/div_m1_reg[3]/C
  -------------------------------------------------------------------    -------------------
    SLICE_X110Y21        FDRE (Prop_fdre_C_Q)         0.419     6.361 f  u_core/u_clk/div_m1_reg[3]/Q
                         net (fo=49, routed)          0.854     7.214    u_core/u_clk/div_m1[3]
    SLICE_X110Y22        LUT5 (Prop_lut5_I0_O)        0.327     7.541 r  u_core/u_clk/last__15_carry_i_1/O
                         net (fo=1, routed)           0.339     7.881    u_core/u_clk/last__15_carry_i_1_n_0
    SLICE_X110Y23        CARRY4 (Prop_carry4_CYINIT_CO[3])
                                                      0.782     8.663 r  u_core/u_clk/last__15_carry/CO[3]
                         net (fo=1, routed)           0.000     8.663    u_core/u_clk/last__15_carry_n_0
    SLICE_X110Y24        CARRY4 (Prop_carry4_CI_CO[3])
                                                      0.114     8.777 r  u_core/u_clk/last__15_carry__0/CO[3]
                         net (fo=1, routed)           0.009     8.786    u_core/u_clk/last__15_carry__0_n_0
    SLICE_X110Y25        CARRY4 (Prop_carry4_CI_CO[3])
                                                      0.114     8.900 r  u_core/u_clk/last__15_carry__1/CO[3]
                         net (fo=1, routed)           0.000     8.900    u_core/u_clk/last__15_carry__1_n_0
    SLICE_X110Y26        CARRY4 (Prop_carry4_CI_CO[3])
                                                      0.114     9.014 r  u_core/u_clk/last__15_carry__2/CO[3]
                         net (fo=1, routed)           0.000     9.014    u_core/u_clk/last__15_carry__2_n_0
    SLICE_X110Y27        CARRY4 (Prop_carry4_CI_CO[3])
                                                      0.114     9.128 r  u_core/u_clk/last__15_carry__3/CO[3]
                         net (fo=1, routed)           0.000     9.128    u_core/u_clk/last__15_carry__3_n_0
    SLICE_X110Y28        CARRY4 (Prop_carry4_CI_O[0])
                                                      0.222     9.350 r  u_core/u_clk/last__15_carry__4/O[0]
                         net (fo=2, routed)           0.765    10.115    u_core/u_clk/last__60[29]
    SLICE_X111Y26        LUT4 (Prop_lut4_I0_O)        0.299    10.414 r  u_core/u_clk/cnt0__0_carry__2_i_5/O
                         net (fo=1, routed)           0.000    10.414    u_core/u_clk/cnt0__0_carry__2_i_5_n_0
    SLICE_X111Y26        CARRY4 (Prop_carry4_S[1]_CO[2])
                                                      0.570    10.984 r  u_core/u_clk/cnt0__0_carry__2/CO[2]
                         net (fo=3, routed)           0.435    11.419    u_core/u_clk/cnt0__0_carry__2_n_1
    SLICE_X111Y27        LUT2 (Prop_lut2_I0_O)        0.313    11.732 r  u_core/u_clk/cnt[0]_i_1__0/O
                         net (fo=32, routed)          0.748    12.480    u_core/u_clk/cnt[0]_i_1__0_n_0
    SLICE_X112Y22        FDRE                                         r  u_core/u_clk/cnt_reg[4]/R
  -------------------------------------------------------------------    -------------------

                         (clock sysclk rise edge)     8.000     8.000 r  
    H16                                               0.000     8.000 r  sysclk (IN)
                         net (fo=0)                   0.000     8.000    sysclk
    H16                  IBUF (Prop_ibuf_I_O)         1.380     9.380 r  sysclk_IBUF_inst/O
                         net (fo=1, routed)           2.293    11.673    sysclk_IBUF
    BUFGCTRL_X0Y17       BUFG (Prop_bufg_I_O)         0.091    11.764 r  bufg_sysclk/O
                         net (fo=852, routed)         1.688    13.453    u_core/u_clk/sysclk_g
    SLICE_X112Y22        FDRE                                         r  u_core/u_clk/cnt_reg[4]/C
                         clock pessimism              0.464    13.917    
                         clock uncertainty           -0.035    13.881    
    SLICE_X112Y22        FDRE (Setup_fdre_C_R)       -0.524    13.357    u_core/u_clk/cnt_reg[4]
  -------------------------------------------------------------------
                         required time                         13.357    
                         arrival time                         -12.480    
  -------------------------------------------------------------------
                         slack                                  0.877    





Min Delay Paths
--------------------------------------------------------------------------------------
Slack (MET) :             0.066ns  (arrival time - required time)
  Source:                 u_core/u_bram_jtag/ptr_reg[2]/C
                            (rising edge-triggered cell FDRE clocked by sysclk  {rise@0.000ns fall@4.000ns period=8.000ns})
  Destination:            u_core/u_bram_jtag/init_addr_reg[2]/D
                            (rising edge-triggered cell FDRE clocked by sysclk  {rise@0.000ns fall@4.000ns period=8.000ns})
  Path Group:             sysclk
  Path Type:              Hold (Min at Fast Process Corner)
  Requirement:            0.000ns  (sysclk rise@0.000ns - sysclk rise@0.000ns)
  Data Path Delay:        0.401ns  (logic 0.141ns (35.157%)  route 0.260ns (64.843%))
  Logic Levels:           0  
  Clock Path Skew:        0.259ns (DCD - SCD - CPR)
    Destination Clock Delay (DCD):    2.168ns
    Source Clock Delay      (SCD):    1.648ns
    Clock Pessimism Removal (CPR):    0.261ns
  Timing Exception:       MultiCycle Path   Setup -end   1    Hold  -start 0

    Location             Delay type                Incr(ns)  Path(ns)    Netlist Resource(s)
  -------------------------------------------------------------------    -------------------
                         (clock sysclk rise edge)     0.000     0.000 r  
    H16                                               0.000     0.000 r  sysclk (IN)
                         net (fo=0)                   0.000     0.000    sysclk
    H16                  IBUF (Prop_ibuf_I_O)         0.219     0.219 r  sysclk_IBUF_inst/O
                         net (fo=1, routed)           0.842     1.060    sysclk_IBUF
    BUFGCTRL_X0Y17       BUFG (Prop_bufg_I_O)         0.026     1.086 r  bufg_sysclk/O
                         net (fo=852, routed)         0.562     1.648    u_core/u_bram_jtag/sysclk_g
    SLICE_X40Y3          FDRE                                         r  u_core/u_bram_jtag/ptr_reg[2]/C
  -------------------------------------------------------------------    -------------------
    SLICE_X40Y3          FDRE (Prop_fdre_C_Q)         0.141     1.789 r  u_core/u_bram_jtag/ptr_reg[2]/Q
                         net (fo=7, routed)           0.260     2.049    u_core/u_bram_jtag/p_1_in[20]
    SLICE_X50Y2          FDRE                                         r  u_core/u_bram_jtag/init_addr_reg[2]/D
  -------------------------------------------------------------------    -------------------

                         (clock sysclk rise edge)     0.000     0.000 r  
    H16                                               0.000     0.000 r  sysclk (IN)
                         net (fo=0)                   0.000     0.000    sysclk
    H16                  IBUF (Prop_ibuf_I_O)         0.406     0.406 r  sysclk_IBUF_inst/O
                         net (fo=1, routed)           0.907     1.313    sysclk_IBUF
    BUFGCTRL_X0Y17       BUFG (Prop_bufg_I_O)         0.029     1.342 r  bufg_sysclk/O
                         net (fo=852, routed)         0.826     2.168    u_core/u_bram_jtag/sysclk_g
    SLICE_X50Y2          FDRE                                         r  u_core/u_bram_jtag/init_addr_reg[2]/C
                         clock pessimism             -0.261     1.907    
    SLICE_X50Y2          FDRE (Hold_fdre_C_D)         0.076     1.983    u_core/u_bram_jtag/init_addr_reg[2]
  -------------------------------------------------------------------
                         required time                         -1.983    
                         arrival time                           2.049    
  -------------------------------------------------------------------
                         slack                                  0.066    





Pulse Width Checks
--------------------------------------------------------------------------------------
Clock Name:         sysclk
Waveform(ns):       { 0.000 4.000 }
Period(ns):         8.000
Sources:            { sysclk }

Check Type        Corner  Lib Pin             Reference Pin  Required(ns)  Actual(ns)  Slack(ns)  Location     Pin
Min Period        n/a     RAMB18E1/CLKARDCLK  n/a            2.944         8.000       5.056      RAMB18_X3Y0  u_core/u_fabric/u_bram0/u_core/mem_reg/CLKARDCLK
Low Pulse Width   Slow    FDRE/C              n/a            0.500         4.000       3.500      SLICE_X49Y1  hold_qb_reg[0]_i_4/C
High Pulse Width  Slow    FDRE/C              n/a            0.500         4.000       3.500      SLICE_X49Y1  hold_qb_reg[0]_i_4/C



---------------------------------------------------------------------------------------------------
From Clock:  tck
  To Clock:  tck

Setup :            0  Failing Endpoints,  Worst Slack     3723.005ns,  Total Violation        0.000ns
Hold  :            0  Failing Endpoints,  Worst Slack        0.030ns,  Total Violation        0.000ns
PW    :            0  Failing Endpoints,  Worst Slack     4999.020ns,  Total Violation        0.000ns
---------------------------------------------------------------------------------------------------


Max Delay Paths
--------------------------------------------------------------------------------------
Slack (MET) :             3723.005ns  (required time - arrival time)
  Source:                 u_core/u_tap/ir_reg[1]/C
                            (falling edge-triggered cell FDRE clocked by tck  {rise@0.000ns fall@5000.000ns period=10000.000ns})
  Destination:            u_core/u_dsp_jtag/sr_reg[73]/D
                            (rising edge-triggered cell FDRE clocked by tck  {rise@0.000ns fall@5000.000ns period=10000.000ns})
  Path Group:             tck
  Path Type:              Setup (Max at Slow Process Corner)
  Requirement:            5000.000ns  (tck rise@10000.000ns - tck fall@5000.000ns)
  Data Path Delay:        1276.558ns  (logic 409.758ns (32.099%)  route 866.678ns (67.892%))
  Logic Levels:           1358  (CARRY4=124 DSP48E1=42 LUT1=1 LUT2=13 LUT3=200 LUT4=68 LUT5=372 LUT6=445 MUXF7=79 MUXF8=14)
  Clock Path Skew:        -0.127ns (DCD - SCD + CPR)
    Destination Clock Delay (DCD):    5.086ns = ( 10005.086 - 10000.000 ) 
    Source Clock Delay      (SCD):    5.607ns = ( 5005.607 - 5000.000 ) 
    Clock Pessimism Removal (CPR):    0.394ns
  Clock Uncertainty:      0.035ns  ((TSJ^2 + TIJ^2)^1/2 + DJ) / 2 + PE
    Total System Jitter     (TSJ):    0.071ns
    Total Input Jitter      (TIJ):    0.000ns
    Discrete Jitter          (DJ):    0.000ns
    Phase Error              (PE):    0.000ns

    Location             Delay type                Incr(ns)  Path(ns)    Netlist Resource(s)
  -------------------------------------------------------------------    -------------------
                         (clock tck fall edge)     5000.000  5000.000 f  
    U18                                               0.000  5000.000 f  tck (IN)
                         net (fo=0)                   0.000  5000.000    tck
    U18                  IBUF (Prop_ibuf_I_O)         1.498  5001.499 f  tck_IBUF_inst/O
                         net (fo=1, routed)           2.205  5003.704    tck_IBUF
    BUFGCTRL_X0Y16       BUFG (Prop_bufg_I_O)         0.101  5003.805 f  bufg_tck/O
                         net (fo=11442, routed)       1.803  5005.608    u_core/u_tap/tck_g
    SLICE_X104Y45        FDRE                                         r  u_core/u_tap/ir_reg[1]/C  (IS_INVERTED)
  -------------------------------------------------------------------    -------------------
    SLICE_X104Y45        FDRE (Prop_fdre_C_Q)         0.524  5006.132 r  u_core/u_tap/ir_reg[1]/Q
                         net (fo=18, routed)          1.640  5007.772    u_core/u_tap/ir_reg_n_0_[1]
    SLICE_X103Y39        LUT6 (Prop_lut6_I3_O)        0.124  5007.896 r  u_core/u_tap/led_OBUF[2]_inst_i_3/O
                         net (fo=40, routed)          1.197  5009.093    u_core/u_tap/bsr_mode
    SLICE_X101Y46        LUT3 (Prop_lut3_I0_O)        0.154  5009.247 r  u_core/u_tap/q_i_27__8/O
                         net (fo=3, routed)           2.146  5011.393    u_core/u_store/fab_pad_in[6]
    SLICE_X103Y13        LUT6 (Prop_lut6_I5_O)        0.327  5011.720 r  u_core/u_store/mem_reg_i_488/O
                         net (fo=1, routed)           0.800  5012.520    u_core/u_store/mem_reg_i_488_n_0
    SLICE_X103Y11        LUT6 (Prop_lut6_I2_O)        0.124  5012.644 r  u_core/u_store/mem_reg_i_435__0/O
                         net (fo=3, routed)           1.467  5014.111    u_core/u_store/u_fabric/r2164
    SLICE_X84Y11         LUT6 (Prop_lut6_I3_O)        0.124  5014.235 r  u_core/u_store/mem_reg_i_344__0/O
                         net (fo=1, routed)           1.088  5015.323    u_core/u_store/mem_reg_i_344__0_n_0
    SLICE_X79Y11         LUT5 (Prop_lut5_I2_O)        0.124  5015.447 r  u_core/u_store/mem_reg_i_231__0/O
                         net (fo=14, routed)          1.592  5017.039    u_core/u_store/u_fabric/r2355
    SLICE_X86Y18         LUT6 (Prop_lut6_I5_O)        0.124  5017.163 r  u_core/u_store/q_i_17__11/O
                         net (fo=1, routed)           0.436  5017.599    u_core/u_store/q_i_17__11_n_0
    SLICE_X83Y18         LUT5 (Prop_lut5_I2_O)        0.124  5017.723 r  u_core/u_store/q_i_9__7/O
                         net (fo=8, routed)           1.937  5019.660    u_core/u_store/u_fabric/r2093
    SLICE_X107Y17        LUT5 (Prop_lut5_I4_O)        0.124  5019.784 r  u_core/u_store/user_dr[4]_i_62/O
                         net (fo=1, routed)           0.820  5020.604    u_core/u_store/user_dr[4]_i_62_n_0
    SLICE_X107Y22        LUT6 (Prop_lut6_I5_O)        0.124  5020.729 r  u_core/u_store/user_dr[4]_i_52/O
                         net (fo=1, routed)           0.000  5020.729    u_core/u_store/user_dr[4]_i_52_n_0
    SLICE_X107Y22        MUXF7 (Prop_muxf7_I0_O)      0.212  5020.940 r  u_core/u_store/user_dr_reg[4]_i_29/O
                         net (fo=7, routed)           1.835  5022.776    u_core/u_store/u_fabric/r2311
    SLICE_X111Y11        LUT4 (Prop_lut4_I3_O)        0.299  5023.075 r  u_core/u_store/user_dr[8]_i_31/O
                         net (fo=1, routed)           0.670  5023.745    u_core/u_store/user_dr[8]_i_31_n_0
    SLICE_X111Y11        LUT6 (Prop_lut6_I5_O)        0.124  5023.869 r  u_core/u_store/user_dr[8]_i_12/O
                         net (fo=5, routed)           0.641  5024.510    u_core/u_store/u_fabric/r898
    SLICE_X109Y18        LUT5 (Prop_lut5_I3_O)        0.124  5024.634 r  u_core/u_store/user_dr[8]_i_8/O
                         net (fo=1, routed)           0.553  5025.188    u_core/u_store/u_fabric/u_clb_x1y2/t_125
    SLICE_X107Y20        LUT4 (Prop_lut4_I3_O)        0.124  5025.312 r  u_core/u_store/user_dr[8]_i_3/O
                         net (fo=1, routed)           0.645  5025.957    u_core/u_store/u_fabric/u_clb_x1y2/cy_sum
    SLICE_X107Y20        LUT5 (Prop_lut5_I0_O)        0.124  5026.081 r  u_core/u_store/user_dr[8]_i_2/O
                         net (fo=5, routed)           1.102  5027.183    u_core/u_store/u_fabric/u_clb_x1y2/comb
    SLICE_X97Y15         LUT6 (Prop_lut6_I3_O)        0.124  5027.307 r  u_core/u_store/mem_reg_i_368__0/O
                         net (fo=2, routed)           0.154  5027.461    u_core/u_store/mem_reg_i_368__0_n_0
    SLICE_X97Y15         LUT5 (Prop_lut5_I4_O)        0.124  5027.585 r  u_core/u_store/mem_reg_i_311__0/O
                         net (fo=11, routed)          0.964  5028.548    u_core/u_store/u_fabric/r2324
    SLICE_X93Y5          LUT5 (Prop_lut5_I4_O)        0.124  5028.672 r  u_core/u_store/q_i_22__1/O
                         net (fo=1, routed)           0.548  5029.221    u_core/u_store/q_i_22__1_n_0
    SLICE_X93Y9          LUT6 (Prop_lut6_I0_O)        0.124  5029.345 r  u_core/u_store/q_i_17__5/O
                         net (fo=16, routed)          1.940  5031.285    u_core/u_store/u_fabric/r2116
    SLICE_X53Y25         LUT6 (Prop_lut6_I5_O)        0.124  5031.409 r  u_core/u_store/c_q[39]_i_22/O
                         net (fo=1, routed)           0.488  5031.897    u_core/u_store/c_q[39]_i_22_n_0
    SLICE_X52Y25         LUT3 (Prop_lut3_I0_O)        0.124  5032.021 r  u_core/u_store/c_q[39]_i_14/O
                         net (fo=1, routed)           0.000  5032.021    u_core/u_store/c_q[39]_i_14_n_0
    SLICE_X52Y25         MUXF7 (Prop_muxf7_I0_O)      0.212  5032.233 r  u_core/u_store/c_q_reg[39]_i_9/O
                         net (fo=8, routed)           0.483  5032.715    u_core/u_store/u_fabric/r2437
    SLICE_X51Y24         LUT6 (Prop_lut6_I5_O)        0.299  5033.014 r  u_core/u_store/q_i_17__1/O
                         net (fo=4, routed)           0.757  5033.771    u_core/u_store/u_fabric/r950
    SLICE_X57Y18         LUT6 (Prop_lut6_I4_O)        0.124  5033.896 r  u_core/u_store/d_q[22]_i_7__0/O
                         net (fo=1, routed)           0.403  5034.299    u_core/u_store/d_q[22]_i_7__0_n_0
    SLICE_X57Y18         LUT5 (Prop_lut5_I4_O)        0.124  5034.423 r  u_core/u_store/d_q[22]_i_3__0/O
                         net (fo=17, routed)          1.347  5035.770    u_core/u_store/r2126
    SLICE_X64Y44         LUT6 (Prop_lut6_I5_O)        0.124  5035.894 r  u_core/u_store/d_q[22]_i_1/O
                         net (fo=3, routed)           0.737  5036.631    u_core/u_store/drive_reg[115][22]
    SLICE_X58Y44         LUT3 (Prop_lut3_I2_O)        0.117  5036.749 r  u_core/u_store/i__carry__4_i_2__0/O
                         net (fo=1, routed)           0.000  5036.749    u_core/u_fabric/u_dsp0/u_core/d_v[22]
    SLICE_X58Y44         CARRY4 (Prop_carry4_DI[2]_O[3])
                                                      0.395  5037.144 r  u_core/u_fabric/u_dsp0/u_core/__5/i__carry__4/O[3]
                         net (fo=1, routed)           0.402  5037.545    u_core/u_store/m_c_12[3]
    SLICE_X57Y44         LUT5 (Prop_lut5_I0_O)        0.307  5037.853 r  u_core/u_store/m_c_i_20/O
                         net (fo=1, routed)           1.195  5039.047    u_core/u_fabric/u_dsp0/u_core/A[23]
    DSP48_X2Y16          DSP48E1 (Prop_dsp48e1_A[23]_P[0])
                                                      3.841  5042.888 r  u_core/u_fabric/u_dsp0/u_core/m_c/P[0]
                         net (fo=3, routed)           1.839  5044.727    u_core/u_fabric/u_dsp0/u_core/m_c__0[0]
    SLICE_X61Y34         LUT3 (Prop_lut3_I2_O)        0.150  5044.877 r  u_core/u_fabric/u_dsp0/u_core/i__carry_i_4/O
                         net (fo=1, routed)           0.000  5044.877    u_core/u_fabric/u_dsp0/u_core/m_x[0]
    SLICE_X61Y34         CARRY4 (Prop_carry4_DI[0]_O[3])
                                                      0.572  5045.449 r  u_core/u_fabric/u_dsp0/u_core/__10/i__carry/O[3]
                         net (fo=3, routed)           0.581  5046.030    u_core/u_fabric/u_dsp0/u_core/__10/i__carry_n_4
    SLICE_X63Y35         LUT3 (Prop_lut3_I2_O)        0.306  5046.336 r  u_core/u_fabric/u_dsp0/u_core/c_q[18]_i_11/O
                         net (fo=2, routed)           0.595  5046.931    u_core/u_fabric/u_dsp0/u_core/dsp_p[3]
    SLICE_X71Y34         LUT5 (Prop_lut5_I4_O)        0.124  5047.055 r  u_core/u_fabric/u_dsp0/u_core/c_q[35]_i_8/O
                         net (fo=1, routed)           0.000  5047.055    u_core/u_store/c_q[35]_i_4_0
    SLICE_X71Y34         MUXF7 (Prop_muxf7_I0_O)      0.212  5047.267 r  u_core/u_store/c_q_reg[35]_i_7/O
                         net (fo=1, routed)           0.433  5047.700    u_core/u_store/c_q_reg[35]_i_7_n_0
    SLICE_X71Y34         LUT5 (Prop_lut5_I4_O)        0.299  5047.999 r  u_core/u_store/c_q[35]_i_4/O
                         net (fo=10, routed)          0.743  5048.743    u_core/u_store/u_fabric/r2471
    SLICE_X74Y23         LUT6 (Prop_lut6_I5_O)        0.124  5048.867 r  u_core/u_store/din_qa[17]_i_11/O
                         net (fo=1, routed)           0.000  5048.867    u_core/u_store/din_qa[17]_i_11_n_0
    SLICE_X74Y23         MUXF7 (Prop_muxf7_I1_O)      0.217  5049.083 r  u_core/u_store/din_qa_reg[17]_i_7/O
                         net (fo=9, routed)           0.888  5049.972    u_core/u_store/u_fabric/r2005
    SLICE_X70Y19         LUT6 (Prop_lut6_I5_O)        0.299  5050.271 r  u_core/u_store/q_i_43__0/O
                         net (fo=1, routed)           0.000  5050.271    u_core/u_store/q_i_43__0_n_0
    SLICE_X70Y19         MUXF7 (Prop_muxf7_I1_O)      0.217  5050.488 r  u_core/u_store/q_reg_i_23__0/O
                         net (fo=2, routed)           0.445  5050.932    u_core/u_store/q_reg_i_23__0_n_0
    SLICE_X70Y18         LUT6 (Prop_lut6_I5_O)        0.299  5051.231 r  u_core/u_store/q_i_10__9/O
                         net (fo=14, routed)          0.756  5051.986    u_core/u_store/u_fabric/r1983
    SLICE_X75Y12         LUT6 (Prop_lut6_I5_O)        0.124  5052.110 r  u_core/u_store/mem_reg_i_334/O
                         net (fo=1, routed)           0.000  5052.110    u_core/u_store/mem_reg_i_334_n_0
    SLICE_X75Y12         MUXF7 (Prop_muxf7_I1_O)      0.217  5052.327 r  u_core/u_store/mem_reg_i_222__0/O
                         net (fo=1, routed)           0.436  5052.764    u_core/u_store/mem_reg_i_222__0_n_0
    SLICE_X75Y12         LUT6 (Prop_lut6_I5_O)        0.299  5053.062 r  u_core/u_store/mem_reg_i_120__0/O
                         net (fo=7, routed)           1.128  5054.190    u_core/u_store/u_fabric/r1981
    SLICE_X96Y11         LUT6 (Prop_lut6_I5_O)        0.124  5054.314 r  u_core/u_store/capture_reg_i_8__2/O
                         net (fo=2, routed)           0.816  5055.130    u_core/u_store/u_fabric/r1985
    SLICE_X99Y22         LUT5 (Prop_lut5_I2_O)        0.124  5055.254 r  u_core/u_store/din_qa[15]_i_11/O
                         net (fo=6, routed)           1.176  5056.431    u_core/u_store/u_fabric/r2050
    SLICE_X84Y12         LUT6 (Prop_lut6_I3_O)        0.124  5056.555 r  u_core/u_store/din_qa[15]_i_5/O
                         net (fo=1, routed)           0.485  5057.040    u_core/u_store/din_qa[15]_i_5_n_0
    SLICE_X82Y12         LUT5 (Prop_lut5_I2_O)        0.124  5057.164 r  u_core/u_store/din_qa[15]_i_2/O
                         net (fo=14, routed)          0.739  5057.903    u_core/u_store/u_fabric/r2368
    SLICE_X90Y13         LUT4 (Prop_lut4_I3_O)        0.124  5058.027 r  u_core/u_store/q_i_9__3/O
                         net (fo=6, routed)           0.889  5058.917    u_core/u_store/u_fabric/r2157
    SLICE_X94Y4          LUT6 (Prop_lut6_I3_O)        0.124  5059.041 r  u_core/u_store/q_i_43/O
                         net (fo=1, routed)           0.616  5059.656    u_core/u_store/q_i_43_n_0
    SLICE_X91Y3          LUT5 (Prop_lut5_I2_O)        0.124  5059.780 r  u_core/u_store/q_i_33__0/O
                         net (fo=13, routed)          1.096  5060.876    u_core/u_store/u_fabric/r2305
    SLICE_X89Y17         LUT4 (Prop_lut4_I3_O)        0.124  5061.000 r  u_core/u_store/user_dr[17]_i_30/O
                         net (fo=1, routed)           0.263  5061.263    u_core/u_store/user_dr[17]_i_30_n_0
    SLICE_X89Y17         LUT6 (Prop_lut6_I5_O)        0.124  5061.387 r  u_core/u_store/user_dr[17]_i_17/O
                         net (fo=17, routed)          0.601  5061.988    u_core/u_store/u_fabric/r1040
    SLICE_X91Y16         LUT6 (Prop_lut6_I4_O)        0.124  5062.112 r  u_core/u_store/user_dr[13]_i_85/O
                         net (fo=1, routed)           0.000  5062.112    u_core/u_store/u_fabric/u_clb_x2y3/t_99
    SLICE_X91Y16         MUXF7 (Prop_muxf7_I1_O)      0.217  5062.329 r  u_core/u_store/user_dr_reg[13]_i_63/O
                         net (fo=1, routed)           0.000  5062.329    u_core/u_store/u_fabric/u_clb_x2y3/t_113
    SLICE_X91Y16         MUXF8 (Prop_muxf8_I1_O)      0.094  5062.423 r  u_core/u_store/user_dr_reg[13]_i_28/O
                         net (fo=2, routed)           0.766  5063.189    u_core/u_store/u_fabric/u_clb_x2y3/t_120
    SLICE_X84Y13         LUT6 (Prop_lut6_I3_O)        0.316  5063.505 r  u_core/u_store/q_i_14__7/O
                         net (fo=1, routed)           0.496  5064.001    u_core/u_store/q_i_14__7_n_0
    SLICE_X81Y14         LUT5 (Prop_lut5_I4_O)        0.124  5064.125 r  u_core/u_store/q_i_10__7/O
                         net (fo=3, routed)           0.277  5064.402    u_core/u_store/u_fabric/r2168
    SLICE_X81Y14         LUT6 (Prop_lut6_I4_O)        0.124  5064.526 r  u_core/u_store/mem_reg_i_260/O
                         net (fo=1, routed)           0.600  5065.126    u_core/u_store/mem_reg_i_260_n_0
    SLICE_X77Y16         LUT5 (Prop_lut5_I2_O)        0.124  5065.250 r  u_core/u_store/mem_reg_i_160__0/O
                         net (fo=13, routed)          1.189  5066.439    u_core/u_store/u_fabric/r2363
    SLICE_X67Y2          LUT5 (Prop_lut5_I4_O)        0.124  5066.563 r  u_core/u_store/mem_reg_i_270__0/O
                         net (fo=1, routed)           0.151  5066.715    u_core/u_store/mem_reg_i_270__0_n_0
    SLICE_X67Y2          LUT5 (Prop_lut5_I0_O)        0.124  5066.839 r  u_core/u_store/mem_reg_i_166/O
                         net (fo=12, routed)          1.500  5068.339    u_core/u_store/u_fabric/r2010
    SLICE_X59Y32         LUT6 (Prop_lut6_I5_O)        0.124  5068.463 r  u_core/u_store/d_q[15]_i_2/O
                         net (fo=1, routed)           1.027  5069.490    u_core/u_store/u_fabric/r737
    SLICE_X59Y44         LUT3 (Prop_lut3_I2_O)        0.124  5069.614 r  u_core/u_store/d_q[15]_i_1/O
                         net (fo=3, routed)           0.624  5070.238    u_core/u_store/drive_reg[115][15]
    SLICE_X58Y42         LUT5 (Prop_lut5_I2_O)        0.124  5070.362 r  u_core/u_store/i__carry__2_i_5__1/O
                         net (fo=1, routed)           0.000  5070.362    u_core/u_fabric/u_dsp0/u_core/m_c_3[3]
    SLICE_X58Y42         CARRY4 (Prop_carry4_S[3]_O[3])
                                                      0.255  5070.617 r  u_core/u_fabric/u_dsp0/u_core/__5/i__carry__2/O[3]
                         net (fo=1, routed)           0.416  5071.033    u_core/u_store/m_c_9[3]
    SLICE_X57Y43         LUT3 (Prop_lut3_I0_O)        0.307  5071.340 r  u_core/u_store/m_c_i_28/O
                         net (fo=1, routed)           1.250  5072.590    u_core/u_fabric/u_dsp0/u_core/A[15]
    DSP48_X2Y16          DSP48E1 (Prop_dsp48e1_A[15]_P[1])
                                                      3.841  5076.431 r  u_core/u_fabric/u_dsp0/u_core/m_c/P[1]
                         net (fo=3, routed)           2.115  5078.546    u_core/u_fabric/u_dsp0/u_core/m_c__0[1]
    SLICE_X61Y34         LUT3 (Prop_lut3_I2_O)        0.152  5078.698 r  u_core/u_fabric/u_dsp0/u_core/i__carry_i_3/O
                         net (fo=1, routed)           0.000  5078.698    u_core/u_fabric/u_dsp0/u_core/m_x[1]
    SLICE_X61Y34         CARRY4 (Prop_carry4_DI[1]_O[2])
                                                      0.498  5079.196 r  u_core/u_fabric/u_dsp0/u_core/__10/i__carry/O[2]
                         net (fo=3, routed)           0.659  5079.855    u_core/u_fabric/u_dsp0/u_core/__10/i__carry_n_5
    SLICE_X64Y34         LUT3 (Prop_lut3_I2_O)        0.302  5080.157 r  u_core/u_fabric/u_dsp0/u_core/c_q[42]_i_4/O
                         net (fo=3, routed)           0.635  5080.792    u_core/u_fabric/u_dsp0/u_core/p_q_reg[46]_0[2]
    SLICE_X74Y32         LUT5 (Prop_lut5_I4_O)        0.124  5080.916 r  u_core/u_fabric/u_dsp0/u_core/c_q[29]_i_8/O
                         net (fo=1, routed)           0.000  5080.916    u_core/u_store/c_q[29]_i_3__0_0
    SLICE_X74Y32         MUXF7 (Prop_muxf7_I0_O)      0.212  5081.127 r  u_core/u_store/c_q_reg[29]_i_7/O
                         net (fo=2, routed)           0.608  5081.735    u_core/u_store/c_q_reg[29]_i_7_n_0
    SLICE_X81Y31         LUT6 (Prop_lut6_I5_O)        0.299  5082.034 r  u_core/u_store/c_q[29]_i_3__0/O
                         net (fo=6, routed)           0.602  5082.636    u_core/u_store/u_fabric/r2469
    SLICE_X84Y27         LUT6 (Prop_lut6_I3_O)        0.124  5082.760 r  u_core/u_store/mem_reg_i_387/O
                         net (fo=1, routed)           0.000  5082.760    u_core/u_store/mem_reg_i_387_n_0
    SLICE_X84Y27         MUXF7 (Prop_muxf7_I1_O)      0.217  5082.977 r  u_core/u_store/mem_reg_i_277/O
                         net (fo=1, routed)           0.436  5083.414    u_core/u_store/mem_reg_i_277_n_0
    SLICE_X84Y27         LUT6 (Prop_lut6_I5_O)        0.299  5083.712 r  u_core/u_store/mem_reg_i_168/O
                         net (fo=11, routed)          1.398  5085.110    u_core/u_store/u_fabric/r2001
    SLICE_X88Y8          LUT5 (Prop_lut5_I4_O)        0.124  5085.234 r  u_core/u_store/capture_reg_i_8__1/O
                         net (fo=1, routed)           0.000  5085.234    u_core/u_store/capture_reg_i_8__1_n_0
    SLICE_X88Y8          MUXF7 (Prop_muxf7_I0_O)      0.212  5085.446 r  u_core/u_store/capture_reg_reg_i_6/O
                         net (fo=3, routed)           1.316  5086.762    u_core/u_store/u_fabric/r1995
    SLICE_X101Y19        LUT6 (Prop_lut6_I5_O)        0.299  5087.061 r  u_core/u_store/q_i_14__1/O
                         net (fo=1, routed)           0.000  5087.061    u_core/u_store/q_i_14__1_n_0
    SLICE_X101Y19        MUXF7 (Prop_muxf7_I1_O)      0.217  5087.277 r  u_core/u_store/q_reg_i_12__0/O
                         net (fo=1, routed)           0.433  5087.711    u_core/u_store/q_reg_i_12__0_n_0
    SLICE_X101Y19        LUT6 (Prop_lut6_I5_O)        0.299  5088.010 r  u_core/u_store/q_i_10__6/O
                         net (fo=2, routed)           0.937  5088.947    u_core/u_store/u_fabric/r1977
    SLICE_X98Y11         LUT6 (Prop_lut6_I1_O)        0.124  5089.071 r  u_core/u_store/mem_reg_i_272__0/O
                         net (fo=5, routed)           0.745  5089.816    u_core/u_store/u_fabric/r2046
    SLICE_X93Y12         LUT6 (Prop_lut6_I5_O)        0.124  5089.940 r  u_core/u_store/q_i_18__0/O
                         net (fo=1, routed)           0.301  5090.241    u_core/u_store/q_i_18__0_n_0
    SLICE_X93Y11         LUT6 (Prop_lut6_I0_O)        0.124  5090.365 r  u_core/u_store/q_i_14__5/O
                         net (fo=2, routed)           0.433  5090.798    u_core/u_store/q_i_14__5_n_0
    SLICE_X93Y11         LUT5 (Prop_lut5_I4_O)        0.124  5090.922 r  u_core/u_store/a_q[22]_i_11__0/O
                         net (fo=1, routed)           0.880  5091.802    u_core/u_store/a_q[22]_i_11__0_n_0
    SLICE_X79Y12         LUT5 (Prop_lut5_I0_O)        0.124  5091.926 r  u_core/u_store/a_q[22]_i_8__0/O
                         net (fo=1, routed)           0.292  5092.219    u_core/u_store/a_q[22]_i_8__0_n_0
    SLICE_X79Y13         LUT5 (Prop_lut5_I2_O)        0.124  5092.343 r  u_core/u_store/a_q[22]_i_4/O
                         net (fo=2, routed)           0.000  5092.343    u_core/u_store/a_q[22]_i_4_n_0
    SLICE_X79Y13         MUXF7 (Prop_muxf7_I0_O)      0.212  5092.555 r  u_core/u_store/a_q_reg[21]_i_10/O
                         net (fo=1, routed)           0.436  5092.991    u_core/u_store/a_q_reg[21]_i_10_n_0
    SLICE_X79Y13         LUT5 (Prop_lut5_I4_O)        0.299  5093.290 r  u_core/u_store/a_q[21]_i_4/O
                         net (fo=2, routed)           1.229  5094.519    u_core/u_store/u_fabric/r2528
    SLICE_X80Y42         LUT6 (Prop_lut6_I4_O)        0.124  5094.643 r  u_core/u_store/c_q[47]_i_6/O
                         net (fo=2, routed)           0.729  5095.372    u_core/u_store/c_q[47]_i_6_n_0
    SLICE_X90Y43         LUT6 (Prop_lut6_I2_O)        0.124  5095.496 r  u_core/u_store/c_q[34]_i_6/O
                         net (fo=1, routed)           0.162  5095.658    u_core/u_store/c_q[34]_i_6_n_0
    SLICE_X90Y43         LUT6 (Prop_lut6_I2_O)        0.124  5095.782 r  u_core/u_store/c_q[34]_i_3__0/O
                         net (fo=7, routed)           1.694  5097.476    u_core/u_store/u_fabric/r2241
    SLICE_X59Y28         LUT5 (Prop_lut5_I4_O)        0.124  5097.600 r  u_core/u_store/mem_reg_i_257__0/O
                         net (fo=14, routed)          0.840  5098.439    u_core/u_store/u_fabric/r2449
    SLICE_X67Y23         LUT6 (Prop_lut6_I5_O)        0.124  5098.563 r  u_core/u_store/mem_reg_i_370__0/O
                         net (fo=1, routed)           0.456  5099.020    u_core/u_store/mem_reg_i_370__0_n_0
    SLICE_X61Y24         LUT6 (Prop_lut6_I2_O)        0.124  5099.144 r  u_core/u_store/mem_reg_i_254/O
                         net (fo=2, routed)           0.965  5100.109    u_core/u_store/u_fabric/r2069
    SLICE_X70Y13         LUT6 (Prop_lut6_I5_O)        0.124  5100.233 r  u_core/u_store/mem_reg_i_452__0/O
                         net (fo=1, routed)           0.000  5100.233    u_core/u_store/mem_reg_i_452__0_n_0
    SLICE_X70Y13         MUXF7 (Prop_muxf7_I1_O)      0.217  5100.450 r  u_core/u_store/mem_reg_i_373__0/O
                         net (fo=2, routed)           0.460  5100.910    u_core/u_store/mem_reg_i_373__0_n_0
    SLICE_X64Y13         LUT6 (Prop_lut6_I5_O)        0.299  5101.209 r  u_core/u_store/mem_reg_i_256/O
                         net (fo=6, routed)           0.600  5101.809    u_core/u_store/u_fabric/r2385
    SLICE_X61Y15         LUT6 (Prop_lut6_I5_O)        0.124  5101.933 r  u_core/u_store/d_q[21]_i_7/O
                         net (fo=1, routed)           0.000  5101.933    u_core/u_store/d_q[21]_i_7_n_0
    SLICE_X61Y15         MUXF7 (Prop_muxf7_I1_O)      0.217  5102.150 r  u_core/u_store/d_q_reg[21]_i_3/O
                         net (fo=17, routed)          2.168  5104.318    u_core/u_store/u_fabric/r2014
    SLICE_X57Y43         LUT6 (Prop_lut6_I5_O)        0.299  5104.617 r  u_core/u_store/d_q[21]_i_1/O
                         net (fo=3, routed)           0.573  5105.190    u_core/u_store/drive_reg[115][21]
    SLICE_X58Y44         LUT5 (Prop_lut5_I2_O)        0.124  5105.314 r  u_core/u_store/i__carry__4_i_7__2/O
                         net (fo=1, routed)           0.000  5105.314    u_core/u_fabric/u_dsp0/u_core/m_c_5[1]
    SLICE_X58Y44         CARRY4 (Prop_carry4_S[1]_O[2])
                                                      0.578  5105.892 r  u_core/u_fabric/u_dsp0/u_core/__5/i__carry__4/O[2]
                         net (fo=1, routed)           0.437  5106.329    u_core/u_store/m_c_12[2]
    SLICE_X57Y42         LUT5 (Prop_lut5_I0_O)        0.301  5106.629 r  u_core/u_store/m_c_i_21/O
                         net (fo=1, routed)           1.167  5107.796    u_core/u_fabric/u_dsp0/u_core/A[22]
    DSP48_X2Y16          DSP48E1 (Prop_dsp48e1_A[22]_P[2])
                                                      3.841  5111.637 r  u_core/u_fabric/u_dsp0/u_core/m_c/P[2]
                         net (fo=3, routed)           1.593  5113.230    u_core/u_fabric/u_dsp0/u_core/m_c__0[2]
    SLICE_X61Y34         LUT3 (Prop_lut3_I2_O)        0.120  5113.350 r  u_core/u_fabric/u_dsp0/u_core/i__carry_i_2/O
                         net (fo=1, routed)           0.000  5113.350    u_core/u_fabric/u_dsp0/u_core/m_x[2]
    SLICE_X61Y34         CARRY4 (Prop_carry4_DI[2]_CO[3])
                                                      0.353  5113.703 r  u_core/u_fabric/u_dsp0/u_core/__10/i__carry/CO[3]
                         net (fo=1, routed)           0.000  5113.703    u_core/u_fabric/u_dsp0/u_core/__10/i__carry_n_0
    SLICE_X61Y35         CARRY4 (Prop_carry4_CI_O[3])
                                                      0.329  5114.032 r  u_core/u_fabric/u_dsp0/u_core/__10/i__carry__0/O[3]
                         net (fo=3, routed)           0.565  5114.598    u_core/u_fabric/u_dsp0/u_core/__10/i__carry__0_n_4
    SLICE_X62Y36         LUT3 (Prop_lut3_I2_O)        0.306  5114.904 r  u_core/u_fabric/u_dsp0/u_core/c_q[40]_i_7/O
                         net (fo=3, routed)           0.661  5115.565    u_core/u_fabric/u_dsp0/u_core/p_q_reg[46]_0[5]
    SLICE_X71Y41         LUT5 (Prop_lut5_I4_O)        0.124  5115.689 r  u_core/u_fabric/u_dsp0/u_core/c_q[22]_i_12/O
                         net (fo=1, routed)           0.433  5116.122    u_core/u_store/c_q[22]_i_4__0_1
    SLICE_X71Y41         LUT5 (Prop_lut5_I4_O)        0.124  5116.246 r  u_core/u_store/c_q[22]_i_7/O
                         net (fo=1, routed)           0.443  5116.689    u_core/u_store/c_q[22]_i_7_n_0
    SLICE_X70Y43         LUT5 (Prop_lut5_I4_O)        0.124  5116.813 r  u_core/u_store/c_q[22]_i_4__0/O
                         net (fo=7, routed)           1.002  5117.816    u_core/u_store/u_fabric/r2138
    SLICE_X85Y37         LUT6 (Prop_lut6_I3_O)        0.124  5117.940 r  u_core/u_store/c_q[40]_i_7__0/O
                         net (fo=2, routed)           0.615  5118.555    u_core/u_store/c_q[40]_i_7__0_n_0
    SLICE_X83Y34         LUT6 (Prop_lut6_I2_O)        0.124  5118.679 r  u_core/u_store/user_dr[18]_i_60/O
                         net (fo=1, routed)           0.839  5119.518    u_core/u_store/user_dr[18]_i_60_n_0
    SLICE_X77Y28         LUT6 (Prop_lut6_I4_O)        0.124  5119.642 r  u_core/u_store/user_dr[18]_i_31/O
                         net (fo=2, routed)           0.989  5120.631    u_core/u_store/u_fabric/r2461
    SLICE_X54Y25         LUT6 (Prop_lut6_I4_O)        0.124  5120.755 r  u_core/u_store/q_i_59__0/O
                         net (fo=1, routed)           0.591  5121.347    u_core/u_store/q_i_59__0_n_0
    SLICE_X55Y25         LUT6 (Prop_lut6_I4_O)        0.124  5121.471 r  u_core/u_store/q_i_42__4/O
                         net (fo=1, routed)           0.607  5122.078    u_core/u_store/q_i_42__4_n_0
    SLICE_X56Y23         LUT5 (Prop_lut5_I3_O)        0.124  5122.202 r  u_core/u_store/q_i_19__0/O
                         net (fo=1, routed)           0.403  5122.605    u_core/u_store/u_fabric/u_clb_x4y2/t_123
    SLICE_X57Y22         LUT5 (Prop_lut5_I0_O)        0.124  5122.729 r  u_core/u_store/q_i_8/O
                         net (fo=3, routed)           0.667  5123.396    u_core/u_store/u_fabric/u_clb_x4y2/lut_o6
    SLICE_X62Y21         LUT6 (Prop_lut6_I4_O)        0.124  5123.521 r  u_core/u_store/q_i_6__2/O
                         net (fo=1, routed)           0.600  5124.121    u_core/u_store/u_fabric/u_clb_x4y2/cy_mux
    SLICE_X55Y22         LUT6 (Prop_lut6_I0_O)        0.124  5124.245 r  u_core/u_store/q_i_3__8/O
                         net (fo=3, routed)           0.700  5124.945    u_core/u_store/u_fabric/u_clb_x4y3/comb
    SLICE_X51Y24         LUT6 (Prop_lut6_I3_O)        0.124  5125.069 r  u_core/u_store/c_q[39]_i_18/O
                         net (fo=1, routed)           0.586  5125.654    u_core/u_store/c_q[39]_i_18_n_0
    SLICE_X52Y26         LUT5 (Prop_lut5_I4_O)        0.124  5125.778 r  u_core/u_store/c_q[39]_i_10__0/O
                         net (fo=12, routed)          1.045  5126.823    u_core/u_store/u_fabric/r2431
    SLICE_X64Y17         LUT6 (Prop_lut6_I5_O)        0.124  5126.947 r  u_core/u_store/capture_reg_i_7__0/O
                         net (fo=1, routed)           0.000  5126.947    u_core/u_store/capture_reg_i_7__0_n_0
    SLICE_X64Y17         MUXF7 (Prop_muxf7_I1_O)      0.217  5127.164 r  u_core/u_store/capture_reg_reg_i_3/O
                         net (fo=11, routed)          1.569  5128.732    u_core/u_store/u_fabric/r1991
    SLICE_X100Y20        LUT4 (Prop_lut4_I3_O)        0.299  5129.031 r  u_core/u_store/user_dr[8]_i_18/O
                         net (fo=16, routed)          1.278  5130.309    u_core/u_store/u_fabric/r2308
    SLICE_X85Y7          LUT6 (Prop_lut6_I5_O)        0.124  5130.433 r  u_core/u_store/user_dr[17]_i_40/O
                         net (fo=17, routed)          0.544  5130.977    u_core/u_store/u_fabric/r1893
    SLICE_X79Y5          LUT6 (Prop_lut6_I2_O)        0.124  5131.101 r  u_core/u_store/user_dr[17]_i_48/O
                         net (fo=1, routed)           0.000  5131.101    u_core/u_store/u_fabric/u_clb_x2y4/t_107
    SLICE_X79Y5          MUXF7 (Prop_muxf7_I1_O)      0.217  5131.317 r  u_core/u_store/user_dr_reg[17]_i_28/O
                         net (fo=1, routed)           0.000  5131.317    u_core/u_store/u_fabric/u_clb_x2y4/t_117
    SLICE_X79Y5          MUXF8 (Prop_muxf8_I1_O)      0.094  5131.412 r  u_core/u_store/user_dr_reg[17]_i_15/O
                         net (fo=2, routed)           0.505  5131.917    u_core/u_store/u_fabric/u_clb_x2y4/t_122
    SLICE_X81Y5          LUT5 (Prop_lut5_I4_O)        0.316  5132.233 r  u_core/u_store/mem_reg_i_400/O
                         net (fo=1, routed)           0.154  5132.387    u_core/u_store/u_fabric/u_clb_x2y4/t_125
    SLICE_X81Y5          LUT4 (Prop_lut4_I2_O)        0.124  5132.511 r  u_core/u_store/mem_reg_i_345/O
                         net (fo=1, routed)           0.338  5132.849    u_core/u_store/mem_reg_i_345_n_0
    SLICE_X81Y6          LUT5 (Prop_lut5_I4_O)        0.124  5132.973 r  u_core/u_store/mem_reg_i_279/O
                         net (fo=1, routed)           0.348  5133.321    u_core/u_store/clb_o[13]
    SLICE_X80Y6          LUT5 (Prop_lut5_I0_O)        0.124  5133.445 r  u_core/u_store/mem_reg_i_204__0/O
                         net (fo=2, routed)           0.583  5134.028    u_core/u_store/mem_reg_i_204__0_n_0
    SLICE_X82Y4          LUT5 (Prop_lut5_I4_O)        0.124  5134.152 r  u_core/u_store/mem_reg_i_119/O
                         net (fo=6, routed)           1.012  5135.164    u_core/u_store/u_fabric/r2378
    SLICE_X73Y14         LUT6 (Prop_lut6_I5_O)        0.124  5135.288 r  u_core/u_store/d_q[21]_i_13/O
                         net (fo=1, routed)           0.906  5136.194    u_core/u_store/d_q[21]_i_13_n_0
    SLICE_X52Y13         LUT5 (Prop_lut5_I2_O)        0.124  5136.318 r  u_core/u_store/d_q[21]_i_10/O
                         net (fo=1, routed)           0.445  5136.763    u_core/u_store/d_q[21]_i_10_n_0
    SLICE_X52Y17         LUT6 (Prop_lut6_I0_O)        0.124  5136.887 r  u_core/u_store/d_q[21]_i_6__0/O
                         net (fo=1, routed)           0.531  5137.418    u_core/u_store/d_q[21]_i_6__0_n_0
    SLICE_X54Y17         LUT6 (Prop_lut6_I2_O)        0.124  5137.542 r  u_core/u_store/d_q[21]_i_3/O
                         net (fo=15, routed)          0.955  5138.497    u_core/u_store/r2128
    SLICE_X71Y23         LUT6 (Prop_lut6_I5_O)        0.124  5138.621 r  u_core/u_store/q_i_40__2/O
                         net (fo=2, routed)           0.321  5138.941    u_core/u_store/q_i_40__2_n_0
    SLICE_X72Y23         LUT5 (Prop_lut5_I2_O)        0.124  5139.065 r  u_core/u_store/q_i_22__4/O
                         net (fo=7, routed)           0.669  5139.734    u_core/u_store/u_fabric/r2445
    SLICE_X60Y22         LUT6 (Prop_lut6_I3_O)        0.124  5139.858 r  u_core/u_store/q_i_62/O
                         net (fo=1, routed)           0.630  5140.488    u_core/u_store/q_i_62_n_0
    SLICE_X60Y19         LUT5 (Prop_lut5_I4_O)        0.124  5140.612 r  u_core/u_store/q_i_48__3/O
                         net (fo=2, routed)           0.468  5141.080    u_core/u_store/q_i_48__3_n_0
    SLICE_X59Y16         LUT5 (Prop_lut5_I0_O)        0.124  5141.204 r  u_core/u_store/q_i_27__5/O
                         net (fo=1, routed)           0.718  5141.922    u_core/u_store/q_i_27__5_n_0
    SLICE_X50Y15         LUT6 (Prop_lut6_I2_O)        0.124  5142.046 r  u_core/u_store/q_i_26__4/O
                         net (fo=1, routed)           0.454  5142.500    u_core/u_store/q_i_26__4_n_0
    SLICE_X50Y13         LUT5 (Prop_lut5_I2_O)        0.124  5142.625 r  u_core/u_store/q_i_23__3/O
                         net (fo=1, routed)           0.557  5143.182    u_core/u_store/q_i_23__3_n_0
    SLICE_X49Y11         LUT5 (Prop_lut5_I0_O)        0.124  5143.306 r  u_core/u_store/q_i_20__7/O
                         net (fo=1, routed)           1.151  5144.458    u_core/u_store/q_i_20__7_n_0
    SLICE_X78Y9          LUT6 (Prop_lut6_I2_O)        0.124  5144.582 r  u_core/u_store/q_i_14__8/O
                         net (fo=1, routed)           0.901  5145.482    u_core/u_store/u_fabric/r2337
    SLICE_X91Y6          LUT6 (Prop_lut6_I0_O)        0.124  5145.606 r  u_core/u_store/q_i_12__7/O
                         net (fo=3, routed)           1.081  5146.688    u_core/u_store/u_fabric/r2145
    SLICE_X95Y22         LUT6 (Prop_lut6_I5_O)        0.124  5146.812 r  u_core/u_store/mem_reg_i_309/O
                         net (fo=4, routed)           1.447  5148.259    u_core/u_store/u_fabric/r2298
    SLICE_X107Y16        LUT5 (Prop_lut5_I3_O)        0.152  5148.411 r  u_core/u_store/user_dr[8]_i_26/O
                         net (fo=11, routed)          1.099  5149.510    u_core/u_store/u_fabric/r2325
    SLICE_X88Y16         LUT6 (Prop_lut6_I3_O)        0.332  5149.842 r  u_core/u_store/mem_reg_i_444/O
                         net (fo=1, routed)           0.282  5150.124    u_core/u_store/mem_reg_i_444_n_0
    SLICE_X87Y16         LUT5 (Prop_lut5_I4_O)        0.124  5150.248 r  u_core/u_store/mem_reg_i_364/O
                         net (fo=2, routed)           0.775  5151.023    u_core/u_store/mem_reg_i_364_n_0
    SLICE_X87Y23         LUT5 (Prop_lut5_I2_O)        0.124  5151.147 r  u_core/u_store/p_q[47]_i_16/O
                         net (fo=1, routed)           0.715  5151.862    u_core/u_store/p_q[47]_i_16_n_0
    SLICE_X84Y33         LUT5 (Prop_lut5_I2_O)        0.124  5151.986 r  u_core/u_store/p_q[47]_i_15/O
                         net (fo=1, routed)           0.454  5152.440    u_core/u_store/p_q[47]_i_15_n_0
    SLICE_X81Y31         LUT6 (Prop_lut6_I0_O)        0.124  5152.564 r  u_core/u_store/p_q[47]_i_14/O
                         net (fo=1, routed)           0.587  5153.150    u_core/u_store/p_q[47]_i_14_n_0
    SLICE_X74Y31         LUT6 (Prop_lut6_I0_O)        0.124  5153.274 r  u_core/u_store/p_q[47]_i_11/O
                         net (fo=1, routed)           0.774  5154.048    u_core/u_store/p_q[47]_i_11_n_0
    SLICE_X57Y32         LUT5 (Prop_lut5_I0_O)        0.124  5154.172 r  u_core/u_store/p_q[47]_i_8/O
                         net (fo=1, routed)           0.403  5154.575    u_core/u_store/p_q[47]_i_8_n_0
    SLICE_X57Y32         LUT6 (Prop_lut6_I0_O)        0.124  5154.699 r  u_core/u_store/p_q[47]_i_5/O
                         net (fo=17, routed)          1.664  5156.364    u_core/u_store/u_fabric/r2526
    SLICE_X92Y39         LUT5 (Prop_lut5_I0_O)        0.124  5156.488 r  u_core/u_store/mem_reg_i_295__0/O
                         net (fo=15, routed)          1.793  5158.281    u_core/u_store/u_fabric/r2235
    SLICE_X74Y23         LUT4 (Prop_lut4_I0_O)        0.124  5158.405 r  u_core/u_store/q_i_19__8/O
                         net (fo=9, routed)           0.452  5158.857    u_core/u_store/u_fabric/r2455
    SLICE_X74Y22         LUT6 (Prop_lut6_I5_O)        0.124  5158.981 r  u_core/u_store/q_i_22__9/O
                         net (fo=1, routed)           0.421  5159.402    u_core/u_store/q_i_22__9_n_0
    SLICE_X74Y20         LUT6 (Prop_lut6_I4_O)        0.124  5159.526 r  u_core/u_store/q_i_13__10/O
                         net (fo=2, routed)           0.446  5159.972    u_core/u_store/q_i_13__10_n_0
    SLICE_X74Y20         LUT5 (Prop_lut5_I2_O)        0.124  5160.096 r  u_core/u_store/mem_reg_i_425/O
                         net (fo=1, routed)           1.117  5161.213    u_core/u_store/mem_reg_i_425_n_0
    SLICE_X97Y17         LUT6 (Prop_lut6_I3_O)        0.124  5161.337 r  u_core/u_store/mem_reg_i_409__0/O
                         net (fo=1, routed)           0.351  5161.688    u_core/u_store/mem_reg_i_409__0_n_0
    SLICE_X96Y17         LUT5 (Prop_lut5_I2_O)        0.124  5161.812 r  u_core/u_store/mem_reg_i_371__0/O
                         net (fo=1, routed)           1.061  5162.874    u_core/u_store/mem_reg_i_371__0_n_0
    SLICE_X83Y9          LUT6 (Prop_lut6_I0_O)        0.124  5162.998 r  u_core/u_store/mem_reg_i_318/O
                         net (fo=2, routed)           0.307  5163.305    u_core/u_store/u_fabric/r2170
    SLICE_X83Y7          LUT6 (Prop_lut6_I4_O)        0.124  5163.429 r  u_core/u_store/mem_reg_i_233__0/O
                         net (fo=2, routed)           0.403  5163.832    u_core/u_store/mem_reg_i_233__0_n_0
    SLICE_X83Y7          LUT5 (Prop_lut5_I2_O)        0.124  5163.956 r  u_core/u_store/mem_reg_i_156/O
                         net (fo=6, routed)           0.698  5164.654    u_core/u_store/u_fabric/r2382
    SLICE_X74Y12         LUT6 (Prop_lut6_I5_O)        0.124  5164.778 r  u_core/u_store/mem_reg_i_434/O
                         net (fo=1, routed)           0.655  5165.433    u_core/u_store/mem_reg_i_434_n_0
    SLICE_X65Y12         LUT5 (Prop_lut5_I0_O)        0.124  5165.557 r  u_core/u_store/mem_reg_i_340/O
                         net (fo=2, routed)           0.576  5166.133    u_core/u_store/mem_reg_i_340_n_0
    SLICE_X63Y15         LUT6 (Prop_lut6_I2_O)        0.124  5166.257 r  u_core/u_store/mem_reg_i_510/O
                         net (fo=1, routed)           0.000  5166.257    u_core/u_store/mem_reg_i_510_n_0
    SLICE_X63Y15         MUXF7 (Prop_muxf7_I1_O)      0.217  5166.474 r  u_core/u_store/mem_reg_i_508/O
                         net (fo=1, routed)           0.364  5166.838    u_core/u_store/mem_reg_i_508_n_0
    SLICE_X62Y15         LUT5 (Prop_lut5_I0_O)        0.299  5167.137 r  u_core/u_store/mem_reg_i_501/O
                         net (fo=1, routed)           0.430  5167.567    u_core/u_store/mem_reg_i_501_n_0
    SLICE_X61Y15         LUT6 (Prop_lut6_I5_O)        0.124  5167.691 r  u_core/u_store/mem_reg_i_483/O
                         net (fo=2, routed)           0.707  5168.397    u_core/u_store/u_fabric/r2444
    SLICE_X61Y21         LUT6 (Prop_lut6_I2_O)        0.124  5168.521 r  u_core/u_store/c_q[41]_i_20/O
                         net (fo=1, routed)           0.310  5168.832    u_core/u_store/c_q[41]_i_20_n_0
    SLICE_X58Y21         LUT5 (Prop_lut5_I0_O)        0.124  5168.956 r  u_core/u_store/c_q[41]_i_19/O
                         net (fo=1, routed)           0.587  5169.543    u_core/u_store/c_q[41]_i_19_n_0
    SLICE_X56Y18         LUT5 (Prop_lut5_I2_O)        0.124  5169.667 r  u_core/u_store/c_q[41]_i_17/O
                         net (fo=1, routed)           0.444  5170.111    u_core/u_store/c_q[41]_i_17_n_0
    SLICE_X56Y18         LUT6 (Prop_lut6_I3_O)        0.124  5170.235 r  u_core/u_store/c_q[41]_i_9/O
                         net (fo=6, routed)           0.892  5171.126    u_core/u_store/u_fabric/r2186
    SLICE_X62Y27         LUT6 (Prop_lut6_I5_O)        0.124  5171.250 r  u_core/u_store/a_q[24]_i_28/O
                         net (fo=1, routed)           0.541  5171.791    u_core/u_store/a_q[24]_i_28_n_0
    SLICE_X62Y27         LUT6 (Prop_lut6_I2_O)        0.124  5171.915 r  u_core/u_store/a_q[24]_i_25/O
                         net (fo=1, routed)           0.000  5171.915    u_core/u_store/a_q[24]_i_25_n_0
    SLICE_X62Y27         MUXF7 (Prop_muxf7_I0_O)      0.209  5172.124 r  u_core/u_store/a_q_reg[24]_i_24/O
                         net (fo=2, routed)           0.312  5172.436    u_core/u_store/u_fabric/r2202
    SLICE_X60Y27         LUT6 (Prop_lut6_I2_O)        0.297  5172.733 r  u_core/u_store/mem_reg_i_381__0/O
                         net (fo=1, routed)           0.664  5173.397    u_core/u_store/mem_reg_i_381__0_n_0
    SLICE_X59Y36         LUT5 (Prop_lut5_I0_O)        0.124  5173.521 r  u_core/u_store/mem_reg_i_325/O
                         net (fo=1, routed)           0.000  5173.521    u_core/u_store/mem_reg_i_325_n_0
    SLICE_X59Y36         MUXF7 (Prop_muxf7_I1_O)      0.217  5173.738 r  u_core/u_store/mem_reg_i_242/O
                         net (fo=2, routed)           0.433  5174.171    u_core/u_store/mem_reg_i_242_n_0
    SLICE_X59Y36         LUT5 (Prop_lut5_I2_O)        0.299  5174.470 r  u_core/u_store/mem_reg_i_168__0/O
                         net (fo=1, routed)           0.573  5175.043    u_core/u_store/mem_reg_i_168__0_n_0
    SLICE_X59Y40         LUT5 (Prop_lut5_I0_O)        0.124  5175.167 r  u_core/u_store/mem_reg_i_100__0/O
                         net (fo=9, routed)           1.133  5176.300    u_core/u_store/u_fabric/r2233
    SLICE_X71Y20         LUT6 (Prop_lut6_I5_O)        0.124  5176.424 r  u_core/u_store/mem_reg_i_344/O
                         net (fo=1, routed)           0.000  5176.424    u_core/u_store/mem_reg_i_344_n_0
    SLICE_X71Y20         MUXF7 (Prop_muxf7_I1_O)      0.217  5176.641 r  u_core/u_store/mem_reg_i_275/O
                         net (fo=2, routed)           0.510  5177.151    u_core/u_store/mem_reg_i_275_n_0
    SLICE_X70Y21         LUT6 (Prop_lut6_I5_O)        0.299  5177.450 r  u_core/u_store/mem_reg_i_197__0/O
                         net (fo=12, routed)          0.939  5178.389    u_core/u_store/u_fabric/r2211
    SLICE_X61Y10         LUT6 (Prop_lut6_I5_O)        0.124  5178.513 r  u_core/u_store/mem_reg_i_352/O
                         net (fo=1, routed)           0.000  5178.513    u_core/u_store/mem_reg_i_352_n_0
    SLICE_X61Y10         MUXF7 (Prop_muxf7_I1_O)      0.217  5178.729 r  u_core/u_store/mem_reg_i_294/O
                         net (fo=2, routed)           0.312  5179.042    u_core/u_store/mem_reg_i_294_n_0
    SLICE_X61Y11         LUT6 (Prop_lut6_I5_O)        0.299  5179.340 r  u_core/u_store/mem_reg_i_215__0/O
                         net (fo=8, routed)           1.146  5180.486    u_core/u_store/u_fabric/r2209
    SLICE_X90Y6          LUT4 (Prop_lut4_I3_O)        0.124  5180.610 r  u_core/u_store/q_i_16__6/O
                         net (fo=10, routed)          0.675  5181.285    u_core/u_store/u_fabric/r2329
    SLICE_X88Y7          LUT6 (Prop_lut6_I5_O)        0.124  5181.409 r  u_core/u_store/din_qa[15]_i_10__0/O
                         net (fo=1, routed)           0.420  5181.829    u_core/u_store/din_qa[15]_i_10__0_n_0
    SLICE_X86Y7          LUT6 (Prop_lut6_I2_O)        0.124  5181.953 r  u_core/u_store/din_qa[15]_i_7__0/O
                         net (fo=2, routed)           0.645  5182.598    u_core/u_store/u_fabric/r2172
    SLICE_X84Y3          LUT5 (Prop_lut5_I2_O)        0.124  5182.722 r  u_core/u_store/din_qa[15]_i_5__0/O
                         net (fo=2, routed)           0.654  5183.375    u_core/u_store/din_qa[15]_i_5__0_n_0
    SLICE_X74Y4          LUT5 (Prop_lut5_I2_O)        0.124  5183.500 r  u_core/u_store/din_qa[15]_i_2__0/O
                         net (fo=3, routed)           0.800  5184.299    u_core/u_store/u_fabric/r2380
    SLICE_X77Y14         LUT5 (Prop_lut5_I0_O)        0.124  5184.423 r  u_core/u_store/mem_reg_i_402/O
                         net (fo=1, routed)           0.823  5185.247    u_core/u_store/mem_reg_i_402_n_0
    SLICE_X85Y4          LUT5 (Prop_lut5_I0_O)        0.124  5185.371 r  u_core/u_store/mem_reg_i_301/O
                         net (fo=4, routed)           1.132  5186.503    u_core/u_store/u_fabric/r2223
    SLICE_X102Y7         LUT6 (Prop_lut6_I5_O)        0.124  5186.627 r  u_core/u_store/capture_reg_i_17/O
                         net (fo=1, routed)           0.000  5186.627    u_core/u_store/capture_reg_i_17_n_0
    SLICE_X102Y7         MUXF7 (Prop_muxf7_I1_O)      0.214  5186.841 r  u_core/u_store/capture_reg_reg_i_11/O
                         net (fo=2, routed)           0.484  5187.324    u_core/u_store/capture_reg_reg_i_11_n_0
    SLICE_X102Y7         LUT6 (Prop_lut6_I1_O)        0.297  5187.621 r  u_core/u_store/mem_reg_i_370/O
                         net (fo=3, routed)           0.923  5188.544    u_core/u_store/u_fabric/r2293
    SLICE_X106Y16        LUT5 (Prop_lut5_I0_O)        0.124  5188.668 r  u_core/u_store/user_dr[4]_i_60/O
                         net (fo=2, routed)           0.551  5189.220    u_core/u_store/u_fabric/r2096
    SLICE_X105Y15        LUT6 (Prop_lut6_I5_O)        0.124  5189.344 r  u_core/u_store/user_dr[17]_i_55/O
                         net (fo=1, routed)           0.000  5189.344    u_core/u_store/user_dr[17]_i_55_n_0
    SLICE_X105Y15        MUXF7 (Prop_muxf7_I1_O)      0.217  5189.561 r  u_core/u_store/user_dr_reg[17]_i_51/O
                         net (fo=1, routed)           0.433  5189.994    u_core/u_store/user_dr_reg[17]_i_51_n_0
    SLICE_X105Y15        LUT5 (Prop_lut5_I4_O)        0.299  5190.293 r  u_core/u_store/user_dr[17]_i_29/O
                         net (fo=7, routed)           0.820  5191.113    u_core/u_store/u_fabric/r2330
    SLICE_X105Y10        LUT6 (Prop_lut6_I4_O)        0.124  5191.237 r  u_core/u_store/mem_reg_i_413__0/O
                         net (fo=1, routed)           0.517  5191.754    u_core/u_store/mem_reg_i_413__0_n_0
    SLICE_X104Y10        LUT5 (Prop_lut5_I2_O)        0.124  5191.878 r  u_core/u_store/mem_reg_i_374__0/O
                         net (fo=2, routed)           0.660  5192.538    u_core/u_store/u_fabric/r2153
    SLICE_X100Y13        LUT5 (Prop_lut5_I0_O)        0.124  5192.662 r  u_core/u_store/q_i_23__2/O
                         net (fo=1, routed)           0.425  5193.087    u_core/u_store/q_i_23__2_n_0
    SLICE_X99Y13         LUT5 (Prop_lut5_I4_O)        0.124  5193.211 r  u_core/u_store/q_i_16__2/O
                         net (fo=9, routed)           0.764  5193.975    u_core/u_store/u_fabric/r2263
    SLICE_X108Y13        LUT6 (Prop_lut6_I5_O)        0.124  5194.099 r  u_core/u_store/user_dr[16]_i_13/O
                         net (fo=18, routed)          0.624  5194.724    u_core/u_store/u_fabric/r1014
    SLICE_X111Y13        LUT6 (Prop_lut6_I4_O)        0.124  5194.848 r  u_core/u_store/user_dr[16]_i_36/O
                         net (fo=1, routed)           0.000  5194.848    u_core/u_store/u_fabric/u_clb_x1y3/t_109
    SLICE_X111Y13        MUXF7 (Prop_muxf7_I1_O)      0.217  5195.064 r  u_core/u_store/user_dr_reg[16]_i_16/O
                         net (fo=2, routed)           0.832  5195.896    u_core/u_store/u_fabric/u_clb_x1y3/t_118
    SLICE_X108Y3         LUT5 (Prop_lut5_I2_O)        0.299  5196.195 r  u_core/u_store/user_dr[16]_i_8/O
                         net (fo=1, routed)           0.670  5196.865    u_core/u_store/u_fabric/u_clb_x1y3/t_125
    SLICE_X108Y3         LUT6 (Prop_lut6_I4_O)        0.124  5196.989 r  u_core/u_store/user_dr[16]_i_3/O
                         net (fo=1, routed)           0.438  5197.427    u_core/u_store/u_fabric/r1006
    SLICE_X107Y5         LUT6 (Prop_lut6_I2_O)        0.124  5197.551 r  u_core/u_store/user_dr[16]_i_2/O
                         net (fo=4, routed)           0.649  5198.201    u_core/u_store/q_reg_0[9]
    SLICE_X107Y15        LUT6 (Prop_lut6_I5_O)        0.124  5198.325 r  u_core/u_store/mem_reg_i_252__0/O
                         net (fo=16, routed)          0.928  5199.253    u_core/u_store/u_fabric/r2307
    SLICE_X94Y13         LUT6 (Prop_lut6_I4_O)        0.124  5199.377 r  u_core/u_store/mem_reg_i_173__0/O
                         net (fo=1, routed)           0.304  5199.681    u_core/u_store/mem_reg_i_173__0_n_0
    SLICE_X94Y15         LUT5 (Prop_lut5_I2_O)        0.124  5199.805 r  u_core/u_store/mem_reg_i_102__0/O
                         net (fo=14, routed)          1.593  5201.398    u_core/u_store/u_fabric/r2118
    SLICE_X69Y22         LUT6 (Prop_lut6_I5_O)        0.124  5201.522 r  u_core/u_store/user_dr[18]_i_51/O
                         net (fo=1, routed)           0.338  5201.861    u_core/u_store/user_dr[18]_i_51_n_0
    SLICE_X69Y23         LUT5 (Prop_lut5_I2_O)        0.124  5201.985 r  u_core/u_store/user_dr[18]_i_24/O
                         net (fo=7, routed)           0.802  5202.787    u_core/u_store/u_fabric/r2458
    SLICE_X54Y28         LUT6 (Prop_lut6_I4_O)        0.124  5202.911 r  u_core/u_store/d_q[24]_i_10/O
                         net (fo=1, routed)           0.000  5202.911    u_core/u_store/d_q[24]_i_10_n_0
    SLICE_X54Y28         MUXF7 (Prop_muxf7_I1_O)      0.214  5203.125 r  u_core/u_store/d_q_reg[24]_i_4/O
                         net (fo=5, routed)           1.195  5204.319    u_core/u_store/u_fabric/r2250
    SLICE_X78Y35         LUT6 (Prop_lut6_I2_O)        0.297  5204.616 r  u_core/u_store/c_q[10]_i_2__0/O
                         net (fo=1, routed)           0.969  5205.585    u_core/u_store/u_fabric/r1782
    SLICE_X85Y40         LUT3 (Prop_lut3_I2_O)        0.124  5205.709 r  u_core/u_store/c_q[10]_i_1__0/O
                         net (fo=2, routed)           0.607  5206.316    u_core/u_store/drive_reg[214][10]
    SLICE_X78Y40         LUT5 (Prop_lut5_I4_O)        0.124  5206.440 r  u_core/u_store/i__carry__1_i_10__0/O
                         net (fo=1, routed)           0.432  5206.873    u_core/u_store/i__carry__1_i_10__0_n_0
    SLICE_X77Y38         LUT5 (Prop_lut5_I4_O)        0.124  5206.997 r  u_core/u_store/i__carry__1_i_6__1/O
                         net (fo=1, routed)           0.000  5206.997    u_core/u_fabric/u_dsp1/u_core/p_q_reg[11]_0[2]
    SLICE_X77Y38         CARRY4 (Prop_carry4_S[2]_O[3])
                                                      0.352  5207.349 r  u_core/u_fabric/u_dsp1/u_core/__10/i__carry__1/O[3]
                         net (fo=4, routed)           0.437  5207.785    u_core/u_fabric/u_dsp1/u_core/D[3]
    SLICE_X76Y39         LUT3 (Prop_lut3_I2_O)        0.306  5208.091 r  u_core/u_fabric/u_dsp1/u_core/a_q[21]_i_8/O
                         net (fo=2, routed)           1.239  5209.330    u_core/u_fabric/u_dsp1/u_core/p_q_reg[41]_0[6]
    SLICE_X94Y44         LUT5 (Prop_lut5_I4_O)        0.124  5209.454 r  u_core/u_fabric/u_dsp1/u_core/a_q[21]_i_4__0/O
                         net (fo=2, routed)           0.161  5209.615    u_core/u_store/a_q_reg[21]_1
    SLICE_X94Y44         LUT6 (Prop_lut6_I0_O)        0.124  5209.739 r  u_core/u_store/c_q[22]_i_4/O
                         net (fo=11, routed)          1.680  5211.419    u_core/u_store/u_fabric/r2243
    SLICE_X75Y20         LUT6 (Prop_lut6_I5_O)        0.124  5211.543 r  u_core/u_store/user_dr[18]_i_25/O
                         net (fo=11, routed)          1.088  5212.630    u_core/u_store/u_fabric/r2453
    SLICE_X50Y21         LUT4 (Prop_lut4_I3_O)        0.124  5212.754 r  u_core/u_store/user_dr[18]_i_11/O
                         net (fo=1, routed)           0.591  5213.346    u_core/u_store/u_fabric/r1915
    SLICE_X50Y21         LUT5 (Prop_lut5_I1_O)        0.124  5213.470 r  u_core/u_store/user_dr[18]_i_4/O
                         net (fo=3, routed)           0.539  5214.008    u_core/u_store/u_fabric/u_clb_x4y4/lut_o6
    SLICE_X54Y21         LUT5 (Prop_lut5_I4_O)        0.124  5214.132 r  u_core/u_store/user_dr[18]_i_5/O
                         net (fo=2, routed)           0.583  5214.715    u_core/u_store/user_dr[18]_i_5_n_0
    SLICE_X56Y21         LUT6 (Prop_lut6_I5_O)        0.124  5214.839 r  u_core/u_store/user_dr[18]_i_2/O
                         net (fo=4, routed)           0.550  5215.389    u_core/u_store/q_reg_0[10]
    SLICE_X56Y26         LUT6 (Prop_lut6_I5_O)        0.124  5215.513 r  u_core/u_store/din_qa[17]_i_13__0/O
                         net (fo=2, routed)           0.622  5216.135    u_core/u_store/din_qa[17]_i_13__0_n_0
    SLICE_X54Y29         LUT6 (Prop_lut6_I5_O)        0.124  5216.259 r  u_core/u_store/user_dr[19]_i_17/O
                         net (fo=2, routed)           0.681  5216.940    u_core/u_store/user_dr[19]_i_17_n_0
    SLICE_X51Y31         LUT5 (Prop_lut5_I1_O)        0.124  5217.064 r  u_core/u_store/user_dr[19]_i_14/O
                         net (fo=2, routed)           0.149  5217.213    u_core/u_store/u_fabric/u_clb_x5y4/t_94
    SLICE_X51Y31         LUT5 (Prop_lut5_I2_O)        0.124  5217.337 r  u_core/u_store/user_dr[19]_i_10/O
                         net (fo=1, routed)           0.433  5217.771    u_core/u_store/u_fabric/u_clb_x5y4/t_119
    SLICE_X51Y31         LUT5 (Prop_lut5_I0_O)        0.124  5217.895 r  u_core/u_store/user_dr[19]_i_7/O
                         net (fo=1, routed)           0.404  5218.298    u_core/u_store/u_fabric/u_clb_x5y4/t_125
    SLICE_X51Y32         LUT4 (Prop_lut4_I2_O)        0.124  5218.422 r  u_core/u_store/user_dr[19]_i_5/O
                         net (fo=1, routed)           0.151  5218.574    u_core/u_store/user_dr[19]_i_5_n_0
    SLICE_X51Y32         LUT5 (Prop_lut5_I4_O)        0.124  5218.698 r  u_core/u_store/user_dr[19]_i_3/O
                         net (fo=4, routed)           0.758  5219.456    u_core/u_store/q_reg_0[11]
    SLICE_X67Y33         LUT6 (Prop_lut6_I5_O)        0.124  5219.580 r  u_core/u_store/c_q[6]_i_4__0/O
                         net (fo=26, routed)          1.294  5220.873    u_core/u_store/r2491
    SLICE_X93Y48         LUT6 (Prop_lut6_I5_O)        0.124  5220.997 r  u_core/u_store/c_q[6]_i_2/O
                         net (fo=1, routed)           0.574  5221.571    u_core/u_store/u_fabric/r1823
    SLICE_X93Y47         LUT3 (Prop_lut3_I2_O)        0.150  5221.721 r  u_core/u_store/c_q[6]_i_1__0/O
                         net (fo=2, routed)           1.265  5222.986    u_core/u_store/drive_reg[214][6]
    SLICE_X75Y39         LUT5 (Prop_lut5_I4_O)        0.326  5223.312 r  u_core/u_store/i__carry__0_i_10__0/O
                         net (fo=1, routed)           0.452  5223.764    u_core/u_store/i__carry__0_i_10__0_n_0
    SLICE_X77Y37         LUT5 (Prop_lut5_I4_O)        0.124  5223.888 r  u_core/u_store/i__carry__0_i_6__0/O
                         net (fo=1, routed)           0.000  5223.888    u_core/u_fabric/u_dsp1/u_core/p_q_reg[7]_0[2]
    SLICE_X77Y37         CARRY4 (Prop_carry4_S[2]_O[3])
                                                      0.352  5224.240 r  u_core/u_fabric/u_dsp1/u_core/__10/i__carry__0/O[3]
                         net (fo=5, routed)           0.850  5225.090    u_core/u_fabric/u_dsp1/u_core/D[2]
    SLICE_X76Y37         LUT3 (Prop_lut3_I2_O)        0.306  5225.396 r  u_core/u_fabric/u_dsp1/u_core/d_q[23]_i_8/O
                         net (fo=2, routed)           1.121  5226.517    u_core/u_fabric/u_dsp1/u_core/dsp_p[55]
    SLICE_X90Y44         LUT5 (Prop_lut5_I4_O)        0.124  5226.641 r  u_core/u_fabric/u_dsp1/u_core/p_q[47]_i_10/O
                         net (fo=1, routed)           0.455  5227.096    u_core/u_store/p_q[47]_i_4_0
    SLICE_X95Y44         LUT5 (Prop_lut5_I4_O)        0.124  5227.220 r  u_core/u_store/p_q[47]_i_6/O
                         net (fo=4, routed)           0.277  5227.497    u_core/u_store/u_fabric/r2256
    SLICE_X95Y44         LUT5 (Prop_lut5_I0_O)        0.124  5227.621 r  u_core/u_store/d_q[20]_i_2/O
                         net (fo=4, routed)           0.537  5228.158    u_core/u_store/u_fabric/r2549
    SLICE_X96Y49         LUT6 (Prop_lut6_I2_O)        0.124  5228.282 r  u_core/u_store/d_q[20]_i_1__0/O
                         net (fo=3, routed)           0.591  5228.873    u_core/u_store/drive_reg[239][20]
    SLICE_X92Y49         LUT5 (Prop_lut5_I2_O)        0.124  5228.997 r  u_core/u_store/i__carry__4_i_8__2/O
                         net (fo=1, routed)           0.000  5228.997    u_core/u_fabric/u_dsp1/u_core/m_c_8[0]
    SLICE_X92Y49         CARRY4 (Prop_carry4_S[0]_O[3])
                                                      0.608  5229.605 r  u_core/u_fabric/u_dsp1/u_core/__5/i__carry__4/O[3]
                         net (fo=1, routed)           0.659  5230.265    u_core/u_store/m_c_2[3]
    SLICE_X93Y49         LUT3 (Prop_lut3_I0_O)        0.307  5230.572 r  u_core/u_store/m_c_i_20__0/O
                         net (fo=1, routed)           0.809  5231.380    u_core/u_fabric/u_dsp1/u_core/m_c_2[23]
    DSP48_X3Y18          DSP48E1 (Prop_dsp48e1_A[23]_P[0])
                                                      3.841  5235.221 r  u_core/u_fabric/u_dsp1/u_core/m_c/P[0]
                         net (fo=2, routed)           1.168  5236.390    u_core/u_fabric/u_dsp1/u_core/m_c__0[0]
    SLICE_X82Y48         LUT3 (Prop_lut3_I2_O)        0.124  5236.514 r  u_core/u_fabric/u_dsp1/u_core/i__carry_i_4__1/O
                         net (fo=2, routed)           0.983  5237.497    u_core/u_fabric/u_dsp1/u_core/m_q_reg[41]_0[0]
    SLICE_X77Y36         CARRY4 (Prop_carry4_DI[0]_O[3])
                                                      0.633  5238.129 r  u_core/u_fabric/u_dsp1/u_core/__10/i__carry/O[3]
                         net (fo=3, routed)           0.565  5238.694    u_core/u_fabric/u_dsp1/u_core/__10/i__carry_n_4
    SLICE_X72Y36         LUT3 (Prop_lut3_I2_O)        0.306  5239.000 r  u_core/u_fabric/u_dsp1/u_core/c_q[47]_i_5__0/O
                         net (fo=5, routed)           0.331  5239.331    u_core/u_store/d_q_reg[20][42]
    SLICE_X70Y36         LUT6 (Prop_lut6_I5_O)        0.124  5239.455 r  u_core/u_store/d_q[23]_i_2__0/O
                         net (fo=12, routed)          0.677  5240.132    u_core/u_store/r2501
    SLICE_X77Y30         LUT4 (Prop_lut4_I3_O)        0.124  5240.256 r  u_core/u_store/q_i_10__0/O
                         net (fo=3, routed)           0.906  5241.162    u_core/u_store/u_fabric/r2201
    SLICE_X54Y27         LUT6 (Prop_lut6_I3_O)        0.124  5241.286 r  u_core/u_store/din_qa[17]_i_14/O
                         net (fo=1, routed)           0.161  5241.447    u_core/u_store/din_qa[17]_i_14_n_0
    SLICE_X54Y27         LUT5 (Prop_lut5_I4_O)        0.124  5241.571 r  u_core/u_store/din_qa[17]_i_12/O
                         net (fo=2, routed)           0.447  5242.018    u_core/u_store/din_qa[17]_i_12_n_0
    SLICE_X55Y29         LUT3 (Prop_lut3_I0_O)        0.124  5242.142 r  u_core/u_store/din_qa[17]_i_9/O
                         net (fo=3, routed)           0.459  5242.602    u_core/u_store/u_fabric/r2462
    SLICE_X55Y30         LUT6 (Prop_lut6_I3_O)        0.124  5242.726 r  u_core/u_store/q_i_43__2/O
                         net (fo=17, routed)          0.584  5243.309    u_core/u_store/u_fabric/r1944
    SLICE_X52Y31         LUT6 (Prop_lut6_I4_O)        0.124  5243.433 r  u_core/u_store/user_dr[19]_i_16/O
                         net (fo=1, routed)           0.000  5243.433    u_core/u_store/u_fabric/u_clb_x5y4/t_109
    SLICE_X52Y31         MUXF7 (Prop_muxf7_I1_O)      0.217  5243.650 r  u_core/u_store/user_dr_reg[19]_i_11/O
                         net (fo=2, routed)           0.457  5244.106    u_core/u_store/u_fabric/u_clb_x5y4/t_118
    SLICE_X52Y31         LUT5 (Prop_lut5_I4_O)        0.299  5244.405 r  u_core/u_store/q_i_17__0/O
                         net (fo=1, routed)           0.433  5244.838    u_core/u_store/u_fabric/u_clb_x5y4/t_123
    SLICE_X52Y31         LUT5 (Prop_lut5_I0_O)        0.124  5244.962 r  u_core/u_store/q_i_7__3/O
                         net (fo=2, routed)           0.999  5245.961    u_core/u_store/u_fabric/u_clb_x5y4/lut_o6
    SLICE_X71Y32         LUT5 (Prop_lut5_I4_O)        0.124  5246.085 r  u_core/u_store/user_dr[19]_i_4/O
                         net (fo=2, routed)           1.246  5247.331    u_core/u_store/u_fabric/u_clb_x5y4/cy_sum
    SLICE_X51Y32         LUT5 (Prop_lut5_I0_O)        0.124  5247.455 r  u_core/u_store/q_i_3__13/O
                         net (fo=2, routed)           0.756  5248.211    u_core/u_store/u_fabric/u_clb_x5y4/comb
    SLICE_X51Y36         LUT5 (Prop_lut5_I2_O)        0.124  5248.335 r  u_core/u_store/q_i_58__1/O
                         net (fo=1, routed)           0.435  5248.770    u_core/u_store/q_i_58__1_n_0
    SLICE_X52Y38         LUT6 (Prop_lut6_I2_O)        0.124  5248.894 r  u_core/u_store/q_i_57__1/O
                         net (fo=1, routed)           0.451  5249.345    u_core/u_store/q_i_57__1_n_0
    SLICE_X49Y37         LUT6 (Prop_lut6_I4_O)        0.124  5249.469 r  u_core/u_store/q_i_56__1/O
                         net (fo=1, routed)           0.780  5250.249    u_core/u_store/q_i_56__1_n_0
    SLICE_X49Y28         LUT6 (Prop_lut6_I5_O)        0.124  5250.373 r  u_core/u_store/q_i_45__3/O
                         net (fo=1, routed)           0.809  5251.182    u_core/u_store/u_fabric/r2465
    SLICE_X57Y28         LUT5 (Prop_lut5_I1_O)        0.124  5251.306 r  u_core/u_store/q_i_27__6/O
                         net (fo=16, routed)          0.711  5252.016    u_core/u_store/u_fabric/r1945
    SLICE_X54Y29         LUT6 (Prop_lut6_I4_O)        0.124  5252.140 r  u_core/u_store/q_i_12__0/O
                         net (fo=1, routed)           0.294  5252.434    u_core/u_store/u_fabric/u_clb_x5y4/t_115
    SLICE_X55Y30         LUT5 (Prop_lut5_I0_O)        0.124  5252.558 r  u_core/u_store/q_i_6__3/O
                         net (fo=5, routed)           0.363  5252.921    u_core/u_store/u_fabric/r1935
    SLICE_X54Y30         LUT6 (Prop_lut6_I5_O)        0.124  5253.045 r  u_core/u_store/c_q[47]_i_9__0/O
                         net (fo=1, routed)           0.000  5253.045    u_core/u_store/c_q[47]_i_9__0_n_0
    SLICE_X54Y30         MUXF7 (Prop_muxf7_I0_O)      0.209  5253.254 r  u_core/u_store/c_q_reg[47]_i_4/O
                         net (fo=6, routed)           2.005  5255.259    u_core/u_store/u_fabric/r2248
    SLICE_X90Y40         LUT6 (Prop_lut6_I3_O)        0.297  5255.556 r  u_core/u_store/c_q[28]_i_7/O
                         net (fo=1, routed)           0.162  5255.718    u_core/u_store/c_q[28]_i_7_n_0
    SLICE_X90Y40         LUT6 (Prop_lut6_I0_O)        0.124  5255.842 r  u_core/u_store/c_q[28]_i_5__0/O
                         net (fo=1, routed)           0.000  5255.842    u_core/u_store/c_q[28]_i_5__0_n_0
    SLICE_X90Y40         MUXF7 (Prop_muxf7_I0_O)      0.209  5256.051 r  u_core/u_store/c_q_reg[28]_i_3/O
                         net (fo=5, routed)           0.782  5256.833    u_core/u_store/u_fabric/r2252
    SLICE_X97Y42         LUT2 (Prop_lut2_I1_O)        0.297  5257.130 r  u_core/u_store/c_q[20]_i_3/O
                         net (fo=3, routed)           0.649  5257.779    u_core/u_store/u_fabric/r2551
    SLICE_X97Y46         LUT6 (Prop_lut6_I0_O)        0.124  5257.903 r  u_core/u_store/d_q[8]_i_2/O
                         net (fo=1, routed)           0.687  5258.590    u_core/u_store/u_fabric/r1810
    SLICE_X97Y49         LUT3 (Prop_lut3_I2_O)        0.124  5258.714 r  u_core/u_store/d_q[8]_i_1__0/O
                         net (fo=3, routed)           0.796  5259.510    u_core/u_store/drive_reg[239][8]
    SLICE_X92Y46         LUT5 (Prop_lut5_I2_O)        0.124  5259.634 r  u_core/u_store/i__carry__1_i_8__2/O
                         net (fo=1, routed)           0.000  5259.634    u_core/u_fabric/u_dsp1/u_core/m_c_5[0]
    SLICE_X92Y46         CARRY4 (Prop_carry4_S[0]_O[3])
                                                      0.608  5260.242 r  u_core/u_fabric/u_dsp1/u_core/__5/i__carry__1/O[3]
                         net (fo=1, routed)           0.577  5260.819    u_core/u_store/m_c_6[3]
    SLICE_X93Y47         LUT3 (Prop_lut3_I0_O)        0.307  5261.126 r  u_core/u_store/m_c_i_32__0/O
                         net (fo=1, routed)           0.378  5261.503    u_core/u_fabric/u_dsp1/u_core/m_c_2[11]
    DSP48_X3Y18          DSP48E1 (Prop_dsp48e1_A[11]_P[1])
                                                      3.841  5265.344 r  u_core/u_fabric/u_dsp1/u_core/m_c/P[1]
                         net (fo=2, routed)           1.438  5266.783    u_core/u_fabric/u_dsp1/u_core/m_c__0[1]
    SLICE_X82Y48         LUT3 (Prop_lut3_I2_O)        0.150  5266.933 r  u_core/u_fabric/u_dsp1/u_core/i__carry_i_3__1/O
                         net (fo=2, routed)           1.141  5268.074    u_core/u_fabric/u_dsp1/u_core/m_q_reg[41]_0[1]
    SLICE_X77Y36         CARRY4 (Prop_carry4_DI[1]_O[2])
                                                      0.758  5268.832 r  u_core/u_fabric/u_dsp1/u_core/__10/i__carry/O[2]
                         net (fo=3, routed)           1.123  5269.955    u_core/u_fabric/u_dsp1/u_core/__10/i__carry_n_5
    SLICE_X72Y36         LUT3 (Prop_lut3_I2_O)        0.302  5270.256 r  u_core/u_fabric/u_dsp1/u_core/c_q[41]_i_13/O
                         net (fo=2, routed)           0.472  5270.728    u_core/u_fabric/u_dsp1/u_core/dsp_p[50]
    SLICE_X70Y34         LUT5 (Prop_lut5_I4_O)        0.124  5270.852 r  u_core/u_fabric/u_dsp1/u_core/c_q[41]_i_6__0/O
                         net (fo=1, routed)           0.696  5271.548    u_core/u_store/c_q_reg[41]
    SLICE_X64Y32         LUT5 (Prop_lut5_I4_O)        0.124  5271.672 r  u_core/u_store/c_q[41]_i_2__0/O
                         net (fo=19, routed)          0.996  5272.668    u_core/u_store/r2473
    SLICE_X73Y44         LUT6 (Prop_lut6_I5_O)        0.124  5272.792 r  u_core/u_store/d_q[17]_i_2__0/O
                         net (fo=1, routed)           1.370  5274.162    u_core/u_store/u_fabric/r1771
    SLICE_X92Y51         LUT3 (Prop_lut3_I2_O)        0.124  5274.286 r  u_core/u_store/d_q[17]_i_1__0/O
                         net (fo=3, routed)           0.582  5274.868    u_core/u_store/drive_reg[239][17]
    SLICE_X92Y48         LUT5 (Prop_lut5_I2_O)        0.124  5274.992 r  u_core/u_store/i__carry__3_i_7__2/O
                         net (fo=1, routed)           0.000  5274.992    u_core/u_fabric/u_dsp1/u_core/m_c_7[1]
    SLICE_X92Y48         CARRY4 (Prop_carry4_S[1]_O[3])
                                                      0.643  5275.635 r  u_core/u_fabric/u_dsp1/u_core/__5/i__carry__3/O[3]
                         net (fo=1, routed)           0.577  5276.212    u_core/u_store/m_c_5[3]
    SLICE_X93Y49         LUT3 (Prop_lut3_I0_O)        0.307  5276.519 r  u_core/u_store/m_c_i_24__0/O
                         net (fo=1, routed)           0.376  5276.895    u_core/u_fabric/u_dsp1/u_core/m_c_2[19]
    DSP48_X3Y18          DSP48E1 (Prop_dsp48e1_A[19]_P[2])
                                                      3.841  5280.735 r  u_core/u_fabric/u_dsp1/u_core/m_c/P[2]
                         net (fo=2, routed)           1.238  5281.974    u_core/u_fabric/u_dsp1/u_core/m_c__0[2]
    SLICE_X81Y47         LUT3 (Prop_lut3_I2_O)        0.124  5282.098 r  u_core/u_fabric/u_dsp1/u_core/i__carry_i_2__1/O
                         net (fo=2, routed)           1.087  5283.184    u_core/u_fabric/u_dsp1/u_core/m_q_reg[41]_0[2]
    SLICE_X77Y36         CARRY4 (Prop_carry4_DI[2]_CO[3])
                                                      0.398  5283.582 r  u_core/u_fabric/u_dsp1/u_core/__10/i__carry/CO[3]
                         net (fo=1, routed)           0.000  5283.582    u_core/u_fabric/u_dsp1/u_core/__10/i__carry_n_0
    SLICE_X77Y37         CARRY4 (Prop_carry4_CI_O[2])
                                                      0.256  5283.838 r  u_core/u_fabric/u_dsp1/u_core/__10/i__carry__0/O[2]
                         net (fo=4, routed)           0.596  5284.434    u_core/u_fabric/u_dsp1/u_core/D[1]
    SLICE_X80Y38         LUT3 (Prop_lut3_I2_O)        0.296  5284.729 r  u_core/u_fabric/u_dsp1/u_core/c_q[28]_i_6/O
                         net (fo=2, routed)           0.503  5285.233    u_core/u_fabric/m2140/c_q[10]_i_7_0[2]
    SLICE_X81Y45         LUT5 (Prop_lut5_I0_O)        0.326  5285.559 r  u_core/u_fabric/m2140/c_q[10]_i_10/O
                         net (fo=1, routed)           0.433  5285.992    u_core/u_fabric/m2140/c_q[10]_i_10_n_0
    SLICE_X82Y45         LUT5 (Prop_lut5_I2_O)        0.124  5286.116 r  u_core/u_fabric/m2140/c_q[10]_i_7/O
                         net (fo=1, routed)           0.296  5286.412    u_core/u_fabric/m2140/c_q[10]_i_7_n_0
    SLICE_X83Y45         LUT3 (Prop_lut3_I2_O)        0.124  5286.536 r  u_core/u_fabric/m2140/c_q[10]_i_4/O
                         net (fo=7, routed)           0.620  5287.156    u_core/u_store/r2140
    SLICE_X80Y42         LUT6 (Prop_lut6_I3_O)        0.124  5287.280 r  u_core/u_store/c_q[47]_i_7__0/O
                         net (fo=2, routed)           0.583  5287.864    u_core/u_store/c_q[47]_i_7__0_n_0
    SLICE_X80Y43         LUT5 (Prop_lut5_I2_O)        0.124  5287.988 r  u_core/u_store/c_q[47]_i_3__0/O
                         net (fo=13, routed)          0.587  5288.575    u_core/u_store/u_fabric/r2544
    SLICE_X81Y46         LUT5 (Prop_lut5_I0_O)        0.124  5288.699 r  u_core/u_store/d_q[4]_i_3__0/O
                         net (fo=1, routed)           0.263  5288.962    u_core/u_store/d_q[4]_i_3__0_n_0
    SLICE_X81Y46         LUT5 (Prop_lut5_I4_O)        0.124  5289.086 r  u_core/u_store/d_q[4]_i_1__0/O
                         net (fo=3, routed)           0.989  5290.075    u_core/u_store/drive_reg[239][4]
    SLICE_X92Y45         LUT5 (Prop_lut5_I2_O)        0.124  5290.199 r  u_core/u_store/i__carry__0_i_8__2/O
                         net (fo=1, routed)           0.000  5290.199    u_core/u_fabric/u_dsp1/u_core/m_c_4[0]
    SLICE_X92Y45         CARRY4 (Prop_carry4_S[0]_O[3])
                                                      0.608  5290.807 r  u_core/u_fabric/u_dsp1/u_core/__5/i__carry__0/O[3]
                         net (fo=1, routed)           0.548  5291.355    u_core/u_store/m_c_4[3]
    SLICE_X93Y46         LUT3 (Prop_lut3_I0_O)        0.307  5291.662 r  u_core/u_store/m_c_i_36__0/O
                         net (fo=1, routed)           0.567  5292.229    u_core/u_fabric/u_dsp1/u_core/m_c_2[7]
    DSP48_X3Y18          DSP48E1 (Prop_dsp48e1_A[7]_P[4])
                                                      3.841  5296.070 r  u_core/u_fabric/u_dsp1/u_core/m_c/P[4]
                         net (fo=2, routed)           1.199  5297.270    u_core/u_fabric/u_dsp1/u_core/m_c__0[4]
    SLICE_X79Y46         LUT3 (Prop_lut3_I2_O)        0.124  5297.394 r  u_core/u_fabric/u_dsp1/u_core/i__carry__0_i_4__1/O
                         net (fo=2, routed)           0.694  5298.087    u_core/u_fabric/u_dsp1/u_core/m_q_reg[41]_0[4]
    SLICE_X77Y37         CARRY4 (Prop_carry4_DI[0]_O[1])
                                                      0.420  5298.507 r  u_core/u_fabric/u_dsp1/u_core/__10/i__carry__0/O[1]
                         net (fo=4, routed)           0.608  5299.115    u_core/u_fabric/u_dsp1/u_core/D[0]
    SLICE_X76Y37         LUT3 (Prop_lut3_I2_O)        0.303  5299.418 r  u_core/u_fabric/u_dsp1/u_core/d_q[20]_i_4/O
                         net (fo=2, routed)           1.079  5300.497    u_core/u_fabric/u_dsp1/u_core/p_q_reg[41]_0[3]
    SLICE_X90Y43         LUT5 (Prop_lut5_I4_O)        0.124  5300.621 r  u_core/u_fabric/u_dsp1/u_core/c_q[34]_i_5/O
                         net (fo=2, routed)           0.307  5300.928    u_core/u_store/capture_reg_i_2__12_0
    SLICE_X91Y43         LUT6 (Prop_lut6_I5_O)        0.124  5301.052 r  u_core/u_store/c_q[26]_i_3/O
                         net (fo=5, routed)           0.634  5301.686    u_core/u_store/u_fabric/r2546
    SLICE_X91Y40         LUT5 (Prop_lut5_I4_O)        0.124  5301.810 r  u_core/u_store/c_q[24]_i_5/O
                         net (fo=1, routed)           0.000  5301.810    u_core/u_store/c_q[24]_i_5_n_0
    SLICE_X91Y40         MUXF7 (Prop_muxf7_I0_O)      0.212  5302.022 r  u_core/u_store/c_q_reg[24]_i_3/O
                         net (fo=18, routed)          1.387  5303.409    u_core/u_store/u_fabric/r2497
    SLICE_X66Y30         LUT6 (Prop_lut6_I4_O)        0.299  5303.708 r  u_core/u_store/a_q[24]_i_13__0/O
                         net (fo=2, routed)           0.463  5304.171    u_core/u_store/a_q[24]_i_13__0_n_0
    SLICE_X67Y30         LUT5 (Prop_lut5_I0_O)        0.124  5304.295 r  u_core/u_store/a_q[24]_i_7__0/O
                         net (fo=17, routed)          1.105  5305.400    u_core/u_store/r2481
    SLICE_X86Y31         LUT6 (Prop_lut6_I5_O)        0.124  5305.524 r  u_core/u_store/q_i_18__1/O
                         net (fo=1, routed)           0.466  5305.990    u_core/u_store/q_i_18__1_n_0
    SLICE_X86Y31         LUT5 (Prop_lut5_I4_O)        0.124  5306.114 r  u_core/u_store/q_i_14__4/O
                         net (fo=1, routed)           0.403  5306.517    u_core/u_store/q_i_14__4_n_0
    SLICE_X87Y30         LUT5 (Prop_lut5_I0_O)        0.124  5306.641 r  u_core/u_store/q_i_9__9/O
                         net (fo=17, routed)          1.041  5307.683    u_core/u_store/u_fabric/r2115
    SLICE_X88Y15         LUT5 (Prop_lut5_I4_O)        0.124  5307.807 r  u_core/u_store/capture_reg_i_13__0/O
                         net (fo=1, routed)           0.280  5308.086    u_core/u_store/capture_reg_i_13__0_n_0
    SLICE_X88Y15         LUT5 (Prop_lut5_I4_O)        0.124  5308.210 r  u_core/u_store/capture_reg_i_10/O
                         net (fo=5, routed)           1.084  5309.294    u_core/u_store/u_fabric/r2109
    SLICE_X104Y14        LUT6 (Prop_lut6_I5_O)        0.124  5309.418 r  u_core/u_store/q_i_24__2/O
                         net (fo=2, routed)           0.318  5309.736    u_core/u_store/q_i_24__2_n_0
    SLICE_X104Y13        LUT6 (Prop_lut6_I3_O)        0.124  5309.860 r  u_core/u_store/mem_reg_i_313/O
                         net (fo=1, routed)           0.638  5310.498    u_core/u_store/mem_reg_i_313_n_0
    SLICE_X107Y11        LUT6 (Prop_lut6_I0_O)        0.124  5310.622 r  u_core/u_store/mem_reg_i_228__0/O
                         net (fo=1, routed)           0.000  5310.622    u_core/u_store/mem_reg_i_228__0_n_0
    SLICE_X107Y11        MUXF7 (Prop_muxf7_I1_O)      0.217  5310.839 r  u_core/u_store/mem_reg_i_150/O
                         net (fo=8, routed)           2.235  5313.074    u_core/u_store/u_fabric/r2206
    SLICE_X69Y16         LUT4 (Prop_lut4_I3_O)        0.299  5313.373 r  u_core/u_store/mem_reg_i_153/O
                         net (fo=3, routed)           1.209  5314.582    u_core/u_store/u_fabric/r2425
    SLICE_X47Y19         LUT5 (Prop_lut5_I0_O)        0.124  5314.706 r  u_core/u_store/mem_reg_i_498/O
                         net (fo=2, routed)           0.790  5315.496    u_core/u_store/u_fabric/r2180
    SLICE_X55Y25         LUT5 (Prop_lut5_I1_O)        0.124  5315.620 r  u_core/u_store/mem_reg_i_477/O
                         net (fo=1, routed)           0.000  5315.620    u_core/u_store/mem_reg_i_477_n_0
    SLICE_X55Y25         MUXF7 (Prop_muxf7_I0_O)      0.212  5315.832 r  u_core/u_store/mem_reg_i_416__0/O
                         net (fo=2, routed)           0.448  5316.279    u_core/u_store/mem_reg_i_416__0_n_0
    SLICE_X55Y25         LUT6 (Prop_lut6_I5_O)        0.299  5316.578 r  u_core/u_store/mem_reg_i_306__0/O
                         net (fo=11, routed)          0.538  5317.116    u_core/u_store/u_fabric/r2447
    SLICE_X57Y23         LUT6 (Prop_lut6_I4_O)        0.124  5317.240 r  u_core/u_store/q_i_15__11/O
                         net (fo=4, routed)           0.591  5317.831    u_core/u_store/u_fabric/r949
    SLICE_X56Y20         LUT6 (Prop_lut6_I2_O)        0.124  5317.955 r  u_core/u_store/q_i_18/O
                         net (fo=3, routed)           0.815  5318.770    u_core/u_store/u_fabric/u_clb_x4y2/t_120
    SLICE_X51Y18         LUT5 (Prop_lut5_I4_O)        0.124  5318.894 r  u_core/u_store/q_i_7__1/O
                         net (fo=4, routed)           0.543  5319.437    u_core/u_store/u_fabric/r945
    SLICE_X57Y18         LUT6 (Prop_lut6_I5_O)        0.124  5319.561 r  u_core/u_store/mem_reg_i_460/O
                         net (fo=1, routed)           0.154  5319.714    u_core/u_store/mem_reg_i_460_n_0
    SLICE_X57Y18         LUT5 (Prop_lut5_I4_O)        0.124  5319.838 r  u_core/u_store/mem_reg_i_457__0/O
                         net (fo=1, routed)           0.724  5320.562    u_core/u_store/mem_reg_i_457__0_n_0
    SLICE_X71Y19         LUT6 (Prop_lut6_I4_O)        0.124  5320.687 r  u_core/u_store/mem_reg_i_455__0/O
                         net (fo=1, routed)           0.433  5321.120    u_core/u_store/mem_reg_i_455__0_n_0
    SLICE_X71Y19         LUT6 (Prop_lut6_I4_O)        0.124  5321.244 r  u_core/u_store/mem_reg_i_453/O
                         net (fo=1, routed)           0.440  5321.684    u_core/u_store/mem_reg_i_453_n_0
    SLICE_X70Y17         LUT6 (Prop_lut6_I5_O)        0.124  5321.808 r  u_core/u_store/mem_reg_i_451/O
                         net (fo=1, routed)           0.282  5322.090    u_core/u_store/mem_reg_i_451_n_0
    SLICE_X69Y17         LUT5 (Prop_lut5_I2_O)        0.124  5322.214 r  u_core/u_store/mem_reg_i_449__0/O
                         net (fo=1, routed)           0.457  5322.671    u_core/u_store/mem_reg_i_449__0_n_0
    SLICE_X64Y18         LUT6 (Prop_lut6_I4_O)        0.124  5322.795 r  u_core/u_store/mem_reg_i_447__0/O
                         net (fo=1, routed)           0.708  5323.503    u_core/u_store/mem_reg_i_447__0_n_0
    SLICE_X63Y24         LUT5 (Prop_lut5_I0_O)        0.124  5323.627 r  u_core/u_store/mem_reg_i_444__0/O
                         net (fo=1, routed)           0.263  5323.891    u_core/u_store/mem_reg_i_444__0_n_0
    SLICE_X63Y24         LUT5 (Prop_lut5_I2_O)        0.124  5324.015 r  u_core/u_store/mem_reg_i_435/O
                         net (fo=1, routed)           0.606  5324.621    u_core/u_store/mem_reg_i_435_n_0
    SLICE_X67Y27         LUT5 (Prop_lut5_I0_O)        0.124  5324.745 r  u_core/u_store/mem_reg_i_427/O
                         net (fo=1, routed)           0.302  5325.047    u_core/u_store/mem_reg_i_427_n_0
    SLICE_X69Y27         LUT5 (Prop_lut5_I4_O)        0.124  5325.171 r  u_core/u_store/mem_reg_i_415/O
                         net (fo=1, routed)           0.263  5325.435    u_core/u_store/mem_reg_i_415_n_0
    SLICE_X69Y27         LUT6 (Prop_lut6_I2_O)        0.124  5325.559 r  u_core/u_store/mem_reg_i_377__0/O
                         net (fo=1, routed)           0.622  5326.180    u_core/u_store/mem_reg_i_377__0_n_0
    SLICE_X67Y32         LUT6 (Prop_lut6_I0_O)        0.124  5326.304 r  u_core/u_store/mem_reg_i_322/O
                         net (fo=1, routed)           0.894  5327.198    u_core/u_store/u_fabric/r2508
    SLICE_X51Y28         LUT6 (Prop_lut6_I2_O)        0.124  5327.322 r  u_core/u_store/mem_reg_i_239__0/O
                         net (fo=17, routed)          1.170  5328.493    u_core/u_store/u_fabric/r2229
    SLICE_X57Y15         LUT4 (Prop_lut4_I3_O)        0.124  5328.617 r  u_core/u_store/mem_reg_i_279__0/O
                         net (fo=12, routed)          0.428  5329.045    u_core/u_store/u_fabric/r2413
    SLICE_X57Y16         LUT5 (Prop_lut5_I4_O)        0.124  5329.169 r  u_core/u_store/mem_reg_i_186__0/O
                         net (fo=2, routed)           0.163  5329.332    u_core/u_store/mem_reg_i_186__0_n_0
    SLICE_X57Y16         LUT5 (Prop_lut5_I0_O)        0.124  5329.456 r  u_core/u_store/mem_reg_i_108__0/O
                         net (fo=15, routed)          0.641  5330.097    u_core/u_store/u_fabric/r2397
    SLICE_X63Y16         LUT5 (Prop_lut5_I2_O)        0.124  5330.221 r  u_core/u_store/mem_reg_i_206/O
                         net (fo=2, routed)           0.528  5330.749    u_core/u_store/mem_reg_i_206_n_0
    SLICE_X62Y16         LUT5 (Prop_lut5_I0_O)        0.124  5330.873 r  u_core/u_store/mem_reg_i_111__0/O
                         net (fo=4, routed)           0.478  5331.351    u_core/u_store/u_fabric/r2393
    SLICE_X61Y16         LUT5 (Prop_lut5_I2_O)        0.124  5331.475 r  u_core/u_store/c_q[44]_i_5/O
                         net (fo=6, routed)           0.969  5332.444    u_core/u_store/c_q[44]_i_5_n_0
    SLICE_X63Y25         LUT6 (Prop_lut6_I4_O)        0.124  5332.568 r  u_core/u_store/mem_reg_i_259__0/O
                         net (fo=7, routed)           0.484  5333.052    u_core/u_store/u_fabric/r2438
    SLICE_X60Y27         LUT6 (Prop_lut6_I2_O)        0.124  5333.176 r  u_core/u_store/din_qa[16]_i_19/O
                         net (fo=2, routed)           0.319  5333.495    u_core/u_store/din_qa[16]_i_19_n_0
    SLICE_X58Y27         LUT5 (Prop_lut5_I0_O)        0.124  5333.619 r  u_core/u_store/din_qa[16]_i_12/O
                         net (fo=11, routed)          0.842  5334.461    u_core/u_store/u_fabric/r2454
    SLICE_X72Y26         LUT6 (Prop_lut6_I5_O)        0.124  5334.585 r  u_core/u_store/q_i_41__3/O
                         net (fo=1, routed)           0.490  5335.075    u_core/u_store/q_i_41__3_n_0
    SLICE_X72Y26         LUT6 (Prop_lut6_I5_O)        0.124  5335.199 r  u_core/u_store/q_i_20__3/O
                         net (fo=2, routed)           0.668  5335.867    u_core/u_store/q_i_20__3_n_0
    SLICE_X72Y30         LUT5 (Prop_lut5_I0_O)        0.124  5335.991 r  u_core/u_store/user_dr[11]_i_38/O
                         net (fo=1, routed)           0.296  5336.287    u_core/u_store/user_dr[11]_i_38_n_0
    SLICE_X73Y30         LUT5 (Prop_lut5_I0_O)        0.124  5336.411 r  u_core/u_store/user_dr[11]_i_36/O
                         net (fo=1, routed)           0.263  5336.674    u_core/u_store/user_dr[11]_i_36_n_0
    SLICE_X73Y30         LUT6 (Prop_lut6_I2_O)        0.124  5336.798 r  u_core/u_store/user_dr[11]_i_33/O
                         net (fo=1, routed)           0.529  5337.327    u_core/u_store/u_fabric/r2073
    SLICE_X73Y22         LUT6 (Prop_lut6_I4_O)        0.124  5337.451 r  u_core/u_store/user_dr[11]_i_18/O
                         net (fo=1, routed)           0.402  5337.854    u_core/u_store/user_dr[11]_i_18_n_0
    SLICE_X73Y22         LUT5 (Prop_lut5_I2_O)        0.124  5337.978 r  u_core/u_store/user_dr[11]_i_9/O
                         net (fo=3, routed)           0.672  5338.649    u_core/u_store/u_fabric/r2427
    SLICE_X68Y26         LUT6 (Prop_lut6_I5_O)        0.124  5338.773 r  u_core/u_store/c_q[27]_i_7/O
                         net (fo=1, routed)           0.000  5338.773    u_core/u_store/c_q[27]_i_7_n_0
    SLICE_X68Y26         MUXF7 (Prop_muxf7_I1_O)      0.217  5338.990 r  u_core/u_store/c_q_reg[27]_i_4/O
                         net (fo=6, routed)           1.129  5340.119    u_core/u_store/u_fabric/r2020
    SLICE_X59Y38         LUT6 (Prop_lut6_I3_O)        0.299  5340.418 r  u_core/u_store/c_q[33]_i_10/O
                         net (fo=1, routed)           0.000  5340.418    u_core/u_store/c_q[33]_i_10_n_0
    SLICE_X59Y38         MUXF7 (Prop_muxf7_I1_O)      0.217  5340.635 r  u_core/u_store/c_q_reg[33]_i_5/O
                         net (fo=4, routed)           0.468  5341.103    u_core/u_store/c_q_reg[33]_i_5_n_0
    SLICE_X59Y38         LUT6 (Prop_lut6_I5_O)        0.299  5341.401 r  u_core/u_store/mem_reg_i_446/O
                         net (fo=1, routed)           0.306  5341.708    u_core/u_store/u_fabric/r2024
    SLICE_X60Y38         LUT6 (Prop_lut6_I2_O)        0.124  5341.832 r  u_core/u_store/mem_reg_i_440/O
                         net (fo=1, routed)           0.773  5342.604    u_core/u_store/mem_reg_i_440_n_0
    SLICE_X72Y35         LUT6 (Prop_lut6_I2_O)        0.124  5342.729 r  u_core/u_store/mem_reg_i_430__0/O
                         net (fo=1, routed)           0.425  5343.154    u_core/u_store/mem_reg_i_430__0_n_0
    SLICE_X72Y34         LUT5 (Prop_lut5_I4_O)        0.124  5343.278 r  u_core/u_store/mem_reg_i_421__0/O
                         net (fo=1, routed)           0.421  5343.699    u_core/u_store/mem_reg_i_421__0_n_0
    SLICE_X72Y32         LUT6 (Prop_lut6_I5_O)        0.124  5343.823 r  u_core/u_store/mem_reg_i_399__0/O
                         net (fo=1, routed)           0.684  5344.506    u_core/u_store/u_fabric/r2185
    SLICE_X63Y26         LUT5 (Prop_lut5_I4_O)        0.124  5344.630 r  u_core/u_store/mem_reg_i_341__0/O
                         net (fo=2, routed)           0.454  5345.084    u_core/u_store/mem_reg_i_341__0_n_0
    SLICE_X59Y25         LUT6 (Prop_lut6_I3_O)        0.124  5345.208 f  u_core/u_store/q_i_34__3/O
                         net (fo=1, routed)           0.868  5346.077    u_core/u_store/q_i_34__3_n_0
    SLICE_X76Y21         LUT6 (Prop_lut6_I1_O)        0.124  5346.201 r  u_core/u_store/q_i_32__2/O
                         net (fo=1, routed)           1.560  5347.761    u_core/u_store/q_i_32__2_n_0
    SLICE_X107Y15        LUT6 (Prop_lut6_I1_O)        0.124  5347.885 r  u_core/u_store/q_i_31__1/O
                         net (fo=1, routed)           0.698  5348.583    u_core/u_store/u_fabric/u_clb_x1y4/t_102
    SLICE_X109Y5         LUT5 (Prop_lut5_I2_O)        0.124  5348.707 r  u_core/u_store/q_i_30__0/O
                         net (fo=1, routed)           0.882  5349.589    u_core/u_store/u_fabric/u_clb_x1y4/t_121
    SLICE_X95Y3          LUT6 (Prop_lut6_I5_O)        0.124  5349.713 r  u_core/u_store/q_i_26__6/O
                         net (fo=1, routed)           0.595  5350.308    u_core/u_store/q_i_26__6_n_0
    SLICE_X92Y2          LUT6 (Prop_lut6_I1_O)        0.124  5350.432 r  u_core/u_store/q_i_21__5/O
                         net (fo=5, routed)           0.963  5351.395    u_core/u_store/u_fabric/r2291
    SLICE_X107Y6         LUT6 (Prop_lut6_I3_O)        0.124  5351.519 r  u_core/u_store/q_i_36__1/O
                         net (fo=16, routed)          0.756  5352.275    u_core/u_store/u_fabric/r1015
    SLICE_X113Y1         LUT6 (Prop_lut6_I2_O)        0.124  5352.399 r  u_core/u_store/q_i_34__0/O
                         net (fo=1, routed)           0.545  5352.945    u_core/u_store/u_fabric/u_clb_x1y3/t_103
    SLICE_X113Y3         LUT5 (Prop_lut5_I0_O)        0.124  5353.069 r  u_core/u_store/q_i_16/O
                         net (fo=1, routed)           0.435  5353.504    u_core/u_store/u_fabric/u_clb_x1y3/t_115
    SLICE_X107Y4         LUT5 (Prop_lut5_I0_O)        0.124  5353.628 r  u_core/u_store/q_i_9/O
                         net (fo=6, routed)           0.877  5354.505    u_core/u_store/u_fabric/r1005
    SLICE_X105Y3         LUT2 (Prop_lut2_I0_O)        0.124  5354.629 r  u_core/u_store/q_i_12__9/O
                         net (fo=7, routed)           0.985  5355.613    u_core/u_store/u_fabric/r2144
    SLICE_X91Y5          LUT5 (Prop_lut5_I4_O)        0.124  5355.737 r  u_core/u_store/mem_reg_i_469/O
                         net (fo=1, routed)           0.000  5355.737    u_core/u_store/mem_reg_i_469_n_0
    SLICE_X91Y5          MUXF7 (Prop_muxf7_I0_O)      0.212  5355.949 r  u_core/u_store/mem_reg_i_401/O
                         net (fo=1, routed)           0.390  5356.339    u_core/u_store/mem_reg_i_401_n_0
    SLICE_X89Y5          LUT6 (Prop_lut6_I5_O)        0.299  5356.638 r  u_core/u_store/mem_reg_i_300/O
                         net (fo=13, routed)          0.797  5357.435    u_core/u_store/u_fabric/r2321
    SLICE_X87Y15         LUT6 (Prop_lut6_I2_O)        0.124  5357.559 r  u_core/u_store/user_dr[13]_i_48/O
                         net (fo=8, routed)           0.647  5358.206    u_core/u_store/u_fabric/r1042
    SLICE_X85Y12         MUXF7 (Prop_muxf7_S_O)       0.276  5358.481 r  u_core/u_store/user_dr_reg[13]_i_59/O
                         net (fo=1, routed)           0.640  5359.122    u_core/u_store/u_fabric/u_clb_x2y3/t_115
    SLICE_X83Y17         LUT5 (Prop_lut5_I0_O)        0.299  5359.420 r  u_core/u_store/user_dr[13]_i_27/O
                         net (fo=2, routed)           0.769  5360.190    u_core/u_store/u_fabric/u_clb_x2y3/t_121
    SLICE_X84Y13         LUT3 (Prop_lut3_I0_O)        0.124  5360.314 r  u_core/u_store/user_dr[13]_i_11/O
                         net (fo=4, routed)           0.468  5360.782    u_core/u_store/u_fabric/r1031
    SLICE_X84Y15         LUT6 (Prop_lut6_I5_O)        0.124  5360.906 r  u_core/u_store/user_dr[13]_i_4/O
                         net (fo=4, routed)           0.826  5361.732    u_core/u_store/u_fabric/u_clb_x2y3/lut_o6
    SLICE_X84Y13         LUT3 (Prop_lut3_I2_O)        0.152  5361.884 r  u_core/u_store/user_dr[13]_i_5/O
                         net (fo=2, routed)           0.493  5362.376    u_core/u_store/user_dr[13]_i_5_n_0
    SLICE_X85Y11         LUT6 (Prop_lut6_I5_O)        0.326  5362.703 r  u_core/u_store/user_dr[13]_i_2/O
                         net (fo=5, routed)           0.623  5363.326    u_core/u_store/q_reg_0[6]
    SLICE_X78Y10         LUT5 (Prop_lut5_I4_O)        0.124  5363.450 r  u_core/u_store/mem_reg_i_321__0/O
                         net (fo=1, routed)           0.446  5363.896    u_core/u_store/mem_reg_i_321__0_n_0
    SLICE_X79Y9          LUT5 (Prop_lut5_I4_O)        0.124  5364.020 r  u_core/u_store/mem_reg_i_210__0/O
                         net (fo=16, routed)          1.054  5365.074    u_core/u_store/u_fabric/r2347
    SLICE_X93Y7          LUT6 (Prop_lut6_I5_O)        0.124  5365.198 r  u_core/u_store/user_dr[16]_i_60/O
                         net (fo=1, routed)           0.404  5365.602    u_core/u_store/user_dr[16]_i_60_n_0
    SLICE_X93Y6          LUT6 (Prop_lut6_I0_O)        0.124  5365.726 r  u_core/u_store/user_dr[16]_i_30/O
                         net (fo=2, routed)           0.446  5366.171    u_core/u_store/user_dr[16]_i_30_n_0
    SLICE_X93Y6          LUT5 (Prop_lut5_I0_O)        0.124  5366.295 r  u_core/u_store/user_dr[16]_i_14/O
                         net (fo=11, routed)          0.910  5367.205    u_core/u_store/u_fabric/r2326
    SLICE_X85Y2          LUT6 (Prop_lut6_I4_O)        0.124  5367.329 r  u_core/u_store/c_q[47]_i_8__0/O
                         net (fo=1, routed)           0.432  5367.761    u_core/u_store/c_q[47]_i_8__0_n_0
    SLICE_X85Y1          LUT5 (Prop_lut5_I2_O)        0.124  5367.885 r  u_core/u_store/c_q[47]_i_4/O
                         net (fo=11, routed)          1.999  5369.884    u_core/u_store/u_fabric/r2230
    SLICE_X51Y23         LUT6 (Prop_lut6_I5_O)        0.124  5370.008 r  u_core/u_store/d_q[23]_i_14/O
                         net (fo=1, routed)           0.811  5370.819    u_core/u_store/d_q[23]_i_14_n_0
    SLICE_X57Y27         LUT6 (Prop_lut6_I2_O)        0.124  5370.943 r  u_core/u_store/d_q[23]_i_13/O
                         net (fo=1, routed)           0.445  5371.388    u_core/u_store/d_q[23]_i_13_n_0
    SLICE_X57Y25         LUT6 (Prop_lut6_I0_O)        0.124  5371.512 r  u_core/u_store/d_q[23]_i_12/O
                         net (fo=1, routed)           0.898  5372.410    u_core/u_store/d_q[23]_i_12_n_0
    SLICE_X51Y17         LUT6 (Prop_lut6_I2_O)        0.124  5372.534 r  u_core/u_store/d_q[23]_i_11/O
                         net (fo=1, routed)           0.264  5372.798    u_core/u_store/d_q[23]_i_11_n_0
    SLICE_X51Y17         LUT5 (Prop_lut5_I2_O)        0.124  5372.922 r  u_core/u_store/d_q[23]_i_10/O
                         net (fo=1, routed)           0.844  5373.766    u_core/u_store/d_q[23]_i_10_n_0
    SLICE_X62Y16         LUT5 (Prop_lut5_I0_O)        0.124  5373.890 r  u_core/u_store/d_q[23]_i_9/O
                         net (fo=1, routed)           0.452  5374.342    u_core/u_store/d_q[23]_i_9_n_0
    SLICE_X62Y16         LUT5 (Prop_lut5_I2_O)        0.124  5374.466 r  u_core/u_store/d_q[23]_i_8__0/O
                         net (fo=1, routed)           0.399  5374.866    u_core/u_store/d_q[23]_i_8__0_n_0
    SLICE_X61Y16         LUT5 (Prop_lut5_I2_O)        0.124  5374.990 r  u_core/u_store/d_q[23]_i_6__0/O
                         net (fo=5, routed)           0.854  5375.844    u_core/u_store/u_fabric/r2016
    SLICE_X67Y27         LUT6 (Prop_lut6_I5_O)        0.124  5375.968 r  u_core/u_store/c_q[39]_i_5/O
                         net (fo=1, routed)           0.442  5376.411    u_core/u_store/c_q[39]_i_5_n_0
    SLICE_X68Y27         LUT5 (Prop_lut5_I2_O)        0.124  5376.535 r  u_core/u_store/c_q[39]_i_2/O
                         net (fo=10, routed)          0.911  5377.446    u_core/u_store/u_fabric/r2018
    SLICE_X60Y41         LUT6 (Prop_lut6_I2_O)        0.124  5377.570 r  u_core/u_store/c_q[39]_i_1/O
                         net (fo=2, routed)           0.602  5378.172    u_core/u_store/drive_reg[90][39]
    SLICE_X62Y44         LUT6 (Prop_lut6_I0_O)        0.124  5378.296 r  u_core/u_store/i__carry__8_i_9/O
                         net (fo=1, routed)           0.580  5378.876    u_core/u_fabric/u_dsp0/u_core/p_q_reg[39]_1
    SLICE_X61Y43         LUT4 (Prop_lut4_I3_O)        0.124  5379.000 r  u_core/u_fabric/u_dsp0/u_core/i__carry__8_i_5/O
                         net (fo=1, routed)           0.000  5379.000    u_core/u_fabric/u_dsp0/u_core/i__carry__8_i_5_n_0
    SLICE_X61Y43         CARRY4 (Prop_carry4_S[3]_O[3])
                                                      0.248  5379.248 r  u_core/u_fabric/u_dsp0/u_core/__10/i__carry__8/O[3]
                         net (fo=3, routed)           0.750  5379.998    u_core/u_fabric/u_dsp0/u_core/__10/i__carry__8_n_4
    SLICE_X62Y43         LUT3 (Prop_lut3_I2_O)        0.306  5380.304 r  u_core/u_fabric/u_dsp0/u_core/i__carry__4_i_13/O
                         net (fo=3, routed)           0.864  5381.168    u_core/u_fabric/u_dsp0/u_core/p_q_reg[46]_0[32]
    SLICE_X75Y33         LUT5 (Prop_lut5_I0_O)        0.124  5381.292 r  u_core/u_fabric/u_dsp0/u_core/c_q[18]_i_8/O
                         net (fo=1, routed)           0.578  5381.870    u_core/u_store/c_q[10]_i_9_0
    SLICE_X76Y31         LUT5 (Prop_lut5_I4_O)        0.124  5381.994 r  u_core/u_store/c_q[18]_i_3/O
                         net (fo=18, routed)          0.725  5382.718    u_core/u_store/r2494
    SLICE_X67Y25         LUT4 (Prop_lut4_I3_O)        0.124  5382.842 r  u_core/u_store/q_i_9__8/O
                         net (fo=6, routed)           0.848  5383.690    u_core/u_store/u_fabric/r2187
    SLICE_X55Y24         LUT6 (Prop_lut6_I5_O)        0.124  5383.814 r  u_core/u_store/mem_reg_i_354/O
                         net (fo=2, routed)           0.396  5384.210    u_core/u_store/mem_reg_i_354_n_0
    SLICE_X53Y24         LUT6 (Prop_lut6_I2_O)        0.124  5384.334 r  u_core/u_store/reg_qb[17]_i_14/O
                         net (fo=1, routed)           0.154  5384.488    u_core/u_store/reg_qb[17]_i_14_n_0
    SLICE_X53Y24         LUT5 (Prop_lut5_I4_O)        0.124  5384.612 r  u_core/u_store/reg_qb[17]_i_13/O
                         net (fo=1, routed)           0.557  5385.169    u_core/u_store/reg_qb[17]_i_13_n_0
    SLICE_X52Y20         LUT5 (Prop_lut5_I4_O)        0.124  5385.293 r  u_core/u_store/reg_qb[17]_i_10/O
                         net (fo=2, routed)           0.566  5385.859    u_core/u_store/reg_qb[17]_i_10_n_0
    SLICE_X51Y17         LUT5 (Prop_lut5_I2_O)        0.124  5385.983 r  u_core/u_store/reg_qb[17]_i_6__0/O
                         net (fo=14, routed)          0.948  5386.931    u_core/u_store/u_fabric/r2389
    SLICE_X69Y18         LUT6 (Prop_lut6_I5_O)        0.124  5387.055 r  u_core/u_store/user_dr[18]_i_15/O
                         net (fo=17, routed)          0.840  5387.895    u_core/u_store/u_fabric/r1268
    SLICE_X58Y20         LUT6 (Prop_lut6_I4_O)        0.124  5388.019 r  u_core/u_store/q_i_41__1/O
                         net (fo=1, routed)           0.000  5388.019    u_core/u_store/u_fabric/u_clb_x4y3/t_103
    SLICE_X58Y20         MUXF7 (Prop_muxf7_I1_O)      0.214  5388.232 r  u_core/u_store/q_reg_i_24/O
                         net (fo=1, routed)           0.000  5388.232    u_core/u_store/u_fabric/u_clb_x4y3/t_115
    SLICE_X58Y20         MUXF8 (Prop_muxf8_I1_O)      0.088  5388.320 r  u_core/u_store/q_reg_i_12/O
                         net (fo=1, routed)           0.564  5388.884    u_core/u_store/u_fabric/u_clb_x4y3/t_121
    SLICE_X55Y22         LUT5 (Prop_lut5_I0_O)        0.319  5389.203 r  u_core/u_store/q_i_7__2/O
                         net (fo=6, routed)           0.642  5389.845    u_core/u_store/u_fabric/r1259
    SLICE_X57Y26         LUT6 (Prop_lut6_I5_O)        0.124  5389.969 r  u_core/u_store/q_i_13__9/O
                         net (fo=2, routed)           0.589  5390.558    u_core/u_store/q_i_13__9_n_0
    SLICE_X58Y23         LUT3 (Prop_lut3_I2_O)        0.119  5390.677 r  u_core/u_store/q_i_11__10/O
                         net (fo=3, routed)           0.542  5391.219    u_core/u_store/u_fabric/r2175
    SLICE_X58Y15         LUT5 (Prop_lut5_I0_O)        0.355  5391.574 r  u_core/u_store/mem_reg_i_297__0/O
                         net (fo=2, routed)           0.578  5392.152    u_core/u_store/mem_reg_i_297__0_n_0
    SLICE_X61Y12         LUT5 (Prop_lut5_I4_O)        0.124  5392.276 r  u_core/u_store/mem_reg_i_216__0/O
                         net (fo=4, routed)           0.661  5392.937    u_core/u_store/u_fabric/r2424
    SLICE_X65Y19         LUT4 (Prop_lut4_I0_O)        0.124  5393.061 r  u_core/u_store/user_dr[18]_i_55/O
                         net (fo=1, routed)           0.263  5393.324    u_core/u_store/user_dr[18]_i_55_n_0
    SLICE_X65Y19         LUT6 (Prop_lut6_I0_O)        0.124  5393.448 r  u_core/u_store/user_dr[18]_i_27/O
                         net (fo=9, routed)           0.775  5394.223    u_core/u_store/u_fabric/r1920
    SLICE_X53Y20         MUXF7 (Prop_muxf7_S_O)       0.276  5394.499 r  u_core/u_store/user_dr_reg[18]_i_33/O
                         net (fo=1, routed)           0.000  5394.499    u_core/u_store/u_fabric/u_clb_x4y4/t_113
    SLICE_X53Y20         MUXF8 (Prop_muxf8_I1_O)      0.094  5394.593 r  u_core/u_store/user_dr_reg[18]_i_14/O
                         net (fo=5, routed)           0.589  5395.182    u_core/u_store/u_fabric/u_clb_x4y4/t_120
    SLICE_X49Y20         LUT5 (Prop_lut5_I4_O)        0.316  5395.498 r  u_core/u_store/q_i_49__1/O
                         net (fo=1, routed)           0.407  5395.905    u_core/u_store/u_fabric/r1909
    SLICE_X49Y20         LUT6 (Prop_lut6_I5_O)        0.124  5396.029 r  u_core/u_store/q_i_43__1/O
                         net (fo=1, routed)           0.445  5396.474    u_core/u_store/q_i_43__1_n_0
    SLICE_X48Y22         LUT6 (Prop_lut6_I3_O)        0.124  5396.598 r  u_core/u_store/q_i_30__5/O
                         net (fo=3, routed)           0.602  5397.201    u_core/u_store/u_fabric/r2457
    SLICE_X53Y24         LUT6 (Prop_lut6_I1_O)        0.124  5397.325 r  u_core/u_store/mem_reg_i_299/O
                         net (fo=2, routed)           0.414  5397.738    u_core/u_store/mem_reg_i_299_n_0
    SLICE_X53Y24         LUT5 (Prop_lut5_I2_O)        0.124  5397.862 r  u_core/u_store/mem_reg_i_219__0/O
                         net (fo=1, routed)           0.587  5398.449    u_core/u_store/u_fabric/r2183
    SLICE_X48Y23         LUT5 (Prop_lut5_I4_O)        0.124  5398.573 r  u_core/u_store/mem_reg_i_139__0/O
                         net (fo=2, routed)           0.661  5399.234    u_core/u_store/mem_reg_i_139__0_n_0
    SLICE_X45Y16         LUT5 (Prop_lut5_I2_O)        0.124  5399.358 r  u_core/u_store/mem_reg_i_83__0/O
                         net (fo=6, routed)           0.785  5400.143    u_core/u_store/u_fabric/r2420
    SLICE_X55Y12         LUT6 (Prop_lut6_I5_O)        0.124  5400.267 r  u_core/u_store/mem_reg_i_401__0/O
                         net (fo=1, routed)           0.446  5400.713    u_core/u_store/mem_reg_i_401__0_n_0
    SLICE_X54Y9          LUT6 (Prop_lut6_I5_O)        0.124  5400.837 r  u_core/u_store/mem_reg_i_356__0/O
                         net (fo=1, routed)           1.222  5402.059    u_core/u_store/u_fabric/r2381
    SLICE_X88Y6          LUT6 (Prop_lut6_I4_O)        0.124  5402.183 r  u_core/u_store/mem_reg_i_301__0/O
                         net (fo=1, routed)           0.299  5402.482    u_core/u_store/mem_reg_i_301__0_n_0
    SLICE_X88Y5          LUT6 (Prop_lut6_I0_O)        0.124  5402.606 r  u_core/u_store/mem_reg_i_221/O
                         net (fo=3, routed)           0.442  5403.048    u_core/u_store/u_fabric/r2338
    SLICE_X85Y5          LUT6 (Prop_lut6_I2_O)        0.124  5403.172 r  u_core/u_store/mem_reg_i_141__0/O
                         net (fo=10, routed)          1.403  5404.575    u_core/u_store/u_fabric/r2228
    SLICE_X50Y9          LUT6 (Prop_lut6_I5_O)        0.124  5404.699 r  u_core/u_store/c_q[46]_i_8__0/O
                         net (fo=1, routed)           0.000  5404.699    u_core/u_store/c_q[46]_i_8__0_n_0
    SLICE_X50Y9          MUXF7 (Prop_muxf7_I1_O)      0.214  5404.913 r  u_core/u_store/c_q_reg[46]_i_6/O
                         net (fo=1, routed)           0.452  5405.365    u_core/u_store/c_q_reg[46]_i_6_n_0
    SLICE_X50Y9          LUT6 (Prop_lut6_I5_O)        0.297  5405.662 r  u_core/u_store/c_q[46]_i_3__0/O
                         net (fo=14, routed)          2.336  5407.998    u_core/u_store/u_fabric/r2234
    SLICE_X74Y49         LUT6 (Prop_lut6_I5_O)        0.124  5408.122 r  u_core/u_store/c_q[46]_i_1__0/O
                         net (fo=2, routed)           0.437  5408.559    u_core/u_store/drive_reg[214][46]
    SLICE_X77Y48         LUT5 (Prop_lut5_I4_O)        0.124  5408.683 r  u_core/u_store/i__carry__10_i_10/O
                         net (fo=2, routed)           0.440  5409.122    u_core/u_store/i__carry__10_i_10_n_0
    SLICE_X77Y47         LUT6 (Prop_lut6_I5_O)        0.124  5409.246 r  u_core/u_store/i__carry__10_i_5__0/O
                         net (fo=1, routed)           0.000  5409.246    u_core/u_fabric/u_dsp1/u_core/p_q_reg[47]_2[2]
    SLICE_X77Y47         CARRY4 (Prop_carry4_S[2]_O[3])
                                                      0.352  5409.598 r  u_core/u_fabric/u_dsp1/u_core/__10/i__carry__10/O[3]
                         net (fo=4, routed)           1.268  5410.866    u_core/u_store/b_q[17]_i_5__0_0[1]
    SLICE_X90Y37         LUT6 (Prop_lut6_I3_O)        0.306  5411.172 r  u_core/u_store/c_q[39]_i_7__0/O
                         net (fo=17, routed)          0.954  5412.125    u_core/u_store/u_fabric/r2533
    SLICE_X92Y43         LUT6 (Prop_lut6_I5_O)        0.124  5412.250 r  u_core/u_store/c_q[38]_i_2/O
                         net (fo=1, routed)           1.001  5413.251    u_core/u_store/u_fabric/r1807
    SLICE_X85Y50         LUT3 (Prop_lut3_I2_O)        0.118  5413.369 r  u_core/u_store/c_q[38]_i_1__0/O
                         net (fo=2, routed)           0.451  5413.820    u_core/u_store/drive_reg[214][38]
    SLICE_X85Y50         LUT5 (Prop_lut5_I4_O)        0.326  5414.146 r  u_core/u_store/i__carry__8_i_10__0/O
                         net (fo=1, routed)           0.677  5414.823    u_core/u_store/i__carry__8_i_10__0_n_0
    SLICE_X77Y45         LUT5 (Prop_lut5_I4_O)        0.124  5414.947 r  u_core/u_store/i__carry__8_i_6__0/O
                         net (fo=1, routed)           0.000  5414.947    u_core/u_fabric/u_dsp1/u_core/p_q_reg[39]_0[2]
    SLICE_X77Y45         CARRY4 (Prop_carry4_S[2]_O[3])
                                                      0.352  5415.299 r  u_core/u_fabric/u_dsp1/u_core/__10/i__carry__8/O[3]
                         net (fo=4, routed)           0.757  5416.056    u_core/u_fabric/u_dsp1/u_core/D[12]
    SLICE_X74Y43         LUT3 (Prop_lut3_I2_O)        0.332  5416.388 r  u_core/u_fabric/u_dsp1/u_core/mem_reg_i_380/O
                         net (fo=2, routed)           0.652  5417.040    u_core/u_store/d_q_reg[20][61]
    SLICE_X69Y36         LUT5 (Prop_lut5_I1_O)        0.326  5417.366 r  u_core/u_store/a_q[20]_i_18/O
                         net (fo=1, routed)           0.472  5417.837    u_core/u_fabric/m2142/a_q[20]_i_5__0
    SLICE_X78Y36         LUT6 (Prop_lut6_I0_O)        0.124  5417.961 r  u_core/u_fabric/m2142/a_q[20]_i_9/O
                         net (fo=1, routed)           0.417  5418.378    u_core/u_store/a_q[20]_i_2_0
    SLICE_X78Y37         LUT6 (Prop_lut6_I0_O)        0.124  5418.502 r  u_core/u_store/a_q[20]_i_5__0/O
                         net (fo=2, routed)           0.670  5419.173    u_core/u_store/a_q[20]_i_5__0_n_0
    SLICE_X78Y37         LUT5 (Prop_lut5_I2_O)        0.124  5419.297 r  u_core/u_store/a_q[20]_i_2/O
                         net (fo=7, routed)           0.965  5420.262    u_core/u_store/u_fabric/r2542
    SLICE_X89Y48         LUT6 (Prop_lut6_I2_O)        0.124  5420.386 r  u_core/u_store/a_q[20]_i_1__0/O
                         net (fo=2, routed)           0.665  5421.051    u_core/u_store/drive_reg[148][20]
    SLICE_X90Y50         LUT3 (Prop_lut3_I2_O)        0.124  5421.175 r  u_core/u_store/m_c_i_45__0/O
                         net (fo=2, routed)           0.419  5421.594    u_core/u_store/u_fabric/u_dsp1/u_core/a_v__24[20]
    SLICE_X93Y49         LUT3 (Prop_lut3_I2_O)        0.124  5421.718 r  u_core/u_store/m_c_i_23__0/O
                         net (fo=1, routed)           0.683  5422.401    u_core/u_fabric/u_dsp1/u_core/m_c_2[20]
    DSP48_X3Y18          DSP48E1 (Prop_dsp48e1_A[20]_P[5])
                                                      3.841  5426.242 r  u_core/u_fabric/u_dsp1/u_core/m_c/P[5]
                         net (fo=2, routed)           1.732  5427.975    u_core/u_fabric/u_dsp1/u_core/m_c__0[5]
    SLICE_X79Y46         LUT3 (Prop_lut3_I2_O)        0.152  5428.126 r  u_core/u_fabric/u_dsp1/u_core/i__carry__0_i_3__1/O
                         net (fo=2, routed)           0.885  5429.011    u_core/u_fabric/u_dsp1/u_core/m_q_reg[41]_0[5]
    SLICE_X77Y37         CARRY4 (Prop_carry4_DI[1]_CO[3])
                                                      0.709  5429.720 r  u_core/u_fabric/u_dsp1/u_core/__10/i__carry__0/CO[3]
                         net (fo=1, routed)           0.000  5429.720    u_core/u_fabric/u_dsp1/u_core/__10/i__carry__0_n_0
    SLICE_X77Y38         CARRY4 (Prop_carry4_CI_O[2])
                                                      0.256  5429.976 r  u_core/u_fabric/u_dsp1/u_core/__10/i__carry__1/O[2]
                         net (fo=3, routed)           0.509  5430.485    u_core/u_fabric/u_dsp1/u_core/__10/i__carry__1_n_5
    SLICE_X76Y38         LUT3 (Prop_lut3_I2_O)        0.302  5430.787 r  u_core/u_fabric/u_dsp1/u_core/a_q[20]_i_14/O
                         net (fo=2, routed)           0.711  5431.499    u_core/u_fabric/u_dsp1/u_core/dsp_p[58]
    SLICE_X82Y42         LUT5 (Prop_lut5_I4_O)        0.124  5431.623 r  u_core/u_fabric/u_dsp1/u_core/c_q[45]_i_7/O
                         net (fo=1, routed)           0.447  5432.070    u_core/u_store/d_q[1]_i_2_0
    SLICE_X84Y42         LUT6 (Prop_lut6_I5_O)        0.124  5432.194 r  u_core/u_store/c_q[45]_i_4/O
                         net (fo=13, routed)          0.707  5432.901    u_core/u_store/u_fabric/r2531
    SLICE_X74Y40         LUT6 (Prop_lut6_I4_O)        0.124  5433.025 r  u_core/u_store/c_q[42]_i_5__0/O
                         net (fo=1, routed)           0.161  5433.187    u_core/u_store/c_q[42]_i_5__0_n_0
    SLICE_X74Y40         LUT5 (Prop_lut5_I0_O)        0.124  5433.311 r  u_core/u_store/c_q[42]_i_3/O
                         net (fo=13, routed)          0.715  5434.026    u_core/u_store/u_fabric/r2513
    SLICE_X69Y42         LUT4 (Prop_lut4_I3_O)        0.124  5434.150 r  u_core/u_store/d_q[14]_i_3/O
                         net (fo=1, routed)           0.426  5434.576    u_core/u_store/d_q[14]_i_3_n_0
    SLICE_X69Y43         LUT6 (Prop_lut6_I5_O)        0.124  5434.700 r  u_core/u_store/d_q[14]_i_2/O
                         net (fo=1, routed)           0.731  5435.431    u_core/u_store/u_fabric/r847
    SLICE_X60Y45         LUT3 (Prop_lut3_I2_O)        0.124  5435.555 r  u_core/u_store/d_q[14]_i_1/O
                         net (fo=3, routed)           0.947  5436.502    u_core/u_store/drive_reg[115][14]
    SLICE_X58Y42         LUT5 (Prop_lut5_I2_O)        0.124  5436.626 r  u_core/u_store/i__carry__2_i_6__1/O
                         net (fo=1, routed)           0.000  5436.626    u_core/u_fabric/u_dsp0/u_core/m_c_3[2]
    SLICE_X58Y42         CARRY4 (Prop_carry4_S[2]_O[2])
                                                      0.250  5436.876 r  u_core/u_fabric/u_dsp0/u_core/__5/i__carry__2/O[2]
                         net (fo=1, routed)           0.649  5437.525    u_core/u_store/m_c_9[2]
    SLICE_X57Y43         LUT3 (Prop_lut3_I0_O)        0.329  5437.854 r  u_core/u_store/m_c_i_29/O
                         net (fo=1, routed)           1.160  5439.015    u_core/u_fabric/u_dsp0/u_core/A[14]
    DSP48_X2Y16          DSP48E1 (Prop_dsp48e1_A[14]_P[4])
                                                      4.049  5443.064 r  u_core/u_fabric/u_dsp0/u_core/m_c/P[4]
                         net (fo=3, routed)           1.913  5444.977    u_core/u_fabric/u_dsp0/u_core/m_c__0[4]
    SLICE_X61Y35         LUT3 (Prop_lut3_I2_O)        0.150  5445.126 r  u_core/u_fabric/u_dsp0/u_core/i__carry__0_i_4/O
                         net (fo=1, routed)           0.000  5445.126    u_core/u_fabric/u_dsp0/u_core/m_x[4]
    SLICE_X61Y35         CARRY4 (Prop_carry4_DI[0]_O[2])
                                                      0.513  5445.640 r  u_core/u_fabric/u_dsp0/u_core/__10/i__carry__0/O[2]
                         net (fo=4, routed)           0.525  5446.165    u_core/u_fabric/u_dsp0/u_core/g_frame[30].cfg_reg[3882][1]
    SLICE_X60Y35         LUT3 (Prop_lut3_I2_O)        0.302  5446.466 r  u_core/u_fabric/u_dsp0/u_core/c_q[3]_i_5/O
                         net (fo=3, routed)           0.462  5446.928    u_core/u_fabric/u_dsp0/u_core/p_q_reg[46]_0[4]
    SLICE_X60Y32         LUT5 (Prop_lut5_I4_O)        0.124  5447.052 r  u_core/u_fabric/u_dsp0/u_core/p_q[47]_i_13/O
                         net (fo=2, routed)           0.425  5447.477    u_core/u_store/p_q[47]_i_5_0
    SLICE_X57Y32         LUT5 (Prop_lut5_I4_O)        0.124  5447.601 r  u_core/u_store/c_q[21]_i_5/O
                         net (fo=3, routed)           0.345  5447.946    u_core/u_store/u_fabric/r2026
    SLICE_X58Y33         LUT6 (Prop_lut6_I0_O)        0.124  5448.070 r  u_core/u_store/d_q[9]_i_3__0/O
                         net (fo=1, routed)           0.282  5448.353    u_core/u_store/d_q[9]_i_3__0_n_0
    SLICE_X58Y33         LUT6 (Prop_lut6_I0_O)        0.124  5448.477 r  u_core/u_store/d_q[9]_i_2__0/O
                         net (fo=1, routed)           1.258  5449.735    u_core/u_store/u_fabric/r736
    SLICE_X59Y45         LUT3 (Prop_lut3_I2_O)        0.150  5449.885 r  u_core/u_store/d_q[9]_i_1/O
                         net (fo=3, routed)           0.841  5450.726    u_core/u_store/drive_reg[115][9]
    SLICE_X58Y41         LUT5 (Prop_lut5_I2_O)        0.326  5451.052 r  u_core/u_store/i__carry__1_i_7__1/O
                         net (fo=1, routed)           0.000  5451.052    u_core/u_fabric/u_dsp0/u_core/m_c_2[1]
    SLICE_X58Y41         CARRY4 (Prop_carry4_S[1]_O[3])
                                                      0.643  5451.695 r  u_core/u_fabric/u_dsp0/u_core/__5/i__carry__1/O[3]
                         net (fo=1, routed)           0.658  5452.354    u_core/u_store/m_c_11[3]
    SLICE_X59Y41         LUT3 (Prop_lut3_I0_O)        0.307  5452.661 r  u_core/u_store/m_c_i_32/O
                         net (fo=1, routed)           1.318  5453.979    u_core/u_fabric/u_dsp0/u_core/A[11]
    DSP48_X2Y16          DSP48E1 (Prop_dsp48e1_A[11]_P[5])
                                                      3.841  5457.820 r  u_core/u_fabric/u_dsp0/u_core/m_c/P[5]
                         net (fo=3, routed)           1.821  5459.641    u_core/u_fabric/u_dsp0/u_core/m_c__0[5]
    SLICE_X61Y35         LUT3 (Prop_lut3_I2_O)        0.152  5459.792 r  u_core/u_fabric/u_dsp0/u_core/i__carry__0_i_3/O
                         net (fo=1, routed)           0.000  5459.792    u_core/u_fabric/u_dsp0/u_core/m_x[5]
    SLICE_X61Y35         CARRY4 (Prop_carry4_DI[1]_CO[3])
                                                      0.470  5460.263 r  u_core/u_fabric/u_dsp0/u_core/__10/i__carry__0/CO[3]
                         net (fo=1, routed)           0.000  5460.263    u_core/u_fabric/u_dsp0/u_core/__10/i__carry__0_n_0
    SLICE_X61Y36         CARRY4 (Prop_carry4_CI_O[3])
                                                      0.329  5460.592 r  u_core/u_fabric/u_dsp0/u_core/__10/i__carry__1/O[3]
                         net (fo=3, routed)           0.723  5461.314    u_core/u_fabric/u_dsp0/u_core/__10/i__carry__1_n_4
    SLICE_X64Y39         LUT3 (Prop_lut3_I2_O)        0.306  5461.621 r  u_core/u_fabric/u_dsp0/u_core/a_q[21]_i_12/O
                         net (fo=2, routed)           0.599  5462.220    u_core/u_fabric/u_dsp0/u_core/dsp_p[11]
    SLICE_X69Y41         LUT5 (Prop_lut5_I4_O)        0.124  5462.344 r  u_core/u_fabric/u_dsp0/u_core/c_q[7]_i_7/O
                         net (fo=1, routed)           0.433  5462.777    u_core/u_store/m_q[42]_i_3_0
    SLICE_X69Y41         LUT5 (Prop_lut5_I4_O)        0.124  5462.901 r  u_core/u_store/c_q[7]_i_4/O
                         net (fo=9, routed)           0.832  5463.732    u_core/u_store/u_fabric/r2529
    SLICE_X57Y35         LUT6 (Prop_lut6_I0_O)        0.124  5463.856 r  u_core/u_store/led_OBUF[0]_inst_i_4/O
                         net (fo=6, routed)           0.632  5464.489    u_core/u_store/u_fabric/r2511
    SLICE_X55Y33         LUT4 (Prop_lut4_I2_O)        0.124  5464.613 r  u_core/u_store/d_q[13]_i_3/O
                         net (fo=1, routed)           0.263  5464.876    u_core/u_store/d_q[13]_i_3_n_0
    SLICE_X55Y33         LUT6 (Prop_lut6_I0_O)        0.124  5465.000 r  u_core/u_store/d_q[13]_i_2/O
                         net (fo=1, routed)           0.994  5465.994    u_core/u_store/u_fabric/r716
    SLICE_X59Y45         LUT3 (Prop_lut3_I2_O)        0.124  5466.118 r  u_core/u_store/d_q[13]_i_1/O
                         net (fo=3, routed)           0.734  5466.852    u_core/u_store/drive_reg[115][13]
    SLICE_X58Y42         LUT5 (Prop_lut5_I2_O)        0.124  5466.976 r  u_core/u_store/i__carry__2_i_7__1/O
                         net (fo=1, routed)           0.000  5466.976    u_core/u_fabric/u_dsp0/u_core/m_c_3[1]
    SLICE_X58Y42         CARRY4 (Prop_carry4_S[1]_O[1])
                                                      0.230  5467.206 r  u_core/u_fabric/u_dsp0/u_core/__5/i__carry__2/O[1]
                         net (fo=1, routed)           0.499  5467.705    u_core/u_store/m_c_9[1]
    SLICE_X59Y42         LUT3 (Prop_lut3_I0_O)        0.306  5468.011 r  u_core/u_store/m_c_i_30/O
                         net (fo=1, routed)           1.366  5469.377    u_core/u_fabric/u_dsp0/u_core/A[13]
    DSP48_X2Y16          DSP48E1 (Prop_dsp48e1_A[13]_P[8])
                                                      3.841  5473.218 r  u_core/u_fabric/u_dsp0/u_core/m_c/P[8]
                         net (fo=3, routed)           1.834  5475.052    u_core/u_fabric/u_dsp0/u_core/m_c__0[8]
    SLICE_X61Y36         LUT3 (Prop_lut3_I2_O)        0.150  5475.202 r  u_core/u_fabric/u_dsp0/u_core/i__carry__1_i_4/O
                         net (fo=1, routed)           0.000  5475.202    u_core/u_fabric/u_dsp0/u_core/m_x[8]
    SLICE_X61Y36         CARRY4 (Prop_carry4_DI[0]_O[2])
                                                      0.513  5475.715 r  u_core/u_fabric/u_dsp0/u_core/__10/i__carry__1/O[2]
                         net (fo=4, routed)           0.448  5476.163    u_core/u_fabric/u_dsp0/u_core/g_frame[30].cfg_reg[3882][3]
    SLICE_X64Y36         LUT3 (Prop_lut3_I2_O)        0.302  5476.465 r  u_core/u_fabric/u_dsp0/u_core/c_q[37]_i_7/O
                         net (fo=1, routed)           0.480  5476.945    u_core/u_fabric/u_dsp0/u_core/dsp_p[10]
    SLICE_X56Y35         LUT5 (Prop_lut5_I4_O)        0.124  5477.069 r  u_core/u_fabric/u_dsp0/u_core/c_q[37]_i_5/O
                         net (fo=1, routed)           0.000  5477.069    u_core/u_store/mem_reg_i_181_0
    SLICE_X56Y35         MUXF7 (Prop_muxf7_I0_O)      0.212  5477.281 r  u_core/u_store/c_q_reg[37]_i_3/O
                         net (fo=5, routed)           0.611  5477.893    u_core/u_store/u_fabric/r2527
    SLICE_X56Y36         LUT6 (Prop_lut6_I0_O)        0.299  5478.191 r  u_core/u_store/mem_reg_i_181/O
                         net (fo=14, routed)          2.011  5480.203    u_core/u_store/u_fabric/r2009
    SLICE_X69Y4          LUT6 (Prop_lut6_I5_O)        0.124  5480.327 r  u_core/u_store/mem_reg_i_274__0/O
                         net (fo=1, routed)           0.264  5480.591    u_core/u_store/mem_reg_i_274__0_n_0
    SLICE_X69Y4          LUT5 (Prop_lut5_I2_O)        0.124  5480.715 r  u_core/u_store/mem_reg_i_167/O
                         net (fo=8, routed)           1.484  5482.198    u_core/u_store/u_fabric/r1997
    SLICE_X94Y19         LUT6 (Prop_lut6_I5_O)        0.124  5482.322 r  u_core/u_store/capture_reg_i_8__0/O
                         net (fo=2, routed)           0.670  5482.993    u_core/u_store/capture_reg_i_8__0_n_0
    SLICE_X94Y19         LUT5 (Prop_lut5_I2_O)        0.124  5483.117 r  u_core/u_store/capture_reg_i_4/O
                         net (fo=5, routed)           0.475  5483.592    u_core/u_store/u_fabric/r1979
    SLICE_X96Y22         LUT6 (Prop_lut6_I2_O)        0.124  5483.716 r  u_core/u_store/din_qa[15]_i_21/O
                         net (fo=1, routed)           0.466  5484.182    u_core/u_store/din_qa[15]_i_21_n_0
    SLICE_X96Y22         LUT5 (Prop_lut5_I4_O)        0.124  5484.306 r  u_core/u_store/din_qa[15]_i_19/O
                         net (fo=2, routed)           0.636  5484.941    u_core/u_store/u_fabric/r2322
    SLICE_X97Y19         LUT6 (Prop_lut6_I0_O)        0.124  5485.065 r  u_core/u_store/q_i_18__3/O
                         net (fo=1, routed)           0.000  5485.065    u_core/u_store/q_i_18__3_n_0
    SLICE_X97Y19         MUXF7 (Prop_muxf7_I1_O)      0.217  5485.282 r  u_core/u_store/q_reg_i_13__1/O
                         net (fo=2, routed)           0.424  5485.706    u_core/u_store/q_reg_i_13__1_n_0
    SLICE_X99Y19         LUT6 (Prop_lut6_I3_O)        0.299  5486.005 r  u_core/u_store/mem_reg_i_288/O
                         net (fo=1, routed)           0.701  5486.706    u_core/u_store/mem_reg_i_288_n_0
    SLICE_X100Y12        LUT6 (Prop_lut6_I1_O)        0.124  5486.830 r  u_core/u_store/mem_reg_i_182/O
                         net (fo=8, routed)           0.828  5487.658    u_core/u_store/u_fabric/r1986
    SLICE_X90Y15         LUT5 (Prop_lut5_I1_O)        0.124  5487.782 r  u_core/u_store/mem_reg_i_337__0/O
                         net (fo=2, routed)           1.277  5489.059    u_core/u_store/mem_reg_i_337__0_n_0
    SLICE_X71Y22         LUT6 (Prop_lut6_I3_O)        0.124  5489.183 r  u_core/u_store/user_dr[7]_i_43/O
                         net (fo=2, routed)           0.735  5489.918    u_core/u_store/u_fabric/r2440
    SLICE_X66Y26         LUT4 (Prop_lut4_I0_O)        0.124  5490.042 r  u_core/u_store/user_dr[7]_i_30/O
                         net (fo=1, routed)           0.282  5490.325    u_core/u_store/user_dr[7]_i_30_n_0
    SLICE_X66Y26         LUT6 (Prop_lut6_I5_O)        0.124  5490.449 r  u_core/u_store/user_dr[7]_i_17/O
                         net (fo=15, routed)          0.601  5491.050    u_core/u_store/u_fabric/r331
    SLICE_X71Y28         LUT6 (Prop_lut6_I4_O)        0.124  5491.174 r  u_core/u_store/user_dr[7]_i_5/O
                         net (fo=1, routed)           0.599  5491.773    u_core/u_store/u_fabric/u_clb_x5y1/t_115
    SLICE_X77Y28         LUT5 (Prop_lut5_I0_O)        0.124  5491.897 r  u_core/u_store/user_dr[7]_i_3/O
                         net (fo=7, routed)           0.622  5492.519    u_core/u_store/u_fabric/r321
    SLICE_X71Y27         LUT6 (Prop_lut6_I5_O)        0.124  5492.643 r  u_core/u_store/c_q[43]_i_18/O
                         net (fo=1, routed)           0.500  5493.143    u_core/u_store/c_q[43]_i_18_n_0
    SLICE_X58Y27         LUT6 (Prop_lut6_I4_O)        0.124  5493.267 r  u_core/u_store/c_q[43]_i_15/O
                         net (fo=1, routed)           0.286  5493.553    u_core/u_store/c_q[43]_i_15_n_0
    SLICE_X58Y27         LUT5 (Prop_lut5_I2_O)        0.124  5493.677 r  u_core/u_store/c_q[43]_i_11/O
                         net (fo=1, routed)           0.591  5494.269    u_core/u_store/c_q[43]_i_11_n_0
    SLICE_X53Y27         LUT6 (Prop_lut6_I2_O)        0.124  5494.393 r  u_core/u_store/c_q[43]_i_6/O
                         net (fo=3, routed)           0.329  5494.721    u_core/u_store/u_fabric/r2464
    SLICE_X52Y29         LUT6 (Prop_lut6_I3_O)        0.124  5494.845 r  u_core/u_store/mem_reg_i_336/O
                         net (fo=1, routed)           0.699  5495.544    u_core/u_store/mem_reg_i_336_n_0
    SLICE_X65Y29         LUT6 (Prop_lut6_I2_O)        0.124  5495.668 r  u_core/u_store/mem_reg_i_264__0/O
                         net (fo=5, routed)           0.900  5496.568    u_core/u_store/u_fabric/r2197
    SLICE_X59Y17         LUT5 (Prop_lut5_I2_O)        0.124  5496.692 r  u_core/u_store/mem_reg_i_433/O
                         net (fo=1, routed)           0.000  5496.692    u_core/u_store/mem_reg_i_433_n_0
    SLICE_X59Y17         MUXF7 (Prop_muxf7_I1_O)      0.217  5496.909 r  u_core/u_store/mem_reg_i_339/O
                         net (fo=2, routed)           0.448  5497.357    u_core/u_store/mem_reg_i_339_n_0
    SLICE_X59Y17         LUT6 (Prop_lut6_I5_O)        0.299  5497.656 r  u_core/u_store/mem_reg_i_225__0/O
                         net (fo=13, routed)          0.513  5498.169    u_core/u_store/u_fabric/r2405
    SLICE_X64Y17         LUT5 (Prop_lut5_I3_O)        0.124  5498.293 r  u_core/u_store/c_q[42]_i_6__0/O
                         net (fo=5, routed)           0.828  5499.121    u_core/u_store/u_fabric/r2076
    SLICE_X75Y23         LUT6 (Prop_lut6_I5_O)        0.124  5499.245 r  u_core/u_store/q_i_14__0/O
                         net (fo=1, routed)           0.264  5499.509    u_core/u_store/q_i_14__0_n_0
    SLICE_X75Y23         LUT6 (Prop_lut6_I3_O)        0.124  5499.633 r  u_core/u_store/q_i_7__4/O
                         net (fo=3, routed)           0.556  5500.190    u_core/u_store/u_fabric/r2084
    SLICE_X74Y30         LUT6 (Prop_lut6_I0_O)        0.124  5500.314 r  u_core/u_store/mem_reg_i_350/O
                         net (fo=2, routed)           0.313  5500.626    u_core/u_store/mem_reg_i_350_n_0
    SLICE_X76Y30         LUT5 (Prop_lut5_I2_O)        0.124  5500.750 r  u_core/u_store/mem_reg_i_240/O
                         net (fo=5, routed)           0.588  5501.339    u_core/u_store/u_fabric/r2485
    SLICE_X77Y30         LUT3 (Prop_lut3_I2_O)        0.124  5501.463 r  u_core/u_store/mem_reg_i_133/O
                         net (fo=2, routed)           0.790  5502.253    u_core/u_store/mem_reg_i_133_n_0
    SLICE_X77Y22         LUT5 (Prop_lut5_I0_O)        0.124  5502.377 r  u_core/u_store/mem_reg_i_73__0/O
                         net (fo=10, routed)          1.058  5503.435    u_core/u_store/u_fabric/r2003
    SLICE_X69Y9          LUT6 (Prop_lut6_I5_O)        0.124  5503.559 r  u_core/u_store/mem_reg_i_377/O
                         net (fo=1, routed)           0.000  5503.559    u_core/u_store/mem_reg_i_377_n_0
    SLICE_X69Y9          MUXF7 (Prop_muxf7_I1_O)      0.217  5503.776 r  u_core/u_store/mem_reg_i_262__0/O
                         net (fo=2, routed)           0.449  5504.225    u_core/u_store/mem_reg_i_262__0_n_0
    SLICE_X69Y9          LUT6 (Prop_lut6_I5_O)        0.299  5504.524 r  u_core/u_store/mem_reg_i_299__0/O
                         net (fo=10, routed)          1.808  5506.332    u_core/u_store/u_fabric/r1989
    SLICE_X106Y23        LUT5 (Prop_lut5_I3_O)        0.124  5506.456 r  u_core/u_store/user_dr[4]_i_19/O
                         net (fo=1, routed)           0.159  5506.614    u_core/u_store/user_dr[4]_i_19_n_0
    SLICE_X106Y23        LUT6 (Prop_lut6_I5_O)        0.124  5506.738 r  u_core/u_store/user_dr[4]_i_6/O
                         net (fo=6, routed)           1.086  5507.825    u_core/u_store/u_fabric/r45
    SLICE_X100Y20        LUT6 (Prop_lut6_I4_O)        0.124  5507.949 r  u_core/u_store/q_i_31__4/O
                         net (fo=7, routed)           0.923  5508.871    u_core/u_store/u_fabric/r2030
    SLICE_X88Y19         LUT6 (Prop_lut6_I5_O)        0.124  5508.995 r  u_core/u_store/mem_reg_i_347__0/O
                         net (fo=1, routed)           0.592  5509.587    u_core/u_store/mem_reg_i_347__0_n_0
    SLICE_X80Y19         LUT5 (Prop_lut5_I2_O)        0.124  5509.711 r  u_core/u_store/mem_reg_i_232__0/O
                         net (fo=5, routed)           0.643  5510.354    u_core/u_store/u_fabric/r2343
    SLICE_X88Y16         LUT4 (Prop_lut4_I2_O)        0.124  5510.479 r  u_core/u_store/q_i_27__2/O
                         net (fo=1, routed)           0.159  5510.637    u_core/u_store/q_i_27__2_n_0
    SLICE_X88Y16         LUT6 (Prop_lut6_I0_O)        0.124  5510.761 r  u_core/u_store/q_i_13__4/O
                         net (fo=2, routed)           0.310  5511.072    u_core/u_store/u_fabric/r72
    SLICE_X87Y17         LUT5 (Prop_lut5_I3_O)        0.124  5511.196 r  u_core/u_store/q_i_6/O
                         net (fo=6, routed)           0.630  5511.826    u_core/u_store/u_fabric/r67
    SLICE_X86Y17         LUT6 (Prop_lut6_I5_O)        0.124  5511.950 r  u_core/u_store/q_i_7__14/O
                         net (fo=1, routed)           0.433  5512.383    u_core/u_store/u_fabric/u_clb_x2y1/lut_o6
    SLICE_X87Y18         LUT5 (Prop_lut5_I4_O)        0.124  5512.507 r  u_core/u_store/q_i_3__0/O
                         net (fo=2, routed)           0.973  5513.480    u_core/u_store/u_fabric/u_clb_x2y1/comb
    SLICE_X90Y27         LUT3 (Prop_lut3_I2_O)        0.124  5513.604 r  u_core/u_store/user_dr[5]_i_2/O
                         net (fo=4, routed)           0.569  5514.173    u_core/u_store/q_reg_0[0]
    SLICE_X93Y20         LUT6 (Prop_lut6_I5_O)        0.124  5514.297 r  u_core/u_store/mem_reg_i_212/O
                         net (fo=1, routed)           0.553  5514.851    u_core/u_store/mem_reg_i_212_n_0
    SLICE_X89Y21         LUT6 (Prop_lut6_I5_O)        0.124  5514.975 r  u_core/u_store/mem_reg_i_114/O
                         net (fo=20, routed)          1.047  5516.022    u_core/u_store/u_fabric/r2342
    SLICE_X88Y6          LUT6 (Prop_lut6_I5_O)        0.124  5516.146 r  u_core/u_store/user_dr[8]_i_57/O
                         net (fo=1, routed)           0.571  5516.717    u_core/u_store/user_dr[8]_i_57_n_0
    SLICE_X88Y3          LUT6 (Prop_lut6_I0_O)        0.124  5516.841 r  u_core/u_store/user_dr[8]_i_43/O
                         net (fo=1, routed)           0.433  5517.274    u_core/u_store/user_dr[8]_i_43_n_0
    SLICE_X88Y3          LUT5 (Prop_lut5_I0_O)        0.124  5517.398 r  u_core/u_store/user_dr[8]_i_17/O
                         net (fo=12, routed)          1.226  5518.625    u_core/u_store/u_fabric/r2313
    SLICE_X104Y13        LUT6 (Prop_lut6_I5_O)        0.124  5518.749 r  u_core/u_store/q_i_46__3/O
                         net (fo=1, routed)           0.171  5518.919    u_core/u_store/q_i_46__3_n_0
    SLICE_X104Y13        LUT5 (Prop_lut5_I4_O)        0.124  5519.043 r  u_core/u_store/q_i_23__1/O
                         net (fo=2, routed)           0.293  5519.336    u_core/u_store/q_i_23__1_n_0
    SLICE_X104Y13        LUT5 (Prop_lut5_I0_O)        0.124  5519.460 r  u_core/u_store/q_i_11__7/O
                         net (fo=3, routed)           0.799  5520.259    u_core/u_store/u_fabric/r2091
    SLICE_X107Y11        LUT6 (Prop_lut6_I5_O)        0.124  5520.383 r  u_core/u_store/capture_reg_i_4__1/O
                         net (fo=5, routed)           0.844  5521.227    u_core/u_store/u_fabric/r2292
    SLICE_X101Y12        LUT4 (Prop_lut4_I2_O)        0.124  5521.351 r  u_core/u_store/mem_reg_i_321/O
                         net (fo=2, routed)           0.275  5521.625    u_core/u_store/mem_reg_i_321_n_0
    SLICE_X101Y12        LUT6 (Prop_lut6_I5_O)        0.124  5521.750 r  u_core/u_store/mem_reg_i_235__0/O
                         net (fo=4, routed)           0.963  5522.712    u_core/u_store/u_fabric/r2224
    SLICE_X93Y6          LUT4 (Prop_lut4_I1_O)        0.124  5522.836 r  u_core/u_store/capture_reg_i_22/O
                         net (fo=2, routed)           0.577  5523.413    u_core/u_store/u_fabric/r2339
    SLICE_X91Y4          LUT3 (Prop_lut3_I1_O)        0.124  5523.537 r  u_core/u_store/capture_reg_i_18/O
                         net (fo=1, routed)           0.402  5523.939    u_core/u_store/capture_reg_i_18_n_0
    SLICE_X91Y4          LUT6 (Prop_lut6_I4_O)        0.124  5524.063 r  u_core/u_store/capture_reg_i_12__2/O
                         net (fo=3, routed)           0.328  5524.391    u_core/u_store/capture_reg_i_12__2_n_0
    SLICE_X92Y4          LUT5 (Prop_lut5_I0_O)        0.124  5524.515 r  u_core/u_store/mem_reg_i_369/O
                         net (fo=1, routed)           0.289  5524.804    u_core/u_store/u_fabric/r2161
    SLICE_X93Y5          LUT5 (Prop_lut5_I0_O)        0.124  5524.928 r  u_core/u_store/mem_reg_i_312/O
                         net (fo=1, routed)           0.151  5525.080    u_core/u_store/mem_reg_i_312_n_0
    SLICE_X93Y5          LUT6 (Prop_lut6_I3_O)        0.124  5525.204 r  u_core/u_store/mem_reg_i_226__0/O
                         net (fo=1, routed)           0.669  5525.873    u_core/u_store/mem_reg_i_226__0_n_0
    SLICE_X87Y3          LUT6 (Prop_lut6_I4_O)        0.124  5525.997 r  u_core/u_store/mem_reg_i_149__0/O
                         net (fo=13, routed)          1.880  5527.876    u_core/u_store/u_fabric/r2232
    SLICE_X48Y20         LUT6 (Prop_lut6_I5_O)        0.124  5528.000 r  u_core/u_store/d_q[20]_i_8/O
                         net (fo=2, routed)           0.511  5528.511    u_core/u_store/d_q[20]_i_8_n_0
    SLICE_X49Y20         LUT5 (Prop_lut5_I2_O)        0.124  5528.635 r  u_core/u_store/d_q[20]_i_4__0/O
                         net (fo=12, routed)          0.994  5529.629    u_core/u_store/u_fabric/r2242
    SLICE_X65Y25         LUT6 (Prop_lut6_I3_O)        0.124  5529.753 r  u_core/u_store/c_q[16]_i_6/O
                         net (fo=1, routed)           0.263  5530.017    u_core/u_store/c_q[16]_i_6_n_0
    SLICE_X65Y25         LUT6 (Prop_lut6_I2_O)        0.124  5530.141 r  u_core/u_store/c_q[16]_i_4/O
                         net (fo=10, routed)          0.862  5531.003    u_core/u_store/u_fabric/r2134
    SLICE_X79Y32         LUT6 (Prop_lut6_I3_O)        0.124  5531.127 r  u_core/u_store/mem_reg_i_382/O
                         net (fo=1, routed)           0.000  5531.127    u_core/u_store/mem_reg_i_382_n_0
    SLICE_X79Y32         MUXF7 (Prop_muxf7_I0_O)      0.212  5531.339 r  u_core/u_store/mem_reg_i_326/O
                         net (fo=2, routed)           0.307  5531.646    u_core/u_store/mem_reg_i_326_n_0
    SLICE_X77Y32         LUT5 (Prop_lut5_I0_O)        0.299  5531.944 r  u_core/u_store/mem_reg_i_243__0/O
                         net (fo=11, routed)          0.967  5532.912    u_core/u_store/u_fabric/r2498
    SLICE_X64Y27         LUT4 (Prop_lut4_I0_O)        0.124  5533.036 r  u_core/u_store/q_i_11__8/O
                         net (fo=6, routed)           1.029  5534.065    u_core/u_store/u_fabric/r2179
    SLICE_X52Y16         LUT5 (Prop_lut5_I0_O)        0.124  5534.189 r  u_core/u_store/mem_reg_i_182__0/O
                         net (fo=2, routed)           0.572  5534.761    u_core/u_store/mem_reg_i_182__0_n_0
    SLICE_X52Y16         LUT5 (Prop_lut5_I4_O)        0.124  5534.885 r  u_core/u_store/mem_reg_i_106__0/O
                         net (fo=4, routed)           0.809  5535.693    u_core/u_store/u_fabric/r2422
    SLICE_X49Y11         LUT5 (Prop_lut5_I4_O)        0.124  5535.817 r  u_core/u_store/mem_reg_i_236/O
                         net (fo=2, routed)           0.445  5536.262    u_core/u_store/mem_reg_i_236_n_0
    SLICE_X49Y11         LUT5 (Prop_lut5_I0_O)        0.124  5536.386 r  u_core/u_store/mem_reg_i_160/O
                         net (fo=8, routed)           2.131  5538.518    u_core/u_store/u_fabric/r2225
    SLICE_X102Y14        LUT6 (Prop_lut6_I0_O)        0.124  5538.642 r  u_core/u_store/mem_reg_i_136__0/O
                         net (fo=12, routed)          0.875  5539.517    u_core/u_store/u_fabric/r2265
    SLICE_X107Y12        LUT2 (Prop_lut2_I0_O)        0.124  5539.641 r  u_core/u_store/mem_reg_i_74/O
                         net (fo=10, routed)          1.827  5541.467    u_core/u_store/u_fabric/r1984
    SLICE_X73Y16         LUT2 (Prop_lut2_I0_O)        0.118  5541.585 r  u_core/u_store/mem_reg_i_177__0/O
                         net (fo=17, routed)          0.749  5542.335    u_core/u_store/u_fabric/r2358
    SLICE_X83Y8          LUT6 (Prop_lut6_I3_O)        0.326  5542.661 r  u_core/u_store/q_i_19__3/O
                         net (fo=1, routed)           0.000  5542.661    u_core/u_store/q_i_19__3_n_0
    SLICE_X83Y8          MUXF7 (Prop_muxf7_I1_O)      0.217  5542.878 r  u_core/u_store/q_reg_i_13__0/O
                         net (fo=3, routed)           0.704  5543.583    u_core/u_store/q_reg_i_13__0_n_0
    SLICE_X82Y8          LUT6 (Prop_lut6_I5_O)        0.299  5543.881 r  u_core/u_store/q_i_10__4/O
                         net (fo=10, routed)          1.521  5545.402    u_core/u_store/u_fabric/r2207
    SLICE_X102Y16        LUT6 (Prop_lut6_I1_O)        0.124  5545.526 r  u_core/u_store/q_i_46__2/O
                         net (fo=2, routed)           0.606  5546.132    u_core/u_store/u_fabric/r2036
    SLICE_X99Y15         LUT6 (Prop_lut6_I5_O)        0.124  5546.256 r  u_core/u_store/mem_reg_i_367/O
                         net (fo=2, routed)           0.308  5546.563    u_core/u_store/mem_reg_i_367_n_0
    SLICE_X97Y15         LUT6 (Prop_lut6_I2_O)        0.124  5546.688 r  u_core/u_store/user_dr[13]_i_86/O
                         net (fo=4, routed)           0.639  5547.327    u_core/u_store/user_dr[13]_i_86_n_0
    SLICE_X93Y18         LUT6 (Prop_lut6_I1_O)        0.124  5547.451 r  u_core/u_store/user_dr[13]_i_68/O
                         net (fo=1, routed)           0.000  5547.451    u_core/u_store/u_fabric/u_clb_x2y2/t_79
    SLICE_X93Y18         MUXF7 (Prop_muxf7_I1_O)      0.217  5547.668 r  u_core/u_store/user_dr_reg[13]_i_33/O
                         net (fo=1, routed)           0.000  5547.668    u_core/u_store/u_fabric/u_clb_x2y2/t_103
    SLICE_X93Y18         MUXF8 (Prop_muxf8_I1_O)      0.094  5547.762 r  u_core/u_store/user_dr_reg[13]_i_13/O
                         net (fo=1, routed)           0.765  5548.527    u_core/u_store/u_fabric/u_clb_x2y2/t_115
    SLICE_X88Y14         LUT5 (Prop_lut5_I0_O)        0.316  5548.843 r  u_core/u_store/user_dr[13]_i_7/O
                         net (fo=6, routed)           0.666  5549.509    u_core/u_store/u_fabric/r919
    SLICE_X87Y20         LUT6 (Prop_lut6_I5_O)        0.124  5549.633 r  u_core/u_store/mem_reg_i_365__0/O
                         net (fo=2, routed)           0.688  5550.320    u_core/u_store/mem_reg_i_365__0_n_0
    SLICE_X87Y23         LUT3 (Prop_lut3_I2_O)        0.117  5550.438 r  u_core/u_store/mem_reg_i_251/O
                         net (fo=15, routed)          1.070  5551.508    u_core/u_store/u_fabric/r2114
    SLICE_X77Y14         LUT6 (Prop_lut6_I5_O)        0.332  5551.840 r  u_core/u_store/mem_reg_i_269/O
                         net (fo=1, routed)           0.000  5551.840    u_core/u_store/mem_reg_i_269_n_0
    SLICE_X77Y14         MUXF7 (Prop_muxf7_I0_O)      0.212  5552.052 r  u_core/u_store/mem_reg_i_190__0/O
                         net (fo=2, routed)           1.147  5553.199    u_core/u_store/mem_reg_i_190__0_n_0
    SLICE_X77Y18         LUT5 (Prop_lut5_I0_O)        0.299  5553.498 r  u_core/u_store/mem_reg_i_110__0/O
                         net (fo=9, routed)           1.059  5554.558    u_core/u_store/u_fabric/r2372
    SLICE_X82Y5          LUT4 (Prop_lut4_I0_O)        0.124  5554.682 r  u_core/u_store/user_dr[17]_i_16/O
                         net (fo=2, routed)           0.589  5555.271    u_core/u_store/u_fabric/r1889
    SLICE_X81Y5          LUT5 (Prop_lut5_I3_O)        0.124  5555.395 r  u_core/u_store/user_dr[17]_i_6/O
                         net (fo=2, routed)           0.510  5555.905    u_core/u_store/u_fabric/u_clb_x2y4/lut_o6
    SLICE_X84Y11         LUT5 (Prop_lut5_I4_O)        0.124  5556.029 r  u_core/u_store/user_dr[17]_i_4/O
                         net (fo=2, routed)           0.608  5556.637    u_core/u_store/u_fabric/u_clb_x2y4/cy_sum
    SLICE_X81Y6          LUT5 (Prop_lut5_I0_O)        0.124  5556.761 r  u_core/u_store/user_dr[17]_i_3/O
                         net (fo=4, routed)           0.507  5557.268    u_core/u_store/comb_4
    SLICE_X80Y6          LUT5 (Prop_lut5_I4_O)        0.124  5557.392 r  u_core/u_store/mem_reg_i_271/O
                         net (fo=1, routed)           0.490  5557.882    u_core/u_store/mem_reg_i_271_n_0
    SLICE_X80Y6          LUT6 (Prop_lut6_I2_O)        0.124  5558.006 r  u_core/u_store/mem_reg_i_193/O
                         net (fo=9, routed)           0.649  5558.654    u_core/u_store/u_fabric/r2375
    SLICE_X84Y10         LUT4 (Prop_lut4_I3_O)        0.124  5558.778 r  u_core/u_store/q_i_19__2/O
                         net (fo=3, routed)           0.754  5559.533    u_core/u_store/u_fabric/r2171
    SLICE_X89Y2          LUT6 (Prop_lut6_I3_O)        0.124  5559.657 r  u_core/u_store/c_q[47]_i_21/O
                         net (fo=1, routed)           0.433  5560.090    u_core/u_store/c_q[47]_i_21_n_0
    SLICE_X89Y2          LUT5 (Prop_lut5_I4_O)        0.124  5560.214 r  u_core/u_store/c_q[47]_i_13/O
                         net (fo=2, routed)           0.549  5560.763    u_core/u_store/c_q[47]_i_13_n_0
    SLICE_X87Y2          LUT3 (Prop_lut3_I0_O)        0.124  5560.887 r  u_core/u_store/c_q[47]_i_10__0/O
                         net (fo=3, routed)           0.592  5561.478    u_core/u_store/u_fabric/r2336
    SLICE_X84Y3          LUT6 (Prop_lut6_I3_O)        0.124  5561.602 r  u_core/u_store/user_dr[17]_i_41/O
                         net (fo=16, routed)          0.546  5562.148    u_core/u_store/u_fabric/r1892
    SLICE_X85Y8          LUT6 (Prop_lut6_I4_O)        0.124  5562.272 r  u_core/u_store/user_dr[17]_i_39/O
                         net (fo=1, routed)           0.000  5562.272    u_core/u_store/u_fabric/u_clb_x2y4/t_99
    SLICE_X85Y8          MUXF7 (Prop_muxf7_I1_O)      0.217  5562.489 r  u_core/u_store/user_dr_reg[17]_i_22/O
                         net (fo=1, routed)           0.000  5562.489    u_core/u_store/u_fabric/u_clb_x2y4/t_113
    SLICE_X85Y8          MUXF8 (Prop_muxf8_I1_O)      0.094  5562.583 r  u_core/u_store/user_dr_reg[17]_i_12/O
                         net (fo=1, routed)           0.607  5563.190    u_core/u_store/u_fabric/u_clb_x2y4/t_120
    SLICE_X81Y4          LUT6 (Prop_lut6_I5_O)        0.316  5563.506 r  u_core/u_store/user_dr[17]_i_5/O
                         net (fo=5, routed)           0.598  5564.104    u_core/u_store/u_fabric/r1883
    SLICE_X83Y6          LUT6 (Prop_lut6_I5_O)        0.124  5564.229 r  u_core/u_store/q_i_21__6/O
                         net (fo=1, routed)           0.000  5564.229    u_core/u_store/q_i_21__6_n_0
    SLICE_X83Y6          MUXF7 (Prop_muxf7_I0_O)      0.212  5564.440 r  u_core/u_store/q_reg_i_20/O
                         net (fo=4, routed)           1.062  5565.502    u_core/u_store/u_fabric/r2215
    SLICE_X93Y6          LUT2 (Prop_lut2_I1_O)        0.325  5565.828 r  u_core/u_store/q_i_15__6/O
                         net (fo=8, routed)           0.475  5566.303    u_core/u_store/u_fabric/r2285
    SLICE_X91Y8          LUT6 (Prop_lut6_I5_O)        0.326  5566.629 r  u_core/u_store/mem_reg_i_212__0/O
                         net (fo=1, routed)           0.820  5567.449    u_core/u_store/mem_reg_i_212__0_n_0
    SLICE_X95Y19         LUT5 (Prop_lut5_I0_O)        0.124  5567.573 r  u_core/u_store/mem_reg_i_129__0/O
                         net (fo=7, routed)           0.905  5568.479    u_core/u_store/u_fabric/r2271
    SLICE_X106Y16        LUT4 (Prop_lut4_I3_O)        0.124  5568.603 r  u_core/u_store/mem_reg_i_74__0/O
                         net (fo=16, routed)          0.746  5569.349    u_core/u_store/u_fabric/r2098
    SLICE_X105Y20        LUT6 (Prop_lut6_I5_O)        0.124  5569.473 r  u_core/u_store/user_dr[4]_i_38/O
                         net (fo=1, routed)           0.578  5570.051    u_core/u_store/user_dr[4]_i_38_n_0
    SLICE_X106Y20        LUT5 (Prop_lut5_I2_O)        0.124  5570.175 r  u_core/u_store/user_dr[4]_i_18/O
                         net (fo=7, routed)           0.962  5571.137    u_core/u_store/u_fabric/r2319
    SLICE_X91Y21         LUT6 (Prop_lut6_I3_O)        0.124  5571.261 r  u_core/u_store/mem_reg_i_336__0/O
                         net (fo=2, routed)           0.927  5572.188    u_core/u_store/mem_reg_i_336__0_n_0
    SLICE_X71Y22         LUT3 (Prop_lut3_I0_O)        0.124  5572.312 r  u_core/u_store/mem_reg_i_224/O
                         net (fo=11, routed)          0.507  5572.819    u_core/u_store/u_fabric/r2002
    SLICE_X61Y22         LUT6 (Prop_lut6_I5_O)        0.124  5572.943 r  u_core/u_store/mem_reg_i_424/O
                         net (fo=1, routed)           0.403  5573.346    u_core/u_store/mem_reg_i_424_n_0
    SLICE_X61Y21         LUT6 (Prop_lut6_I0_O)        0.124  5573.470 r  u_core/u_store/mem_reg_i_312__0/O
                         net (fo=2, routed)           0.655  5574.125    u_core/u_store/u_fabric/r2077
    SLICE_X67Y24         LUT6 (Prop_lut6_I2_O)        0.124  5574.249 r  u_core/u_store/mem_reg_i_441__0/O
                         net (fo=1, routed)           0.000  5574.249    u_core/u_store/mem_reg_i_441__0_n_0
    SLICE_X67Y24         MUXF7 (Prop_muxf7_I0_O)      0.212  5574.461 r  u_core/u_store/mem_reg_i_362__0/O
                         net (fo=2, routed)           1.339  5575.800    u_core/u_store/mem_reg_i_362__0_n_0
    SLICE_X67Y7          LUT3 (Prop_lut3_I2_O)        0.299  5576.099 r  u_core/u_store/mem_reg_i_379__0/O
                         net (fo=1, routed)           0.264  5576.363    u_core/u_store/mem_reg_i_379__0_n_0
    SLICE_X67Y7          LUT6 (Prop_lut6_I1_O)        0.124  5576.487 r  u_core/u_store/mem_reg_i_263/O
                         net (fo=1, routed)           0.455  5576.941    u_core/u_store/mem_reg_i_263_n_0
    SLICE_X70Y9          LUT6 (Prop_lut6_I2_O)        0.124  5577.065 r  u_core/u_store/mem_reg_i_161/O
                         net (fo=9, routed)           1.081  5578.146    u_core/u_store/u_fabric/r2346
    SLICE_X91Y10         LUT6 (Prop_lut6_I5_O)        0.124  5578.270 r  u_core/u_store/user_dr[16]_i_63/O
                         net (fo=1, routed)           0.463  5578.733    u_core/u_store/user_dr[16]_i_63_n_0
    SLICE_X97Y10         LUT6 (Prop_lut6_I0_O)        0.124  5578.857 r  u_core/u_store/user_dr[16]_i_42/O
                         net (fo=11, routed)          0.970  5579.827    u_core/u_store/u_fabric/r2328
    SLICE_X106Y18        LUT6 (Prop_lut6_I3_O)        0.124  5579.951 r  u_core/u_store/mem_reg_i_496/O
                         net (fo=2, routed)           0.500  5580.451    u_core/u_store/mem_reg_i_496_n_0
    SLICE_X106Y19        LUT4 (Prop_lut4_I0_O)        0.124  5580.575 r  u_core/u_store/mem_reg_i_475/O
                         net (fo=2, routed)           0.750  5581.325    u_core/u_store/u_fabric/r2099
    SLICE_X103Y14        LUT5 (Prop_lut5_I0_O)        0.124  5581.449 r  u_core/u_store/mem_reg_i_431__0/O
                         net (fo=1, routed)           0.403  5581.852    u_core/u_store/mem_reg_i_431__0_n_0
    SLICE_X103Y13        LUT5 (Prop_lut5_I4_O)        0.124  5581.976 r  u_core/u_store/mem_reg_i_335/O
                         net (fo=6, routed)           0.696  5582.672    u_core/u_store/u_fabric/r2288
    SLICE_X101Y6         LUT2 (Prop_lut2_I0_O)        0.124  5582.796 r  u_core/u_store/mem_reg_i_223__0/O
                         net (fo=9, routed)           1.601  5584.397    u_core/u_store/u_fabric/r2222
    SLICE_X65Y11         LUT6 (Prop_lut6_I3_O)        0.124  5584.521 r  u_core/u_store/din_qa[17]_i_13/O
                         net (fo=1, routed)           0.000  5584.521    u_core/u_store/din_qa[17]_i_13_n_0
    SLICE_X65Y11         MUXF7 (Prop_muxf7_I1_O)      0.217  5584.738 r  u_core/u_store/din_qa_reg[17]_i_9/O
                         net (fo=2, routed)           0.308  5585.046    u_core/u_store/din_qa_reg[17]_i_9_n_0
    SLICE_X65Y12         LUT6 (Prop_lut6_I5_O)        0.299  5585.345 r  u_core/u_store/din_qa[17]_i_5/O
                         net (fo=12, routed)          2.324  5587.669    u_core/u_store/u_fabric/r2238
    SLICE_X90Y46         LUT6 (Prop_lut6_I5_O)        0.124  5587.793 r  u_core/u_store/d_q[10]_i_2__0/O
                         net (fo=1, routed)           0.589  5588.382    u_core/u_store/u_fabric/r1790
    SLICE_X93Y51         LUT3 (Prop_lut3_I2_O)        0.124  5588.506 r  u_core/u_store/d_q[10]_i_1__0/O
                         net (fo=3, routed)           0.783  5589.289    u_core/u_store/drive_reg[239][10]
    SLICE_X92Y46         LUT5 (Prop_lut5_I2_O)        0.124  5589.413 r  u_core/u_store/i__carry__1_i_6__2/O
                         net (fo=1, routed)           0.000  5589.413    u_core/u_fabric/u_dsp1/u_core/m_c_5[2]
    SLICE_X92Y46         CARRY4 (Prop_carry4_S[2]_O[2])
                                                      0.250  5589.663 r  u_core/u_fabric/u_dsp1/u_core/__5/i__carry__1/O[2]
                         net (fo=1, routed)           0.411  5590.074    u_core/u_store/m_c_6[2]
    SLICE_X93Y47         LUT3 (Prop_lut3_I0_O)        0.296  5590.370 r  u_core/u_store/m_c_i_33__0/O
                         net (fo=1, routed)           0.380  5590.750    u_core/u_fabric/u_dsp1/u_core/m_c_2[10]
    DSP48_X3Y18          DSP48E1 (Prop_dsp48e1_A[10]_P[8])
                                                      4.049  5594.799 r  u_core/u_fabric/u_dsp1/u_core/m_c/P[8]
                         net (fo=2, routed)           1.185  5595.983    u_core/u_fabric/u_dsp1/u_core/m_c__0[8]
    SLICE_X82Y47         LUT3 (Prop_lut3_I2_O)        0.124  5596.107 r  u_core/u_fabric/u_dsp1/u_core/i__carry__1_i_4__1/O
                         net (fo=2, routed)           0.875  5596.983    u_core/u_fabric/u_dsp1/u_core/m_q_reg[41]_0[7]
    SLICE_X77Y38         CARRY4 (Prop_carry4_DI[0]_O[1])
                                                      0.420  5597.403 r  u_core/u_fabric/u_dsp1/u_core/__10/i__carry__1/O[1]
                         net (fo=3, routed)           0.599  5598.001    u_core/u_fabric/u_dsp1/u_core/__10/i__carry__1_n_6
    SLICE_X70Y38         LUT3 (Prop_lut3_I2_O)        0.303  5598.305 r  u_core/u_fabric/u_dsp1/u_core/c_q[41]_i_4/O
                         net (fo=3, routed)           0.520  5598.824    u_core/u_fabric/u_dsp1/u_core/p_q_reg[41]_0[5]
    SLICE_X64Y33         LUT5 (Prop_lut5_I4_O)        0.124  5598.948 r  u_core/u_fabric/u_dsp1/u_core/c_q[6]_i_8__0/O
                         net (fo=1, routed)           0.000  5598.948    u_core/u_store/mem_reg_i_322_0
    SLICE_X64Y33         MUXF7 (Prop_muxf7_I0_O)      0.212  5599.160 r  u_core/u_store/c_q_reg[6]_i_6/O
                         net (fo=5, routed)           1.084  5600.244    u_core/u_store/c_q_reg[6]_i_6_n_0
    SLICE_X92Y37         LUT6 (Prop_lut6_I2_O)        0.299  5600.543 r  u_core/u_store/a_q[13]_i_3/O
                         net (fo=1, routed)           0.162  5600.705    u_core/u_store/a_q[13]_i_3_n_0
    SLICE_X92Y37         LUT6 (Prop_lut6_I0_O)        0.124  5600.829 r  u_core/u_store/a_q[13]_i_2/O
                         net (fo=1, routed)           1.126  5601.955    u_core/u_store/u_fabric/r1817
    SLICE_X92Y52         LUT3 (Prop_lut3_I2_O)        0.124  5602.079 r  u_core/u_store/a_q[13]_i_1__0/O
                         net (fo=2, routed)           0.745  5602.825    u_core/u_store/drive_reg[148][13]
    SLICE_X92Y56         LUT3 (Prop_lut3_I2_O)        0.124  5602.949 r  u_core/u_store/m_c_i_52__0/O
                         net (fo=2, routed)           0.954  5603.903    u_core/u_store/u_fabric/u_dsp1/u_core/a_v__24[13]
    SLICE_X92Y47         LUT5 (Prop_lut5_I3_O)        0.124  5604.027 r  u_core/u_store/i__carry__2_i_7__2/O
                         net (fo=1, routed)           0.000  5604.027    u_core/u_fabric/u_dsp1/u_core/m_c_6[1]
    SLICE_X92Y47         CARRY4 (Prop_carry4_S[1]_O[3])
                                                      0.643  5604.670 r  u_core/u_fabric/u_dsp1/u_core/__5/i__carry__2/O[3]
                         net (fo=1, routed)           0.579  5605.249    u_core/u_store/m_c_1[3]
    SLICE_X93Y48         LUT3 (Prop_lut3_I0_O)        0.307  5605.556 r  u_core/u_store/m_c_i_28__0/O
                         net (fo=1, routed)           0.566  5606.122    u_core/u_fabric/u_dsp1/u_core/m_c_2[15]
    DSP48_X3Y18          DSP48E1 (Prop_dsp48e1_A[15]_P[9])
                                                      3.841  5609.962 r  u_core/u_fabric/u_dsp1/u_core/m_c/P[9]
                         net (fo=2, routed)           1.259  5611.221    u_core/u_fabric/u_dsp1/u_core/m_c__0[9]
    SLICE_X81Y47         LUT3 (Prop_lut3_I2_O)        0.124  5611.345 r  u_core/u_fabric/u_dsp1/u_core/i__carry__1_i_3__1/O
                         net (fo=2, routed)           0.949  5612.294    u_core/u_fabric/u_dsp1/u_core/m_q_reg[41]_0[8]
    SLICE_X77Y38         CARRY4 (Prop_carry4_DI[1]_CO[3])
                                                      0.507  5612.801 r  u_core/u_fabric/u_dsp1/u_core/__10/i__carry__1/CO[3]
                         net (fo=1, routed)           0.000  5612.801    u_core/u_fabric/u_dsp1/u_core/__10/i__carry__1_n_0
    SLICE_X77Y39         CARRY4 (Prop_carry4_CI_O[3])
                                                      0.329  5613.130 f  u_core/u_fabric/u_dsp1/u_core/__10/i__carry__2/O[3]
                         net (fo=3, routed)           0.486  5613.617    u_core/u_fabric/u_dsp1/u_core/__10/i__carry__2_n_4
    SLICE_X70Y38         LUT3 (Prop_lut3_I2_O)        0.306  5613.923 f  u_core/u_fabric/u_dsp1/u_core/c_q[47]_i_5/O
                         net (fo=3, routed)           0.589  5614.512    u_core/u_store/d_q_reg[20][49]
    SLICE_X66Y36         LUT6 (Prop_lut6_I5_O)        0.124  5614.636 f  u_core/u_store/c_q[47]_i_2__0/O
                         net (fo=12, routed)          1.376  5616.013    u_core/u_store/r2499
    SLICE_X90Y49         LUT6 (Prop_lut6_I2_O)        0.124  5616.137 f  u_core/u_store/c_q[42]_i_1__0/O
                         net (fo=2, routed)           0.680  5616.816    u_core/u_store/drive_reg[214][42]
    SLICE_X85Y50         LUT6 (Prop_lut6_I0_O)        0.124  5616.940 f  u_core/u_store/i__carry__9_i_9__0/O
                         net (fo=1, routed)           0.803  5617.744    u_core/u_store/i__carry__9_i_9__0_n_0
    SLICE_X80Y46         LUT4 (Prop_lut4_I0_O)        0.124  5617.868 f  u_core/u_store/i__carry__9_i_1__0/O
                         net (fo=4, routed)           0.568  5618.436    u_core/u_store/p_q_reg[42]
    SLICE_X77Y46         LUT1 (Prop_lut1_I0_O)        0.120  5618.556 r  u_core/u_store/i__carry__9_i_2__0/O
                         net (fo=1, routed)           0.000  5618.556    u_core/u_fabric/u_dsp1/u_core/DI[0]
    SLICE_X77Y46         CARRY4 (Prop_carry4_DI[2]_O[3])
                                                      0.401  5618.957 r  u_core/u_fabric/u_dsp1/u_core/__10/i__carry__9/O[3]
                         net (fo=3, routed)           0.413  5619.370    u_core/u_fabric/u_dsp1/u_core/__10/i__carry__9_n_4
    SLICE_X78Y46         LUT3 (Prop_lut3_I2_O)        0.306  5619.676 r  u_core/u_fabric/u_dsp1/u_core/d_q[23]_i_7__0/O
                         net (fo=2, routed)           0.970  5620.646    u_core/u_fabric/u_dsp1/u_core/dsp_p[91]
    SLICE_X90Y39         LUT5 (Prop_lut5_I1_O)        0.124  5620.771 r  u_core/u_fabric/u_dsp1/u_core/d_q[23]_i_4__0/O
                         net (fo=14, routed)          1.316  5622.086    u_core/u_store/r2239
    SLICE_X76Y19         LUT5 (Prop_lut5_I4_O)        0.124  5622.210 r  u_core/u_store/din_qa[17]_i_7/O
                         net (fo=1, routed)           0.622  5622.833    u_core/u_store/din_qa[17]_i_7_n_0
    SLICE_X77Y19         LUT5 (Prop_lut5_I2_O)        0.124  5622.957 r  u_core/u_store/din_qa[17]_i_5__0/O
                         net (fo=11, routed)          1.478  5624.434    u_core/u_store/u_fabric/r2219
    SLICE_X106Y13        LUT4 (Prop_lut4_I3_O)        0.124  5624.558 r  u_core/u_store/user_dr[16]_i_11/O
                         net (fo=11, routed)          1.149  5625.708    u_core/u_store/u_fabric/r2327
    SLICE_X93Y20         LUT6 (Prop_lut6_I1_O)        0.124  5625.832 r  u_core/u_store/user_dr[13]_i_41/O
                         net (fo=16, routed)          0.805  5626.637    u_core/u_store/u_fabric/r929
    SLICE_X84Y14         LUT6 (Prop_lut6_I2_O)        0.124  5626.761 r  u_core/u_store/user_dr[13]_i_77/O
                         net (fo=1, routed)           0.000  5626.761    u_core/u_store/u_fabric/u_clb_x2y2/t_107
    SLICE_X84Y14         MUXF7 (Prop_muxf7_I1_O)      0.217  5626.978 r  u_core/u_store/user_dr_reg[13]_i_47/O
                         net (fo=1, routed)           0.000  5626.978    u_core/u_store/u_fabric/u_clb_x2y2/t_117
    SLICE_X84Y14         MUXF8 (Prop_muxf8_I1_O)      0.094  5627.072 r  u_core/u_store/user_dr_reg[13]_i_20/O
                         net (fo=1, routed)           0.432  5627.504    u_core/u_store/u_fabric/u_clb_x2y2/t_122
    SLICE_X88Y14         LUT5 (Prop_lut5_I4_O)        0.316  5627.820 r  u_core/u_store/user_dr[13]_i_9/O
                         net (fo=2, routed)           0.750  5628.570    u_core/u_store/u_fabric/u_clb_x2y2/t_125
    SLICE_X84Y16         LUT3 (Prop_lut3_I0_O)        0.124  5628.694 r  u_core/u_store/user_dr[9]_i_4/O
                         net (fo=3, routed)           0.286  5628.980    u_core/u_store/u_fabric/u_clb_x2y2/lut_o6
    SLICE_X84Y16         LUT3 (Prop_lut3_I2_O)        0.118  5629.099 r  u_core/u_store/user_dr[9]_i_5/O
                         net (fo=2, routed)           0.455  5629.554    u_core/u_store/user_dr[9]_i_5_n_0
    SLICE_X84Y16         LUT6 (Prop_lut6_I5_O)        0.326  5629.880 r  u_core/u_store/user_dr[9]_i_2/O
                         net (fo=4, routed)           0.475  5630.355    u_core/u_store/q_reg_0[2]
    SLICE_X82Y14         LUT5 (Prop_lut5_I0_O)        0.124  5630.479 r  u_core/u_store/mem_reg_i_327__0/O
                         net (fo=1, routed)           0.000  5630.479    u_core/u_store/mem_reg_i_327__0_n_0
    SLICE_X82Y14         MUXF7 (Prop_muxf7_I0_O)      0.209  5630.688 r  u_core/u_store/mem_reg_i_214/O
                         net (fo=2, routed)           0.479  5631.167    u_core/u_store/mem_reg_i_214_n_0
    SLICE_X82Y15         LUT3 (Prop_lut3_I2_O)        0.297  5631.464 r  u_core/u_store/mem_reg_i_115/O
                         net (fo=10, routed)          0.737  5632.201    u_core/u_store/u_fabric/r2345
    SLICE_X91Y19         LUT5 (Prop_lut5_I1_O)        0.124  5632.325 r  u_core/u_store/q_i_8__9/O
                         net (fo=7, routed)           0.547  5632.872    u_core/u_store/u_fabric/r2033
    SLICE_X96Y20         LUT6 (Prop_lut6_I5_O)        0.124  5632.996 r  u_core/u_store/q_i_26__3/O
                         net (fo=1, routed)           0.439  5633.435    u_core/u_store/q_i_26__3_n_0
    SLICE_X99Y19         LUT6 (Prop_lut6_I0_O)        0.124  5633.559 r  u_core/u_store/q_i_19__4/O
                         net (fo=1, routed)           0.000  5633.559    u_core/u_store/q_i_19__4_n_0
    SLICE_X99Y19         MUXF7 (Prop_muxf7_I0_O)      0.212  5633.771 r  u_core/u_store/q_reg_i_14__2/O
                         net (fo=2, routed)           0.451  5634.222    u_core/u_store/q_reg_i_14__2_n_0
    SLICE_X99Y19         LUT5 (Prop_lut5_I4_O)        0.299  5634.521 r  u_core/u_store/q_i_7__7/O
                         net (fo=2, routed)           0.793  5635.313    u_core/u_store/u_fabric/r2031
    SLICE_X99Y10         LUT5 (Prop_lut5_I4_O)        0.124  5635.437 r  u_core/u_store/mem_reg_i_210/O
                         net (fo=2, routed)           0.000  5635.437    u_core/u_store/mem_reg_i_210_n_0
    SLICE_X99Y10         MUXF7 (Prop_muxf7_I0_O)      0.212  5635.649 r  u_core/u_store/mem_reg_i_128/O
                         net (fo=6, routed)           0.789  5636.438    u_core/u_store/u_fabric/r2286
    SLICE_X98Y6          LUT6 (Prop_lut6_I0_O)        0.299  5636.737 r  u_core/u_store/user_dr[8]_i_24/O
                         net (fo=7, routed)           0.653  5637.390    u_core/u_store/u_fabric/r904
    SLICE_X100Y10        MUXF7 (Prop_muxf7_S_O)       0.292  5637.682 r  u_core/u_store/user_dr_reg[8]_i_11/O
                         net (fo=3, routed)           0.654  5638.336    u_core/u_store/u_fabric/u_clb_x1y2/t_114
    SLICE_X101Y18        LUT5 (Prop_lut5_I4_O)        0.297  5638.633 r  u_core/u_store/mem_reg_i_493/O
                         net (fo=1, routed)           0.295  5638.928    u_core/u_store/u_fabric/u_clb_x1y2/t_121
    SLICE_X101Y17        LUT6 (Prop_lut6_I3_O)        0.124  5639.052 r  u_core/u_store/mem_reg_i_465/O
                         net (fo=1, routed)           1.405  5640.458    u_core/u_store/mem_reg_i_465_n_0
    SLICE_X68Y16         LUT6 (Prop_lut6_I2_O)        0.124  5640.582 r  u_core/u_store/mem_reg_i_396__0/O
                         net (fo=1, routed)           0.322  5640.903    u_core/u_store/mem_reg_i_396__0_n_0
    SLICE_X66Y16         LUT5 (Prop_lut5_I4_O)        0.124  5641.027 r  u_core/u_store/mem_reg_i_297/O
                         net (fo=2, routed)           0.884  5641.911    u_core/u_store/mem_reg_i_297_n_0
    SLICE_X66Y31         LUT6 (Prop_lut6_I5_O)        0.124  5642.035 r  u_core/u_store/mem_reg_i_189/O
                         net (fo=11, routed)          1.099  5643.134    u_core/u_store/u_fabric/r2539
    SLICE_X79Y49         LUT6 (Prop_lut6_I2_O)        0.124  5643.258 r  u_core/u_store/d_q[1]_i_2__0/O
                         net (fo=1, routed)           0.980  5644.238    u_core/u_store/u_fabric/r1678
    SLICE_X90Y49         LUT3 (Prop_lut3_I2_O)        0.124  5644.362 r  u_core/u_store/d_q[1]_i_1__0/O
                         net (fo=3, routed)           0.765  5645.127    u_core/u_store/drive_reg[239][1]
    SLICE_X92Y44         LUT5 (Prop_lut5_I2_O)        0.124  5645.251 r  u_core/u_store/i__carry_i_7__2/O
                         net (fo=1, routed)           0.000  5645.251    u_core/u_fabric/u_dsp1/u_core/m_c_3[1]
    SLICE_X92Y44         CARRY4 (Prop_carry4_S[1]_O[3])
                                                      0.643  5645.894 r  u_core/u_fabric/u_dsp1/u_core/__5/i__carry/O[3]
                         net (fo=1, routed)           0.659  5646.554    u_core/u_store/m_c_3[3]
    SLICE_X93Y44         LUT3 (Prop_lut3_I0_O)        0.307  5646.861 r  u_core/u_store/m_c_i_40__0/O
                         net (fo=1, routed)           0.387  5647.248    u_core/u_fabric/u_dsp1/u_core/m_c_2[3]
    DSP48_X3Y18          DSP48E1 (Prop_dsp48e1_A[3]_P[12])
                                                      3.841  5651.089 r  u_core/u_fabric/u_dsp1/u_core/m_c/P[12]
                         net (fo=2, routed)           1.157  5652.246    u_core/u_fabric/u_dsp1/u_core/m_c__0[12]
    SLICE_X85Y48         LUT3 (Prop_lut3_I2_O)        0.124  5652.370 r  u_core/u_fabric/u_dsp1/u_core/i__carry__2_i_4__1/O
                         net (fo=2, routed)           0.741  5653.110    u_core/u_fabric/u_dsp1/u_core/m_q_reg[41]_0[11]
    SLICE_X77Y39         CARRY4 (Prop_carry4_DI[0]_O[2])
                                                      0.573  5653.684 r  u_core/u_fabric/u_dsp1/u_core/__10/i__carry__2/O[2]
                         net (fo=4, routed)           0.588  5654.271    u_core/u_fabric/u_dsp1/u_core/__10/i__carry__2_n_5
    SLICE_X74Y38         LUT3 (Prop_lut3_I2_O)        0.302  5654.573 r  u_core/u_fabric/u_dsp1/u_core/c_q[5]_i_10/O
                         net (fo=1, routed)           0.591  5655.164    u_core/u_store/d_q_reg[20][48]
    SLICE_X74Y33         LUT5 (Prop_lut5_I1_O)        0.124  5655.288 r  u_core/u_store/c_q[5]_i_7/O
                         net (fo=2, routed)           0.436  5655.724    u_core/u_store/c_q[5]_i_7_n_0
    SLICE_X73Y31         LUT5 (Prop_lut5_I4_O)        0.124  5655.848 r  u_core/u_store/c_q[5]_i_3__0/O
                         net (fo=22, routed)          1.050  5656.898    u_core/u_store/r2489
    SLICE_X68Y23         LUT6 (Prop_lut6_I4_O)        0.124  5657.022 r  u_core/u_store/user_dr[15]_i_80/O
                         net (fo=1, routed)           0.162  5657.184    u_core/u_store/user_dr[15]_i_80_n_0
    SLICE_X68Y23         LUT5 (Prop_lut5_I0_O)        0.124  5657.308 r  u_core/u_store/user_dr[15]_i_70/O
                         net (fo=1, routed)           0.000  5657.308    u_core/u_store/user_dr[15]_i_70_n_0
    SLICE_X68Y23         MUXF7 (Prop_muxf7_I1_O)      0.217  5657.525 r  u_core/u_store/user_dr_reg[15]_i_36/O
                         net (fo=2, routed)           0.320  5657.845    u_core/u_store/user_dr_reg[15]_i_36_n_0
    SLICE_X70Y24         LUT5 (Prop_lut5_I4_O)        0.299  5658.144 r  u_core/u_store/user_dr[15]_i_13/O
                         net (fo=11, routed)          1.178  5659.322    u_core/u_store/u_fabric/r2450
    SLICE_X59Y28         LUT6 (Prop_lut6_I2_O)        0.124  5659.446 r  u_core/u_store/q_i_25__0/O
                         net (fo=10, routed)          0.847  5660.293    u_core/u_store/u_fabric/r1946
    SLICE_X69Y31         MUXF7 (Prop_muxf7_S_O)       0.276  5660.569 r  u_core/u_store/q_reg_i_34__0/O
                         net (fo=1, routed)           0.000  5660.569    u_core/u_store/u_fabric/u_clb_x5y4/t_113
    SLICE_X69Y31         MUXF8 (Prop_muxf8_I1_O)      0.094  5660.663 r  u_core/u_store/q_reg_i_16__2/O
                         net (fo=2, routed)           0.667  5661.330    u_core/u_store/u_fabric/u_clb_x5y4/t_120
    SLICE_X55Y30         LUT6 (Prop_lut6_I3_O)        0.316  5661.646 r  u_core/u_store/mem_reg_i_419__0/O
                         net (fo=1, routed)           0.491  5662.137    u_core/u_store/mem_reg_i_419__0_n_0
    SLICE_X54Y30         LUT6 (Prop_lut6_I0_O)        0.124  5662.261 r  u_core/u_store/mem_reg_i_390__0/O
                         net (fo=1, routed)           0.794  5663.055    u_core/u_store/mem_reg_i_390__0_n_0
    SLICE_X68Y34         LUT6 (Prop_lut6_I2_O)        0.124  5663.179 r  u_core/u_store/mem_reg_i_333/O
                         net (fo=1, routed)           0.688  5663.867    u_core/u_store/u_fabric/r2015
    SLICE_X60Y26         LUT4 (Prop_lut4_I2_O)        0.124  5663.991 r  u_core/u_store/mem_reg_i_260__0/O
                         net (fo=17, routed)          0.553  5664.544    u_core/u_store/u_fabric/r2434
    SLICE_X64Y24         LUT6 (Prop_lut6_I5_O)        0.124  5664.668 r  u_core/u_store/q_i_65/O
                         net (fo=1, routed)           0.439  5665.107    u_core/u_store/q_i_65_n_0
    SLICE_X66Y22         LUT5 (Prop_lut5_I0_O)        0.124  5665.231 r  u_core/u_store/q_i_64/O
                         net (fo=1, routed)           0.569  5665.801    u_core/u_store/q_i_64_n_0
    SLICE_X65Y18         LUT5 (Prop_lut5_I2_O)        0.124  5665.925 r  u_core/u_store/q_i_63/O
                         net (fo=1, routed)           0.545  5666.470    u_core/u_store/q_i_63_n_0
    SLICE_X65Y15         LUT5 (Prop_lut5_I4_O)        0.124  5666.594 r  u_core/u_store/q_i_62__0/O
                         net (fo=1, routed)           0.579  5667.173    u_core/u_store/q_i_62__0_n_0
    SLICE_X64Y13         LUT6 (Prop_lut6_I3_O)        0.124  5667.297 r  u_core/u_store/q_i_61__0/O
                         net (fo=1, routed)           0.443  5667.740    u_core/u_store/q_i_61__0_n_0
    SLICE_X60Y13         LUT6 (Prop_lut6_I4_O)        0.124  5667.864 r  u_core/u_store/q_i_44__3/O
                         net (fo=2, routed)           0.929  5668.793    u_core/u_store/q_i_44__3_n_0
    SLICE_X46Y15         LUT5 (Prop_lut5_I1_O)        0.124  5668.917 r  u_core/u_store/q_i_26__0/O
                         net (fo=1, routed)           0.493  5669.410    u_core/u_store/u_fabric/u_clb_x4y1/t_78
    SLICE_X46Y15         LUT5 (Prop_lut5_I2_O)        0.124  5669.534 r  u_core/u_store/q_i_11/O
                         net (fo=1, routed)           0.734  5670.268    u_core/u_store/u_fabric/u_clb_x4y1/t_115
    SLICE_X59Y16         LUT5 (Prop_lut5_I0_O)        0.124  5670.392 r  u_core/u_store/q_i_6__0/O
                         net (fo=2, routed)           0.318  5670.710    u_core/u_store/u_fabric/r295
    SLICE_X60Y16         LUT5 (Prop_lut5_I4_O)        0.124  5670.834 r  u_core/u_store/q_i_7/O
                         net (fo=3, routed)           0.438  5671.272    u_core/u_store/u_fabric/u_clb_x4y1/lut_o6
    SLICE_X64Y16         LUT5 (Prop_lut5_I4_O)        0.124  5671.396 r  u_core/u_store/q_i_3__1/O
                         net (fo=3, routed)           0.595  5671.991    u_core/u_store/u_fabric/u_clb_x4y1/comb
    SLICE_X71Y18         LUT6 (Prop_lut6_I3_O)        0.124  5672.115 r  u_core/u_store/capture_reg_i_11__2/O
                         net (fo=1, routed)           0.296  5672.410    u_core/u_store/capture_reg_i_11__2_n_0
    SLICE_X75Y18         LUT5 (Prop_lut5_I2_O)        0.124  5672.534 r  u_core/u_store/capture_reg_i_10__1/O
                         net (fo=1, routed)           0.308  5672.842    u_core/u_store/capture_reg_i_10__1_n_0
    SLICE_X77Y19         LUT5 (Prop_lut5_I2_O)        0.124  5672.966 r  u_core/u_store/capture_reg_i_9__3/O
                         net (fo=1, routed)           0.151  5673.118    u_core/u_store/capture_reg_i_9__3_n_0
    SLICE_X77Y19         LUT5 (Prop_lut5_I4_O)        0.124  5673.242 r  u_core/u_store/capture_reg_i_7__2/O
                         net (fo=1, routed)           1.369  5674.611    u_core/u_store/capture_reg_i_7__2_n_0
    SLICE_X96Y7          LUT6 (Prop_lut6_I3_O)        0.124  5674.735 r  u_core/u_store/capture_reg_i_5__4/O
                         net (fo=5, routed)           1.104  5675.839    u_core/u_store/u_fabric/r2289
    SLICE_X107Y9         LUT4 (Prop_lut4_I2_O)        0.124  5675.963 r  u_core/u_store/q_i_11__13/O
                         net (fo=11, routed)          1.934  5677.897    u_core/u_store/u_fabric/r2092
    SLICE_X52Y10         LUT6 (Prop_lut6_I3_O)        0.124  5678.021 r  u_core/u_store/a_q[23]_i_9/O
                         net (fo=1, routed)           0.000  5678.021    u_core/u_store/a_q[23]_i_9_n_0
    SLICE_X52Y10         MUXF7 (Prop_muxf7_I1_O)      0.245  5678.266 r  u_core/u_store/a_q_reg[23]_i_6/O
                         net (fo=1, routed)           0.000  5678.266    u_core/u_store/a_q_reg[23]_i_6_n_0
    SLICE_X52Y10         MUXF8 (Prop_muxf8_I0_O)      0.104  5678.370 r  u_core/u_store/a_q_reg[23]_i_3/O
                         net (fo=20, routed)          2.189  5680.559    u_core/u_store/r2124
    SLICE_X66Y46         LUT6 (Prop_lut6_I5_O)        0.316  5680.875 r  u_core/u_store/d_q[4]_i_2__0/O
                         net (fo=1, routed)           0.559  5681.434    u_core/u_store/u_fabric/r825
    SLICE_X64Y46         LUT3 (Prop_lut3_I2_O)        0.124  5681.558 r  u_core/u_store/d_q[4]_i_1/O
                         net (fo=3, routed)           0.781  5682.338    u_core/u_store/drive_reg[115][4]
    SLICE_X58Y40         LUT5 (Prop_lut5_I2_O)        0.124  5682.462 r  u_core/u_store/i__carry__0_i_8__1/O
                         net (fo=1, routed)           0.000  5682.462    u_core/u_fabric/u_dsp0/u_core/m_c_1[0]
    SLICE_X58Y40         CARRY4 (Prop_carry4_S[0]_O[3])
                                                      0.608  5683.070 r  u_core/u_fabric/u_dsp0/u_core/__5/i__carry__0/O[3]
                         net (fo=1, routed)           0.659  5683.730    u_core/u_store/m_c_10[3]
    SLICE_X59Y40         LUT3 (Prop_lut3_I0_O)        0.307  5684.037 r  u_core/u_store/m_c_i_36/O
                         net (fo=1, routed)           1.172  5685.209    u_core/u_fabric/u_dsp0/u_core/A[7]
    DSP48_X2Y16          DSP48E1 (Prop_dsp48e1_A[7]_P[9])
                                                      3.841  5689.050 r  u_core/u_fabric/u_dsp0/u_core/m_c/P[9]
                         net (fo=3, routed)           1.757  5690.806    u_core/u_fabric/u_dsp0/u_core/m_c__0[9]
    SLICE_X61Y36         LUT3 (Prop_lut3_I2_O)        0.150  5690.956 r  u_core/u_fabric/u_dsp0/u_core/i__carry__1_i_3/O
                         net (fo=1, routed)           0.000  5690.956    u_core/u_fabric/u_dsp0/u_core/m_x[9]
    SLICE_X61Y36         CARRY4 (Prop_carry4_DI[1]_CO[3])
                                                      0.470  5691.426 r  u_core/u_fabric/u_dsp0/u_core/__10/i__carry__1/CO[3]
                         net (fo=1, routed)           0.000  5691.426    u_core/u_fabric/u_dsp0/u_core/__10/i__carry__1_n_0
    SLICE_X61Y37         CARRY4 (Prop_carry4_CI_O[3])
                                                      0.329  5691.755 r  u_core/u_fabric/u_dsp0/u_core/__10/i__carry__2/O[3]
                         net (fo=3, routed)           0.586  5692.341    u_core/u_fabric/u_dsp0/u_core/__10/i__carry__2_n_4
    SLICE_X64Y37         LUT3 (Prop_lut3_I2_O)        0.306  5692.647 r  u_core/u_fabric/u_dsp0/u_core/c_q[42]_i_8/O
                         net (fo=2, routed)           1.124  5693.771    u_core/u_store/d_q_reg[20][8]
    SLICE_X82Y32         LUT5 (Prop_lut5_I4_O)        0.124  5693.895 r  u_core/u_store/mem_reg_i_385/O
                         net (fo=3, routed)           0.305  5694.200    u_core/u_store/mem_reg_i_385_n_0
    SLICE_X82Y32         LUT5 (Prop_lut5_I4_O)        0.124  5694.324 r  u_core/u_store/mem_reg_i_276__0/O
                         net (fo=9, routed)           0.796  5695.121    u_core/u_store/u_fabric/r2487
    SLICE_X84Y31         LUT4 (Prop_lut4_I0_O)        0.124  5695.245 r  u_core/u_store/user_dr[7]_i_19/O
                         net (fo=1, routed)           0.161  5695.406    u_core/u_store/user_dr[7]_i_19_n_0
    SLICE_X84Y31         LUT6 (Prop_lut6_I0_O)        0.124  5695.530 r  u_core/u_store/user_dr[7]_i_6/O
                         net (fo=4, routed)           0.493  5696.023    u_core/u_store/u_fabric/r325
    SLICE_X84Y29         MUXF8 (Prop_muxf8_S_O)       0.273  5696.296 r  u_core/u_store/user_dr_reg[7]_i_11/O
                         net (fo=2, routed)           0.487  5696.782    u_core/u_store/u_fabric/u_clb_x5y1/t_122
    SLICE_X77Y29         LUT5 (Prop_lut5_I2_O)        0.316  5697.098 r  u_core/u_store/user_dr[7]_i_4/O
                         net (fo=3, routed)           0.652  5697.750    u_core/u_store/u_fabric/u_clb_x5y1/lut_o6
    SLICE_X81Y26         LUT5 (Prop_lut5_I4_O)        0.124  5697.874 r  u_core/u_store/user_dr[7]_i_2/O
                         net (fo=5, routed)           0.605  5698.479    u_core/u_store/comb_5
    SLICE_X76Y27         LUT4 (Prop_lut4_I1_O)        0.124  5698.603 r  u_core/u_store/c_q[41]_i_6/O
                         net (fo=1, routed)           0.279  5698.882    u_core/u_store/c_q[41]_i_6_n_0
    SLICE_X76Y27         LUT5 (Prop_lut5_I4_O)        0.124  5699.006 r  u_core/u_store/c_q[41]_i_5/O
                         net (fo=2, routed)           0.640  5699.646    u_core/u_store/c_q[41]_i_5_n_0
    SLICE_X69Y27         LUT6 (Prop_lut6_I5_O)        0.124  5699.771 r  u_core/u_store/c_q[41]_i_3__0/O
                         net (fo=25, routed)          0.641  5700.411    u_core/u_store/u_fabric/r2468
    SLICE_X59Y26         LUT6 (Prop_lut6_I5_O)        0.124  5700.535 r  u_core/u_store/user_dr[11]_i_28/O
                         net (fo=1, routed)           0.409  5700.944    u_core/u_store/user_dr[11]_i_28_n_0
    SLICE_X56Y26         LUT6 (Prop_lut6_I0_O)        0.124  5701.068 r  u_core/u_store/user_dr[11]_i_15/O
                         net (fo=2, routed)           0.721  5701.789    u_core/u_store/user_dr[11]_i_15_n_0
    SLICE_X56Y25         LUT5 (Prop_lut5_I2_O)        0.124  5701.913 r  u_core/u_store/mem_reg_i_418/O
                         net (fo=1, routed)           0.433  5702.346    u_core/u_store/mem_reg_i_418_n_0
    SLICE_X56Y25         LUT6 (Prop_lut6_I2_O)        0.124  5702.470 r  u_core/u_store/mem_reg_i_308__0/O
                         net (fo=3, routed)           0.700  5703.170    u_core/u_store/u_fabric/r2435
    SLICE_X55Y17         LUT6 (Prop_lut6_I3_O)        0.124  5703.294 r  u_core/u_store/mem_reg_i_196/O
                         net (fo=1, routed)           0.433  5703.728    u_core/u_store/mem_reg_i_196_n_0
    SLICE_X55Y17         LUT6 (Prop_lut6_I0_O)        0.124  5703.852 r  u_core/u_store/mem_reg_i_106/O
                         net (fo=9, routed)           1.797  5705.649    u_core/u_store/u_fabric/r1999
    SLICE_X97Y20         LUT2 (Prop_lut2_I0_O)        0.124  5705.773 r  u_core/u_store/mem_reg_i_329__0/O
                         net (fo=3, routed)           1.067  5706.840    u_core/u_store/u_fabric/r2278
    SLICE_X99Y10         LUT6 (Prop_lut6_I0_O)        0.124  5706.964 r  u_core/u_store/mem_reg_i_211/O
                         net (fo=2, routed)           0.548  5707.512    u_core/u_store/mem_reg_i_211_n_0
    SLICE_X99Y13         LUT6 (Prop_lut6_I2_O)        0.124  5707.636 r  u_core/u_store/capture_reg_i_5__1/O
                         net (fo=11, routed)          2.422  5710.059    u_core/u_store/u_fabric/r2204
    SLICE_X51Y10         LUT5 (Prop_lut5_I0_O)        0.124  5710.183 r  u_core/u_store/d_q[22]_i_12__0/O
                         net (fo=1, routed)           0.000  5710.183    u_core/u_store/d_q[22]_i_12__0_n_0
    SLICE_X51Y10         MUXF7 (Prop_muxf7_I0_O)      0.212  5710.395 r  u_core/u_store/d_q_reg[22]_i_8/O
                         net (fo=2, routed)           0.464  5710.858    u_core/u_store/d_q_reg[22]_i_8_n_0
    SLICE_X52Y13         LUT6 (Prop_lut6_I5_O)        0.299  5711.157 r  u_core/u_store/d_q[22]_i_3/O
                         net (fo=13, routed)          2.310  5713.467    u_core/u_store/u_fabric/r2236
    SLICE_X89Y44         LUT6 (Prop_lut6_I5_O)        0.124  5713.591 r  u_core/u_store/d_q[22]_i_1__0/O
                         net (fo=3, routed)           0.880  5714.471    u_core/u_store/drive_reg[239][22]
    SLICE_X92Y49         LUT3 (Prop_lut3_I2_O)        0.117  5714.588 r  u_core/u_store/i__carry__4_i_2__2/O
                         net (fo=1, routed)           0.000  5714.588    u_core/u_fabric/u_dsp1/u_core/d_v_4[22]
    SLICE_X92Y49         CARRY4 (Prop_carry4_DI[2]_CO[3])
                                                      0.327  5714.916 r  u_core/u_fabric/u_dsp1/u_core/__5/i__carry__4/CO[3]
                         net (fo=1, routed)           0.001  5714.916    u_core/u_fabric/u_dsp1/u_core/__5/i__carry__4_n_0
    SLICE_X92Y50         CARRY4 (Prop_carry4_CI_O[0])
                                                      0.219  5715.135 r  u_core/u_fabric/u_dsp1/u_core/__5/i__carry__5/O[0]
                         net (fo=1, routed)           0.414  5715.549    u_core/u_fabric/u_dsp1/u_core/__5/i__carry__5_n_7
    SLICE_X91Y50         LUT5 (Prop_lut5_I0_O)        0.295  5715.844 r  u_core/u_fabric/u_dsp1/u_core/m_c_i_19__0/O
                         net (fo=6, routed)           0.716  5716.560    u_core/u_fabric/u_dsp1/u_core/ad[24]
    DSP48_X3Y18          DSP48E1 (Prop_dsp48e1_A[26]_P[13])
                                                      3.841  5720.401 r  u_core/u_fabric/u_dsp1/u_core/m_c/P[13]
                         net (fo=2, routed)           1.279  5721.680    u_core/u_fabric/u_dsp1/u_core/m_c__0[13]
    SLICE_X85Y48         LUT3 (Prop_lut3_I2_O)        0.150  5721.830 r  u_core/u_fabric/u_dsp1/u_core/i__carry__2_i_3__1/O
                         net (fo=2, routed)           0.941  5722.771    u_core/u_fabric/u_dsp1/u_core/m_q_reg[41]_0[12]
    SLICE_X77Y39         CARRY4 (Prop_carry4_DI[1]_CO[3])
                                                      0.709  5723.480 r  u_core/u_fabric/u_dsp1/u_core/__10/i__carry__2/CO[3]
                         net (fo=1, routed)           0.000  5723.480    u_core/u_fabric/u_dsp1/u_core/__10/i__carry__2_n_0
    SLICE_X77Y40         CARRY4 (Prop_carry4_CI_O[3])
                                                      0.329  5723.809 r  u_core/u_fabric/u_dsp1/u_core/__10/i__carry__3/O[3]
                         net (fo=4, routed)           0.616  5724.426    u_core/u_fabric/u_dsp1/u_core/D[6]
    SLICE_X76Y44         LUT6 (Prop_lut6_I5_O)        0.306  5724.732 r  u_core/u_fabric/u_dsp1/u_core/a_q[23]_i_6/O
                         net (fo=1, routed)           0.865  5725.597    u_core/u_store/a_q_reg[23]_i_2_0
    SLICE_X90Y45         LUT6 (Prop_lut6_I2_O)        0.124  5725.721 r  u_core/u_store/a_q[23]_i_3/O
                         net (fo=1, routed)           0.000  5725.721    u_core/u_store/a_q[23]_i_3_n_0
    SLICE_X90Y45         MUXF7 (Prop_muxf7_I0_O)      0.209  5725.930 r  u_core/u_store/a_q_reg[23]_i_2/O
                         net (fo=4, routed)           0.490  5726.420    u_core/u_store/u_fabric/r2254
    SLICE_X90Y42         LUT6 (Prop_lut6_I0_O)        0.297  5726.717 r  u_core/u_store/c_q[44]_i_2/O
                         net (fo=4, routed)           0.661  5727.378    u_core/u_store/u_fabric/r2547
    SLICE_X90Y46         LUT6 (Prop_lut6_I2_O)        0.124  5727.502 r  u_core/u_store/c_q[44]_i_1__0/O
                         net (fo=2, routed)           0.758  5728.260    u_core/u_store/drive_reg[214][44]
    SLICE_X83Y49         LUT6 (Prop_lut6_I0_O)        0.124  5728.384 r  u_core/u_store/i__carry__10_i_9__0/O
                         net (fo=3, routed)           0.501  5728.885    u_core/u_store/i__carry__10_i_9__0_n_0
    SLICE_X77Y47         LUT6 (Prop_lut6_I5_O)        0.124  5729.009 r  u_core/u_store/i__carry__10_i_7__0/O
                         net (fo=1, routed)           0.000  5729.009    u_core/u_fabric/u_dsp1/u_core/p_q_reg[47]_2[0]
    SLICE_X77Y47         CARRY4 (Prop_carry4_S[0]_O[1])
                                                      0.424  5729.433 r  u_core/u_fabric/u_dsp1/u_core/__10/i__carry__10/O[1]
                         net (fo=4, routed)           0.903  5730.335    u_core/u_store/b_q[17]_i_5__0_0[0]
    SLICE_X65Y45         LUT5 (Prop_lut5_I4_O)        0.297  5730.632 r  u_core/u_store/d_q[24]_i_3/O
                         net (fo=1, routed)           0.843  5731.476    u_core/u_store/d_q[24]_i_3_n_0
    SLICE_X64Y35         LUT6 (Prop_lut6_I2_O)        0.326  5731.802 r  u_core/u_store/d_q[24]_i_2/O
                         net (fo=6, routed)           1.054  5732.856    u_core/u_store/u_fabric/r2507
    SLICE_X94Y40         LUT6 (Prop_lut6_I0_O)        0.124  5732.980 r  u_core/u_store/c_q[36]_i_2__0/O
                         net (fo=1, routed)           0.904  5733.884    u_core/u_store/u_fabric/r1828
    SLICE_X88Y46         LUT3 (Prop_lut3_I2_O)        0.124  5734.008 r  u_core/u_store/c_q[36]_i_1__0/O
                         net (fo=2, routed)           0.172  5734.180    u_core/u_store/drive_reg[214][36]
    SLICE_X88Y46         LUT5 (Prop_lut5_I4_O)        0.124  5734.304 r  u_core/u_store/i__carry__8_i_12__0/O
                         net (fo=1, routed)           0.640  5734.944    u_core/u_store/i__carry__8_i_12__0_n_0
    SLICE_X77Y45         LUT5 (Prop_lut5_I4_O)        0.124  5735.068 r  u_core/u_store/i__carry__8_i_8__0/O
                         net (fo=1, routed)           0.000  5735.068    u_core/u_fabric/u_dsp1/u_core/p_q_reg[39]_0[0]
    SLICE_X77Y45         CARRY4 (Prop_carry4_S[0]_O[2])
                                                      0.547  5735.615 r  u_core/u_fabric/u_dsp1/u_core/__10/i__carry__8/O[2]
                         net (fo=3, routed)           0.570  5736.185    u_core/u_fabric/u_dsp1/u_core/__10/i__carry__8_n_5
    SLICE_X74Y44         LUT3 (Prop_lut3_I2_O)        0.302  5736.486 r  u_core/u_fabric/u_dsp1/u_core/c_q[41]_i_11/O
                         net (fo=2, routed)           0.717  5737.204    u_core/u_fabric/u_dsp1/u_core/dsp_p[86]
    SLICE_X72Y34         LUT5 (Prop_lut5_I0_O)        0.124  5737.328 r  u_core/u_fabric/u_dsp1/u_core/a_q[24]_i_17/O
                         net (fo=1, routed)           0.000  5737.328    u_core/u_store/a_q[24]_i_6_0
    SLICE_X72Y34         MUXF7 (Prop_muxf7_I0_O)      0.212  5737.540 r  u_core/u_store/a_q_reg[24]_i_12__0/O
                         net (fo=2, routed)           0.470  5738.010    u_core/u_store/a_q_reg[24]_i_12__0_n_0
    SLICE_X73Y34         LUT5 (Prop_lut5_I4_O)        0.299  5738.309 r  u_core/u_store/a_q[24]_i_6/O
                         net (fo=14, routed)          1.046  5739.354    u_core/u_store/u_fabric/r2500
    SLICE_X57Y26         LUT6 (Prop_lut6_I3_O)        0.124  5739.479 r  u_core/u_store/user_dr[11]_i_35/O
                         net (fo=1, routed)           0.403  5739.881    u_core/u_store/user_dr[11]_i_35_n_0
    SLICE_X57Y25         LUT4 (Prop_lut4_I0_O)        0.124  5740.005 r  u_core/u_store/user_dr[11]_i_31/O
                         net (fo=1, routed)           0.263  5740.269    u_core/u_store/user_dr[11]_i_31_n_0
    SLICE_X57Y25         LUT6 (Prop_lut6_I5_O)        0.124  5740.393 r  u_core/u_store/user_dr[11]_i_16/O
                         net (fo=2, routed)           0.664  5741.056    u_core/u_store/user_dr[11]_i_16_n_0
    SLICE_X56Y25         LUT3 (Prop_lut3_I2_O)        0.154  5741.210 r  u_core/u_store/user_dr[11]_i_8/O
                         net (fo=10, routed)          0.711  5741.920    u_core/u_store/u_fabric/r2439
    SLICE_X62Y20         LUT6 (Prop_lut6_I5_O)        0.327  5742.248 r  u_core/u_store/mem_reg_i_447/O
                         net (fo=1, routed)           0.000  5742.248    u_core/u_store/mem_reg_i_447_n_0
    SLICE_X62Y20         MUXF7 (Prop_muxf7_I0_O)      0.209  5742.457 r  u_core/u_store/mem_reg_i_366/O
                         net (fo=1, routed)           0.436  5742.892    u_core/u_store/mem_reg_i_366_n_0
    SLICE_X62Y19         LUT5 (Prop_lut5_I0_O)        0.297  5743.189 r  u_core/u_store/mem_reg_i_252/O
                         net (fo=15, routed)          0.531  5743.720    u_core/u_store/u_fabric/r2097
    SLICE_X64Y15         LUT6 (Prop_lut6_I5_O)        0.124  5743.844 r  u_core/u_store/mem_reg_i_316/O
                         net (fo=1, routed)           0.000  5743.844    u_core/u_store/mem_reg_i_316_n_0
    SLICE_X64Y15         MUXF7 (Prop_muxf7_I1_O)      0.217  5744.061 r  u_core/u_store/mem_reg_i_205/O
                         net (fo=2, routed)           0.457  5744.517    u_core/u_store/mem_reg_i_205_n_0
    SLICE_X64Y15         LUT5 (Prop_lut5_I4_O)        0.299  5744.816 r  u_core/u_store/mem_reg_i_110/O
                         net (fo=8, routed)           0.525  5745.341    u_core/u_store/u_fabric/r2395
    SLICE_X65Y22         LUT4 (Prop_lut4_I3_O)        0.124  5745.465 r  u_core/u_store/q_i_21__3/O
                         net (fo=5, routed)           0.854  5746.319    u_core/u_store/u_fabric/r2068
    SLICE_X70Y31         LUT5 (Prop_lut5_I2_O)        0.124  5746.443 r  u_core/u_store/a_q[24]_i_16/O
                         net (fo=1, routed)           0.000  5746.443    u_core/u_store/a_q[24]_i_16_n_0
    SLICE_X70Y31         MUXF7 (Prop_muxf7_I1_O)      0.217  5746.660 r  u_core/u_store/a_q_reg[24]_i_12/O
                         net (fo=2, routed)           0.442  5747.103    u_core/u_store/a_q_reg[24]_i_12_n_0
    SLICE_X70Y30         LUT6 (Prop_lut6_I5_O)        0.299  5747.401 r  u_core/u_store/a_q[24]_i_6__0/O
                         net (fo=6, routed)           1.185  5748.586    u_core/u_store/u_fabric/r2477
    SLICE_X56Y40         LUT4 (Prop_lut4_I2_O)        0.124  5748.710 r  u_core/u_store/d_q[5]_i_3/O
                         net (fo=1, routed)           0.280  5748.990    u_core/u_store/d_q[5]_i_3_n_0
    SLICE_X56Y40         LUT6 (Prop_lut6_I0_O)        0.124  5749.114 r  u_core/u_store/d_q[5]_i_2/O
                         net (fo=1, routed)           0.685  5749.799    u_core/u_store/u_fabric/r805
    SLICE_X59Y43         LUT3 (Prop_lut3_I2_O)        0.118  5749.917 r  u_core/u_store/d_q[5]_i_1/O
                         net (fo=3, routed)           0.740  5750.657    u_core/u_store/drive_reg[115][5]
    SLICE_X58Y40         LUT5 (Prop_lut5_I2_O)        0.326  5750.983 r  u_core/u_store/i__carry__0_i_7__1/O
                         net (fo=1, routed)           0.000  5750.983    u_core/u_fabric/u_dsp0/u_core/m_c_1[1]
    SLICE_X58Y40         CARRY4 (Prop_carry4_S[1]_O[2])
                                                      0.578  5751.562 r  u_core/u_fabric/u_dsp0/u_core/__5/i__carry__0/O[2]
                         net (fo=1, routed)           0.539  5752.101    u_core/u_store/m_c_10[2]
    SLICE_X57Y41         LUT3 (Prop_lut3_I0_O)        0.301  5752.402 r  u_core/u_store/m_c_i_37/O
                         net (fo=1, routed)           1.151  5753.552    u_core/u_fabric/u_dsp0/u_core/A[6]
    DSP48_X2Y16          DSP48E1 (Prop_dsp48e1_A[6]_P[12])
                                                      3.841  5757.393 r  u_core/u_fabric/u_dsp0/u_core/m_c/P[12]
                         net (fo=3, routed)           1.869  5759.262    u_core/u_fabric/u_dsp0/u_core/m_c__0[12]
    SLICE_X61Y37         LUT3 (Prop_lut3_I2_O)        0.150  5759.412 r  u_core/u_fabric/u_dsp0/u_core/i__carry__2_i_4/O
                         net (fo=1, routed)           0.000  5759.412    u_core/u_fabric/u_dsp0/u_core/m_x[12]
    SLICE_X61Y37         CARRY4 (Prop_carry4_DI[0]_O[2])
                                                      0.513  5759.925 r  u_core/u_fabric/u_dsp0/u_core/__10/i__carry__2/O[2]
                         net (fo=4, routed)           0.665  5760.590    u_core/u_store/c_q_reg[47][1]
    SLICE_X68Y34         LUT6 (Prop_lut6_I3_O)        0.302  5760.892 r  u_core/u_store/c_q[47]_i_3/O
                         net (fo=5, routed)           0.905  5761.797    u_core/u_store/u_fabric/r2474
    SLICE_X60Y44         LUT6 (Prop_lut6_I5_O)        0.124  5761.921 r  u_core/u_store/c_q[47]_i_1/O
                         net (fo=2, routed)           0.307  5762.228    u_core/u_store/drive_reg[90][47]
    SLICE_X62Y44         LUT6 (Prop_lut6_I0_O)        0.124  5762.352 r  u_core/u_store/i__carry__10_i_9/O
                         net (fo=1, routed)           0.301  5762.653    u_core/u_store/i__carry__10_i_9_n_0
    SLICE_X61Y45         LUT2 (Prop_lut2_I1_O)        0.124  5762.777 r  u_core/u_store/i__carry__10_i_4__0/O
                         net (fo=1, routed)           0.000  5762.777    u_core/u_fabric/u_dsp0/u_core/p_q_reg[47]_2[3]
    SLICE_X61Y45         CARRY4 (Prop_carry4_S[3]_O[3])
                                                      0.248  5763.025 r  u_core/u_fabric/u_dsp0/u_core/__10/i__carry__10/O[3]
                         net (fo=4, routed)           0.720  5763.745    u_core/u_fabric/u_dsp0/u_core/g_frame[30].cfg_reg[3882][13]
    SLICE_X66Y44         LUT3 (Prop_lut3_I2_O)        0.306  5764.051 r  u_core/u_fabric/u_dsp0/u_core/a_q[21]_i_11/O
                         net (fo=2, routed)           0.429  5764.480    u_core/u_fabric/u_dsp0/u_core/dsp_p[47]
    SLICE_X71Y44         LUT5 (Prop_lut5_I0_O)        0.124  5764.604 r  u_core/u_fabric/u_dsp0/u_core/a_q[21]_i_6__0/O
                         net (fo=1, routed)           0.426  5765.030    u_core/u_store/a_q_reg[21]_0
    SLICE_X72Y44         LUT6 (Prop_lut6_I5_O)        0.124  5765.154 r  u_core/u_store/a_q[21]_i_2/O
                         net (fo=15, routed)          1.148  5766.302    u_core/u_store/u_fabric/r2536
    SLICE_X94Y44         LUT5 (Prop_lut5_I3_O)        0.124  5766.426 r  u_core/u_store/a_q[21]_i_5__0/O
                         net (fo=2, routed)           0.000  5766.426    u_core/u_store/a_q[21]_i_5__0_n_0
    SLICE_X94Y44         MUXF7 (Prop_muxf7_I1_O)      0.214  5766.640 r  u_core/u_store/a_q_reg[21]_i_2/O
                         net (fo=3, routed)           0.610  5767.250    u_core/u_store/u_fabric/r2548
    SLICE_X94Y49         LUT6 (Prop_lut6_I2_O)        0.297  5767.547 r  u_core/u_store/a_q[21]_i_1__0/O
                         net (fo=3, routed)           0.529  5768.076    u_core/u_store/drive_reg[148][21]
    SLICE_X93Y52         LUT5 (Prop_lut5_I4_O)        0.124  5768.200 r  u_core/u_store/m_c_i_22__0/O
                         net (fo=1, routed)           0.787  5768.988    u_core/u_fabric/u_dsp1/u_core/m_c_2[21]
    DSP48_X3Y18          DSP48E1 (Prop_dsp48e1_A[21]_P[16])
                                                      3.841  5772.829 r  u_core/u_fabric/u_dsp1/u_core/m_c/P[16]
                         net (fo=2, routed)           1.165  5773.994    u_core/u_fabric/u_dsp1/u_core/m_c__0[16]
    SLICE_X85Y48         LUT3 (Prop_lut3_I2_O)        0.124  5774.118 r  u_core/u_fabric/u_dsp1/u_core/i__carry__3_i_4__1/O
                         net (fo=2, routed)           0.727  5774.845    u_core/u_fabric/u_dsp1/u_core/m_q_reg[41]_0[15]
    SLICE_X77Y40         CARRY4 (Prop_carry4_DI[0]_O[2])
                                                      0.573  5775.418 r  u_core/u_fabric/u_dsp1/u_core/__10/i__carry__3/O[2]
                         net (fo=4, routed)           0.573  5775.992    u_core/u_fabric/u_dsp1/u_core/__10/i__carry__3_n_5
    SLICE_X72Y40         LUT3 (Prop_lut3_I2_O)        0.302  5776.293 r  u_core/u_fabric/u_dsp1/u_core/a_q[22]_i_8/O
                         net (fo=1, routed)           0.584  5776.877    u_core/u_fabric/u_dsp0/u_core/a_q_reg[22]_i_2[1]
    SLICE_X70Y42         LUT5 (Prop_lut5_I0_O)        0.124  5777.001 r  u_core/u_fabric/u_dsp0/u_core/a_q[22]_i_4__0/O
                         net (fo=1, routed)           0.000  5777.001    u_core/u_store/a_q_reg[22]_0
    SLICE_X70Y42         MUXF7 (Prop_muxf7_I0_O)      0.212  5777.213 r  u_core/u_store/a_q_reg[22]_i_2/O
                         net (fo=8, routed)           1.046  5778.259    u_core/u_store/u_fabric/r2139
    SLICE_X84Y50         LUT6 (Prop_lut6_I2_O)        0.299  5778.558 r  u_core/u_store/a_q[22]_i_1__0/O
                         net (fo=3, routed)           0.758  5779.316    u_core/u_store/drive_reg[148][22]
    SLICE_X94Y51         LUT5 (Prop_lut5_I4_O)        0.124  5779.440 r  u_core/u_store/m_c_i_21__0/O
                         net (fo=1, routed)           0.734  5780.174    u_core/u_fabric/u_dsp1/u_core/m_c_2[22]
    DSP48_X3Y18          DSP48E1 (Prop_dsp48e1_A[22]_P[17])
                                                      3.841  5784.015 r  u_core/u_fabric/u_dsp1/u_core/m_c/P[17]
                         net (fo=2, routed)           1.432  5785.447    u_core/u_fabric/u_dsp1/u_core/m_c__0[17]
    SLICE_X85Y48         LUT3 (Prop_lut3_I2_O)        0.152  5785.599 r  u_core/u_fabric/u_dsp1/u_core/i__carry__3_i_3__1/O
                         net (fo=2, routed)           1.084  5786.683    u_core/u_fabric/u_dsp1/u_core/m_q_reg[41]_0[16]
    SLICE_X77Y40         CARRY4 (Prop_carry4_DI[1]_CO[3])
                                                      0.715  5787.397 r  u_core/u_fabric/u_dsp1/u_core/__10/i__carry__3/CO[3]
                         net (fo=1, routed)           0.000  5787.397    u_core/u_fabric/u_dsp1/u_core/__10/i__carry__3_n_0
    SLICE_X77Y41         CARRY4 (Prop_carry4_CI_O[3])
                                                      0.329  5787.727 r  u_core/u_fabric/u_dsp1/u_core/__10/i__carry__4/O[3]
                         net (fo=5, routed)           0.540  5788.267    u_core/u_store/a_q_reg[21]_2[0]
    SLICE_X76Y34         LUT6 (Prop_lut6_I3_O)        0.306  5788.573 r  u_core/u_store/a_q[21]_i_3__0/O
                         net (fo=27, routed)          1.509  5790.082    u_core/u_store/u_fabric/r2525
    SLICE_X94Y46         LUT6 (Prop_lut6_I5_O)        0.124  5790.206 r  u_core/u_store/d_q[2]_i_2__0/O
                         net (fo=1, routed)           0.723  5790.929    u_core/u_store/u_fabric/r1809
    SLICE_X93Y46         LUT3 (Prop_lut3_I2_O)        0.150  5791.079 r  u_core/u_store/d_q[2]_i_1__0/O
                         net (fo=3, routed)           0.443  5791.522    u_core/u_store/drive_reg[239][2]
    SLICE_X92Y44         LUT5 (Prop_lut5_I2_O)        0.332  5791.854 r  u_core/u_store/i__carry_i_6__2/O
                         net (fo=1, routed)           0.000  5791.854    u_core/u_fabric/u_dsp1/u_core/m_c_3[2]
    SLICE_X92Y44         CARRY4 (Prop_carry4_S[2]_O[2])
                                                      0.250  5792.104 r  u_core/u_fabric/u_dsp1/u_core/__5/i__carry/O[2]
                         net (fo=1, routed)           0.598  5792.702    u_core/u_store/m_c_3[2]
    SLICE_X93Y45         LUT3 (Prop_lut3_I0_O)        0.301  5793.003 r  u_core/u_store/m_c_i_41__0/O
                         net (fo=1, routed)           0.533  5793.536    u_core/u_fabric/u_dsp1/u_core/m_c_2[2]
    DSP48_X3Y18          DSP48E1 (Prop_dsp48e1_A[2]_P[20])
                                                      3.841  5797.377 r  u_core/u_fabric/u_dsp1/u_core/m_c/P[20]
                         net (fo=2, routed)           1.524  5798.901    u_core/u_fabric/u_dsp1/u_core/m_c__0[20]
    SLICE_X81Y47         LUT3 (Prop_lut3_I2_O)        0.150  5799.051 r  u_core/u_fabric/u_dsp1/u_core/i__carry__4_i_4__1/O
                         net (fo=2, routed)           0.833  5799.884    u_core/u_fabric/u_dsp1/u_core/m_q_reg[41]_0[19]
    SLICE_X77Y41         CARRY4 (Prop_carry4_DI[0]_O[2])
                                                      0.781  5800.665 r  u_core/u_fabric/u_dsp1/u_core/__10/i__carry__4/O[2]
                         net (fo=3, routed)           0.420  5801.085    u_core/u_fabric/u_dsp1/u_core/__10/i__carry__4_n_5
    SLICE_X76Y40         LUT3 (Prop_lut3_I2_O)        0.302  5801.387 r  u_core/u_fabric/u_dsp1/u_core/a_q[20]_i_16/O
                         net (fo=2, routed)           0.635  5802.022    u_core/u_fabric/u_dsp1/u_core/dsp_p[70]
    SLICE_X84Y38         LUT5 (Prop_lut5_I1_O)        0.124  5802.146 r  u_core/u_fabric/u_dsp1/u_core/c_q[40]_i_8/O
                         net (fo=2, routed)           0.927  5803.073    u_core/u_store/led_OBUF[2]_inst_i_4_0
    SLICE_X83Y34         LUT5 (Prop_lut5_I4_O)        0.124  5803.197 r  u_core/u_store/c_q[40]_i_4__0/O
                         net (fo=9, routed)           1.112  5804.309    u_core/u_store/u_fabric/r2540
    SLICE_X90Y44         LUT4 (Prop_lut4_I0_O)        0.124  5804.433 r  u_core/u_store/d_q[13]_i_3__0/O
                         net (fo=1, routed)           0.544  5804.977    u_core/u_store/d_q[13]_i_3__0_n_0
    SLICE_X90Y44         LUT6 (Prop_lut6_I0_O)        0.124  5805.101 r  u_core/u_store/d_q[13]_i_2__0/O
                         net (fo=1, routed)           0.860  5805.961    u_core/u_store/u_fabric/r1680
    SLICE_X90Y49         LUT3 (Prop_lut3_I2_O)        0.150  5806.111 r  u_core/u_store/d_q[13]_i_1__0/O
                         net (fo=3, routed)           0.737  5806.848    u_core/u_store/drive_reg[239][13]
    SLICE_X92Y47         LUT3 (Prop_lut3_I2_O)        0.341  5807.189 r  u_core/u_store/i__carry__2_i_3__2/O
                         net (fo=1, routed)           0.000  5807.189    u_core/u_fabric/u_dsp1/u_core/d_v_4[13]
    SLICE_X92Y47         CARRY4 (Prop_carry4_DI[1]_O[2])
                                                      0.497  5807.686 r  u_core/u_fabric/u_dsp1/u_core/__5/i__carry__2/O[2]
                         net (fo=1, routed)           0.408  5808.094    u_core/u_store/m_c_1[2]
    SLICE_X93Y47         LUT3 (Prop_lut3_I0_O)        0.301  5808.395 r  u_core/u_store/m_c_i_29__0/O
                         net (fo=1, routed)           0.517  5808.911    u_core/u_fabric/u_dsp1/u_core/m_c_2[14]
    DSP48_X3Y18          DSP48E1 (Prop_dsp48e1_A[14]_P[21])
                                                      3.841  5812.752 r  u_core/u_fabric/u_dsp1/u_core/m_c/P[21]
                         net (fo=2, routed)           1.200  5813.952    u_core/u_fabric/u_dsp1/u_core/m_c__0[21]
    SLICE_X83Y47         LUT3 (Prop_lut3_I2_O)        0.124  5814.076 r  u_core/u_fabric/u_dsp1/u_core/i__carry__4_i_3__1/O
                         net (fo=2, routed)           0.826  5814.902    u_core/u_fabric/u_dsp1/u_core/m_q_reg[41]_0[20]
    SLICE_X77Y41         CARRY4 (Prop_carry4_DI[1]_CO[3])
                                                      0.507  5815.409 r  u_core/u_fabric/u_dsp1/u_core/__10/i__carry__4/CO[3]
                         net (fo=1, routed)           0.000  5815.409    u_core/u_fabric/u_dsp1/u_core/__10/i__carry__4_n_0
    SLICE_X77Y42         CARRY4 (Prop_carry4_CI_O[3])
                                                      0.329  5815.738 r  u_core/u_fabric/u_dsp1/u_core/__10/i__carry__5/O[3]
                         net (fo=3, routed)           0.635  5816.374    u_core/u_fabric/u_dsp1/u_core/__10/i__carry__5_n_4
    SLICE_X66Y41         LUT3 (Prop_lut3_I2_O)        0.306  5816.680 r  u_core/u_fabric/u_dsp1/u_core/d_q[23]_i_5__0/O
                         net (fo=2, routed)           0.658  5817.338    u_core/u_store/d_q_reg[20][54]
    SLICE_X64Y33         LUT5 (Prop_lut5_I4_O)        0.124  5817.462 r  u_core/u_store/d_q[23]_i_2/O
                         net (fo=28, routed)          1.821  5819.283    u_core/u_store/r2483
    SLICE_X95Y46         LUT4 (Prop_lut4_I3_O)        0.124  5819.407 r  u_core/u_store/d_q[6]_i_3__0/O
                         net (fo=1, routed)           0.403  5819.810    u_core/u_store/d_q[6]_i_3__0_n_0
    SLICE_X95Y46         LUT6 (Prop_lut6_I5_O)        0.124  5819.934 r  u_core/u_store/d_q[6]_i_2/O
                         net (fo=1, routed)           0.552  5820.486    u_core/u_store/u_fabric/r1831
    SLICE_X93Y46         LUT3 (Prop_lut3_I2_O)        0.118  5820.604 r  u_core/u_store/d_q[6]_i_1__0/O
                         net (fo=3, routed)           0.452  5821.056    u_core/u_store/drive_reg[239][6]
    SLICE_X92Y45         LUT5 (Prop_lut5_I2_O)        0.326  5821.382 r  u_core/u_store/i__carry__0_i_6__2/O
                         net (fo=1, routed)           0.000  5821.382    u_core/u_fabric/u_dsp1/u_core/m_c_4[2]
    SLICE_X92Y45         CARRY4 (Prop_carry4_S[2]_O[2])
                                                      0.250  5821.632 r  u_core/u_fabric/u_dsp1/u_core/__5/i__carry__0/O[2]
                         net (fo=1, routed)           0.407  5822.039    u_core/u_store/m_c_4[2]
    SLICE_X93Y45         LUT3 (Prop_lut3_I0_O)        0.301  5822.340 r  u_core/u_store/m_c_i_37__0/O
                         net (fo=1, routed)           0.582  5822.922    u_core/u_fabric/u_dsp1/u_core/m_c_2[6]
    DSP48_X3Y18          DSP48E1 (Prop_dsp48e1_A[6]_P[24])
                                                      3.841  5826.763 r  u_core/u_fabric/u_dsp1/u_core/m_c/P[24]
                         net (fo=2, routed)           1.332  5828.095    u_core/u_fabric/u_dsp1/u_core/m_c__0[24]
    SLICE_X79Y46         LUT3 (Prop_lut3_I2_O)        0.124  5828.219 r  u_core/u_fabric/u_dsp1/u_core/i__carry__5_i_4__0/O
                         net (fo=2, routed)           0.620  5828.839    u_core/u_fabric/u_dsp1/u_core/m_q_reg[41]_0[23]
    SLICE_X77Y42         CARRY4 (Prop_carry4_DI[0]_O[2])
                                                      0.573  5829.413 r  u_core/u_fabric/u_dsp1/u_core/__10/i__carry__5/O[2]
                         net (fo=3, routed)           0.725  5830.138    u_core/u_fabric/u_dsp1/u_core/__10/i__carry__5_n_5
    SLICE_X70Y41         LUT3 (Prop_lut3_I2_O)        0.302  5830.439 r  u_core/u_fabric/u_dsp1/u_core/a_q[24]_i_22/O
                         net (fo=2, routed)           0.838  5831.277    u_core/u_fabric/u_dsp1/u_core/dsp_p[74]
    SLICE_X78Y33         LUT5 (Prop_lut5_I1_O)        0.124  5831.401 r  u_core/u_fabric/u_dsp1/u_core/c_q[12]_i_9/O
                         net (fo=1, routed)           0.000  5831.401    u_core/u_store/c_q_reg[12]_i_4_0
    SLICE_X78Y33         MUXF7 (Prop_muxf7_I0_O)      0.238  5831.639 r  u_core/u_store/c_q_reg[12]_i_6/O
                         net (fo=1, routed)           0.000  5831.639    u_core/u_store/c_q_reg[12]_i_6_n_0
    SLICE_X78Y33         MUXF8 (Prop_muxf8_I0_O)      0.104  5831.743 r  u_core/u_store/c_q_reg[12]_i_4/O
                         net (fo=11, routed)          1.444  5833.188    u_core/u_store/u_fabric/r2502
    SLICE_X53Y38         LUT6 (Prop_lut6_I4_O)        0.316  5833.503 r  u_core/u_store/c_q[30]_i_5/O
                         net (fo=2, routed)           0.502  5834.006    u_core/u_store/c_q[30]_i_5_n_0
    SLICE_X52Y38         LUT5 (Prop_lut5_I0_O)        0.124  5834.130 r  u_core/u_store/c_q[30]_i_3__0/O
                         net (fo=6, routed)           0.777  5834.907    u_core/u_store/u_fabric/r2504
    SLICE_X48Y32         LUT6 (Prop_lut6_I2_O)        0.124  5835.031 r  u_core/u_store/din_qa[16]_i_4/O
                         net (fo=13, routed)          1.318  5836.349    u_core/u_store/u_fabric/r2231
    SLICE_X50Y11         LUT6 (Prop_lut6_I5_O)        0.124  5836.473 r  u_core/u_store/mem_reg_i_467/O
                         net (fo=1, routed)           0.000  5836.473    u_core/u_store/mem_reg_i_467_n_0
    SLICE_X50Y11         MUXF7 (Prop_muxf7_I1_O)      0.214  5836.687 r  u_core/u_store/mem_reg_i_398/O
                         net (fo=2, routed)           0.528  5837.215    u_core/u_store/mem_reg_i_398_n_0
    SLICE_X55Y11         LUT6 (Prop_lut6_I5_O)        0.297  5837.512 r  u_core/u_store/mem_reg_i_298/O
                         net (fo=9, routed)           1.434  5838.945    u_core/u_store/u_fabric/r2217
    SLICE_X99Y3          LUT4 (Prop_lut4_I3_O)        0.124  5839.069 r  u_core/u_store/mem_reg_i_332__0/O
                         net (fo=7, routed)           0.810  5839.879    u_core/u_store/u_fabric/r2333
    SLICE_X95Y9          LUT3 (Prop_lut3_I1_O)        0.150  5840.029 r  u_core/u_store/mem_reg_i_346/O
                         net (fo=1, routed)           0.154  5840.184    u_core/u_store/mem_reg_i_346_n_0
    SLICE_X95Y9          LUT6 (Prop_lut6_I4_O)        0.326  5840.510 r  u_core/u_store/mem_reg_i_280__0/O
                         net (fo=2, routed)           0.166  5840.676    u_core/u_store/mem_reg_i_280__0_n_0
    SLICE_X95Y9          LUT5 (Prop_lut5_I0_O)        0.124  5840.800 r  u_core/u_store/mem_reg_i_205__0/O
                         net (fo=1, routed)           0.691  5841.491    u_core/u_store/u_fabric/r2107
    SLICE_X102Y15        LUT5 (Prop_lut5_I0_O)        0.124  5841.615 r  u_core/u_store/mem_reg_i_122/O
                         net (fo=2, routed)           0.171  5841.786    u_core/u_store/mem_reg_i_122_n_0
    SLICE_X102Y15        LUT6 (Prop_lut6_I1_O)        0.124  5841.910 r  u_core/u_store/mem_reg_i_72__0/O
                         net (fo=10, routed)          1.524  5843.434    u_core/u_store/u_fabric/r2214
    SLICE_X65Y12         LUT5 (Prop_lut5_I1_O)        0.124  5843.558 r  u_core/u_store/mem_reg_i_84/O
                         net (fo=20, routed)          0.674  5844.232    u_core/u_store/u_fabric/r2391
    SLICE_X56Y11         LUT6 (Prop_lut6_I3_O)        0.124  5844.356 r  u_core/u_store/mem_reg_i_230/O
                         net (fo=2, routed)           0.498  5844.854    u_core/u_store/mem_reg_i_230_n_0
    SLICE_X56Y11         LUT5 (Prop_lut5_I2_O)        0.124  5844.979 r  u_core/u_store/mem_reg_i_151__0/O
                         net (fo=11, routed)          1.486  5846.464    u_core/u_store/u_fabric/r2111
    SLICE_X96Y6          LUT6 (Prop_lut6_I5_O)        0.124  5846.588 r  u_core/u_store/mem_reg_i_473/O
                         net (fo=1, routed)           0.466  5847.054    u_core/u_store/mem_reg_i_473_n_0
    SLICE_X96Y6          LUT5 (Prop_lut5_I4_O)        0.124  5847.178 r  u_core/u_store/mem_reg_i_408/O
                         net (fo=2, routed)           0.439  5847.618    u_core/u_store/mem_reg_i_408_n_0
    SLICE_X99Y7          LUT5 (Prop_lut5_I0_O)        0.124  5847.742 r  u_core/u_store/mem_reg_i_303__0/O
                         net (fo=7, routed)           0.729  5848.470    u_core/u_store/u_fabric/r2303
    SLICE_X99Y17         LUT6 (Prop_lut6_I5_O)        0.124  5848.594 r  u_core/u_store/user_dr[4]_i_57/O
                         net (fo=1, routed)           0.154  5848.748    u_core/u_store/user_dr[4]_i_57_n_0
    SLICE_X99Y17         LUT4 (Prop_lut4_I3_O)        0.124  5848.872 r  u_core/u_store/user_dr[4]_i_34/O
                         net (fo=2, routed)           0.638  5849.510    u_core/u_store/u_fabric/r2272
    SLICE_X103Y12        LUT6 (Prop_lut6_I2_O)        0.124  5849.634 r  u_core/u_store/user_dr[4]_i_14/O
                         net (fo=17, routed)          1.316  5850.950    u_core/u_store/u_fabric/r51
    SLICE_X109Y26        LUT6 (Prop_lut6_I2_O)        0.124  5851.074 r  u_core/u_store/user_dr[4]_i_51/O
                         net (fo=1, routed)           0.000  5851.074    u_core/u_store/u_fabric/u_clb_x1y1/t_107
    SLICE_X109Y26        MUXF7 (Prop_muxf7_I1_O)      0.217  5851.291 r  u_core/u_store/user_dr_reg[4]_i_28/O
                         net (fo=1, routed)           0.885  5852.176    u_core/u_store/u_fabric/u_clb_x1y1/t_117
    SLICE_X104Y23        LUT3 (Prop_lut3_I2_O)        0.299  5852.475 r  u_core/u_store/user_dr[4]_i_11/O
                         net (fo=2, routed)           0.583  5853.058    u_core/u_store/u_fabric/u_clb_x1y1/t_122
    SLICE_X103Y20        LUT5 (Prop_lut5_I4_O)        0.124  5853.182 r  u_core/u_store/c_q[47]_i_26/O
                         net (fo=1, routed)           0.291  5853.473    u_core/u_store/u_fabric/u_clb_x1y1/t_125
    SLICE_X103Y21        LUT4 (Prop_lut4_I2_O)        0.124  5853.597 r  u_core/u_store/c_q[47]_i_24/O
                         net (fo=1, routed)           0.458  5854.055    u_core/u_store/c_q[47]_i_24_n_0
    SLICE_X101Y22        LUT6 (Prop_lut6_I5_O)        0.124  5854.179 r  u_core/u_store/c_q[47]_i_17/O
                         net (fo=1, routed)           0.455  5854.634    u_core/u_store/clb_o[0]
    SLICE_X96Y21         LUT6 (Prop_lut6_I5_O)        0.124  5854.758 r  u_core/u_store/c_q[47]_i_11__0/O
                         net (fo=17, routed)          0.793  5855.551    u_core/u_store/u_fabric/r2300
    SLICE_X103Y19        LUT6 (Prop_lut6_I5_O)        0.124  5855.675 r  u_core/u_store/mem_reg_i_387__0/O
                         net (fo=1, routed)           0.441  5856.116    u_core/u_store/mem_reg_i_387__0_n_0
    SLICE_X103Y18        LUT5 (Prop_lut5_I2_O)        0.124  5856.240 r  u_core/u_store/mem_reg_i_330/O
                         net (fo=2, routed)           0.477  5856.718    u_core/u_store/u_fabric/r2039
    SLICE_X103Y17        LUT5 (Prop_lut5_I0_O)        0.124  5856.842 r  u_core/u_store/mem_reg_i_246__0/O
                         net (fo=2, routed)           0.412  5857.254    u_core/u_store/mem_reg_i_246__0_n_0
    SLICE_X103Y16        LUT5 (Prop_lut5_I4_O)        0.124  5857.378 r  u_core/u_store/mem_reg_i_171__0/O
                         net (fo=8, routed)           1.054  5858.432    u_core/u_store/u_fabric/r2282
    SLICE_X98Y6          LUT6 (Prop_lut6_I3_O)        0.124  5858.556 r  u_core/u_store/capture_reg_i_9/O
                         net (fo=2, routed)           0.635  5859.191    u_core/u_store/capture_reg_i_9_n_0
    SLICE_X93Y5          LUT6 (Prop_lut6_I5_O)        0.124  5859.315 r  u_core/u_store/capture_reg_i_4__2/O
                         net (fo=5, routed)           1.359  5860.675    u_core/u_store/u_fabric/r2216
    SLICE_X100Y15        LUT4 (Prop_lut4_I1_O)        0.153  5860.828 r  u_core/u_store/mem_reg_i_250__0/O
                         net (fo=14, routed)          0.814  5861.642    u_core/u_store/u_fabric/r2315
    SLICE_X93Y11         LUT6 (Prop_lut6_I3_O)        0.331  5861.973 r  u_core/u_store/q_i_17__3/O
                         net (fo=1, routed)           0.433  5862.406    u_core/u_store/q_i_17__3_n_0
    SLICE_X93Y11         LUT5 (Prop_lut5_I4_O)        0.124  5862.530 r  u_core/u_store/q_i_13__7/O
                         net (fo=2, routed)           0.403  5862.933    u_core/u_store/q_i_13__7_n_0
    SLICE_X93Y11         LUT3 (Prop_lut3_I0_O)        0.118  5863.051 r  u_core/u_store/q_i_7__10/O
                         net (fo=3, routed)           0.879  5863.931    u_core/u_store/u_fabric/r2054
    SLICE_X81Y12         LUT5 (Prop_lut5_I2_O)        0.326  5864.257 r  u_core/u_store/mem_reg_i_390/O
                         net (fo=1, routed)           0.436  5864.693    u_core/u_store/mem_reg_i_390_n_0
    SLICE_X79Y12         LUT5 (Prop_lut5_I2_O)        0.124  5864.817 r  u_core/u_store/mem_reg_i_285/O
                         net (fo=3, routed)           0.914  5865.731    u_core/u_store/u_fabric/r2359
    SLICE_X92Y10         LUT3 (Prop_lut3_I2_O)        0.124  5865.855 r  u_core/u_store/mem_reg_i_288__0/O
                         net (fo=2, routed)           0.691  5866.546    u_core/u_store/mem_reg_i_288__0_n_0
    SLICE_X92Y10         LUT6 (Prop_lut6_I5_O)        0.124  5866.670 r  u_core/u_store/mem_reg_i_208/O
                         net (fo=10, routed)          1.047  5867.717    u_core/u_store/u_fabric/r2266
    SLICE_X103Y16        LUT6 (Prop_lut6_I0_O)        0.124  5867.841 r  u_core/u_store/mem_reg_i_245/O
                         net (fo=2, routed)           0.160  5868.000    u_core/u_store/mem_reg_i_245_n_0
    SLICE_X103Y16        LUT6 (Prop_lut6_I2_O)        0.124  5868.125 r  u_core/u_store/user_dr[8]_i_50/O
                         net (fo=2, routed)           0.616  5868.740    u_core/u_store/user_dr[8]_i_50_n_0
    SLICE_X101Y20        LUT6 (Prop_lut6_I1_O)        0.124  5868.864 r  u_core/u_store/user_dr[8]_i_23/O
                         net (fo=2, routed)           0.149  5869.013    u_core/u_store/u_fabric/u_clb_x1y2/t_78
    SLICE_X101Y20        LUT5 (Prop_lut5_I2_O)        0.124  5869.137 r  u_core/u_store/user_dr[8]_i_9/O
                         net (fo=2, routed)           0.302  5869.439    u_core/u_store/u_fabric/u_clb_x1y2/t_115
    SLICE_X101Y18        LUT6 (Prop_lut6_I5_O)        0.124  5869.563 r  u_core/u_store/q_i_12__5/O
                         net (fo=17, routed)          2.316  5871.879    u_core/u_store/u_fabric/r2090
    SLICE_X50Y21         LUT5 (Prop_lut5_I4_O)        0.124  5872.003 r  u_core/u_store/c_q[46]_i_8/O
                         net (fo=1, routed)           0.577  5872.580    u_core/u_store/c_q[46]_i_8_n_0
    SLICE_X47Y22         LUT5 (Prop_lut5_I4_O)        0.124  5872.704 r  u_core/u_store/c_q[46]_i_3/O
                         net (fo=14, routed)          0.932  5873.637    u_core/u_store/r2130
    SLICE_X58Y26         LUT6 (Prop_lut6_I5_O)        0.124  5873.761 r  u_core/u_store/din_qa[16]_i_17/O
                         net (fo=2, routed)           0.445  5874.206    u_core/u_store/din_qa[16]_i_17_n_0
    SLICE_X58Y25         LUT5 (Prop_lut5_I2_O)        0.124  5874.330 r  u_core/u_store/din_qa[16]_i_11/O
                         net (fo=7, routed)           0.805  5875.135    u_core/u_store/u_fabric/r2456
    SLICE_X55Y24         LUT6 (Prop_lut6_I1_O)        0.124  5875.259 r  u_core/u_store/din_qa[16]_i_7__0/O
                         net (fo=1, routed)           0.000  5875.259    u_core/u_store/din_qa[16]_i_7__0_n_0
    SLICE_X55Y24         MUXF7 (Prop_muxf7_I1_O)      0.217  5875.476 r  u_core/u_store/din_qa_reg[16]_i_4/O
                         net (fo=10, routed)          1.257  5876.732    u_core/u_store/u_fabric/r2227
    SLICE_X68Y14         LUT5 (Prop_lut5_I0_O)        0.299  5877.031 r  u_core/u_store/din_qa[16]_i_2/O
                         net (fo=18, routed)          0.712  5877.744    u_core/u_store/u_fabric/r2399
    SLICE_X67Y7          LUT5 (Prop_lut5_I2_O)        0.124  5877.868 r  u_core/u_store/mem_reg_i_361__0/O
                         net (fo=2, routed)           0.481  5878.348    u_core/u_store/mem_reg_i_361__0_n_0
    SLICE_X67Y7          LUT5 (Prop_lut5_I0_O)        0.118  5878.466 r  u_core/u_store/mem_reg_i_250/O
                         net (fo=4, routed)           1.257  5879.724    u_core/u_store/u_fabric/r2401
    SLICE_X49Y14         LUT4 (Prop_lut4_I0_O)        0.326  5880.050 r  u_core/u_store/q_i_47__2/O
                         net (fo=1, routed)           0.263  5880.313    u_core/u_store/q_i_47__2_n_0
    SLICE_X49Y14         LUT6 (Prop_lut6_I0_O)        0.124  5880.437 r  u_core/u_store/q_i_27__1/O
                         net (fo=9, routed)           0.801  5881.238    u_core/u_store/u_fabric/r306
    SLICE_X62Y14         MUXF7 (Prop_muxf7_S_O)       0.292  5881.530 r  u_core/u_store/q_reg_i_34/O
                         net (fo=1, routed)           0.000  5881.530    u_core/u_store/u_fabric/u_clb_x4y1/t_113
    SLICE_X62Y14         MUXF8 (Prop_muxf8_I1_O)      0.088  5881.618 r  u_core/u_store/q_reg_i_15/O
                         net (fo=5, routed)           0.476  5882.094    u_core/u_store/u_fabric/u_clb_x4y1/t_120
    SLICE_X60Y16         LUT6 (Prop_lut6_I3_O)        0.319  5882.413 r  u_core/u_store/q_i_50__3/O
                         net (fo=1, routed)           0.488  5882.900    u_core/u_store/q_i_50__3_n_0
    SLICE_X60Y16         LUT5 (Prop_lut5_I4_O)        0.124  5883.024 r  u_core/u_store/q_i_24__3/O
                         net (fo=3, routed)           0.739  5883.763    u_core/u_store/u_fabric/r2061
    SLICE_X50Y15         LUT5 (Prop_lut5_I0_O)        0.124  5883.887 r  u_core/u_store/mem_reg_i_360/O
                         net (fo=1, routed)           0.670  5884.557    u_core/u_store/mem_reg_i_360_n_0
    SLICE_X50Y15         LUT5 (Prop_lut5_I4_O)        0.124  5884.681 r  u_core/u_store/mem_reg_i_249/O
                         net (fo=12, routed)          1.105  5885.787    u_core/u_store/u_fabric/r2412
    SLICE_X62Y9          LUT6 (Prop_lut6_I3_O)        0.124  5885.911 r  u_core/u_store/mem_reg_i_239/O
                         net (fo=1, routed)           0.000  5885.911    u_core/u_store/mem_reg_i_239_n_0
    SLICE_X62Y9          MUXF7 (Prop_muxf7_I1_O)      0.214  5886.125 r  u_core/u_store/mem_reg_i_132/O
                         net (fo=1, routed)           0.000  5886.125    u_core/u_store/mem_reg_i_132_n_0
    SLICE_X62Y9          MUXF8 (Prop_muxf8_I1_O)      0.088  5886.212 r  u_core/u_store/mem_reg_i_72/O
                         net (fo=12, routed)          1.041  5887.253    u_core/u_store/u_fabric/r2103
    SLICE_X79Y16         LUT6 (Prop_lut6_I0_O)        0.319  5887.572 r  u_core/u_store/din_qa[15]_i_8__0/O
                         net (fo=2, routed)           0.403  5887.976    u_core/u_store/din_qa[15]_i_8__0_n_0
    SLICE_X79Y16         LUT5 (Prop_lut5_I2_O)        0.124  5888.100 r  u_core/u_store/din_qa[15]_i_3__0/O
                         net (fo=7, routed)           0.798  5888.897    u_core/u_store/u_fabric/r2353
    SLICE_X87Y18         LUT4 (Prop_lut4_I3_O)        0.124  5889.021 r  u_core/u_store/mem_reg_i_329/O
                         net (fo=5, routed)           1.041  5890.062    u_core/u_store/u_fabric/r2051
    SLICE_X103Y19        LUT6 (Prop_lut6_I3_O)        0.124  5890.187 r  u_core/u_store/din_qa[12]_i_8/O
                         net (fo=1, routed)           0.000  5890.187    u_core/u_store/din_qa[12]_i_8_n_0
    SLICE_X103Y19        MUXF7 (Prop_muxf7_I1_O)      0.217  5890.403 r  u_core/u_store/din_qa_reg[12]_i_6/O
                         net (fo=2, routed)           0.309  5890.712    u_core/u_store/din_qa_reg[12]_i_6_n_0
    SLICE_X105Y19        LUT6 (Prop_lut6_I5_O)        0.299  5891.011 r  u_core/u_store/din_qa[12]_i_5/O
                         net (fo=2, routed)           0.593  5891.604    u_core/u_store/u_fabric/r2259
    SLICE_X101Y19        LUT2 (Prop_lut2_I1_O)        0.117  5891.722 r  u_core/u_store/din_qa[12]_i_4/O
                         net (fo=7, routed)           1.569  5893.291    u_core/u_store/u_fabric/r1978
    SLICE_X74Y16         LUT5 (Prop_lut5_I1_O)        0.332  5893.623 r  u_core/u_store/mem_reg_i_258/O
                         net (fo=1, routed)           0.279  5893.902    u_core/u_store/mem_reg_i_258_n_0
    SLICE_X74Y16         LUT4 (Prop_lut4_I3_O)        0.124  5894.026 r  u_core/u_store/mem_reg_i_158__0/O
                         net (fo=22, routed)          1.613  5895.640    u_core/u_store/u_fabric/r2384
    SLICE_X47Y15         LUT4 (Prop_lut4_I3_O)        0.124  5895.764 r  u_core/u_store/q_i_45__1/O
                         net (fo=3, routed)           0.276  5896.040    u_core/u_store/q_i_45__1_n_0
    SLICE_X47Y15         LUT6 (Prop_lut6_I5_O)        0.124  5896.164 r  u_core/u_store/q_i_26__8/O
                         net (fo=17, routed)          0.185  5896.349    u_core/u_store/u_fabric/r304
    SLICE_X47Y15         LUT6 (Prop_lut6_I4_O)        0.124  5896.473 r  u_core/u_store/q_i_51__0/O
                         net (fo=1, routed)           0.287  5896.760    u_core/u_store/u_fabric/u_clb_x4y1/t_103
    SLICE_X45Y15         LUT5 (Prop_lut5_I0_O)        0.124  5896.884 r  u_core/u_store/q_i_25/O
                         net (fo=4, routed)           1.019  5897.903    u_core/u_store/u_fabric/u_clb_x4y1/t_121
    SLICE_X59Y16         LUT4 (Prop_lut4_I3_O)        0.150  5898.053 r  u_core/u_store/q_i_12__8/O
                         net (fo=7, routed)           1.167  5899.220    u_core/u_store/u_fabric/r2060
    SLICE_X74Y32         LUT6 (Prop_lut6_I5_O)        0.326  5899.546 r  u_core/u_store/c_q[6]_i_6/O
                         net (fo=1, routed)           0.433  5899.979    u_core/u_store/c_q[6]_i_6_n_0
    SLICE_X74Y32         LUT5 (Prop_lut5_I2_O)        0.124  5900.104 r  u_core/u_store/c_q[6]_i_3__0/O
                         net (fo=19, routed)          0.865  5900.969    u_core/u_store/r2496
    SLICE_X88Y31         LUT6 (Prop_lut6_I2_O)        0.124  5901.093 r  u_core/u_store/mem_reg_i_125__0/O
                         net (fo=1, routed)           0.161  5901.254    u_core/u_store/mem_reg_i_125__0_n_0
    SLICE_X88Y31         LUT5 (Prop_lut5_I0_O)        0.124  5901.378 r  u_core/u_store/mem_reg_i_73/O
                         net (fo=16, routed)          1.314  5902.691    u_core/u_store/u_fabric/r2117
    SLICE_X76Y16         LUT6 (Prop_lut6_I5_O)        0.124  5902.815 r  u_core/u_store/din_qa[14]_i_8/O
                         net (fo=1, routed)           0.162  5902.977    u_core/u_store/din_qa[14]_i_8_n_0
    SLICE_X76Y16         LUT6 (Prop_lut6_I5_O)        0.124  5903.101 r  u_core/u_store/din_qa[14]_i_5/O
                         net (fo=2, routed)           0.684  5903.785    u_core/u_store/din_qa[14]_i_5_n_0
    SLICE_X76Y16         LUT5 (Prop_lut5_I0_O)        0.124  5903.909 r  u_core/u_store/din_qa[14]_i_3__0/O
                         net (fo=10, routed)          1.029  5904.938    u_core/u_store/u_fabric/r2374
    SLICE_X87Y5          LUT6 (Prop_lut6_I1_O)        0.124  5905.062 r  u_core/u_store/capture_reg_i_14__1/O
                         net (fo=4, routed)           0.727  5905.789    u_core/u_store/u_fabric/r2155
    SLICE_X94Y5          LUT5 (Prop_lut5_I4_O)        0.124  5905.913 r  u_core/u_store/capture_reg_i_13__1/O
                         net (fo=1, routed)           0.282  5906.195    u_core/u_store/capture_reg_i_13__1_n_0
    SLICE_X94Y5          LUT4 (Prop_lut4_I0_O)        0.117  5906.312 r  u_core/u_store/capture_reg_i_11__1/O
                         net (fo=2, routed)           0.941  5907.253    u_core/u_store/capture_reg_i_11__1_n_0
    SLICE_X106Y5         LUT3 (Prop_lut3_I2_O)        0.331  5907.584 r  u_core/u_store/capture_reg_i_7__3/O
                         net (fo=8, routed)           1.207  5908.792    u_core/u_store/u_fabric/r2279
    SLICE_X101Y21        LUT4 (Prop_lut4_I2_O)        0.124  5908.916 r  u_core/u_store/mem_reg_i_411__0/O
                         net (fo=2, routed)           0.416  5909.332    u_core/u_store/mem_reg_i_411__0_n_0
    SLICE_X101Y21        LUT5 (Prop_lut5_I0_O)        0.124  5909.456 r  u_core/u_store/mem_reg_i_305__0/O
                         net (fo=7, routed)           0.472  5909.928    u_core/u_store/u_fabric/r2261
    SLICE_X94Y21         LUT6 (Prop_lut6_I4_O)        0.124  5910.052 r  u_core/u_store/mem_reg_i_195__0/O
                         net (fo=1, routed)           0.161  5910.213    u_core/u_store/mem_reg_i_195__0_n_0
    SLICE_X94Y21         LUT5 (Prop_lut5_I4_O)        0.124  5910.337 r  u_core/u_store/mem_reg_i_105__0/O
                         net (fo=9, routed)           1.385  5911.722    u_core/u_store/u_fabric/r2004
    SLICE_X84Y31         LUT4 (Prop_lut4_I3_O)        0.124  5911.846 r  u_core/u_store/c_q[17]_i_4/O
                         net (fo=11, routed)          0.744  5912.590    u_core/u_store/r2488
    SLICE_X77Y27         LUT6 (Prop_lut6_I4_O)        0.124  5912.714 r  u_core/u_store/user_dr[11]_i_4/O
                         net (fo=5, routed)           0.767  5913.481    u_core/u_store/u_fabric/u_clb_x5y2/lut_o6
    SLICE_X87Y28         LUT6 (Prop_lut6_I3_O)        0.124  5913.605 r  u_core/u_store/user_dr[11]_i_2/O
                         net (fo=4, routed)           0.631  5914.236    u_core/u_store/q_reg_0[4]
    SLICE_X81Y32         LUT5 (Prop_lut5_I0_O)        0.124  5914.360 r  u_core/u_store/c_q[42]_i_5/O
                         net (fo=1, routed)           0.263  5914.623    u_core/u_store/c_q[42]_i_5_n_0
    SLICE_X81Y32         LUT5 (Prop_lut5_I4_O)        0.124  5914.747 r  u_core/u_store/c_q[42]_i_2__0/O
                         net (fo=17, routed)          1.079  5915.826    u_core/u_store/r2492
    SLICE_X59Y36         LUT6 (Prop_lut6_I2_O)        0.124  5915.950 r  u_core/u_store/mem_reg_i_241__0/O
                         net (fo=2, routed)           0.263  5916.213    u_core/u_store/mem_reg_i_241__0_n_0
    SLICE_X59Y36         LUT3 (Prop_lut3_I0_O)        0.120  5916.333 r  u_core/u_store/c_q[18]_i_3__0/O
                         net (fo=5, routed)           1.839  5918.172    u_core/u_store/u_fabric/r2506
    SLICE_X94Y46         LUT6 (Prop_lut6_I0_O)        0.327  5918.500 r  u_core/u_store/b_q[0]_i_2/O
                         net (fo=1, routed)           0.848  5919.348    u_core/u_store/u_fabric/r1819
    SLICE_X92Y51         LUT3 (Prop_lut3_I2_O)        0.124  5919.472 r  u_core/u_store/b_q[0]_i_1__0/O
                         net (fo=2, routed)           0.797  5920.269    u_core/u_dsp1/b_v[0]
    SLICE_X92Y43         LUT3 (Prop_lut3_I2_O)        0.124  5920.393 r  u_core/m_c_i_18__0/O
                         net (fo=1, routed)           0.669  5921.062    u_core/u_fabric/u_dsp1/u_core/m_c_1[0]
    DSP48_X3Y18          DSP48E1 (Prop_dsp48e1_B[0]_P[25])
                                                      3.656  5924.717 r  u_core/u_fabric/u_dsp1/u_core/m_c/P[25]
                         net (fo=2, routed)           1.587  5926.305    u_core/u_fabric/u_dsp1/u_core/m_c__0[25]
    SLICE_X79Y46         LUT3 (Prop_lut3_I2_O)        0.152  5926.457 r  u_core/u_fabric/u_dsp1/u_core/i__carry__5_i_3__0/O
                         net (fo=2, routed)           0.691  5927.147    u_core/u_fabric/u_dsp1/u_core/m_q_reg[41]_0[24]
    SLICE_X77Y42         CARRY4 (Prop_carry4_DI[1]_CO[3])
                                                      0.715  5927.862 r  u_core/u_fabric/u_dsp1/u_core/__10/i__carry__5/CO[3]
                         net (fo=1, routed)           0.000  5927.862    u_core/u_fabric/u_dsp1/u_core/__10/i__carry__5_n_0
    SLICE_X77Y43         CARRY4 (Prop_carry4_CI_O[2])
                                                      0.256  5928.118 r  u_core/u_fabric/u_dsp1/u_core/__10/i__carry__6/O[2]
                         net (fo=3, routed)           0.550  5928.668    u_core/u_fabric/u_dsp1/u_core/__10/i__carry__6_n_5
    SLICE_X79Y43         LUT3 (Prop_lut3_I2_O)        0.298  5928.966 r  u_core/u_fabric/u_dsp1/u_core/q_i_13__1/O
                         net (fo=2, routed)           0.596  5929.562    u_core/u_fabric/m2142/a_q[20]_i_10_0[3]
    SLICE_X79Y39         LUT6 (Prop_lut6_I3_O)        0.327  5929.890 r  u_core/u_fabric/m2142/a_q[20]_i_20/O
                         net (fo=1, routed)           0.421  5930.311    u_core/u_fabric/m2142/a_q[20]_i_20_n_0
    SLICE_X78Y37         LUT5 (Prop_lut5_I4_O)        0.124  5930.435 r  u_core/u_fabric/m2142/a_q[20]_i_10/O
                         net (fo=2, routed)           0.441  5930.876    u_core/u_fabric/m2142/g_frame[33].cfg_reg[4314]
    SLICE_X78Y36         LUT5 (Prop_lut5_I4_O)        0.124  5931.000 r  u_core/u_fabric/m2142/c_q[34]_i_4/O
                         net (fo=5, routed)           0.911  5931.911    u_core/u_store/r2142
    SLICE_X80Y43         LUT4 (Prop_lut4_I0_O)        0.124  5932.035 r  u_core/u_store/c_q[34]_i_3/O
                         net (fo=1, routed)           0.439  5932.475    u_core/u_store/c_q[34]_i_3_n_0
    SLICE_X78Y43         LUT6 (Prop_lut6_I0_O)        0.124  5932.599 r  u_core/u_store/c_q[34]_i_2/O
                         net (fo=1, routed)           0.857  5933.456    u_core/u_store/u_fabric/r822
    SLICE_X70Y44         LUT3 (Prop_lut3_I2_O)        0.124  5933.580 r  u_core/u_store/c_q[34]_i_1/O
                         net (fo=2, routed)           0.588  5934.167    u_core/u_store/drive_reg[90][34]
    SLICE_X65Y42         LUT6 (Prop_lut6_I0_O)        0.124  5934.292 r  u_core/u_store/i__carry__7_i_10/O
                         net (fo=1, routed)           0.545  5934.836    u_core/u_fabric/u_dsp0/u_core/p_q_reg[35]_0
    SLICE_X61Y42         LUT4 (Prop_lut4_I3_O)        0.124  5934.960 r  u_core/u_fabric/u_dsp0/u_core/i__carry__7_i_6/O
                         net (fo=1, routed)           0.000  5934.960    u_core/u_fabric/u_dsp0/u_core/i__carry__7_i_6_n_0
    SLICE_X61Y42         CARRY4 (Prop_carry4_S[2]_O[3])
                                                      0.352  5935.312 r  u_core/u_fabric/u_dsp0/u_core/__10/i__carry__7/O[3]
                         net (fo=3, routed)           0.555  5935.867    u_core/u_fabric/u_dsp0/u_core/__10/i__carry__7_n_4
    SLICE_X62Y44         LUT3 (Prop_lut3_I2_O)        0.306  5936.173 r  u_core/u_fabric/u_dsp0/u_core/i__carry__3_i_13/O
                         net (fo=3, routed)           0.828  5937.001    u_core/u_fabric/u_dsp0/u_core/p_q_reg[46]_0[28]
    SLICE_X80Y45         LUT6 (Prop_lut6_I2_O)        0.124  5937.125 r  u_core/u_fabric/u_dsp0/u_core/c_q[38]_i_7/O
                         net (fo=1, routed)           0.158  5937.284    u_core/u_store/c_q[40]_i_6__0_1
    SLICE_X80Y45         LUT6 (Prop_lut6_I5_O)        0.124  5937.408 r  u_core/u_store/c_q[38]_i_3__0/O
                         net (fo=16, routed)          0.519  5937.927    u_core/u_store/u_fabric/r2538
    SLICE_X87Y45         LUT5 (Prop_lut5_I1_O)        0.124  5938.051 r  u_core/u_store/b_q[4]_i_3__0/O
                         net (fo=1, routed)           0.462  5938.513    u_core/u_store/b_q[4]_i_3__0_n_0
    SLICE_X87Y46         LUT6 (Prop_lut6_I0_O)        0.124  5938.637 r  u_core/u_store/b_q[4]_i_2__0/O
                         net (fo=1, routed)           0.551  5939.188    u_core/u_store/u_fabric/r1778
    SLICE_X87Y50         LUT3 (Prop_lut3_I2_O)        0.124  5939.312 r  u_core/u_store/b_q[4]_i_1__0/O
                         net (fo=2, routed)           0.562  5939.874    u_core/u_dsp1/b_v[4]
    SLICE_X89Y50         LUT3 (Prop_lut3_I2_O)        0.124  5939.998 r  u_core/m_c_i_14__0/O
                         net (fo=1, routed)           0.874  5940.872    u_core/u_fabric/u_dsp1/u_core/m_c_1[4]
    DSP48_X3Y18          DSP48E1 (Prop_dsp48e1_B[4]_P[28])
                                                      3.656  5944.528 r  u_core/u_fabric/u_dsp1/u_core/m_c/P[28]
                         net (fo=2, routed)           1.197  5945.725    u_core/u_fabric/u_dsp1/u_core/m_c__0[28]
    SLICE_X82Y47         LUT3 (Prop_lut3_I2_O)        0.150  5945.875 r  u_core/u_fabric/u_dsp1/u_core/i__carry__6_i_4__0/O
                         net (fo=2, routed)           0.818  5946.693    u_core/u_fabric/u_dsp1/u_core/m_q_reg[41]_0[27]
    SLICE_X77Y43         CARRY4 (Prop_carry4_DI[0]_O[1])
                                                      0.644  5947.337 r  u_core/u_fabric/u_dsp1/u_core/__10/i__carry__6/O[1]
                         net (fo=4, routed)           0.594  5947.931    u_core/u_store/c_q[28]_i_5__0_1[0]
    SLICE_X80Y42         LUT6 (Prop_lut6_I3_O)        0.303  5948.234 r  u_core/u_store/d_q[20]_i_2__0/O
                         net (fo=14, routed)          0.975  5949.209    u_core/u_store/u_fabric/r2537
    SLICE_X66Y46         LUT6 (Prop_lut6_I2_O)        0.124  5949.333 r  u_core/u_store/d_q[20]_i_1/O
                         net (fo=3, routed)           1.168  5950.501    u_core/u_store/drive_reg[115][20]
    SLICE_X58Y44         LUT3 (Prop_lut3_I2_O)        0.150  5950.651 r  u_core/u_store/i__carry__4_i_4__0/O
                         net (fo=1, routed)           0.000  5950.651    u_core/u_fabric/u_dsp0/u_core/d_v[20]
    SLICE_X58Y44         CARRY4 (Prop_carry4_DI[0]_O[1])
                                                      0.351  5951.002 r  u_core/u_fabric/u_dsp0/u_core/__5/i__carry__4/O[1]
                         net (fo=1, routed)           0.562  5951.563    u_core/u_store/m_c_12[1]
    SLICE_X59Y42         LUT3 (Prop_lut3_I0_O)        0.299  5951.862 r  u_core/u_store/m_c_i_22/O
                         net (fo=1, routed)           1.411  5953.273    u_core/u_fabric/u_dsp0/u_core/A[21]
    DSP48_X2Y16          DSP48E1 (Prop_dsp48e1_A[21]_P[13])
                                                      4.049  5957.322 r  u_core/u_fabric/u_dsp0/u_core/m_c/P[13]
                         net (fo=3, routed)           1.767  5959.088    u_core/u_fabric/u_dsp0/u_core/m_c__0[13]
    SLICE_X61Y37         LUT3 (Prop_lut3_I2_O)        0.150  5959.238 r  u_core/u_fabric/u_dsp0/u_core/i__carry__2_i_3/O
                         net (fo=1, routed)           0.000  5959.238    u_core/u_fabric/u_dsp0/u_core/m_x[13]
    SLICE_X61Y37         CARRY4 (Prop_carry4_DI[1]_CO[3])
                                                      0.470  5959.708 r  u_core/u_fabric/u_dsp0/u_core/__10/i__carry__2/CO[3]
                         net (fo=1, routed)           0.000  5959.708    u_core/u_fabric/u_dsp0/u_core/__10/i__carry__2_n_0
    SLICE_X61Y38         CARRY4 (Prop_carry4_CI_O[3])
                                                      0.329  5960.038 r  u_core/u_fabric/u_dsp0/u_core/__10/i__carry__3/O[3]
                         net (fo=3, routed)           0.413  5960.450    u_core/u_fabric/u_dsp0/u_core/__10/i__carry__3_n_4
    SLICE_X62Y38         LUT3 (Prop_lut3_I2_O)        0.306  5960.756 r  u_core/u_fabric/u_dsp0/u_core/a_q[23]_i_5/O
                         net (fo=3, routed)           0.971  5961.727    u_core/u_store/d_q_reg[20][12]
    SLICE_X80Y35         LUT5 (Prop_lut5_I4_O)        0.124  5961.851 r  u_core/u_store/a_q[23]_i_2/O
                         net (fo=8, routed)           1.030  5962.881    u_core/u_store/u_fabric/r2143
    SLICE_X66Y43         LUT6 (Prop_lut6_I2_O)        0.124  5963.005 r  u_core/u_store/a_q[23]_i_1/O
                         net (fo=3, routed)           0.502  5963.507    u_core/u_store/drive_reg[24][23]
    SLICE_X58Y44         LUT5 (Prop_lut5_I3_O)        0.124  5963.631 r  u_core/u_store/i__carry__4_i_5__0/O
                         net (fo=1, routed)           0.000  5963.631    u_core/u_fabric/u_dsp0/u_core/m_c_5[3]
    SLICE_X58Y44         CARRY4 (Prop_carry4_S[3]_CO[3])
                                                      0.376  5964.007 r  u_core/u_fabric/u_dsp0/u_core/__5/i__carry__4/CO[3]
                         net (fo=1, routed)           0.000  5964.007    u_core/u_fabric/u_dsp0/u_core/__5/i__carry__4_n_0
    SLICE_X58Y45         CARRY4 (Prop_carry4_CI_O[0])
                                                      0.219  5964.226 r  u_core/u_fabric/u_dsp0/u_core/__5/i__carry__5/O[0]
                         net (fo=1, routed)           0.661  5964.887    u_core/u_store/m_c_8[0]
    SLICE_X59Y45         LUT3 (Prop_lut3_I0_O)        0.295  5965.182 r  u_core/u_store/m_c_i_19/O
                         net (fo=6, routed)           1.282  5966.464    u_core/u_fabric/u_dsp0/u_core/A[24]
    DSP48_X2Y16          DSP48E1 (Prop_dsp48e1_A[29]_P[16])
                                                      3.841  5970.305 r  u_core/u_fabric/u_dsp0/u_core/m_c/P[16]
                         net (fo=3, routed)           1.830  5972.134    u_core/u_fabric/u_dsp0/u_core/m_c__0[16]
    SLICE_X61Y38         LUT3 (Prop_lut3_I2_O)        0.150  5972.284 r  u_core/u_fabric/u_dsp0/u_core/i__carry__3_i_4/O
                         net (fo=1, routed)           0.000  5972.284    u_core/u_fabric/u_dsp0/u_core/m_x[16]
    SLICE_X61Y38         CARRY4 (Prop_carry4_DI[0]_O[2])
                                                      0.513  5972.797 r  u_core/u_fabric/u_dsp0/u_core/__10/i__carry__3/O[2]
                         net (fo=4, routed)           0.444  5973.241    u_core/u_fabric/u_dsp0/u_core/g_frame[30].cfg_reg[3882][6]
    SLICE_X62Y38         LUT3 (Prop_lut3_I2_O)        0.302  5973.543 r  u_core/u_fabric/u_dsp0/u_core/i__carry_i_13/O
                         net (fo=2, routed)           0.638  5974.181    u_core/u_store/d_q_reg[20][11]
    SLICE_X75Y37         LUT5 (Prop_lut5_I0_O)        0.124  5974.305 r  u_core/u_store/i__carry_i_11__0/O
                         net (fo=1, routed)           0.313  5974.618    u_core/u_store/i__carry_i_11__0_n_0
    SLICE_X77Y36         LUT5 (Prop_lut5_I4_O)        0.124  5974.742 r  u_core/u_store/i__carry_i_7__0/O
                         net (fo=1, routed)           0.000  5974.742    u_core/u_fabric/u_dsp1/u_core/p_q_reg[3]_0[1]
    SLICE_X77Y36         CARRY4 (Prop_carry4_S[1]_O[1])
                                                      0.227  5974.969 r  u_core/u_fabric/u_dsp1/u_core/__10/i__carry/O[1]
                         net (fo=3, routed)           0.556  5975.525    u_core/u_fabric/u_dsp1/u_core/__10/i__carry_n_6
    SLICE_X75Y36         LUT3 (Prop_lut3_I2_O)        0.303  5975.829 r  u_core/u_fabric/u_dsp1/u_core/d_q[22]_i_5/O
                         net (fo=5, routed)           1.244  5977.072    u_core/u_store/d_q_reg[20][41]
    SLICE_X91Y44         LUT5 (Prop_lut5_I4_O)        0.124  5977.196 r  u_core/u_store/d_q[22]_i_2/O
                         net (fo=4, routed)           0.541  5977.737    u_core/u_store/u_fabric/r2255
    SLICE_X88Y44         LUT6 (Prop_lut6_I2_O)        0.124  5977.861 r  u_core/u_store/b_q[16]_i_1__0/O
                         net (fo=2, routed)           0.798  5978.659    u_core/u_dsp1/b_v[16]
    SLICE_X91Y53         LUT3 (Prop_lut3_I2_O)        0.124  5978.783 r  u_core/m_c_i_2__0/O
                         net (fo=1, routed)           0.682  5979.465    u_core/u_fabric/u_dsp1/u_core/m_c_1[16]
    DSP48_X3Y18          DSP48E1 (Prop_dsp48e1_B[16]_P[29])
                                                      3.656  5983.121 r  u_core/u_fabric/u_dsp1/u_core/m_c/P[29]
                         net (fo=2, routed)           1.376  5984.497    u_core/u_fabric/u_dsp1/u_core/m_c__0[29]
    SLICE_X81Y47         LUT3 (Prop_lut3_I2_O)        0.120  5984.617 r  u_core/u_fabric/u_dsp1/u_core/i__carry__6_i_3__0/O
                         net (fo=2, routed)           0.827  5985.445    u_core/u_fabric/u_dsp1/u_core/m_q_reg[41]_0[28]
    SLICE_X77Y43         CARRY4 (Prop_carry4_DI[1]_CO[3])
                                                      0.710  5986.155 r  u_core/u_fabric/u_dsp1/u_core/__10/i__carry__6/CO[3]
                         net (fo=1, routed)           0.000  5986.155    u_core/u_fabric/u_dsp1/u_core/__10/i__carry__6_n_0
    SLICE_X77Y44         CARRY4 (Prop_carry4_CI_O[3])
                                                      0.329  5986.484 r  u_core/u_fabric/u_dsp1/u_core/__10/i__carry__7/O[3]
                         net (fo=4, routed)           0.439  5986.922    u_core/u_fabric/u_dsp1/u_core/D[11]
    SLICE_X76Y44         LUT3 (Prop_lut3_I2_O)        0.306  5987.229 r  u_core/u_fabric/u_dsp1/u_core/mem_reg_i_463/O
                         net (fo=1, routed)           1.059  5988.288    u_core/u_fabric/u_dsp1/u_core/dsp_p[83]
    SLICE_X96Y43         LUT6 (Prop_lut6_I2_O)        0.124  5988.412 r  u_core/u_fabric/u_dsp1/u_core/mem_reg_i_395__0/O
                         net (fo=1, routed)           0.161  5988.573    u_core/u_store/b_q[17]_i_7__0_0
    SLICE_X96Y43         LUT6 (Prop_lut6_I5_O)        0.124  5988.697 r  u_core/u_store/mem_reg_i_294__0/O
                         net (fo=6, routed)           1.816  5990.512    u_core/u_store/u_fabric/r2550
    SLICE_X73Y17         LUT5 (Prop_lut5_I0_O)        0.124  5990.636 r  u_core/u_store/mem_reg_i_185__0/O
                         net (fo=19, routed)          1.140  5991.776    u_core/u_store/u_fabric/r2407
    SLICE_X50Y16         LUT6 (Prop_lut6_I2_O)        0.124  5991.900 r  u_core/u_store/c_q[45]_i_3/O
                         net (fo=16, routed)          1.557  5993.457    u_core/u_store/u_fabric/r2012
    SLICE_X60Y37         LUT6 (Prop_lut6_I5_O)        0.124  5993.581 r  u_core/u_store/c_q[45]_i_1/O
                         net (fo=2, routed)           0.791  5994.372    u_core/u_store/drive_reg[90][45]
    SLICE_X62Y45         LUT6 (Prop_lut6_I0_O)        0.124  5994.496 r  u_core/u_store/i__carry__10_i_1/O
                         net (fo=3, routed)           0.470  5994.966    u_core/u_store/g_frame[30].cfg_reg[3882]_1[2]
    SLICE_X61Y45         LUT2 (Prop_lut2_I1_O)        0.124  5995.090 r  u_core/u_store/i__carry__10_i_6/O
                         net (fo=1, routed)           0.000  5995.090    u_core/u_fabric/u_dsp0/u_core/p_q_reg[47]_2[1]
    SLICE_X61Y45         CARRY4 (Prop_carry4_S[1]_O[2])
                                                      0.580  5995.670 r  u_core/u_fabric/u_dsp0/u_core/__10/i__carry__10/O[2]
                         net (fo=4, routed)           0.655  5996.325    u_core/u_store/i__carry__7_i_9__0_1[0]
    SLICE_X55Y41         LUT6 (Prop_lut6_I3_O)        0.302  5996.627 r  u_core/u_store/c_q[31]_i_4/O
                         net (fo=4, routed)           0.875  5997.502    u_core/u_store/u_fabric/r2524
    SLICE_X48Y36         LUT6 (Prop_lut6_I2_O)        0.124  5997.626 r  u_core/u_store/d_q[19]_i_2__0/O
                         net (fo=1, routed)           0.911  5998.537    u_core/u_store/u_fabric/r717
    SLICE_X56Y44         LUT3 (Prop_lut3_I2_O)        0.124  5998.661 r  u_core/u_store/d_q[19]_i_1/O
                         net (fo=3, routed)           0.627  5999.288    u_core/u_store/drive_reg[115][19]
    SLICE_X58Y43         LUT5 (Prop_lut5_I2_O)        0.124  5999.412 r  u_core/u_store/i__carry__3_i_5__1/O
                         net (fo=1, routed)           0.000  5999.412    u_core/u_fabric/u_dsp0/u_core/m_c_4[3]
    SLICE_X58Y43         CARRY4 (Prop_carry4_S[3]_O[3])
                                                      0.255  5999.667 r  u_core/u_fabric/u_dsp0/u_core/__5/i__carry__3/O[3]
                         net (fo=1, routed)           0.642  6000.309    u_core/u_store/m_c_7[3]
    SLICE_X59Y44         LUT3 (Prop_lut3_I0_O)        0.307  6000.616 r  u_core/u_store/m_c_i_24/O
                         net (fo=1, routed)           1.158  6001.774    u_core/u_fabric/u_dsp0/u_core/A[19]
    DSP48_X2Y16          DSP48E1 (Prop_dsp48e1_A[19]_P[17])
                                                      3.841  6005.615 r  u_core/u_fabric/u_dsp0/u_core/m_c/P[17]
                         net (fo=3, routed)           1.766  6007.381    u_core/u_fabric/u_dsp0/u_core/m_c__0[17]
    SLICE_X61Y38         LUT3 (Prop_lut3_I2_O)        0.150  6007.531 r  u_core/u_fabric/u_dsp0/u_core/i__carry__3_i_3/O
                         net (fo=1, routed)           0.000  6007.531    u_core/u_fabric/u_dsp0/u_core/m_x[17]
    SLICE_X61Y38         CARRY4 (Prop_carry4_DI[1]_CO[3])
                                                      0.470  6008.001 r  u_core/u_fabric/u_dsp0/u_core/__10/i__carry__3/CO[3]
                         net (fo=1, routed)           0.000  6008.001    u_core/u_fabric/u_dsp0/u_core/__10/i__carry__3_n_0
    SLICE_X61Y39         CARRY4 (Prop_carry4_CI_O[3])
                                                      0.329  6008.330 r  u_core/u_fabric/u_dsp0/u_core/__10/i__carry__4/O[3]
                         net (fo=3, routed)           0.714  6009.044    u_core/u_fabric/u_dsp0/u_core/__10/i__carry__4_n_4
    SLICE_X64Y41         LUT3 (Prop_lut3_I2_O)        0.306  6009.351 r  u_core/u_fabric/u_dsp0/u_core/i__carry__0_i_14/O
                         net (fo=3, routed)           0.472  6009.823    u_core/u_fabric/u_dsp0/u_core/p_q_reg[46]_0[16]
    SLICE_X69Y42         LUT5 (Prop_lut5_I1_O)        0.124  6009.947 r  u_core/u_fabric/u_dsp0/u_core/led_OBUF[1]_inst_i_7/O
                         net (fo=1, routed)           0.263  6010.210    u_core/u_store/c_q[40]_i_6__0_0
    SLICE_X69Y42         LUT6 (Prop_lut6_I5_O)        0.124  6010.334 r  u_core/u_store/led_OBUF[1]_inst_i_3/O
                         net (fo=16, routed)          1.196  6011.531    u_core/u_store/u_fabric/r2534
    SLICE_X92Y41         LUT4 (Prop_lut4_I2_O)        0.124  6011.655 r  u_core/u_store/a_q[9]_i_3__0/O
                         net (fo=1, routed)           0.282  6011.937    u_core/u_store/a_q[9]_i_3__0_n_0
    SLICE_X92Y41         LUT6 (Prop_lut6_I0_O)        0.124  6012.061 r  u_core/u_store/a_q[9]_i_2__0/O
                         net (fo=1, routed)           0.994  6013.055    u_core/u_store/u_fabric/r1795
    SLICE_X92Y52         LUT3 (Prop_lut3_I2_O)        0.117  6013.172 r  u_core/u_store/a_q[9]_i_1__0/O
                         net (fo=2, routed)           0.724  6013.897    u_core/u_store/drive_reg[148][9]
    SLICE_X92Y56         LUT3 (Prop_lut3_I2_O)        0.340  6014.237 r  u_core/u_store/m_c_i_56__0/O
                         net (fo=2, routed)           1.168  6015.405    u_core/u_store/u_fabric/u_dsp1/u_core/a_v__24[9]
    SLICE_X92Y46         LUT5 (Prop_lut5_I3_O)        0.328  6015.733 r  u_core/u_store/i__carry__1_i_7__2/O
                         net (fo=1, routed)           0.000  6015.733    u_core/u_fabric/u_dsp1/u_core/m_c_5[1]
    SLICE_X92Y46         CARRY4 (Prop_carry4_S[1]_O[1])
                                                      0.230  6015.963 r  u_core/u_fabric/u_dsp1/u_core/__5/i__carry__1/O[1]
                         net (fo=1, routed)           0.719  6016.682    u_core/u_store/m_c_6[1]
    SLICE_X93Y50         LUT3 (Prop_lut3_I0_O)        0.306  6016.988 r  u_core/u_store/m_c_i_34__0/O
                         net (fo=1, routed)           0.675  6017.664    u_core/u_fabric/u_dsp1/u_core/m_c_2[9]
    DSP48_X3Y18          DSP48E1 (Prop_dsp48e1_A[9]_P[32])
                                                      3.841  6021.504 r  u_core/u_fabric/u_dsp1/u_core/m_c/P[32]
                         net (fo=2, routed)           0.912  6022.417    u_core/u_fabric/u_dsp1/u_core/m_c__0[32]
    SLICE_X82Y48         LUT3 (Prop_lut3_I2_O)        0.124  6022.541 r  u_core/u_fabric/u_dsp1/u_core/i__carry__7_i_4__0/O
                         net (fo=2, routed)           0.675  6023.216    u_core/u_fabric/u_dsp1/u_core/m_q_reg[41]_0[31]
    SLICE_X77Y44         CARRY4 (Prop_carry4_DI[0]_O[2])
                                                      0.573  6023.789 r  u_core/u_fabric/u_dsp1/u_core/__10/i__carry__7/O[2]
                         net (fo=4, routed)           0.437  6024.226    u_core/u_fabric/u_dsp1/u_core/D[10]
    SLICE_X78Y43         LUT3 (Prop_lut3_I2_O)        0.302  6024.528 r  u_core/u_fabric/u_dsp1/u_core/led_OBUF[2]_inst_i_8/O
                         net (fo=2, routed)           0.660  6025.188    u_core/u_fabric/u_dsp1/u_core/dsp_p[82]
    SLICE_X82Y46         LUT6 (Prop_lut6_I2_O)        0.124  6025.312 r  u_core/u_fabric/u_dsp1/u_core/led_OBUF[2]_inst_i_6/O
                         net (fo=1, routed)           0.000  6025.312    u_core/u_store/a_q[24]_i_5_0
    SLICE_X82Y46         MUXF7 (Prop_muxf7_I0_O)      0.209  6025.521 r  u_core/u_store/led_OBUF[2]_inst_i_5/O
                         net (fo=15, routed)          1.749  6027.270    u_core/u_store/u_fabric/r2515
    SLICE_X85Y51         LUT6 (Prop_lut6_I5_O)        0.297  6027.567 r  u_core/u_store/b_q[7]_i_2__0/O
                         net (fo=1, routed)           0.560  6028.126    u_core/u_store/u_fabric/r1668
    SLICE_X87Y50         LUT3 (Prop_lut3_I2_O)        0.120  6028.247 r  u_core/u_store/b_q[7]_i_1__0/O
                         net (fo=2, routed)           0.586  6028.833    u_core/u_dsp1/b_v[7]
    SLICE_X88Y50         LUT3 (Prop_lut3_I2_O)        0.327  6029.160 r  u_core/m_c_i_11__0/O
                         net (fo=1, routed)           0.953  6030.112    u_core/u_fabric/u_dsp1/u_core/m_c_1[7]
    DSP48_X3Y18          DSP48E1 (Prop_dsp48e1_B[7]_P[33])
                                                      3.656  6033.768 r  u_core/u_fabric/u_dsp1/u_core/m_c/P[33]
                         net (fo=2, routed)           1.036  6034.804    u_core/u_fabric/u_dsp1/u_core/m_c__0[33]
    SLICE_X86Y48         LUT3 (Prop_lut3_I2_O)        0.124  6034.928 r  u_core/u_fabric/u_dsp1/u_core/i__carry__7_i_3__0/O
                         net (fo=2, routed)           0.829  6035.757    u_core/u_fabric/u_dsp1/u_core/m_q_reg[41]_0[32]
    SLICE_X77Y44         CARRY4 (Prop_carry4_DI[1]_CO[3])
                                                      0.507  6036.264 r  u_core/u_fabric/u_dsp1/u_core/__10/i__carry__7/CO[3]
                         net (fo=1, routed)           0.000  6036.264    u_core/u_fabric/u_dsp1/u_core/__10/i__carry__7_n_0
    SLICE_X77Y45         CARRY4 (Prop_carry4_CI_O[0])
                                                      0.235  6036.499 r  u_core/u_fabric/u_dsp1/u_core/__10/i__carry__8/O[0]
                         net (fo=3, routed)           0.596  6037.096    u_core/u_fabric/u_dsp1/u_core/__10/i__carry__8_n_7
    SLICE_X74Y44         LUT3 (Prop_lut3_I2_O)        0.299  6037.395 r  u_core/u_fabric/u_dsp1/u_core/d_q[21]_i_8/O
                         net (fo=2, routed)           0.606  6038.000    u_core/u_store/d_q_reg[20][59]
    SLICE_X74Y38         LUT5 (Prop_lut5_I1_O)        0.124  6038.125 r  u_core/u_store/d_q[21]_i_4__0/O
                         net (fo=1, routed)           0.280  6038.404    u_core/u_store/d_q[21]_i_4__0_n_0
    SLICE_X74Y38         LUT5 (Prop_lut5_I4_O)        0.124  6038.528 r  u_core/u_store/d_q[21]_i_2__0/O
                         net (fo=14, routed)          1.152  6039.680    u_core/u_store/u_fabric/r2135
    SLICE_X59Y22         LUT6 (Prop_lut6_I3_O)        0.124  6039.804 r  u_core/u_store/mem_reg_i_481/O
                         net (fo=1, routed)           0.425  6040.229    u_core/u_store/mem_reg_i_481_n_0
    SLICE_X57Y22         LUT5 (Prop_lut5_I4_O)        0.124  6040.353 r  u_core/u_store/mem_reg_i_420/O
                         net (fo=1, routed)           0.294  6040.647    u_core/u_store/mem_reg_i_420_n_0
    SLICE_X57Y23         LUT5 (Prop_lut5_I0_O)        0.124  6040.771 r  u_core/u_store/mem_reg_i_309__0/O
                         net (fo=7, routed)           0.873  6041.645    u_core/u_store/u_fabric/r2429
    SLICE_X68Y25         LUT6 (Prop_lut6_I5_O)        0.124  6041.769 r  u_core/u_store/c_q[43]_i_8/O
                         net (fo=2, routed)           0.608  6042.377    u_core/u_store/c_q[43]_i_8_n_0
    SLICE_X68Y28         LUT3 (Prop_lut3_I0_O)        0.118  6042.496 r  u_core/u_store/c_q[43]_i_5/O
                         net (fo=5, routed)           0.951  6043.447    u_core/u_store/u_fabric/r2022
    SLICE_X52Y32         LUT6 (Prop_lut6_I2_O)        0.326  6043.773 r  u_core/u_store/d_q[3]_i_2/O
                         net (fo=1, routed)           1.202  6044.975    u_core/u_store/u_fabric/r735
    SLICE_X59Y43         LUT3 (Prop_lut3_I2_O)        0.124  6045.099 r  u_core/u_store/d_q[3]_i_1/O
                         net (fo=3, routed)           0.746  6045.845    u_core/u_store/drive_reg[115][3]
    SLICE_X58Y39         LUT5 (Prop_lut5_I2_O)        0.124  6045.969 r  u_core/u_store/i__carry_i_5__1/O
                         net (fo=1, routed)           0.000  6045.969    u_core/u_fabric/u_dsp0/u_core/m_c_0[3]
    SLICE_X58Y39         CARRY4 (Prop_carry4_S[3]_O[3])
                                                      0.255  6046.224 r  u_core/u_fabric/u_dsp0/u_core/__5/i__carry/O[3]
                         net (fo=1, routed)           0.412  6046.636    u_core/u_store/m_c_13[3]
    SLICE_X57Y40         LUT3 (Prop_lut3_I0_O)        0.307  6046.943 r  u_core/u_store/m_c_i_40/O
                         net (fo=1, routed)           1.158  6048.101    u_core/u_fabric/u_dsp0/u_core/A[3]
    DSP48_X2Y16          DSP48E1 (Prop_dsp48e1_A[3]_P[20])
                                                      3.841  6051.942 r  u_core/u_fabric/u_dsp0/u_core/m_c/P[20]
                         net (fo=3, routed)           1.708  6053.650    u_core/u_fabric/u_dsp0/u_core/m_c__0[20]
    SLICE_X61Y39         LUT3 (Prop_lut3_I2_O)        0.150  6053.800 r  u_core/u_fabric/u_dsp0/u_core/i__carry__4_i_4/O
                         net (fo=1, routed)           0.000  6053.800    u_core/u_fabric/u_dsp0/u_core/m_x[20]
    SLICE_X61Y39         CARRY4 (Prop_carry4_DI[0]_O[2])
                                                      0.513  6054.313 r  u_core/u_fabric/u_dsp0/u_core/__10/i__carry__4/O[2]
                         net (fo=4, routed)           0.428  6054.741    u_core/u_fabric/u_dsp0/u_core/g_frame[30].cfg_reg[3882][7]
    SLICE_X65Y39         LUT3 (Prop_lut3_I2_O)        0.302  6055.042 r  u_core/u_fabric/u_dsp0/u_core/i__carry__0_i_15/O
                         net (fo=2, routed)           0.764  6055.807    u_core/u_fabric/u_dsp0/u_core/p_q_reg[46]_0[15]
    SLICE_X55Y40         LUT5 (Prop_lut5_I1_O)        0.124  6055.931 r  u_core/u_fabric/u_dsp0/u_core/a_q[20]_i_4/O
                         net (fo=2, routed)           0.149  6056.080    u_core/u_store/a_q_reg[20]
    SLICE_X55Y40         LUT6 (Prop_lut6_I0_O)        0.124  6056.204 r  u_core/u_store/mem_reg_i_143__0/O
                         net (fo=12, routed)          0.592  6056.796    u_core/u_store/u_fabric/r2011
    SLICE_X54Y37         LUT6 (Prop_lut6_I5_O)        0.124  6056.920 r  u_core/u_store/c_q[9]_i_2__0/O
                         net (fo=1, routed)           0.858  6057.778    u_core/u_store/u_fabric/r728
    SLICE_X63Y37         LUT3 (Prop_lut3_I2_O)        0.150  6057.928 r  u_core/u_store/c_q[9]_i_1/O
                         net (fo=2, routed)           0.448  6058.375    u_core/u_store/drive_reg[90][9]
    SLICE_X63Y37         LUT6 (Prop_lut6_I0_O)        0.326  6058.702 r  u_core/u_store/i__carry__1_i_11/O
                         net (fo=1, routed)           0.602  6059.304    u_core/u_fabric/u_dsp0/u_core/p_q_reg[11]_3
    SLICE_X61Y36         LUT4 (Prop_lut4_I3_O)        0.124  6059.428 r  u_core/u_fabric/u_dsp0/u_core/i__carry__1_i_7/O
                         net (fo=1, routed)           0.000  6059.428    u_core/u_fabric/u_dsp0/u_core/i__carry__1_i_7_n_0
    SLICE_X61Y36         CARRY4 (Prop_carry4_S[1]_O[1])
                                                      0.227  6059.655 r  u_core/u_fabric/u_dsp0/u_core/__10/i__carry__1/O[1]
                         net (fo=3, routed)           0.428  6060.083    u_core/u_fabric/u_dsp0/u_core/__10/i__carry__1_n_6
    SLICE_X64Y36         LUT3 (Prop_lut3_I2_O)        0.303  6060.386 r  u_core/u_fabric/u_dsp0/u_core/c_q[6]_i_10/O
                         net (fo=2, routed)           0.647  6061.033    u_core/u_fabric/u_dsp0/u_core/dsp_p[9]
    SLICE_X77Y32         LUT5 (Prop_lut5_I4_O)        0.124  6061.157 r  u_core/u_fabric/u_dsp0/u_core/mem_reg_i_354__0/O
                         net (fo=1, routed)           0.000  6061.157    u_core/u_store/c_q[33]_i_7_0
    SLICE_X77Y32         MUXF7 (Prop_muxf7_I0_O)      0.212  6061.369 r  u_core/u_store/mem_reg_i_242__0/O
                         net (fo=2, routed)           0.308  6061.677    u_core/u_store/mem_reg_i_242__0_n_0
    SLICE_X79Y32         LUT5 (Prop_lut5_I4_O)        0.299  6061.976 r  u_core/u_store/c_q[33]_i_7/O
                         net (fo=11, routed)          0.752  6062.728    u_core/u_store/u_fabric/r2479
    SLICE_X78Y25         LUT4 (Prop_lut4_I3_O)        0.124  6062.852 r  u_core/u_store/user_dr[15]_i_46/O
                         net (fo=1, routed)           0.669  6063.521    u_core/u_store/user_dr[15]_i_46_n_0
    SLICE_X78Y25         LUT6 (Prop_lut6_I5_O)        0.124  6063.645 r  u_core/u_store/user_dr[15]_i_19/O
                         net (fo=2, routed)           0.433  6064.078    u_core/u_store/u_fabric/r976
    SLICE_X78Y25         LUT5 (Prop_lut5_I3_O)        0.124  6064.202 r  u_core/u_store/user_dr[15]_i_7/O
                         net (fo=6, routed)           0.620  6064.822    u_core/u_store/u_fabric/r971
    SLICE_X75Y28         LUT6 (Prop_lut6_I5_O)        0.124  6064.946 r  u_core/u_store/c_q[39]_i_5__0/O
                         net (fo=2, routed)           0.561  6065.508    u_core/u_store/c_q[39]_i_5__0_n_0
    SLICE_X74Y30         LUT3 (Prop_lut3_I2_O)        0.120  6065.628 r  u_core/u_store/c_q[39]_i_2__0/O
                         net (fo=13, routed)          1.104  6066.732    u_core/u_store/u_fabric/r2132
    SLICE_X82Y44         LUT6 (Prop_lut6_I2_O)        0.327  6067.059 r  u_core/u_store/d_q[16]_i_2__0/O
                         net (fo=1, routed)           1.188  6068.247    u_core/u_store/u_fabric/r827
    SLICE_X59Y45         LUT3 (Prop_lut3_I2_O)        0.124  6068.371 r  u_core/u_store/d_q[16]_i_1/O
                         net (fo=3, routed)           0.576  6068.947    u_core/u_store/drive_reg[115][16]
    SLICE_X58Y43         LUT5 (Prop_lut5_I2_O)        0.124  6069.071 r  u_core/u_store/i__carry__3_i_8__1/O
                         net (fo=1, routed)           0.000  6069.071    u_core/u_fabric/u_dsp0/u_core/m_c_4[0]
    SLICE_X58Y43         CARRY4 (Prop_carry4_S[0]_O[2])
                                                      0.544  6069.615 r  u_core/u_fabric/u_dsp0/u_core/__5/i__carry__3/O[2]
                         net (fo=1, routed)           0.549  6070.165    u_core/u_store/m_c_7[2]
    SLICE_X59Y44         LUT3 (Prop_lut3_I0_O)        0.301  6070.465 r  u_core/u_store/m_c_i_25/O
                         net (fo=1, routed)           1.158  6071.623    u_core/u_fabric/u_dsp0/u_core/A[18]
    DSP48_X2Y16          DSP48E1 (Prop_dsp48e1_A[18]_P[21])
                                                      3.841  6075.464 r  u_core/u_fabric/u_dsp0/u_core/m_c/P[21]
                         net (fo=3, routed)           1.853  6077.317    u_core/u_fabric/u_dsp0/u_core/m_c__0[21]
    SLICE_X61Y39         LUT4 (Prop_lut4_I0_O)        0.124  6077.441 r  u_core/u_fabric/u_dsp0/u_core/i__carry__4_i_7/O
                         net (fo=1, routed)           0.000  6077.441    u_core/u_fabric/u_dsp0/u_core/i__carry__4_i_7_n_0
    SLICE_X61Y39         CARRY4 (Prop_carry4_S[1]_CO[3])
                                                      0.550  6077.991 r  u_core/u_fabric/u_dsp0/u_core/__10/i__carry__4/CO[3]
                         net (fo=1, routed)           0.000  6077.991    u_core/u_fabric/u_dsp0/u_core/__10/i__carry__4_n_0
    SLICE_X61Y40         CARRY4 (Prop_carry4_CI_O[2])
                                                      0.256  6078.247 r  u_core/u_fabric/u_dsp0/u_core/__10/i__carry__5/O[2]
                         net (fo=3, routed)           0.570  6078.817    u_core/u_fabric/u_dsp0/u_core/__10/i__carry__5_n_5
    SLICE_X64Y41         LUT3 (Prop_lut3_I2_O)        0.302  6079.119 r  u_core/u_fabric/u_dsp0/u_core/d_q[23]_i_7/O
                         net (fo=3, routed)           0.823  6079.942    u_core/u_store/d_q_reg[20][19]
    SLICE_X70Y32         LUT5 (Prop_lut5_I4_O)        0.124  6080.066 r  u_core/u_store/d_q[23]_i_3__0/O
                         net (fo=22, routed)          1.116  6081.182    u_core/u_store/r2478
    SLICE_X52Y32         LUT6 (Prop_lut6_I5_O)        0.124  6081.306 r  u_core/u_store/d_q[11]_i_2/O
                         net (fo=1, routed)           1.205  6082.511    u_core/u_store/u_fabric/r806
    SLICE_X59Y44         LUT3 (Prop_lut3_I2_O)        0.150  6082.661 r  u_core/u_store/d_q[11]_i_1/O
                         net (fo=3, routed)           0.581  6083.242    u_core/u_store/drive_reg[115][11]
    SLICE_X58Y41         LUT5 (Prop_lut5_I2_O)        0.353  6083.595 r  u_core/u_store/i__carry__1_i_5__1/O
                         net (fo=1, routed)           0.000  6083.595    u_core/u_fabric/u_dsp0/u_core/m_c_2[3]
    SLICE_X58Y41         CARRY4 (Prop_carry4_S[3]_CO[3])
                                                      0.376  6083.971 r  u_core/u_fabric/u_dsp0/u_core/__5/i__carry__1/CO[3]
                         net (fo=1, routed)           0.000  6083.971    u_core/u_fabric/u_dsp0/u_core/__5/i__carry__1_n_0
    SLICE_X58Y42         CARRY4 (Prop_carry4_CI_O[0])
                                                      0.219  6084.190 r  u_core/u_fabric/u_dsp0/u_core/__5/i__carry__2/O[0]
                         net (fo=1, routed)           0.430  6084.621    u_core/u_store/m_c_9[0]
    SLICE_X57Y43         LUT3 (Prop_lut3_I0_O)        0.295  6084.916 r  u_core/u_store/m_c_i_31/O
                         net (fo=1, routed)           1.023  6085.939    u_core/u_fabric/u_dsp0/u_core/A[12]
    DSP48_X2Y16          DSP48E1 (Prop_dsp48e1_A[12]_P[24])
                                                      3.841  6089.780 r  u_core/u_fabric/u_dsp0/u_core/m_c/P[24]
                         net (fo=3, routed)           1.524  6091.304    u_core/u_fabric/u_dsp0/u_core/m_c__0[24]
    SLICE_X61Y40         LUT3 (Prop_lut3_I2_O)        0.150  6091.454 r  u_core/u_fabric/u_dsp0/u_core/i__carry__5_i_4/O
                         net (fo=1, routed)           0.000  6091.454    u_core/u_fabric/u_dsp0/u_core/m_x[24]
    SLICE_X61Y40         CARRY4 (Prop_carry4_DI[0]_O[1])
                                                      0.364  6091.817 r  u_core/u_fabric/u_dsp0/u_core/__10/i__carry__5/O[1]
                         net (fo=3, routed)           0.569  6092.386    u_core/u_fabric/u_dsp0/u_core/__10/i__carry__5_n_6
    SLICE_X64Y41         LUT3 (Prop_lut3_I2_O)        0.303  6092.689 r  u_core/u_fabric/u_dsp0/u_core/i__carry__1_i_15/O
                         net (fo=3, routed)           0.898  6093.587    u_core/u_store/d_q_reg[20][18]
    SLICE_X82Y47         LUT6 (Prop_lut6_I5_O)        0.124  6093.711 r  u_core/u_store/mem_reg_i_141/O
                         net (fo=19, routed)          0.812  6094.522    u_core/u_store/u_fabric/r2121
    SLICE_X68Y47         LUT6 (Prop_lut6_I5_O)        0.124  6094.646 r  u_core/u_store/d_q[10]_i_2/O
                         net (fo=1, routed)           1.010  6095.656    u_core/u_store/u_fabric/r826
    SLICE_X60Y45         LUT3 (Prop_lut3_I2_O)        0.152  6095.808 r  u_core/u_store/d_q[10]_i_1/O
                         net (fo=2, routed)           0.594  6096.402    u_core/u_store/drive_reg[115][10]
    SLICE_X56Y44         LUT3 (Prop_lut3_I2_O)        0.326  6096.728 r  u_core/u_store/i__carry__1_i_2__0/O
                         net (fo=2, routed)           0.751  6097.479    u_core/u_store/d_v[10]
    SLICE_X58Y41         LUT5 (Prop_lut5_I0_O)        0.326  6097.805 r  u_core/u_store/i__carry__1_i_6__0/O
                         net (fo=1, routed)           0.000  6097.805    u_core/u_fabric/u_dsp0/u_core/m_c_2[2]
    SLICE_X58Y41         CARRY4 (Prop_carry4_S[2]_O[2])
                                                      0.250  6098.055 r  u_core/u_fabric/u_dsp0/u_core/__5/i__carry__1/O[2]
                         net (fo=1, routed)           0.403  6098.458    u_core/u_store/m_c_11[2]
    SLICE_X57Y41         LUT5 (Prop_lut5_I0_O)        0.301  6098.759 r  u_core/u_store/m_c_i_33/O
                         net (fo=1, routed)           1.182  6099.940    u_core/u_fabric/u_dsp0/u_core/A[10]
    DSP48_X2Y16          DSP48E1 (Prop_dsp48e1_A[10]_P[25])
                                                      3.841  6103.781 r  u_core/u_fabric/u_dsp0/u_core/m_c/P[25]
                         net (fo=3, routed)           1.577  6105.358    u_core/u_fabric/u_dsp0/u_core/m_c__0[25]
    SLICE_X61Y40         LUT3 (Prop_lut3_I2_O)        0.150  6105.508 r  u_core/u_fabric/u_dsp0/u_core/i__carry__5_i_3/O
                         net (fo=1, routed)           0.000  6105.508    u_core/u_fabric/u_dsp0/u_core/m_x[25]
    SLICE_X61Y40         CARRY4 (Prop_carry4_DI[1]_CO[3])
                                                      0.470  6105.979 r  u_core/u_fabric/u_dsp0/u_core/__10/i__carry__5/CO[3]
                         net (fo=1, routed)           0.000  6105.979    u_core/u_fabric/u_dsp0/u_core/__10/i__carry__5_n_0
    SLICE_X61Y41         CARRY4 (Prop_carry4_CI_O[3])
                                                      0.329  6106.308 r  u_core/u_fabric/u_dsp0/u_core/__10/i__carry__6/O[3]
                         net (fo=3, routed)           0.558  6106.866    u_core/u_fabric/u_dsp0/u_core/__10/i__carry__6_n_4
    SLICE_X64Y42         LUT3 (Prop_lut3_I2_O)        0.306  6107.172 r  u_core/u_fabric/u_dsp0/u_core/c_q[39]_i_7/O
                         net (fo=3, routed)           0.947  6108.119    u_core/u_store/d_q_reg[20][24]
    SLICE_X81Y40         LUT6 (Prop_lut6_I5_O)        0.124  6108.243 r  u_core/u_store/c_q[39]_i_3__0/O
                         net (fo=17, routed)          0.506  6108.749    u_core/u_store/u_fabric/r2127
    SLICE_X79Y41         LUT6 (Prop_lut6_I5_O)        0.124  6108.873 r  u_core/u_store/c_q[39]_i_1__0/O
                         net (fo=2, routed)           0.607  6109.480    u_core/u_store/drive_reg[214][39]
    SLICE_X79Y47         LUT5 (Prop_lut5_I4_O)        0.124  6109.604 r  u_core/u_store/i__carry__8_i_9__0/O
                         net (fo=1, routed)           0.550  6110.154    u_core/u_store/i__carry__8_i_9__0_n_0
    SLICE_X77Y45         LUT5 (Prop_lut5_I4_O)        0.124  6110.278 r  u_core/u_store/i__carry__8_i_5__0/O
                         net (fo=1, routed)           0.000  6110.278    u_core/u_fabric/u_dsp1/u_core/p_q_reg[39]_0[3]
    SLICE_X77Y45         CARRY4 (Prop_carry4_S[3]_CO[3])
                                                      0.401  6110.679 r  u_core/u_fabric/u_dsp1/u_core/__10/i__carry__8/CO[3]
                         net (fo=1, routed)           0.000  6110.679    u_core/u_fabric/u_dsp1/u_core/__10/i__carry__8_n_0
    SLICE_X77Y46         CARRY4 (Prop_carry4_CI_O[2])
                                                      0.256  6110.935 r  u_core/u_fabric/u_dsp1/u_core/__10/i__carry__9/O[2]
                         net (fo=4, routed)           0.575  6111.510    u_core/u_store/c_q[28]_i_4_0[0]
    SLICE_X81Y45         LUT5 (Prop_lut5_I4_O)        0.302  6111.812 r  u_core/u_store/c_q[28]_i_5/O
                         net (fo=1, routed)           0.407  6112.219    u_core/u_store/c_q[28]_i_5_n_0
    SLICE_X81Y45         LUT6 (Prop_lut6_I2_O)        0.124  6112.343 r  u_core/u_store/c_q[28]_i_4/O
                         net (fo=8, routed)           1.263  6113.606    u_core/u_store/u_fabric/r2141
    SLICE_X76Y35         LUT4 (Prop_lut4_I0_O)        0.124  6113.730 r  u_core/u_store/c_q[28]_i_3/O
                         net (fo=1, routed)           0.670  6114.401    u_core/u_store/c_q[28]_i_3_n_0
    SLICE_X76Y35         LUT6 (Prop_lut6_I0_O)        0.124  6114.525 r  u_core/u_store/c_q[28]_i_2__0/O
                         net (fo=1, routed)           0.719  6115.244    u_core/u_store/u_fabric/r821
    SLICE_X72Y39         LUT3 (Prop_lut3_I2_O)        0.119  6115.363 r  u_core/u_store/c_q[28]_i_1/O
                         net (fo=2, routed)           0.646  6116.010    u_core/u_store/drive_reg[90][28]
    SLICE_X63Y39         LUT6 (Prop_lut6_I0_O)        0.332  6116.342 r  u_core/u_store/i__carry__6_i_12/O
                         net (fo=1, routed)           0.548  6116.890    u_core/u_fabric/u_dsp0/u_core/p_q_reg[31]_1
    SLICE_X61Y41         LUT4 (Prop_lut4_I3_O)        0.124  6117.014 r  u_core/u_fabric/u_dsp0/u_core/i__carry__6_i_8/O
                         net (fo=1, routed)           0.000  6117.014    u_core/u_fabric/u_dsp0/u_core/i__carry__6_i_8_n_0
    SLICE_X61Y41         CARRY4 (Prop_carry4_S[0]_O[2])
                                                      0.547  6117.561 r  u_core/u_fabric/u_dsp0/u_core/__10/i__carry__6/O[2]
                         net (fo=3, routed)           0.509  6118.070    u_core/u_fabric/u_dsp0/u_core/__10/i__carry__6_n_5
    SLICE_X60Y41         LUT3 (Prop_lut3_I2_O)        0.302  6118.372 r  u_core/u_fabric/u_dsp0/u_core/i__carry__2_i_13/O
                         net (fo=12, routed)          1.042  6119.414    u_core/u_fabric/u_dsp0/u_core/p_q_reg[46]_0[23]
    SLICE_X62Y32         LUT6 (Prop_lut6_I0_O)        0.124  6119.538 r  u_core/u_fabric/u_dsp0/u_core/a_q[20]_i_9/O
                         net (fo=1, routed)           0.568  6120.106    u_core/u_store/a_q[16]_i_3__0_0
    SLICE_X62Y29         LUT5 (Prop_lut5_I4_O)        0.124  6120.230 r  u_core/u_store/a_q[20]_i_6/O
                         net (fo=5, routed)           0.866  6121.096    u_core/u_store/u_fabric/r2028
    SLICE_X63Y41         LUT6 (Prop_lut6_I0_O)        0.124  6121.220 r  u_core/u_store/a_q[20]_i_3__0/O
                         net (fo=18, routed)          0.682  6121.902    u_core/u_store/r2518
    SLICE_X58Y38         LUT6 (Prop_lut6_I5_O)        0.124  6122.026 r  u_core/u_store/a_q[20]_i_1/O
                         net (fo=2, routed)           0.643  6122.668    u_core/u_store/drive_reg[24][20]
    SLICE_X57Y44         LUT3 (Prop_lut3_I2_O)        0.124  6122.792 r  u_core/u_store/m_c_i_46/O
                         net (fo=2, routed)           0.561  6123.354    u_core/u_store/u_fabric/u_dsp0/u_core/a_v__24[20]
    SLICE_X58Y44         LUT5 (Prop_lut5_I3_O)        0.124  6123.478 r  u_core/u_store/i__carry__4_i_8__0/O
                         net (fo=1, routed)           0.000  6123.478    u_core/u_fabric/u_dsp0/u_core/m_c_5[0]
    SLICE_X58Y44         CARRY4 (Prop_carry4_S[0]_O[0])
                                                      0.252  6123.729 r  u_core/u_fabric/u_dsp0/u_core/__5/i__carry__4/O[0]
                         net (fo=1, routed)           0.286  6124.015    u_core/u_store/m_c_12[0]
    SLICE_X57Y44         LUT3 (Prop_lut3_I0_O)        0.295  6124.310 r  u_core/u_store/m_c_i_23/O
                         net (fo=1, routed)           1.209  6125.520    u_core/u_fabric/u_dsp0/u_core/A[20]
    DSP48_X2Y16          DSP48E1 (Prop_dsp48e1_A[20]_P[28])
                                                      3.841  6129.360 r  u_core/u_fabric/u_dsp0/u_core/m_c/P[28]
                         net (fo=3, routed)           1.707  6131.067    u_core/u_fabric/u_dsp0/u_core/m_c__0[28]
    SLICE_X61Y41         LUT3 (Prop_lut3_I2_O)        0.150  6131.217 r  u_core/u_fabric/u_dsp0/u_core/i__carry__6_i_4/O
                         net (fo=1, routed)           0.000  6131.217    u_core/u_fabric/u_dsp0/u_core/m_x[28]
    SLICE_X61Y41         CARRY4 (Prop_carry4_DI[0]_O[1])
                                                      0.364  6131.581 r  u_core/u_fabric/u_dsp0/u_core/__10/i__carry__6/O[1]
                         net (fo=3, routed)           0.832  6132.413    u_core/u_fabric/u_dsp0/u_core/__10/i__carry__6_n_6
    SLICE_X62Y40         LUT3 (Prop_lut3_I2_O)        0.303  6132.716 r  u_core/u_fabric/u_dsp0/u_core/i__carry__2_i_14/O
                         net (fo=3, routed)           0.788  6133.504    u_core/u_store/d_q_reg[20][22]
    SLICE_X76Y41         LUT5 (Prop_lut5_I0_O)        0.124  6133.628 r  u_core/u_store/i__carry__2_i_12__0/O
                         net (fo=1, routed)           0.405  6134.033    u_core/u_store/i__carry__2_i_12__0_n_0
    SLICE_X77Y39         LUT5 (Prop_lut5_I4_O)        0.124  6134.157 r  u_core/u_store/i__carry__2_i_8__0/O
                         net (fo=1, routed)           0.000  6134.157    u_core/u_fabric/u_dsp1/u_core/p_q_reg[15]_0[0]
    SLICE_X77Y39         CARRY4 (Prop_carry4_S[0]_O[1])
                                                      0.424  6134.581 r  u_core/u_fabric/u_dsp1/u_core/__10/i__carry__2/O[1]
                         net (fo=4, routed)           0.322  6134.903    u_core/u_store/c_q_reg[46][0]
    SLICE_X76Y40         LUT6 (Prop_lut6_I3_O)        0.303  6135.207 r  u_core/u_store/c_q[46]_i_2__0/O
                         net (fo=4, routed)           0.833  6136.039    u_core/u_store/u_fabric/r2253
    SLICE_X57Y39         LUT4 (Prop_lut4_I0_O)        0.124  6136.163 r  u_core/u_store/c_q[23]_i_3__0/O
                         net (fo=16, routed)          1.020  6137.183    u_core/u_store/u_fabric/r2503
    SLICE_X76Y43         LUT6 (Prop_lut6_I0_O)        0.124  6137.307 r  u_core/u_store/d_q[11]_i_2__0/O
                         net (fo=1, routed)           1.147  6138.454    u_core/u_store/u_fabric/r1770
    SLICE_X93Y46         LUT3 (Prop_lut3_I2_O)        0.124  6138.578 r  u_core/u_store/d_q[11]_i_1__0/O
                         net (fo=3, routed)           0.440  6139.018    u_core/u_store/drive_reg[239][11]
    SLICE_X92Y46         LUT5 (Prop_lut5_I2_O)        0.124  6139.142 r  u_core/u_store/i__carry__1_i_5__2/O
                         net (fo=1, routed)           0.000  6139.142    u_core/u_fabric/u_dsp1/u_core/m_c_5[3]
    SLICE_X92Y46         CARRY4 (Prop_carry4_S[3]_CO[3])
                                                      0.376  6139.518 r  u_core/u_fabric/u_dsp1/u_core/__5/i__carry__1/CO[3]
                         net (fo=1, routed)           0.000  6139.518    u_core/u_fabric/u_dsp1/u_core/__5/i__carry__1_n_0
    SLICE_X92Y47         CARRY4 (Prop_carry4_CI_O[1])
                                                      0.323  6139.841 r  u_core/u_fabric/u_dsp1/u_core/__5/i__carry__2/O[1]
                         net (fo=1, routed)           0.407  6140.249    u_core/u_store/m_c_1[1]
    SLICE_X93Y48         LUT3 (Prop_lut3_I0_O)        0.306  6140.555 r  u_core/u_store/m_c_i_30__0/O
                         net (fo=1, routed)           0.534  6141.088    u_core/u_fabric/u_dsp1/u_core/m_c_2[13]
    DSP48_X3Y18          DSP48E1 (Prop_dsp48e1_A[13]_P[40])
                                                      3.841  6144.929 r  u_core/u_fabric/u_dsp1/u_core/m_c/P[40]
                         net (fo=2, routed)           1.507  6146.436    u_core/u_fabric/u_dsp1/u_core/m_c__0[40]
    SLICE_X83Y47         LUT3 (Prop_lut3_I2_O)        0.153  6146.589 r  u_core/u_fabric/u_dsp1/u_core/i__carry__9_i_4__0/O
                         net (fo=2, routed)           0.603  6147.192    u_core/u_store/p_q_reg[43]_3[39]
    SLICE_X77Y46         LUT5 (Prop_lut5_I0_O)        0.327  6147.520 r  u_core/u_store/i__carry__9_i_8__0/O
                         net (fo=1, routed)           0.000  6147.520    u_core/u_fabric/u_dsp1/u_core/p_q_reg[43]_0[0]
    SLICE_X77Y46         CARRY4 (Prop_carry4_S[0]_O[0])
                                                      0.247  6147.767 r  u_core/u_fabric/u_dsp1/u_core/__10/i__carry__9/O[0]
                         net (fo=3, routed)           0.617  6148.384    u_core/u_fabric/u_dsp1/u_core/__10/i__carry__9_n_7
    SLICE_X75Y46         LUT3 (Prop_lut3_I2_O)        0.299  6148.683 r  u_core/u_fabric/u_dsp1/u_core/a_q[20]_i_15/O
                         net (fo=2, routed)           0.905  6149.587    u_core/u_fabric/u_dsp1/u_core/dsp_p[88]
    SLICE_X84Y42         LUT5 (Prop_lut5_I0_O)        0.124  6149.711 r  u_core/u_fabric/u_dsp1/u_core/a_q[20]_i_8/O
                         net (fo=1, routed)           0.426  6150.138    u_core/u_store/a_q_reg[20]_0
    SLICE_X87Y43         LUT6 (Prop_lut6_I5_O)        0.124  6150.262 r  u_core/u_store/a_q[20]_i_3/O
                         net (fo=14, routed)          1.197  6151.458    u_core/u_store/u_fabric/r2523
    SLICE_X70Y40         LUT6 (Prop_lut6_I2_O)        0.124  6151.583 r  u_core/u_store/d_q[8]_i_2__0/O
                         net (fo=1, routed)           0.755  6152.338    u_core/u_store/u_fabric/r846
    SLICE_X63Y42         LUT3 (Prop_lut3_I2_O)        0.150  6152.488 r  u_core/u_store/d_q[8]_i_1/O
                         net (fo=3, routed)           0.605  6153.093    u_core/u_store/drive_reg[115][8]
    SLICE_X58Y41         LUT5 (Prop_lut5_I2_O)        0.332  6153.425 r  u_core/u_store/i__carry__1_i_8__1/O
                         net (fo=1, routed)           0.000  6153.425    u_core/u_fabric/u_dsp0/u_core/m_c_2[0]
    SLICE_X58Y41         CARRY4 (Prop_carry4_S[0]_O[1])
                                                      0.427  6153.852 r  u_core/u_fabric/u_dsp0/u_core/__5/i__carry__1/O[1]
                         net (fo=1, routed)           0.416  6154.268    u_core/u_store/m_c_11[1]
    SLICE_X57Y42         LUT3 (Prop_lut3_I0_O)        0.306  6154.574 r  u_core/u_store/m_c_i_34/O
                         net (fo=1, routed)           1.022  6155.596    u_core/u_fabric/u_dsp0/u_core/A[9]
    DSP48_X2Y16          DSP48E1 (Prop_dsp48e1_A[9]_P[29])
                                                      3.841  6159.437 r  u_core/u_fabric/u_dsp0/u_core/m_c/P[29]
                         net (fo=3, routed)           1.580  6161.017    u_core/u_fabric/u_dsp0/u_core/m_c__0[29]
    SLICE_X61Y41         LUT3 (Prop_lut3_I2_O)        0.150  6161.167 r  u_core/u_fabric/u_dsp0/u_core/i__carry__6_i_3/O
                         net (fo=1, routed)           0.000  6161.167    u_core/u_fabric/u_dsp0/u_core/m_x[29]
    SLICE_X61Y41         CARRY4 (Prop_carry4_DI[1]_CO[3])
                                                      0.470  6161.637 r  u_core/u_fabric/u_dsp0/u_core/__10/i__carry__6/CO[3]
                         net (fo=1, routed)           0.000  6161.637    u_core/u_fabric/u_dsp0/u_core/__10/i__carry__6_n_0
    SLICE_X61Y42         CARRY4 (Prop_carry4_CI_O[2])
                                                      0.256  6161.893 r  u_core/u_fabric/u_dsp0/u_core/__10/i__carry__7/O[2]
                         net (fo=4, routed)           0.672  6162.564    u_core/u_store/c_q[26]_i_2_0[0]
    SLICE_X60Y42         LUT6 (Prop_lut6_I3_O)        0.302  6162.866 r  u_core/u_store/led_OBUF[1]_inst_i_4/O
                         net (fo=14, routed)          0.689  6163.555    u_core/u_store/u_fabric/r2520
    SLICE_X56Y37         LUT5 (Prop_lut5_I4_O)        0.124  6163.679 r  u_core/u_store/d_q[7]_i_3__0/O
                         net (fo=1, routed)           0.280  6163.959    u_core/u_store/d_q[7]_i_3__0_n_0
    SLICE_X56Y37         LUT6 (Prop_lut6_I5_O)        0.124  6164.083 r  u_core/u_store/d_q[7]_i_2/O
                         net (fo=1, routed)           1.032  6165.115    u_core/u_store/u_fabric/r715
    SLICE_X64Y46         LUT3 (Prop_lut3_I2_O)        0.150  6165.265 r  u_core/u_store/d_q[7]_i_1/O
                         net (fo=3, routed)           0.809  6166.075    u_core/u_store/drive_reg[115][7]
    SLICE_X58Y40         LUT5 (Prop_lut5_I2_O)        0.326  6166.401 r  u_core/u_store/i__carry__0_i_5__1/O
                         net (fo=1, routed)           0.000  6166.401    u_core/u_fabric/u_dsp0/u_core/m_c_1[3]
    SLICE_X58Y40         CARRY4 (Prop_carry4_S[3]_CO[3])
                                                      0.376  6166.777 r  u_core/u_fabric/u_dsp0/u_core/__5/i__carry__0/CO[3]
                         net (fo=1, routed)           0.000  6166.777    u_core/u_fabric/u_dsp0/u_core/__5/i__carry__0_n_0
    SLICE_X58Y41         CARRY4 (Prop_carry4_CI_O[0])
                                                      0.219  6166.996 r  u_core/u_fabric/u_dsp0/u_core/__5/i__carry__1/O[0]
                         net (fo=1, routed)           0.793  6167.789    u_core/u_store/m_c_11[0]
    SLICE_X57Y41         LUT3 (Prop_lut3_I0_O)        0.323  6168.112 r  u_core/u_store/m_c_i_35/O
                         net (fo=1, routed)           1.191  6169.302    u_core/u_fabric/u_dsp0/u_core/A[8]
    DSP48_X2Y16          DSP48E1 (Prop_dsp48e1_A[8]_P[32])
                                                      4.043  6173.345 r  u_core/u_fabric/u_dsp0/u_core/m_c/P[32]
                         net (fo=3, routed)           1.521  6174.867    u_core/u_fabric/u_dsp0/u_core/m_c__0[32]
    SLICE_X61Y42         LUT3 (Prop_lut3_I2_O)        0.150  6175.017 r  u_core/u_fabric/u_dsp0/u_core/i__carry__7_i_4/O
                         net (fo=1, routed)           0.000  6175.017    u_core/u_fabric/u_dsp0/u_core/m_x[32]
    SLICE_X61Y42         CARRY4 (Prop_carry4_DI[0]_CO[3])
                                                      0.483  6175.500 r  u_core/u_fabric/u_dsp0/u_core/__10/i__carry__7/CO[3]
                         net (fo=1, routed)           0.000  6175.500    u_core/u_fabric/u_dsp0/u_core/__10/i__carry__7_n_0
    SLICE_X61Y43         CARRY4 (Prop_carry4_CI_O[2])
                                                      0.256  6175.755 r  u_core/u_fabric/u_dsp0/u_core/__10/i__carry__8/O[2]
                         net (fo=4, routed)           0.717  6176.473    u_core/u_store/d_q[23]_i_3_0[0]
    SLICE_X65Y39         LUT5 (Prop_lut5_I4_O)        0.302  6176.774 r  u_core/u_store/d_q[23]_i_6/O
                         net (fo=1, routed)           0.501  6177.275    u_core/u_store/d_q[23]_i_6_n_0
    SLICE_X65Y33         LUT6 (Prop_lut6_I2_O)        0.124  6177.399 r  u_core/u_store/d_q[23]_i_3/O
                         net (fo=5, routed)           0.736  6178.135    u_core/u_store/u_fabric/r2482
    SLICE_X59Y43         LUT6 (Prop_lut6_I5_O)        0.124  6178.259 r  u_core/u_store/b_q[17]_i_3/O
                         net (fo=2, routed)           0.877  6179.136    u_core/u_dsp0/b_v[17]
    SLICE_X44Y43         LUT3 (Prop_lut3_I2_O)        0.124  6179.260 r  u_core/m_c_i_1/O
                         net (fo=1, routed)           0.744  6180.004    u_core/u_fabric/u_dsp0/u_core/B[17]
    DSP48_X2Y16          DSP48E1 (Prop_dsp48e1_B[17]_P[36])
                                                      3.656  6183.660 r  u_core/u_fabric/u_dsp0/u_core/m_c/P[36]
                         net (fo=3, routed)           1.717  6185.377    u_core/u_fabric/u_dsp0/u_core/m_c__0[36]
    SLICE_X61Y43         LUT3 (Prop_lut3_I2_O)        0.150  6185.527 r  u_core/u_fabric/u_dsp0/u_core/i__carry__8_i_4/O
                         net (fo=1, routed)           0.000  6185.527    u_core/u_fabric/u_dsp0/u_core/m_x[36]
    SLICE_X61Y43         CARRY4 (Prop_carry4_DI[0]_O[1])
                                                      0.364  6185.891 r  u_core/u_fabric/u_dsp0/u_core/__10/i__carry__8/O[1]
                         net (fo=3, routed)           0.569  6186.460    u_core/u_fabric/u_dsp0/u_core/__10/i__carry__8_n_6
    SLICE_X62Y42         LUT3 (Prop_lut3_I2_O)        0.303  6186.763 r  u_core/u_fabric/u_dsp0/u_core/i__carry__4_i_15/O
                         net (fo=3, routed)           0.783  6187.546    u_core/u_fabric/u_dsp0/u_core/p_q_reg[46]_0[30]
    SLICE_X72Y37         LUT5 (Prop_lut5_I1_O)        0.124  6187.670 r  u_core/u_fabric/u_dsp0/u_core/d_q[22]_i_4__0/O
                         net (fo=2, routed)           0.498  6188.168    u_core/u_store/c_q_reg[45]
    SLICE_X72Y35         LUT6 (Prop_lut6_I5_O)        0.124  6188.292 r  u_core/u_store/d_q[22]_i_2__0/O
                         net (fo=12, routed)          0.823  6189.116    u_core/u_store/u_fabric/r2133
    SLICE_X80Y31         LUT5 (Prop_lut5_I4_O)        0.124  6189.240 r  u_core/u_store/mem_reg_i_219/O
                         net (fo=2, routed)           0.319  6189.559    u_core/u_store/mem_reg_i_219_n_0
    SLICE_X79Y31         LUT5 (Prop_lut5_I4_O)        0.124  6189.683 r  u_core/u_store/mem_reg_i_118__0/O
                         net (fo=13, routed)          1.170  6190.854    u_core/u_store/u_fabric/r2119
    SLICE_X79Y18         LUT6 (Prop_lut6_I3_O)        0.124  6190.978 r  u_core/u_store/mem_reg_i_380__0/O
                         net (fo=1, routed)           0.154  6191.132    u_core/u_store/mem_reg_i_380__0_n_0
    SLICE_X79Y18         LUT6 (Prop_lut6_I5_O)        0.124  6191.256 r  u_core/u_store/mem_reg_i_264/O
                         net (fo=1, routed)           0.402  6191.658    u_core/u_store/mem_reg_i_264_n_0
    SLICE_X79Y18         LUT5 (Prop_lut5_I0_O)        0.124  6191.782 r  u_core/u_store/mem_reg_i_162/O
                         net (fo=9, routed)           1.159  6192.941    u_core/u_store/u_fabric/r2361
    SLICE_X92Y11         LUT4 (Prop_lut4_I0_O)        0.124  6193.065 r  u_core/u_store/q_i_7__6/O
                         net (fo=7, routed)           0.345  6193.410    u_core/u_store/u_fabric/r2045
    SLICE_X95Y11         LUT5 (Prop_lut5_I1_O)        0.124  6193.534 r  u_core/u_store/mem_reg_i_439__0/O
                         net (fo=1, routed)           0.263  6193.797    u_core/u_store/mem_reg_i_439__0_n_0
    SLICE_X95Y11         LUT5 (Prop_lut5_I4_O)        0.124  6193.921 r  u_core/u_store/mem_reg_i_356/O
                         net (fo=1, routed)           0.454  6194.375    u_core/u_store/u_fabric/r2047
    SLICE_X96Y14         LUT5 (Prop_lut5_I0_O)        0.124  6194.499 r  u_core/u_store/mem_reg_i_246/O
                         net (fo=2, routed)           0.492  6194.991    u_core/u_store/mem_reg_i_246_n_0
    SLICE_X97Y14         LUT6 (Prop_lut6_I1_O)        0.124  6195.115 r  u_core/u_store/mem_reg_i_144/O
                         net (fo=6, routed)           1.435  6196.550    u_core/u_store/u_fabric/r1994
    SLICE_X68Y9          LUT4 (Prop_lut4_I0_O)        0.124  6196.674 r  u_core/u_store/mem_reg_i_171/O
                         net (fo=7, routed)           0.620  6197.294    u_core/u_store/u_fabric/r2404
    SLICE_X61Y8          LUT6 (Prop_lut6_I3_O)        0.124  6197.418 r  u_core/u_store/mem_reg_i_456__0/O
                         net (fo=1, routed)           0.000  6197.418    u_core/u_store/mem_reg_i_456__0_n_0
    SLICE_X61Y8          MUXF7 (Prop_muxf7_I1_O)      0.217  6197.635 r  u_core/u_store/mem_reg_i_382__0/O
                         net (fo=1, routed)           0.000  6197.635    u_core/u_store/mem_reg_i_382__0_n_0
    SLICE_X61Y8          MUXF8 (Prop_muxf8_I1_O)      0.094  6197.729 r  u_core/u_store/mem_reg_i_269__0/O
                         net (fo=13, routed)          1.279  6199.009    u_core/u_store/u_fabric/r2095
    SLICE_X86Y15         LUT2 (Prop_lut2_I0_O)        0.316  6199.325 r  u_core/u_store/capture_reg_i_7__5/O
                         net (fo=2, routed)           1.062  6200.387    u_core/u_store/capture_reg_i_7__5_n_0
    SLICE_X103Y17        LUT5 (Prop_lut5_I4_O)        0.124  6200.511 r  u_core/u_store/capture_reg_i_3__1/O
                         net (fo=5, routed)           0.711  6201.221    u_core/u_store/u_fabric/r2277
    SLICE_X96Y20         LUT2 (Prop_lut2_I0_O)        0.124  6201.345 r  u_core/u_store/mem_reg_i_304__0/O
                         net (fo=3, routed)           0.849  6202.194    u_core/u_store/u_fabric/r1996
    SLICE_X87Y20         LUT5 (Prop_lut5_I0_O)        0.124  6202.318 r  u_core/u_store/din_qa[14]_i_4/O
                         net (fo=8, routed)           0.879  6203.197    u_core/u_store/u_fabric/r2362
    SLICE_X88Y10         LUT5 (Prop_lut5_I4_O)        0.124  6203.321 r  u_core/u_store/mem_reg_i_282/O
                         net (fo=2, routed)           0.170  6203.491    u_core/u_store/mem_reg_i_282_n_0
    SLICE_X88Y10         LUT5 (Prop_lut5_I0_O)        0.124  6203.615 r  u_core/u_store/mem_reg_i_174__0/O
                         net (fo=15, routed)          1.602  6205.216    u_core/u_store/u_fabric/r2370
    SLICE_X53Y8          LUT6 (Prop_lut6_I4_O)        0.124  6205.340 r  u_core/u_store/mem_reg_i_128__0/O
                         net (fo=1, routed)           0.433  6205.773    u_core/u_store/mem_reg_i_128__0_n_0
    SLICE_X53Y8          LUT5 (Prop_lut5_I0_O)        0.124  6205.897 r  u_core/u_store/mem_reg_i_71/O
                         net (fo=21, routed)          1.271  6207.168    u_core/u_store/r2122
    SLICE_X67Y17         LUT6 (Prop_lut6_I5_O)        0.124  6207.292 r  u_core/u_store/mem_reg_i_359__0/O
                         net (fo=1, routed)           0.263  6207.556    u_core/u_store/mem_reg_i_359__0_n_0
    SLICE_X67Y17         LUT6 (Prop_lut6_I5_O)        0.124  6207.680 r  u_core/u_store/mem_reg_i_306/O
                         net (fo=2, routed)           0.428  6208.108    u_core/u_store/mem_reg_i_306_n_0
    SLICE_X69Y17         LUT5 (Prop_lut5_I0_O)        0.124  6208.232 r  u_core/u_store/mem_reg_i_223/O
                         net (fo=12, routed)          1.007  6209.239    u_core/u_store/u_fabric/r2414
    SLICE_X51Y21         LUT6 (Prop_lut6_I0_O)        0.124  6209.363 r  u_core/u_store/c_q[40]_i_10/O
                         net (fo=1, routed)           0.000  6209.363    u_core/u_store/c_q[40]_i_10_n_0
    SLICE_X51Y21         MUXF7 (Prop_muxf7_I1_O)      0.217  6209.580 r  u_core/u_store/c_q_reg[40]_i_5/O
                         net (fo=2, routed)           0.449  6210.029    u_core/u_store/c_q_reg[40]_i_5_n_0
    SLICE_X51Y21         LUT6 (Prop_lut6_I5_O)        0.299  6210.328 r  u_core/u_store/c_q[40]_i_3__0/O
                         net (fo=11, routed)          0.722  6211.050    u_core/u_store/u_fabric/r2240
    SLICE_X52Y29         LUT6 (Prop_lut6_I1_O)        0.124  6211.174 r  u_core/u_store/c_q[43]_i_13/O
                         net (fo=1, routed)           0.000  6211.174    u_core/u_store/c_q[43]_i_13_n_0
    SLICE_X52Y29         MUXF7 (Prop_muxf7_I0_O)      0.212  6211.386 r  u_core/u_store/c_q_reg[43]_i_7/O
                         net (fo=2, routed)           0.455  6211.841    u_core/u_store/c_q_reg[43]_i_7_n_0
    SLICE_X52Y29         LUT6 (Prop_lut6_I5_O)        0.299  6212.140 r  u_core/u_store/c_q[43]_i_4/O
                         net (fo=6, routed)           2.096  6214.236    u_core/u_store/u_fabric/r2246
    SLICE_X91Y42         LUT5 (Prop_lut5_I0_O)        0.124  6214.360 r  u_core/u_store/c_q[43]_i_2/O
                         net (fo=24, routed)          1.219  6215.579    u_core/u_store/u_fabric/r2517
    SLICE_X63Y41         LUT6 (Prop_lut6_I2_O)        0.124  6215.703 r  u_core/u_store/c_q[43]_i_1/O
                         net (fo=2, routed)           0.468  6216.171    u_core/u_store/drive_reg[90][43]
    SLICE_X62Y45         LUT6 (Prop_lut6_I0_O)        0.124  6216.295 r  u_core/u_store/i__carry__10_i_3/O
                         net (fo=3, routed)           0.421  6216.716    u_core/u_store/g_frame[30].cfg_reg[3882]_1[0]
    SLICE_X61Y44         LUT2 (Prop_lut2_I1_O)        0.124  6216.840 r  u_core/u_store/i__carry__9_i_5/O
                         net (fo=1, routed)           0.000  6216.840    u_core/u_fabric/u_dsp0/u_core/S[1]
    SLICE_X61Y44         CARRY4 (Prop_carry4_S[3]_CO[3])
                                                      0.401  6217.241 r  u_core/u_fabric/u_dsp0/u_core/__10/i__carry__9/CO[3]
                         net (fo=1, routed)           0.000  6217.241    u_core/u_fabric/u_dsp0/u_core/__10/i__carry__9_n_0
    SLICE_X61Y45         CARRY4 (Prop_carry4_CI_O[0])
                                                      0.235  6217.476 r  u_core/u_fabric/u_dsp0/u_core/__10/i__carry__10/O[0]
                         net (fo=3, routed)           0.574  6218.050    u_core/u_fabric/u_dsp0/u_core/__10/i__carry__10_n_7
    SLICE_X64Y45         LUT3 (Prop_lut3_I2_O)        0.299  6218.349 r  u_core/u_fabric/u_dsp0/u_core/i__carry__5_i_13/O
                         net (fo=3, routed)           0.826  6219.175    u_core/u_store/d_q_reg[20][37]
    SLICE_X67Y34         LUT5 (Prop_lut5_I1_O)        0.124  6219.299 r  u_core/u_store/c_q[12]_i_3__0/O
                         net (fo=26, routed)          1.467  6220.766    u_core/u_store/u_fabric/r2484
    SLICE_X94Y39         LUT6 (Prop_lut6_I5_O)        0.124  6220.890 r  u_core/u_store/c_q[24]_i_2/O
                         net (fo=1, routed)           1.137  6222.027    u_core/u_store/u_fabric/r1826
    SLICE_X88Y46         LUT3 (Prop_lut3_I2_O)        0.124  6222.151 r  u_core/u_store/c_q[24]_i_1__0/O
                         net (fo=2, routed)           0.796  6222.946    u_core/u_store/drive_reg[214][24]
    SLICE_X75Y45         LUT5 (Prop_lut5_I4_O)        0.124  6223.070 r  u_core/u_store/i__carry__5_i_12__0/O
                         net (fo=1, routed)           0.607  6223.677    u_core/u_store/i__carry__5_i_12__0_n_0
    SLICE_X77Y42         LUT5 (Prop_lut5_I4_O)        0.124  6223.801 r  u_core/u_store/i__carry__5_i_8__0/O
                         net (fo=1, routed)           0.000  6223.801    u_core/u_fabric/u_dsp1/u_core/p_q_reg[27]_0[0]
    SLICE_X77Y42         CARRY4 (Prop_carry4_S[0]_O[0])
                                                      0.247  6224.048 r  u_core/u_fabric/u_dsp1/u_core/__10/i__carry__5/O[0]
                         net (fo=3, routed)           0.580  6224.628    u_core/u_fabric/u_dsp1/u_core/__10/i__carry__5_n_7
    SLICE_X76Y44         LUT3 (Prop_lut3_I2_O)        0.299  6224.927 r  u_core/u_fabric/u_dsp1/u_core/mem_reg_i_190/O
                         net (fo=2, routed)           0.605  6225.532    u_core/u_store/d_q_reg[20][52]
    SLICE_X84Y43         LUT5 (Prop_lut5_I4_O)        0.124  6225.656 r  u_core/u_store/mem_reg_i_103/O
                         net (fo=21, routed)          0.832  6226.488    u_core/u_store/u_fabric/r2123
    SLICE_X68Y43         LUT6 (Prop_lut6_I5_O)        0.124  6226.612 r  u_core/u_store/a_q[17]_i_2/O
                         net (fo=1, routed)           0.866  6227.478    u_core/u_store/u_fabric/r812
    SLICE_X63Y43         LUT3 (Prop_lut3_I2_O)        0.150  6227.628 r  u_core/u_store/a_q[17]_i_1/O
                         net (fo=2, routed)           0.710  6228.338    u_core/u_store/drive_reg[24][17]
    SLICE_X57Y45         LUT3 (Prop_lut3_I2_O)        0.319  6228.657 r  u_core/u_store/m_c_i_49/O
                         net (fo=2, routed)           0.757  6229.414    u_core/u_store/u_fabric/u_dsp0/u_core/a_v__24[17]
    SLICE_X58Y43         LUT5 (Prop_lut5_I3_O)        0.332  6229.746 r  u_core/u_store/i__carry__3_i_7__1/O
                         net (fo=1, routed)           0.000  6229.746    u_core/u_fabric/u_dsp0/u_core/m_c_4[1]
    SLICE_X58Y43         CARRY4 (Prop_carry4_S[1]_O[1])
                                                      0.230  6229.976 r  u_core/u_fabric/u_dsp0/u_core/__5/i__carry__3/O[1]
                         net (fo=1, routed)           0.440  6230.417    u_core/u_store/m_c_7[1]
    SLICE_X56Y44         LUT3 (Prop_lut3_I0_O)        0.306  6230.723 r  u_core/u_store/m_c_i_26/O
                         net (fo=1, routed)           1.164  6231.887    u_core/u_fabric/u_dsp0/u_core/A[17]
    DSP48_X2Y16          DSP48E1 (Prop_dsp48e1_A[17]_P[37])
                                                      3.841  6235.728 r  u_core/u_fabric/u_dsp0/u_core/m_c/P[37]
                         net (fo=3, routed)           1.411  6237.139    u_core/u_fabric/u_dsp0/u_core/m_c__0[37]
    SLICE_X61Y43         LUT4 (Prop_lut4_I0_O)        0.124  6237.263 r  u_core/u_fabric/u_dsp0/u_core/i__carry__8_i_7/O
                         net (fo=1, routed)           0.000  6237.263    u_core/u_fabric/u_dsp0/u_core/i__carry__8_i_7_n_0
    SLICE_X61Y43         CARRY4 (Prop_carry4_S[1]_CO[3])
                                                      0.550  6237.812 r  u_core/u_fabric/u_dsp0/u_core/__10/i__carry__8/CO[3]
                         net (fo=1, routed)           0.000  6237.812    u_core/u_fabric/u_dsp0/u_core/__10/i__carry__8_n_0
    SLICE_X61Y44         CARRY4 (Prop_carry4_CI_O[1])
                                                      0.348  6238.161 r  u_core/u_fabric/u_dsp0/u_core/__10/i__carry__9/O[1]
                         net (fo=3, routed)           0.556  6238.717    u_core/u_fabric/u_dsp0/u_core/__10/i__carry__9_n_6
    SLICE_X63Y44         LUT3 (Prop_lut3_I2_O)        0.303  6239.020 r  u_core/u_fabric/u_dsp0/u_core/i__carry__5_i_15/O
                         net (fo=3, routed)           0.968  6239.988    u_core/u_fabric/u_dsp0/u_core/p_q_reg[46]_0[34]
    SLICE_X74Y39         LUT5 (Prop_lut5_I0_O)        0.124  6240.112 r  u_core/u_fabric/u_dsp0/u_core/a_q[21]_i_9/O
                         net (fo=1, routed)           0.433  6240.545    u_core/u_store/a_q_reg[21]
    SLICE_X74Y39         LUT5 (Prop_lut5_I4_O)        0.124  6240.669 r  u_core/u_store/a_q[21]_i_3/O
                         net (fo=9, routed)           0.650  6241.319    u_core/u_store/u_fabric/r2521
    SLICE_X66Y39         LUT6 (Prop_lut6_I5_O)        0.124  6241.443 r  u_core/u_store/d_q[2]_i_2/O
                         net (fo=1, routed)           1.049  6242.492    u_core/u_store/u_fabric/r845
    SLICE_X59Y45         LUT3 (Prop_lut3_I2_O)        0.150  6242.642 r  u_core/u_store/d_q[2]_i_1/O
                         net (fo=3, routed)           0.781  6243.423    u_core/u_store/drive_reg[115][2]
    SLICE_X58Y39         LUT5 (Prop_lut5_I2_O)        0.332  6243.755 r  u_core/u_store/i__carry_i_6__1/O
                         net (fo=1, routed)           0.000  6243.755    u_core/u_fabric/u_dsp0/u_core/m_c_0[2]
    SLICE_X58Y39         CARRY4 (Prop_carry4_S[2]_O[2])
                                                      0.250  6244.005 r  u_core/u_fabric/u_dsp0/u_core/__5/i__carry/O[2]
                         net (fo=1, routed)           0.649  6244.654    u_core/u_store/m_c_13[2]
    SLICE_X57Y40         LUT3 (Prop_lut3_I0_O)        0.301  6244.955 r  u_core/u_store/m_c_i_41/O
                         net (fo=1, routed)           1.025  6245.980    u_core/u_fabric/u_dsp0/u_core/A[2]
    DSP48_X2Y16          DSP48E1 (Prop_dsp48e1_A[2]_P[40])
                                                      3.841  6249.821 r  u_core/u_fabric/u_dsp0/u_core/m_c/P[40]
                         net (fo=3, routed)           1.789  6251.611    u_core/u_fabric/u_dsp0/u_core/m_c__0[40]
    SLICE_X61Y44         LUT4 (Prop_lut4_I0_O)        0.124  6251.735 r  u_core/u_fabric/u_dsp0/u_core/i__carry__9_i_8/O
                         net (fo=1, routed)           0.000  6251.735    u_core/u_fabric/u_dsp0/u_core/i__carry__9_i_8_n_0
    SLICE_X61Y44         CARRY4 (Prop_carry4_S[0]_O[0])
                                                      0.247  6251.982 r  u_core/u_fabric/u_dsp0/u_core/__10/i__carry__9/O[0]
                         net (fo=3, routed)           0.403  6252.385    u_core/u_fabric/u_dsp0/u_core/__10/i__carry__9_n_7
    SLICE_X63Y44         LUT3 (Prop_lut3_I2_O)        0.299  6252.684 r  u_core/u_fabric/u_dsp0/u_core/d_q[20]_i_5/O
                         net (fo=3, routed)           0.644  6253.327    u_core/u_store/d_q_reg[20][33]
    SLICE_X55Y40         LUT5 (Prop_lut5_I1_O)        0.124  6253.451 r  u_core/u_store/d_q[20]_i_3__0/O
                         net (fo=11, routed)          1.042  6254.493    u_core/u_store/u_fabric/r2522
    SLICE_X70Y37         LUT6 (Prop_lut6_I2_O)        0.124  6254.617 r  u_core/u_store/c_q[32]_i_2__0/O
                         net (fo=1, routed)           0.784  6255.401    u_core/u_store/u_fabric/r842
    SLICE_X66Y40         LUT3 (Prop_lut3_I2_O)        0.124  6255.525 r  u_core/u_store/c_q[32]_i_1/O
                         net (fo=2, routed)           0.443  6255.969    u_core/u_store/drive_reg[90][32]
    SLICE_X64Y42         LUT6 (Prop_lut6_I0_O)        0.124  6256.093 r  u_core/u_store/i__carry__7_i_12/O
                         net (fo=1, routed)           0.603  6256.696    u_core/u_fabric/u_dsp0/u_core/p_q_reg[35]_2
    SLICE_X61Y42         LUT4 (Prop_lut4_I3_O)        0.124  6256.820 r  u_core/u_fabric/u_dsp0/u_core/i__carry__7_i_8/O
                         net (fo=1, routed)           0.000  6256.820    u_core/u_fabric/u_dsp0/u_core/i__carry__7_i_8_n_0
    SLICE_X61Y42         CARRY4 (Prop_carry4_S[0]_O[0])
                                                      0.247  6257.067 r  u_core/u_fabric/u_dsp0/u_core/__10/i__carry__7/O[0]
                         net (fo=4, routed)           0.699  6257.766    u_core/u_fabric/u_dsp0/u_core/__10/i__carry__7_n_7
    SLICE_X65Y40         LUT3 (Prop_lut3_I2_O)        0.299  6258.064 r  u_core/u_fabric/u_dsp0/u_core/d_q[24]_i_8/O
                         net (fo=3, routed)           0.831  6258.896    u_core/u_store/d_q_reg[20][25]
    SLICE_X68Y33         LUT5 (Prop_lut5_I4_O)        0.124  6259.020 r  u_core/u_store/d_q[24]_i_3__0/O
                         net (fo=12, routed)          0.705  6259.725    u_core/u_store/u_fabric/r2480
    SLICE_X80Y34         LUT4 (Prop_lut4_I0_O)        0.124  6259.849 r  u_core/u_store/c_q[36]_i_3__0/O
                         net (fo=1, routed)           0.280  6260.129    u_core/u_store/c_q[36]_i_3__0_n_0
    SLICE_X80Y34         LUT6 (Prop_lut6_I5_O)        0.124  6260.253 r  u_core/u_store/c_q[36]_i_2/O
                         net (fo=1, routed)           1.261  6261.514    u_core/u_store/u_fabric/r864
    SLICE_X64Y44         LUT3 (Prop_lut3_I2_O)        0.118  6261.632 r  u_core/u_store/c_q[36]_i_1/O
                         net (fo=2, routed)           0.459  6262.091    u_core/u_store/drive_reg[90][36]
    SLICE_X63Y45         LUT6 (Prop_lut6_I0_O)        0.326  6262.417 r  u_core/u_store/i__carry__8_i_12/O
                         net (fo=1, routed)           0.538  6262.956    u_core/u_fabric/u_dsp0/u_core/p_q_reg[39]_0
    SLICE_X61Y43         LUT4 (Prop_lut4_I3_O)        0.124  6263.080 r  u_core/u_fabric/u_dsp0/u_core/i__carry__8_i_8/O
                         net (fo=1, routed)           0.000  6263.080    u_core/u_fabric/u_dsp0/u_core/i__carry__8_i_8_n_0
    SLICE_X61Y43         CARRY4 (Prop_carry4_S[0]_O[0])
                                                      0.247  6263.327 r  u_core/u_fabric/u_dsp0/u_core/__10/i__carry__8/O[0]
                         net (fo=3, routed)           0.590  6263.917    u_core/u_fabric/u_dsp0/u_core/__10/i__carry__8_n_7
    SLICE_X62Y43         LUT3 (Prop_lut3_I2_O)        0.299  6264.215 r  u_core/u_fabric/u_dsp0/u_core/d_q[21]_i_4/O
                         net (fo=3, routed)           0.756  6264.972    u_core/u_store/d_q_reg[20][29]
    SLICE_X59Y43         LUT5 (Prop_lut5_I1_O)        0.124  6265.096 r  u_core/u_store/d_q[21]_i_2/O
                         net (fo=8, routed)           0.746  6265.842    u_core/u_store/u_fabric/r2021
    SLICE_X68Y35         LUT5 (Prop_lut5_I0_O)        0.124  6265.966 r  u_core/u_store/a_q[24]_i_7/O
                         net (fo=28, routed)          0.864  6266.830    u_core/u_store/u_fabric/r2476
    SLICE_X71Y41         LUT4 (Prop_lut4_I3_O)        0.124  6266.954 r  u_core/u_store/d_q[12]_i_3__0/O
                         net (fo=1, routed)           0.264  6267.218    u_core/u_store/d_q[12]_i_3__0_n_0
    SLICE_X71Y41         LUT6 (Prop_lut6_I5_O)        0.124  6267.342 r  u_core/u_store/d_q[12]_i_2__0/O
                         net (fo=1, routed)           0.761  6268.103    u_core/u_store/u_fabric/r868
    SLICE_X59Y45         LUT3 (Prop_lut3_I2_O)        0.124  6268.227 r  u_core/u_store/d_q[12]_i_1/O
                         net (fo=3, routed)           0.559  6268.786    u_core/u_store/drive_reg[115][12]
    SLICE_X58Y42         LUT5 (Prop_lut5_I2_O)        0.124  6268.910 r  u_core/u_store/i__carry__2_i_8__1/O
                         net (fo=1, routed)           0.000  6268.910    u_core/u_fabric/u_dsp0/u_core/m_c_3[0]
    SLICE_X58Y42         CARRY4 (Prop_carry4_S[0]_CO[3])
                                                      0.513  6269.423 r  u_core/u_fabric/u_dsp0/u_core/__5/i__carry__2/CO[3]
                         net (fo=1, routed)           0.000  6269.423    u_core/u_fabric/u_dsp0/u_core/__5/i__carry__2_n_0
    SLICE_X58Y43         CARRY4 (Prop_carry4_CI_O[0])
                                                      0.219  6269.643 r  u_core/u_fabric/u_dsp0/u_core/__5/i__carry__3/O[0]
                         net (fo=1, routed)           0.578  6270.220    u_core/u_store/m_c_7[0]
    SLICE_X59Y44         LUT3 (Prop_lut3_I0_O)        0.295  6270.515 r  u_core/u_store/m_c_i_27/O
                         net (fo=1, routed)           1.159  6271.674    u_core/u_fabric/u_dsp0/u_core/A[16]
    DSP48_X2Y16          DSP48E1 (Prop_dsp48e1_A[16]_P[41])
                                                      3.841  6275.515 r  u_core/u_fabric/u_dsp0/u_core/m_c/P[41]
                         net (fo=3, routed)           1.740  6277.255    u_core/u_fabric/u_dsp0/u_core/m_c__0[41]
    SLICE_X61Y44         LUT4 (Prop_lut4_I0_O)        0.124  6277.379 r  u_core/u_fabric/u_dsp0/u_core/i__carry__9_i_7/O
                         net (fo=1, routed)           0.000  6277.379    u_core/u_fabric/u_dsp0/u_core/i__carry__9_i_7_n_0
    SLICE_X61Y44         CARRY4 (Prop_carry4_S[1]_O[2])
                                                      0.580  6277.959 r  u_core/u_fabric/u_dsp0/u_core/__10/i__carry__9/O[2]
                         net (fo=3, routed)           0.555  6278.514    u_core/u_fabric/u_dsp0/u_core/__10/i__carry__9_n_5
    SLICE_X63Y44         LUT3 (Prop_lut3_I2_O)        0.302  6278.815 r  u_core/u_fabric/u_dsp0/u_core/c_q[3]_i_6/O
                         net (fo=4, routed)           0.748  6279.563    u_core/u_store/d_q_reg[20][35]
    SLICE_X75Y46         LUT5 (Prop_lut5_I0_O)        0.124  6279.687 r  u_core/u_store/i__carry__5_i_11__0/O
                         net (fo=1, routed)           0.604  6280.291    u_core/u_store/i__carry__5_i_11__0_n_0
    SLICE_X77Y42         LUT5 (Prop_lut5_I4_O)        0.124  6280.415 r  u_core/u_store/i__carry__5_i_7__0/O
                         net (fo=1, routed)           0.000  6280.415    u_core/u_fabric/u_dsp1/u_core/p_q_reg[27]_0[1]
    SLICE_X77Y42         CARRY4 (Prop_carry4_S[1]_O[1])
                                                      0.227  6280.642 r  u_core/u_fabric/u_dsp1/u_core/__10/i__carry__5/O[1]
                         net (fo=3, routed)           0.473  6281.115    u_core/u_fabric/u_dsp1/u_core/__10/i__carry__5_n_6
    SLICE_X76Y43         LUT5 (Prop_lut5_I2_O)        0.298  6281.413 r  u_core/u_fabric/u_dsp1/u_core/sr[73]_i_1/O
                         net (fo=1, routed)           0.629  6282.042    u_core/u_dsp_jtag/sr_reg[95]_1[73]
    SLICE_X76Y44         FDRE                                         r  u_core/u_dsp_jtag/sr_reg[73]/D
  -------------------------------------------------------------------    -------------------

                         (clock tck rise edge)    10000.000 10000.000 r  
    U18                                               0.000 10000.000 r  tck (IN)
                         net (fo=0)                   0.000 10000.000    tck
    U18                  IBUF (Prop_ibuf_I_O)         1.428 10001.428 r  tck_IBUF_inst/O
                         net (fo=1, routed)           2.006 10003.434    tck_IBUF
    BUFGCTRL_X0Y16       BUFG (Prop_bufg_I_O)         0.091 10003.524 r  bufg_tck/O
                         net (fo=11442, routed)       1.561 10005.086    u_core/u_dsp_jtag/tck_g
    SLICE_X76Y44         FDRE                                         r  u_core/u_dsp_jtag/sr_reg[73]/C
                         clock pessimism              0.394 10005.480    
                         clock uncertainty           -0.035 10005.445    
    SLICE_X76Y44         FDRE (Setup_fdre_C_D)       -0.275 10005.170    u_core/u_dsp_jtag/sr_reg[73]
  -------------------------------------------------------------------
                         required time                      10005.170    
                         arrival time                       -6282.165    
  -------------------------------------------------------------------
                         slack                               3723.005    





Min Delay Paths
--------------------------------------------------------------------------------------
Slack (MET) :             0.030ns  (arrival time - required time)
  Source:                 tdi
                            (input port clocked by tck  {rise@0.000ns fall@5000.000ns period=10000.000ns})
  Destination:            u_core/u_tap/idcode_dr_reg[31]/D
                            (rising edge-triggered cell FDSE clocked by tck  {rise@0.000ns fall@5000.000ns period=10000.000ns})
  Path Group:             tck
  Path Type:              Hold (Min at Slow Process Corner)
  Requirement:            0.000ns  (tck rise@0.000ns - tck rise@0.000ns)
  Data Path Delay:        5.981ns  (logic 1.448ns (24.203%)  route 4.533ns (75.797%))
  Logic Levels:           1  (IBUF=1)
  Input Delay:            0.000ns
  Clock Path Skew:        5.669ns (DCD - SCD - CPR)
    Destination Clock Delay (DCD):    5.669ns
    Source Clock Delay      (SCD):    0.000ns
    Clock Pessimism Removal (CPR):    -0.000ns
  Clock Uncertainty:      0.035ns  ((TSJ^2 + TIJ^2)^1/2 + DJ) / 2 + PE
    Total System Jitter     (TSJ):    0.071ns
    Total Input Jitter      (TIJ):    0.000ns
    Discrete Jitter          (DJ):    0.000ns
    Phase Error              (PE):    0.000ns

    Location             Delay type                Incr(ns)  Path(ns)    Netlist Resource(s)
  -------------------------------------------------------------------    -------------------
                         (clock tck rise edge)        0.000     0.000 r  
                         input delay                  0.000     0.000    
    Y19                                               0.000     0.000 r  tdi (IN)
                         net (fo=0)                   0.000     0.000    tdi
    Y19                  IBUF (Prop_ibuf_I_O)         1.448     1.448 r  tdi_IBUF_inst/O
                         net (fo=94, routed)          4.533     5.981    u_core/u_tap/tdi_IBUF
    SLICE_X112Y54        FDSE                                         r  u_core/u_tap/idcode_dr_reg[31]/D
  -------------------------------------------------------------------    -------------------

                         (clock tck rise edge)        0.000     0.000 r  
    U18                                               0.000     0.000 r  tck (IN)
                         net (fo=0)                   0.000     0.000    tck
    U18                  IBUF (Prop_ibuf_I_O)         1.498     1.498 r  tck_IBUF_inst/O
                         net (fo=1, routed)           2.205     3.703    tck_IBUF
    BUFGCTRL_X0Y16       BUFG (Prop_bufg_I_O)         0.101     3.804 r  bufg_tck/O
                         net (fo=11442, routed)       1.865     5.669    u_core/u_tap/tck_g
    SLICE_X112Y54        FDSE                                         r  u_core/u_tap/idcode_dr_reg[31]/C
                         clock pessimism              0.000     5.669    
                         clock uncertainty            0.035     5.705    
    SLICE_X112Y54        FDSE (Hold_fdse_C_D)         0.246     5.951    u_core/u_tap/idcode_dr_reg[31]
  -------------------------------------------------------------------
                         required time                         -5.951    
                         arrival time                           5.981    
  -------------------------------------------------------------------
                         slack                                  0.030    





Pulse Width Checks
--------------------------------------------------------------------------------------
Clock Name:         tck
Waveform(ns):       { 0.000 5000.000 }
Period(ns):         10000.000
Sources:            { tck }

Check Type        Corner  Lib Pin     Reference Pin  Required(ns)  Actual(ns)  Slack(ns)  Location        Pin
Min Period        n/a     BUFG/I      n/a            2.155         10000.000   9997.845   BUFGCTRL_X0Y16  bufg_tck/I
Low Pulse Width   Slow    SRL16E/CLK  n/a            0.980         5000.000    4999.020   SLICE_X112Y52   u_core/u_tap/idcode_dr_reg[10]_srl2___u_core_u_tap_usercode_dr_reg_r_0/CLK
High Pulse Width  Slow    SRL16E/CLK  n/a            0.980         5000.000    4999.020   SLICE_X112Y52   u_core/u_tap/idcode_dr_reg[10]_srl2___u_core_u_tap_usercode_dr_reg_r_0/CLK



