
*** Running vivado
    with args -log fpga4x4_top.vds -m64 -product Vivado -mode batch -messageDb vivado.pb -notrace -source fpga4x4_top.tcl



****** Vivado v2025.2 (64-bit)
  **** SW Build 6299465 on Fri Nov 14 19:35:11 GMT 2025
  **** IP Build 6300035 on Fri Nov 14 10:48:45 MST 2025
  **** SharedData Build 6298862 on Thu Nov 13 04:50:51 MST 2025
  **** Start of session at: Mon Sep 14 07:37:23 2026
    ** Copyright 1986-2022 Xilinx, Inc. All Rights Reserved.
    ** Copyright 2022-2025 Advanced Micro Devices, Inc. All Rights Reserved.

source fpga4x4_top.tcl -notrace
create_project: Time (s): cpu = 00:00:16 ; elapsed = 00:00:10 . Memory (MB): peak = 628.359 ; gain = 220.641
Command: read_checkpoint -auto_incremental -incremental E:/bob_full_v1/bob_vivado/bob.srcs/utils_1/imports/synth_1/fpga4x4_top.dcp
INFO: [Vivado 12-5825] Read reference checkpoint from E:/bob_full_v1/bob_vivado/bob.srcs/utils_1/imports/synth_1/fpga4x4_top.dcp for incremental synthesis
INFO: [Vivado 12-7989] Please ensure there are no constraint changes
Command: synth_design -top fpga4x4_top -part xc7z020clg400-1
Starting synth_design
Attempting to get a license for feature 'Synthesis' and/or device 'xc7z020'
INFO: [Common 17-349] Got license for feature 'Synthesis' and/or device 'xc7z020'
INFO: [Device 21-403] Loading part xc7z020clg400-1
INFO: [Designutils 20-5440] No compile time benefit to using incremental synthesis; A full resynthesis will be run
INFO: [Designutils 20-4379] Flow is switching to default flow due to incremental criteria not met. If you would like to alter this behaviour and have the flow terminate instead, please set the following parameter config_implementation {autoIncr.Synth.RejectBehavior Terminate}
INFO: [Synth 8-7079] Multithreading enabled for synth_design using a maximum of 2 processes.
INFO: [Synth 8-7078] Launching helper process for spawning children vivado processes
INFO: [Synth 8-7075] Helper process launched with PID 5432
---------------------------------------------------------------------------------
Starting RTL Elaboration : Time (s): cpu = 00:00:10 ; elapsed = 00:00:11 . Memory (MB): peak = 1411.828 ; gain = 543.699
---------------------------------------------------------------------------------
INFO: [Synth 8-6157] synthesizing module 'fpga4x4_top' [E:/bob_full_v1/hw/src/top/fpga4x4_top.v:13]
	Parameter IDCODE_VALUE bound to: 32'b01101011111011101111000010010011 
	Parameter USERCODE_VALUE bound to: 32'b00000000000000000000000000000100 
INFO: [Synth 8-6157] synthesizing module 'BUFG' [E:/amd/2025.2/Vivado/scripts/rt/data/unisim_comp.v:2678]
INFO: [Synth 8-6155] done synthesizing module 'BUFG' (0#1) [E:/amd/2025.2/Vivado/scripts/rt/data/unisim_comp.v:2678]
INFO: [Synth 8-6157] synthesizing module 'fpga4x4' [E:/bob_full_v1/hw/src/fabric/fpga4x4.v:41]
	Parameter IDCODE_VALUE bound to: 32'b01101011111011101111000010010011 
	Parameter USERCODE_VALUE bound to: 32'b00000000000000000000000000000100 
INFO: [Synth 8-6157] synthesizing module 'bsc_cell' [E:/bob_full_v1/hw/src/core/bsc_cell.v:76]
INFO: [Synth 8-6155] done synthesizing module 'bsc_cell' (0#1) [E:/bob_full_v1/hw/src/core/bsc_cell.v:76]
INFO: [Synth 8-6157] synthesizing module 'jtag_tap6' [E:/bob_full_v1/hw/src/core/jtag_tap6.v:31]
	Parameter IDCODE_VALUE bound to: 32'b01101011111011101111000010010011 
	Parameter USERCODE_VALUE bound to: 32'b00000000000000000000000000000100 
	Parameter STATUS_W bound to: 16 - type: integer 
	Parameter BSR_PRESENT bound to: 1 - type: integer 
INFO: [Synth 8-226] default block is never used [E:/bob_full_v1/hw/src/core/jtag_tap6.v:154]
INFO: [Synth 8-6155] done synthesizing module 'jtag_tap6' (0#1) [E:/bob_full_v1/hw/src/core/jtag_tap6.v:31]
INFO: [Synth 8-6157] synthesizing module 'cfg_ctrl' [E:/bob_full_v1/hw/src/core/cfg_ctrl.v:20]
	Parameter CHAIN_W bound to: 3064 - type: integer 
INFO: [Synth 8-6155] done synthesizing module 'cfg_ctrl' (0#1) [E:/bob_full_v1/hw/src/core/cfg_ctrl.v:20]
INFO: [Synth 8-6157] synthesizing module 'cfg_mem' [E:/bob_full_v1/hw/src/core/cfg_mem.v:17]
	Parameter NTILE bound to: 16 - type: integer 
	Parameter TILE_W bound to: 191 - type: integer 
INFO: [Synth 8-6157] synthesizing module 'cfg_tile_sr' [E:/bob_full_v1/hw/src/core/cfg_tile_sr.v:21]
	Parameter W bound to: 191 - type: integer 
INFO: [Synth 8-6155] done synthesizing module 'cfg_tile_sr' (0#1) [E:/bob_full_v1/hw/src/core/cfg_tile_sr.v:21]
INFO: [Synth 8-6155] done synthesizing module 'cfg_mem' (0#1) [E:/bob_full_v1/hw/src/core/cfg_mem.v:17]
INFO: [Synth 8-6157] synthesizing module 'cfg_tile_sr__parameterized0' [E:/bob_full_v1/hw/src/core/cfg_tile_sr.v:21]
	Parameter W bound to: 8 - type: integer 
INFO: [Synth 8-6155] done synthesizing module 'cfg_tile_sr__parameterized0' (0#1) [E:/bob_full_v1/hw/src/core/cfg_tile_sr.v:21]
INFO: [Synth 8-6157] synthesizing module 'capture_chain' [E:/bob_full_v1/hw/src/core/capture_chain.v:12]
	Parameter N bound to: 16 - type: integer 
INFO: [Synth 8-6155] done synthesizing module 'capture_chain' (0#1) [E:/bob_full_v1/hw/src/core/capture_chain.v:12]
INFO: [Synth 8-6157] synthesizing module 'clock_ctrl' [E:/bob_full_v1/hw/src/core/clock_ctrl.v:30]
	Parameter DIV_W bound to: 5 - type: integer 
	Parameter MIN_SHIFT bound to: 8 - type: integer 
INFO: [Synth 8-6155] done synthesizing module 'clock_ctrl' (0#1) [E:/bob_full_v1/hw/src/core/clock_ctrl.v:30]
INFO: [Synth 8-6157] synthesizing module 'fabric' [E:/bob_full_v1/hw/src/fabric/fabric.v:29]
	Parameter GRID_R bound to: 4 - type: integer 
	Parameter GRID_C bound to: 4 - type: integer 
	Parameter NTRACK bound to: 4 - type: integer 
	Parameter TILE_W bound to: 191 - type: integer 
INFO: [Synth 8-6157] synthesizing module 'tile' [E:/bob_full_v1/hw/src/clb/tile.v:30]
INFO: [Synth 8-6157] synthesizing module 'mux_bank' [E:/bob_full_v1/hw/src/clb/mux_bank.v:20]
	Parameter N bound to: 8 - type: integer 
	Parameter SELW bound to: 5 - type: integer 
	Parameter NSRC bound to: 20 - type: integer 
INFO: [Synth 8-6155] done synthesizing module 'mux_bank' (0#1) [E:/bob_full_v1/hw/src/clb/mux_bank.v:20]
INFO: [Synth 8-6157] synthesizing module 'mux_bank__parameterized0' [E:/bob_full_v1/hw/src/clb/mux_bank.v:20]
	Parameter N bound to: 16 - type: integer 
	Parameter SELW bound to: 5 - type: integer 
	Parameter NSRC bound to: 20 - type: integer 
INFO: [Synth 8-6155] done synthesizing module 'mux_bank__parameterized0' (0#1) [E:/bob_full_v1/hw/src/clb/mux_bank.v:20]
INFO: [Synth 8-6157] synthesizing module 'clb' [E:/bob_full_v1/hw/src/clb/clb.sv:21]
INFO: [Synth 8-6157] synthesizing module 'lutk' [E:/bob_full_v1/hw/src/clb/lutk.sv:20]
	Parameter K bound to: 6 - type: integer 
INFO: [Synth 8-6155] done synthesizing module 'lutk' (0#1) [E:/bob_full_v1/hw/src/clb/lutk.sv:20]
INFO: [Synth 8-6155] done synthesizing module 'clb' (0#1) [E:/bob_full_v1/hw/src/clb/clb.sv:21]
INFO: [Synth 8-6155] done synthesizing module 'tile' (0#1) [E:/bob_full_v1/hw/src/clb/tile.v:30]
INFO: [Synth 8-6155] done synthesizing module 'fabric' (0#1) [E:/bob_full_v1/hw/src/fabric/fabric.v:29]
INFO: [Synth 8-6155] done synthesizing module 'fpga4x4' (0#1) [E:/bob_full_v1/hw/src/fabric/fpga4x4.v:41]
INFO: [Synth 8-6155] done synthesizing module 'fpga4x4_top' (0#1) [E:/bob_full_v1/hw/src/top/fpga4x4_top.v:13]
---------------------------------------------------------------------------------
Finished RTL Elaboration : Time (s): cpu = 00:00:14 ; elapsed = 00:00:17 . Memory (MB): peak = 1539.059 ; gain = 670.930
---------------------------------------------------------------------------------
---------------------------------------------------------------------------------
Start Handling Custom Attributes
---------------------------------------------------------------------------------
---------------------------------------------------------------------------------
Finished Handling Custom Attributes : Time (s): cpu = 00:00:14 ; elapsed = 00:00:17 . Memory (MB): peak = 1539.059 ; gain = 670.930
---------------------------------------------------------------------------------
---------------------------------------------------------------------------------
Finished RTL Optimization Phase 1 : Time (s): cpu = 00:00:14 ; elapsed = 00:00:17 . Memory (MB): peak = 1539.059 ; gain = 670.930
---------------------------------------------------------------------------------
Netlist sorting complete. Time (s): cpu = 00:00:00 ; elapsed = 00:00:00.228 . Memory (MB): peak = 1539.059 ; gain = 0.000
INFO: [Project 1-570] Preparing netlist for logic optimization

Processing XDC Constraints
Initializing timing engine
Parsing XDC File [E:/bob_full_v1/hw/constr/pynq_z2.xdc]
Finished Parsing XDC File [E:/bob_full_v1/hw/constr/pynq_z2.xdc]
INFO: [Project 1-236] Implementation specific constraints were found while reading constraint file [E:/bob_full_v1/hw/constr/pynq_z2.xdc]. These constraints will be ignored for synthesis but will be used in implementation. Impacted constraints are listed in the file [.Xil/fpga4x4_top_propImpl.xdc].
Resolution: To avoid this warning, move constraints listed in [.Xil/fpga4x4_top_propImpl.xdc] to another XDC file and exclude this new file from synthesis with the used_in_synthesis property (File Properties dialog in GUI) and re-run elaboration/synthesis.
Completed Processing XDC Constraints

Netlist sorting complete. Time (s): cpu = 00:00:00 ; elapsed = 00:00:00.004 . Memory (MB): peak = 1618.867 ; gain = 0.000
INFO: [Project 1-111] Unisim Transformation Summary:
No Unisim elements were transformed.

Constraint Validation Runtime : Time (s): cpu = 00:00:00 ; elapsed = 00:00:00.123 . Memory (MB): peak = 1618.867 ; gain = 0.000
INFO: [Designutils 20-5440] No compile time benefit to using incremental synthesis; A full resynthesis will be run
INFO: [Designutils 20-4379] Flow is switching to default flow due to incremental criteria not met. If you would like to alter this behaviour and have the flow terminate instead, please set the following parameter config_implementation {autoIncr.Synth.RejectBehavior Terminate}
---------------------------------------------------------------------------------
Finished Constraint Validation : Time (s): cpu = 00:00:29 ; elapsed = 00:00:32 . Memory (MB): peak = 1618.867 ; gain = 750.738
---------------------------------------------------------------------------------
---------------------------------------------------------------------------------
Start Loading Part and Timing Information
---------------------------------------------------------------------------------
Loading part: xc7z020clg400-1
---------------------------------------------------------------------------------
Finished Loading Part and Timing Information : Time (s): cpu = 00:00:29 ; elapsed = 00:00:32 . Memory (MB): peak = 1618.867 ; gain = 750.738
---------------------------------------------------------------------------------
---------------------------------------------------------------------------------
Start Applying 'set_property' XDC Constraints
---------------------------------------------------------------------------------
---------------------------------------------------------------------------------
Finished applying 'set_property' XDC Constraints : Time (s): cpu = 00:00:29 ; elapsed = 00:00:32 . Memory (MB): peak = 1618.867 ; gain = 750.738
---------------------------------------------------------------------------------
WARNING: [Synth 8-3936] Found unconnected internal register 'user_out_reg' and it is trimmed from '32' to '5' bits. [E:/bob_full_v1/hw/src/core/jtag_tap6.v:257]
INFO: [Synth 8-802] inferred FSM for state register 'state_reg' in module 'jtag_tap6'
---------------------------------------------------------------------------------------------------
                   State |                     New Encoding |                Previous Encoding 
---------------------------------------------------------------------------------------------------
        TEST_LOGIC_RESET |                             1111 |                             1111
           RUN_TEST_IDLE |                             1100 |                             1100
               SELECT_DR |                             0111 |                             0111
               SELECT_IR |                             0100 |                             0100
              CAPTURE_IR |                             1110 |                             1110
                SHIFT_IR |                             1010 |                             1010
                EXIT1_IR |                             1001 |                             1001
                PAUSE_IR |                             1011 |                             1011
                EXIT2_IR |                             1000 |                             1000
               UPDATE_IR |                             1101 |                             1101
              CAPTURE_DR |                             0110 |                             0110
                SHIFT_DR |                             0010 |                             0010
                EXIT1_DR |                             0001 |                             0001
                PAUSE_DR |                             0011 |                             0011
                EXIT2_DR |                             0000 |                             0000
               UPDATE_DR |                             0101 |                             0101
---------------------------------------------------------------------------------------------------
INFO: [Synth 8-3354] encoded FSM with state register 'state_reg' using encoding 'User encoding' in module 'jtag_tap6'
WARNING: [Synth 8-13157] FSM with state register 'state_reg' is not having reset. This may cause incorrect behavior. User should consider using FSM_SAFE_STATE attribute on the register
---------------------------------------------------------------------------------
Finished RTL Optimization Phase 2 : Time (s): cpu = 00:00:30 ; elapsed = 00:00:34 . Memory (MB): peak = 1618.867 ; gain = 750.738
---------------------------------------------------------------------------------
---------------------------------------------------------------------------------
Start RTL Component Statistics 
---------------------------------------------------------------------------------
Detailed RTL Component Info : 
+---Adders : 
	   2 Input   32 Bit       Adders := 1     
	   2 Input    6 Bit       Adders := 1     
	   2 Input    3 Bit       Adders := 1     
+---XORs : 
	   2 Input     32 Bit         XORs := 1     
	   2 Input      1 Bit         XORs := 17    
+---Registers : 
	              191 Bit    Registers := 32    
	               64 Bit    Registers := 1     
	               32 Bit    Registers := 5     
	               16 Bit    Registers := 1     
	                8 Bit    Registers := 2     
	                6 Bit    Registers := 2     
	                5 Bit    Registers := 3     
	                3 Bit    Registers := 1     
	                2 Bit    Registers := 7     
	                1 Bit    Registers := 49    
+---Muxes : 
	   2 Input  191 Bit        Muxes := 16    
	   2 Input   64 Bit        Muxes := 1     
	   2 Input   32 Bit        Muxes := 2     
	   2 Input   16 Bit        Muxes := 1     
	   2 Input    8 Bit        Muxes := 1     
	   2 Input    6 Bit        Muxes := 1     
	   2 Input    5 Bit        Muxes := 1     
	  16 Input    4 Bit        Muxes := 1     
	   2 Input    4 Bit        Muxes := 16    
	   2 Input    3 Bit        Muxes := 1     
	   2 Input    1 Bit        Muxes := 1741  
	   3 Input    1 Bit        Muxes := 2     
	   4 Input    1 Bit        Muxes := 4     
---------------------------------------------------------------------------------
Finished RTL Component Statistics 
---------------------------------------------------------------------------------
---------------------------------------------------------------------------------
Start Part Resource Summary
---------------------------------------------------------------------------------
Part Resources:
DSPs: 220 (col length:60)
BRAMs: 280 (col length: RAMB18 60 RAMB36 30)
---------------------------------------------------------------------------------
Finished Part Resource Summary
---------------------------------------------------------------------------------
---------------------------------------------------------------------------------
Start Cross Boundary and Area Optimization
---------------------------------------------------------------------------------
---------------------------------------------------------------------------------
Finished Cross Boundary and Area Optimization : Time (s): cpu = 00:01:02 ; elapsed = 00:01:08 . Memory (MB): peak = 1732.855 ; gain = 864.727
---------------------------------------------------------------------------------
---------------------------------------------------------------------------------
Start Applying XDC Timing Constraints
---------------------------------------------------------------------------------
---------------------------------------------------------------------------------
Finished Applying XDC Timing Constraints : Time (s): cpu = 00:01:15 ; elapsed = 00:01:22 . Memory (MB): peak = 1782.836 ; gain = 914.707
---------------------------------------------------------------------------------
---------------------------------------------------------------------------------
Start Timing Optimization
---------------------------------------------------------------------------------
      : \u_core/u_fabric /\g_row[0].g_col[1].u_tile /i_1/I137[15]
      : \u_core/u_fabric /\g_row[0].g_col[1].u_tile /in_w[3]
      : \u_core/u_fabric /\g_row[0].g_col[0].u_tile /out_e[3]
      : \u_core/u_fabric /\g_row[0].g_col[0].u_tile /i_1/o[7]
      : \u_core/u_fabric /\g_row[0].g_col[0].u_tile /i_1/I137[7]
      : \u_core/u_fabric /\g_row[0].g_col[0].u_tile /in_e[3]
      : \u_core/u_fabric /\g_row[0].g_col[1].u_tile /out_w[3]
      : \u_core/u_fabric /\g_row[0].g_col[1].u_tile /i_1/o[15]
      : \u_core/u_fabric /\g_row[0].g_col[0].u_tile /i_1/I137[7]
      : \u_core/u_fabric /\g_row[0].g_col[0].u_tile /in_e[3]
      : \u_core/u_fabric /\g_row[0].g_col[1].u_tile /out_w[3]
      : \u_core/u_fabric /\g_row[0].g_col[1].u_tile /i_1/o[15]
      : \u_core/u_fabric /\g_row[0].g_col[1].u_tile /i_1/I137[15]
      : \u_core/u_fabric /\g_row[0].g_col[1].u_tile /in_w[3]
      : \u_core/u_fabric /\g_row[0].g_col[0].u_tile /out_e[3]
      : \u_core/u_fabric /\g_row[0].g_col[0].u_tile /i_1/o[7]
      : \u_core/u_fabric /\g_row[0].g_col[0].u_tile /i_1/I137[5]
      : \u_core/u_fabric /\g_row[0].g_col[0].u_tile /in_e[1]
      : \u_core/u_fabric /\g_row[0].g_col[1].u_tile /out_w[1]
      : \u_core/u_fabric /\g_row[0].g_col[1].u_tile /i_1/o[13]
      : \u_core/u_fabric /\g_row[0].g_col[1].u_tile /i_1/I137[15]
      : \u_core/u_fabric /\g_row[0].g_col[1].u_tile /in_w[3]
      : \u_core/u_fabric /\g_row[0].g_col[0].u_tile /out_e[3]
      : \u_core/u_fabric /\g_row[0].g_col[0].u_tile /i_1/o[7]
      : \u_core/u_fabric /\g_row[0].g_col[1].u_tile /i_1/I137[13]
      : \u_core/u_fabric /\g_row[0].g_col[1].u_tile /in_w[1]
      : \u_core/u_fabric /\g_row[0].g_col[0].u_tile /out_e[1]
      : \u_core/u_fabric /\g_row[0].g_col[0].u_tile /i_1/o[5]
      : \u_core/u_fabric /\g_row[0].g_col[0].u_tile /i_1/I137[5]
      : \u_core/u_fabric /\g_row[0].g_col[0].u_tile /in_e[1]
      : \u_core/u_fabric /\g_row[0].g_col[1].u_tile /out_w[1]
      : \u_core/u_fabric /\g_row[0].g_col[1].u_tile /i_1/o[13]
      : \u_core/u_fabric /\g_row[0].g_col[0].u_tile /i_1/I137[5]
      : \u_core/u_fabric /\g_row[0].g_col[0].u_tile /in_e[1]
      : \u_core/u_fabric /\g_row[0].g_col[1].u_tile /out_w[1]
      : \u_core/u_fabric /\g_row[0].g_col[1].u_tile /i_1/o[13]
      : \u_core/u_fabric /\g_row[0].g_col[1].u_tile /i_1/I137[13]
      : \u_core/u_fabric /\g_row[0].g_col[1].u_tile /in_w[1]
      : \u_core/u_fabric /\g_row[0].g_col[0].u_tile /out_e[1]
      : \u_core/u_fabric /\g_row[0].g_col[0].u_tile /i_1/o[5]
      : \u_core/u_fabric /\g_row[1].g_col[0].u_tile /i_1/I137[11]
      : \u_core/u_fabric /\g_row[1].g_col[0].u_tile /in_s[3]
      : \u_core/u_fabric /\g_row[0].g_col[0].u_tile /out_n[3]
      : \u_core/u_fabric /\g_row[0].g_col[0].u_tile /i_1/o[3]
      : \u_core/u_fabric /\g_row[0].g_col[0].u_tile /i_1/I137[3]
      : \u_core/u_fabric /\g_row[0].g_col[0].u_tile /in_n[3]
      : \u_core/u_fabric /\g_row[1].g_col[0].u_tile /out_s[3]
      : \u_core/u_fabric /\g_row[1].g_col[0].u_tile /i_1/o[11]
      : \u_core/u_fabric /\g_row[0].g_col[0].u_tile /i_1/I137[3]
      : \u_core/u_fabric /\g_row[0].g_col[0].u_tile /in_n[3]
      : \u_core/u_fabric /\g_row[1].g_col[0].u_tile /out_s[3]
      : \u_core/u_fabric /\g_row[1].g_col[0].u_tile /i_1/o[11]
      : \u_core/u_fabric /\g_row[1].g_col[0].u_tile /i_1/I137[11]
      : \u_core/u_fabric /\g_row[1].g_col[0].u_tile /in_s[3]
      : \u_core/u_fabric /\g_row[0].g_col[0].u_tile /out_n[3]
      : \u_core/u_fabric /\g_row[0].g_col[0].u_tile /i_1/o[3]
      : \u_core/u_fabric /\g_row[0].g_col[0].u_tile /i_1/I137[1]
      : \u_core/u_fabric /\g_row[0].g_col[0].u_tile /in_n[1]
      : \u_core/u_fabric /\g_row[1].g_col[0].u_tile /out_s[1]
      : \u_core/u_fabric /\g_row[1].g_col[0].u_tile /i_1/o[9]
      : \u_core/u_fabric /\g_row[1].g_col[0].u_tile /i_1/I137[11]
      : \u_core/u_fabric /\g_row[1].g_col[0].u_tile /in_s[3]
      : \u_core/u_fabric /\g_row[0].g_col[0].u_tile /out_n[3]
      : \u_core/u_fabric /\g_row[0].g_col[0].u_tile /i_1/o[3]
      : \u_core/u_fabric /\g_row[1].g_col[0].u_tile /i_1/I137[9]
      : \u_core/u_fabric /\g_row[1].g_col[0].u_tile /in_s[1]
      : \u_core/u_fabric /\g_row[0].g_col[0].u_tile /out_n[1]
      : \u_core/u_fabric /\g_row[0].g_col[0].u_tile /i_1/o[1]
      : \u_core/u_fabric /\g_row[0].g_col[0].u_tile /i_1/I137[1]
      : \u_core/u_fabric /\g_row[0].g_col[0].u_tile /in_n[1]
      : \u_core/u_fabric /\g_row[1].g_col[0].u_tile /out_s[1]
      : \u_core/u_fabric /\g_row[1].g_col[0].u_tile /i_1/o[9]
      : \u_core/u_fabric /\g_row[0].g_col[0].u_tile /i_1/I137[1]
      : \u_core/u_fabric /\g_row[0].g_col[0].u_tile /in_n[1]
      : \u_core/u_fabric /\g_row[1].g_col[0].u_tile /out_s[1]
      : \u_core/u_fabric /\g_row[1].g_col[0].u_tile /i_1/o[9]
      : \u_core/u_fabric /\g_row[1].g_col[0].u_tile /i_1/I137[9]
      : \u_core/u_fabric /\g_row[1].g_col[0].u_tile /in_s[1]
      : \u_core/u_fabric /\g_row[0].g_col[0].u_tile /out_n[1]
      : \u_core/u_fabric /\g_row[0].g_col[0].u_tile /i_1/o[1]
      : \u_core/u_fabric /\g_row[0].g_col[0].u_tile /i_1/I137[7]
      : \u_core/u_fabric /\g_row[0].g_col[0].u_tile /in_e[3]
      : \u_core/u_fabric /\g_row[0].g_col[1].u_tile /out_w[3]
      : \u_core/u_fabric /\g_row[0].g_col[1].u_tile /i_1/o[15]
      : \u_core/u_fabric /\g_row[1].g_col[1].u_tile /i_1/I137[13]
      : \u_core/u_fabric /\g_row[1].g_col[1].u_tile /in_w[1]
      : \u_core/u_fabric /\g_row[1].g_col[0].u_tile /out_e[1]
      : \u_core/u_fabric /\g_row[1].g_col[0].u_tile /i_1/o[5]
      : \u_core/u_fabric /\g_row[1].g_col[0].u_tile /i_1/I137[7]
      : \u_core/u_fabric /\g_row[1].g_col[0].u_tile /in_e[3]
      : \u_core/u_fabric /\g_row[1].g_col[1].u_tile /out_w[3]
      : \u_core/u_fabric /\g_row[1].g_col[1].u_tile /i_1/o[15]
      : \u_core/u_fabric /\g_row[1].g_col[0].u_tile /i_1/I137[7]
      : \u_core/u_fabric /\g_row[1].g_col[0].u_tile /in_e[3]
      : \u_core/u_fabric /\g_row[1].g_col[1].u_tile /out_w[3]
      : \u_core/u_fabric /\g_row[1].g_col[1].u_tile /i_1/o[15]
      : \u_core/u_fabric /\g_row[1].g_col[1].u_tile /i_1/I137[13]
      : \u_core/u_fabric /\g_row[1].g_col[1].u_tile /in_w[1]
      : \u_core/u_fabric /\g_row[1].g_col[0].u_tile /out_e[1]
      : \u_core/u_fabric /\g_row[1].g_col[0].u_tile /i_1/o[5]
      : \u_core/u_fabric /\g_row[1].g_col[0].u_tile /i_1/I137[5]
      : \u_core/u_fabric /\g_row[1].g_col[0].u_tile /in_e[1]
      : \u_core/u_fabric /\g_row[1].g_col[1].u_tile /out_w[1]
      : \u_core/u_fabric /\g_row[1].g_col[1].u_tile /i_1/o[13]
      : \u_core/u_fabric /\g_row[1].g_col[1].u_tile /i_1/I137[13]
      : \u_core/u_fabric /\g_row[1].g_col[1].u_tile /in_w[1]
      : \u_core/u_fabric /\g_row[1].g_col[0].u_tile /out_e[1]
      : \u_core/u_fabric /\g_row[1].g_col[0].u_tile /i_1/o[5]
      : \u_core/u_fabric /\g_row[1].g_col[1].u_tile /i_1/I137[15]
      : \u_core/u_fabric /\g_row[1].g_col[1].u_tile /in_w[3]
      : \u_core/u_fabric /\g_row[1].g_col[0].u_tile /out_e[3]
      : \u_core/u_fabric /\g_row[1].g_col[0].u_tile /i_1/o[7]
      : \u_core/u_fabric /\g_row[1].g_col[0].u_tile /i_1/I137[5]
      : \u_core/u_fabric /\g_row[1].g_col[0].u_tile /in_e[1]
      : \u_core/u_fabric /\g_row[1].g_col[1].u_tile /out_w[1]
      : \u_core/u_fabric /\g_row[1].g_col[1].u_tile /i_1/o[13]
      : \u_core/u_fabric /\g_row[1].g_col[0].u_tile /i_1/I137[5]
      : \u_core/u_fabric /\g_row[1].g_col[0].u_tile /in_e[1]
      : \u_core/u_fabric /\g_row[1].g_col[1].u_tile /out_w[1]
      : \u_core/u_fabric /\g_row[1].g_col[1].u_tile /i_1/o[13]
      : \u_core/u_fabric /\g_row[1].g_col[1].u_tile /i_1/I137[15]
      : \u_core/u_fabric /\g_row[1].g_col[1].u_tile /in_w[3]
      : \u_core/u_fabric /\g_row[1].g_col[0].u_tile /out_e[3]
      : \u_core/u_fabric /\g_row[1].g_col[0].u_tile /i_1/o[7]
      : \u_core/u_fabric /\g_row[2].g_col[0].u_tile /i_1/I137[11]
      : \u_core/u_fabric /\g_row[2].g_col[0].u_tile /in_s[3]
      : \u_core/u_fabric /\g_row[1].g_col[0].u_tile /out_n[3]
      : \u_core/u_fabric /\g_row[1].g_col[0].u_tile /i_1/o[3]
      : \u_core/u_fabric /\g_row[1].g_col[0].u_tile /i_1/I137[3]
      : \u_core/u_fabric /\g_row[1].g_col[0].u_tile /in_n[3]
      : \u_core/u_fabric /\g_row[2].g_col[0].u_tile /out_s[3]
      : \u_core/u_fabric /\g_row[2].g_col[0].u_tile /i_1/o[11]
      : \u_core/u_fabric /\g_row[1].g_col[0].u_tile /i_1/I137[3]
      : \u_core/u_fabric /\g_row[1].g_col[0].u_tile /in_n[3]
      : \u_core/u_fabric /\g_row[2].g_col[0].u_tile /out_s[3]
      : \u_core/u_fabric /\g_row[2].g_col[0].u_tile /i_1/o[11]
      : \u_core/u_fabric /\g_row[2].g_col[0].u_tile /i_1/I137[11]
      : \u_core/u_fabric /\g_row[2].g_col[0].u_tile /in_s[3]
      : \u_core/u_fabric /\g_row[1].g_col[0].u_tile /out_n[3]
      : \u_core/u_fabric /\g_row[1].g_col[0].u_tile /i_1/o[3]
      : \u_core/u_fabric /\g_row[1].g_col[0].u_tile /i_1/I137[1]
      : \u_core/u_fabric /\g_row[1].g_col[0].u_tile /in_n[1]
      : \u_core/u_fabric /\g_row[2].g_col[0].u_tile /out_s[1]
      : \u_core/u_fabric /\g_row[2].g_col[0].u_tile /i_1/o[9]
      : \u_core/u_fabric /\g_row[2].g_col[0].u_tile /i_1/I137[11]
      : \u_core/u_fabric /\g_row[2].g_col[0].u_tile /in_s[3]
      : \u_core/u_fabric /\g_row[1].g_col[0].u_tile /out_n[3]
      : \u_core/u_fabric /\g_row[1].g_col[0].u_tile /i_1/o[3]
      : \u_core/u_fabric /\g_row[2].g_col[0].u_tile /i_1/I137[9]
      : \u_core/u_fabric /\g_row[2].g_col[0].u_tile /in_s[1]
      : \u_core/u_fabric /\g_row[1].g_col[0].u_tile /out_n[1]
      : \u_core/u_fabric /\g_row[1].g_col[0].u_tile /i_1/o[1]
      : \u_core/u_fabric /\g_row[1].g_col[0].u_tile /i_1/I137[1]
      : \u_core/u_fabric /\g_row[1].g_col[0].u_tile /in_n[1]
      : \u_core/u_fabric /\g_row[2].g_col[0].u_tile /out_s[1]
      : \u_core/u_fabric /\g_row[2].g_col[0].u_tile /i_1/o[9]
      : \u_core/u_fabric /\g_row[1].g_col[0].u_tile /i_1/I137[1]
      : \u_core/u_fabric /\g_row[1].g_col[0].u_tile /in_n[1]
      : \u_core/u_fabric /\g_row[2].g_col[0].u_tile /out_s[1]
      : \u_core/u_fabric /\g_row[2].g_col[0].u_tile /i_1/o[9]
      : \u_core/u_fabric /\g_row[2].g_col[0].u_tile /i_1/I137[9]
      : \u_core/u_fabric /\g_row[2].g_col[0].u_tile /in_s[1]
      : \u_core/u_fabric /\g_row[1].g_col[0].u_tile /out_n[1]
      : \u_core/u_fabric /\g_row[1].g_col[0].u_tile /i_1/o[1]
      : \u_core/u_fabric /\g_row[2].g_col[1].u_tile /i_1/I137[13]
      : \u_core/u_fabric /\g_row[2].g_col[1].u_tile /in_w[1]
      : \u_core/u_fabric /\g_row[2].g_col[0].u_tile /out_e[1]
      : \u_core/u_fabric /\g_row[2].g_col[0].u_tile /i_1/o[5]
      : \u_core/u_fabric /\g_row[2].g_col[0].u_tile /i_1/I137[7]
      : \u_core/u_fabric /\g_row[2].g_col[0].u_tile /in_e[3]
      : \u_core/u_fabric /\g_row[2].g_col[1].u_tile /out_w[3]
      : \u_core/u_fabric /\g_row[2].g_col[1].u_tile /i_1/o[15]
      : \u_core/u_fabric /\g_row[2].g_col[0].u_tile /i_1/I137[7]
      : \u_core/u_fabric /\g_row[2].g_col[0].u_tile /in_e[3]
      : \u_core/u_fabric /\g_row[2].g_col[1].u_tile /out_w[3]
      : \u_core/u_fabric /\g_row[2].g_col[1].u_tile /i_1/o[15]
      : \u_core/u_fabric /\g_row[2].g_col[1].u_tile /i_1/I137[13]
      : \u_core/u_fabric /\g_row[2].g_col[1].u_tile /in_w[1]
      : \u_core/u_fabric /\g_row[2].g_col[0].u_tile /out_e[1]
      : \u_core/u_fabric /\g_row[2].g_col[0].u_tile /i_1/o[5]
      : \u_core/u_fabric /\g_row[2].g_col[0].u_tile /i_1/I137[5]
      : \u_core/u_fabric /\g_row[2].g_col[0].u_tile /in_e[1]
      : \u_core/u_fabric /\g_row[2].g_col[1].u_tile /out_w[1]
      : \u_core/u_fabric /\g_row[2].g_col[1].u_tile /i_1/o[13]
      : \u_core/u_fabric /\g_row[2].g_col[1].u_tile /i_1/I137[13]
      : \u_core/u_fabric /\g_row[2].g_col[1].u_tile /in_w[1]
      : \u_core/u_fabric /\g_row[2].g_col[0].u_tile /out_e[1]
      : \u_core/u_fabric /\g_row[2].g_col[0].u_tile /i_1/o[5]
      : \u_core/u_fabric /\g_row[2].g_col[1].u_tile /i_1/I137[15]
      : \u_core/u_fabric /\g_row[2].g_col[1].u_tile /in_w[3]
      : \u_core/u_fabric /\g_row[2].g_col[0].u_tile /out_e[3]
      : \u_core/u_fabric /\g_row[2].g_col[0].u_tile /i_1/o[7]
      : \u_core/u_fabric /\g_row[2].g_col[0].u_tile /i_1/I137[5]
      : \u_core/u_fabric /\g_row[2].g_col[0].u_tile /in_e[1]
      : \u_core/u_fabric /\g_row[2].g_col[1].u_tile /out_w[1]
      : \u_core/u_fabric /\g_row[2].g_col[1].u_tile /i_1/o[13]
      : \u_core/u_fabric /\g_row[2].g_col[0].u_tile /i_1/I137[5]
      : \u_core/u_fabric /\g_row[2].g_col[0].u_tile /in_e[1]
      : \u_core/u_fabric /\g_row[2].g_col[1].u_tile /out_w[1]
      : \u_core/u_fabric /\g_row[2].g_col[1].u_tile /i_1/o[13]
      : \u_core/u_fabric /\g_row[2].g_col[1].u_tile /i_1/I137[15]
      : \u_core/u_fabric /\g_row[2].g_col[1].u_tile /in_w[3]
      : \u_core/u_fabric /\g_row[2].g_col[0].u_tile /out_e[3]
      : \u_core/u_fabric /\g_row[2].g_col[0].u_tile /i_1/o[7]
      : \u_core/u_fabric /\g_row[3].g_col[0].u_tile /i_1/I137[11]
      : \u_core/u_fabric /\g_row[3].g_col[0].u_tile /in_s[3]
      : \u_core/u_fabric /\g_row[2].g_col[0].u_tile /out_n[3]
      : \u_core/u_fabric /\g_row[2].g_col[0].u_tile /i_1/o[3]
      : \u_core/u_fabric /\g_row[2].g_col[0].u_tile /i_1/I137[3]
      : \u_core/u_fabric /\g_row[2].g_col[0].u_tile /in_n[3]
      : \u_core/u_fabric /\g_row[3].g_col[0].u_tile /out_s[3]
      : \u_core/u_fabric /\g_row[3].g_col[0].u_tile /i_1/o[11]
      : \u_core/u_fabric /\g_row[2].g_col[0].u_tile /i_1/I137[3]
      : \u_core/u_fabric /\g_row[2].g_col[0].u_tile /in_n[3]
      : \u_core/u_fabric /\g_row[3].g_col[0].u_tile /out_s[3]
      : \u_core/u_fabric /\g_row[3].g_col[0].u_tile /i_1/o[11]
      : \u_core/u_fabric /\g_row[3].g_col[0].u_tile /i_1/I137[11]
      : \u_core/u_fabric /\g_row[3].g_col[0].u_tile /in_s[3]
      : \u_core/u_fabric /\g_row[2].g_col[0].u_tile /out_n[3]
      : \u_core/u_fabric /\g_row[2].g_col[0].u_tile /i_1/o[3]
      : \u_core/u_fabric /\g_row[2].g_col[0].u_tile /i_1/I137[1]
      : \u_core/u_fabric /\g_row[2].g_col[0].u_tile /in_n[1]
      : \u_core/u_fabric /\g_row[3].g_col[0].u_tile /out_s[1]
      : \u_core/u_fabric /\g_row[3].g_col[0].u_tile /i_1/o[9]
      : \u_core/u_fabric /\g_row[3].g_col[0].u_tile /i_1/I137[11]
      : \u_core/u_fabric /\g_row[3].g_col[0].u_tile /in_s[3]
      : \u_core/u_fabric /\g_row[2].g_col[0].u_tile /out_n[3]
      : \u_core/u_fabric /\g_row[2].g_col[0].u_tile /i_1/o[3]
      : \u_core/u_fabric /\g_row[3].g_col[0].u_tile /i_1/I137[9]
      : \u_core/u_fabric /\g_row[3].g_col[0].u_tile /in_s[1]
      : \u_core/u_fabric /\g_row[2].g_col[0].u_tile /out_n[1]
      : \u_core/u_fabric /\g_row[2].g_col[0].u_tile /i_1/o[1]
      : \u_core/u_fabric /\g_row[2].g_col[0].u_tile /i_1/I137[1]
      : \u_core/u_fabric /\g_row[2].g_col[0].u_tile /in_n[1]
      : \u_core/u_fabric /\g_row[3].g_col[0].u_tile /out_s[1]
      : \u_core/u_fabric /\g_row[3].g_col[0].u_tile /i_1/o[9]
      : \u_core/u_fabric /\g_row[2].g_col[0].u_tile /i_1/I137[1]
      : \u_core/u_fabric /\g_row[2].g_col[0].u_tile /in_n[1]
      : \u_core/u_fabric /\g_row[3].g_col[0].u_tile /out_s[1]
      : \u_core/u_fabric /\g_row[3].g_col[0].u_tile /i_1/o[9]
      : \u_core/u_fabric /\g_row[3].g_col[0].u_tile /i_1/I137[9]
      : \u_core/u_fabric /\g_row[3].g_col[0].u_tile /in_s[1]
      : \u_core/u_fabric /\g_row[2].g_col[0].u_tile /out_n[1]
      : \u_core/u_fabric /\g_row[2].g_col[0].u_tile /i_1/o[1]
      : \u_core/u_fabric /\g_row[3].g_col[1].u_tile /i_1/I137[15]
      : \u_core/u_fabric /\g_row[3].g_col[1].u_tile /in_w[3]
      : \u_core/u_fabric /\g_row[3].g_col[0].u_tile /out_e[3]
      : \u_core/u_fabric /\g_row[3].g_col[0].u_tile /i_1/o[7]
      : \u_core/u_fabric /\g_row[3].g_col[0].u_tile /i_1/I137[7]
      : \u_core/u_fabric /\g_row[3].g_col[0].u_tile /in_e[3]
      : \u_core/u_fabric /\g_row[3].g_col[1].u_tile /out_w[3]
      : \u_core/u_fabric /\g_row[3].g_col[1].u_tile /i_1/o[15]
      : \u_core/u_fabric /\g_row[3].g_col[0].u_tile /i_1/I137[7]
      : \u_core/u_fabric /\g_row[3].g_col[0].u_tile /in_e[3]
      : \u_core/u_fabric /\g_row[3].g_col[1].u_tile /out_w[3]
      : \u_core/u_fabric /\g_row[3].g_col[1].u_tile /i_1/o[15]
      : \u_core/u_fabric /\g_row[3].g_col[1].u_tile /i_1/I137[15]
      : \u_core/u_fabric /\g_row[3].g_col[1].u_tile /in_w[3]
      : \u_core/u_fabric /\g_row[3].g_col[0].u_tile /out_e[3]
      : \u_core/u_fabric /\g_row[3].g_col[0].u_tile /i_1/o[7]
      : \u_core/u_fabric /\g_row[3].g_col[0].u_tile /i_1/I137[5]
      : \u_core/u_fabric /\g_row[3].g_col[0].u_tile /in_e[1]
      : \u_core/u_fabric /\g_row[3].g_col[1].u_tile /out_w[1]
      : \u_core/u_fabric /\g_row[3].g_col[1].u_tile /i_1/o[13]
      : \u_core/u_fabric /\g_row[3].g_col[1].u_tile /i_1/I137[15]
      : \u_core/u_fabric /\g_row[3].g_col[1].u_tile /in_w[3]
      : \u_core/u_fabric /\g_row[3].g_col[0].u_tile /out_e[3]
      : \u_core/u_fabric /\g_row[3].g_col[0].u_tile /i_1/o[7]
      : \u_core/u_fabric /\g_row[3].g_col[1].u_tile /i_1/I137[13]
      : \u_core/u_fabric /\g_row[3].g_col[1].u_tile /in_w[1]
      : \u_core/u_fabric /\g_row[3].g_col[0].u_tile /out_e[1]
      : \u_core/u_fabric /\g_row[3].g_col[0].u_tile /i_1/o[5]
      : \u_core/u_fabric /\g_row[3].g_col[0].u_tile /i_1/I137[5]
      : \u_core/u_fabric /\g_row[3].g_col[0].u_tile /in_e[1]
      : \u_core/u_fabric /\g_row[3].g_col[1].u_tile /out_w[1]
      : \u_core/u_fabric /\g_row[3].g_col[1].u_tile /i_1/o[13]
      : \u_core/u_fabric /\g_row[3].g_col[0].u_tile /i_1/I137[5]
      : \u_core/u_fabric /\g_row[3].g_col[0].u_tile /in_e[1]
      : \u_core/u_fabric /\g_row[3].g_col[1].u_tile /out_w[1]
      : \u_core/u_fabric /\g_row[3].g_col[1].u_tile /i_1/o[13]
      : \u_core/u_fabric /\g_row[3].g_col[1].u_tile /i_1/I137[13]
      : \u_core/u_fabric /\g_row[3].g_col[1].u_tile /in_w[1]
      : \u_core/u_fabric /\g_row[3].g_col[0].u_tile /out_e[1]
      : \u_core/u_fabric /\g_row[3].g_col[0].u_tile /i_1/o[5]
      : \u_core/u_fabric /\g_row[2].g_col[0].u_tile /i_1/I137[3]
      : \u_core/u_fabric /\g_row[2].g_col[0].u_tile /in_n[3]
      : \u_core/u_fabric /\g_row[3].g_col[0].u_tile /out_s[3]
      : \u_core/u_fabric /\g_row[3].g_col[0].u_tile /i_1/o[11]
      : \u_core/u_fabric /\g_row[1].g_col[0].u_tile /i_1/I137[3]
      : \u_core/u_fabric /\g_row[1].g_col[0].u_tile /in_n[3]
      : \u_core/u_fabric /\g_row[2].g_col[0].u_tile /out_s[3]
      : \u_core/u_fabric /\g_row[2].g_col[0].u_tile /i_1/o[11]
      : \u_core/u_fabric /\g_row[0].g_col[0].u_tile /i_1/I137[3]
      : \u_core/u_fabric /\g_row[0].g_col[0].u_tile /in_n[3]
      : \u_core/u_fabric /\g_row[1].g_col[0].u_tile /out_s[3]
      : \u_core/u_fabric /\g_row[1].g_col[0].u_tile /i_1/o[11]
      : \u_core/u_fabric /\g_row[0].g_col[2].u_tile /i_1/I137[15]
      : \u_core/u_fabric /\g_row[0].g_col[2].u_tile /in_w[3]
      : \u_core/u_fabric /\g_row[0].g_col[1].u_tile /out_e[3]
      : \u_core/u_fabric /\g_row[0].g_col[1].u_tile /i_1/o[7]
      : \u_core/u_fabric /\g_row[0].g_col[1].u_tile /i_1/I137[7]
      : \u_core/u_fabric /\g_row[0].g_col[1].u_tile /in_e[3]
      : \u_core/u_fabric /\g_row[0].g_col[2].u_tile /out_w[3]
      : \u_core/u_fabric /\g_row[0].g_col[2].u_tile /i_1/o[15]
      : \u_core/u_fabric /\g_row[0].g_col[1].u_tile /i_1/I137[7]
      : \u_core/u_fabric /\g_row[0].g_col[1].u_tile /in_e[3]
      : \u_core/u_fabric /\g_row[0].g_col[2].u_tile /out_w[3]
      : \u_core/u_fabric /\g_row[0].g_col[2].u_tile /i_1/o[15]
      : \u_core/u_fabric /\g_row[0].g_col[2].u_tile /i_1/I137[15]
      : \u_core/u_fabric /\g_row[0].g_col[2].u_tile /in_w[3]
      : \u_core/u_fabric /\g_row[0].g_col[1].u_tile /out_e[3]
      : \u_core/u_fabric /\g_row[0].g_col[1].u_tile /i_1/o[7]
      : \u_core/u_fabric /\g_row[0].g_col[1].u_tile /i_1/I137[5]
      : \u_core/u_fabric /\g_row[0].g_col[1].u_tile /in_e[1]
      : \u_core/u_fabric /\g_row[0].g_col[2].u_tile /out_w[1]
      : \u_core/u_fabric /\g_row[0].g_col[2].u_tile /i_1/o[13]
      : \u_core/u_fabric /\g_row[0].g_col[2].u_tile /i_1/I137[15]
      : \u_core/u_fabric /\g_row[0].g_col[2].u_tile /in_w[3]
      : \u_core/u_fabric /\g_row[0].g_col[1].u_tile /out_e[3]
      : \u_core/u_fabric /\g_row[0].g_col[1].u_tile /i_1/o[7]
      : \u_core/u_fabric /\g_row[0].g_col[2].u_tile /i_1/I137[13]
      : \u_core/u_fabric /\g_row[0].g_col[2].u_tile /in_w[1]
      : \u_core/u_fabric /\g_row[0].g_col[1].u_tile /out_e[1]
      : \u_core/u_fabric /\g_row[0].g_col[1].u_tile /i_1/o[5]
      : \u_core/u_fabric /\g_row[0].g_col[1].u_tile /i_1/I137[5]
      : \u_core/u_fabric /\g_row[0].g_col[1].u_tile /in_e[1]
      : \u_core/u_fabric /\g_row[0].g_col[2].u_tile /out_w[1]
      : \u_core/u_fabric /\g_row[0].g_col[2].u_tile /i_1/o[13]
      : \u_core/u_fabric /\g_row[0].g_col[1].u_tile /i_1/I137[5]
      : \u_core/u_fabric /\g_row[0].g_col[1].u_tile /in_e[1]
      : \u_core/u_fabric /\g_row[0].g_col[2].u_tile /out_w[1]
      : \u_core/u_fabric /\g_row[0].g_col[2].u_tile /i_1/o[13]
      : \u_core/u_fabric /\g_row[0].g_col[2].u_tile /i_1/I137[13]
      : \u_core/u_fabric /\g_row[0].g_col[2].u_tile /in_w[1]
      : \u_core/u_fabric /\g_row[0].g_col[1].u_tile /out_e[1]
      : \u_core/u_fabric /\g_row[0].g_col[1].u_tile /i_1/o[5]
      : \u_core/u_fabric /\g_row[0].g_col[1].u_tile /i_1/I137[7]
      : \u_core/u_fabric /\g_row[0].g_col[1].u_tile /in_e[3]
      : \u_core/u_fabric /\g_row[0].g_col[2].u_tile /out_w[3]
      : \u_core/u_fabric /\g_row[0].g_col[2].u_tile /i_1/o[15]
      : \u_core/u_fabric /\g_row[1].g_col[1].u_tile /i_1/I137[11]
      : \u_core/u_fabric /\g_row[1].g_col[1].u_tile /in_s[3]
      : \u_core/u_fabric /\g_row[0].g_col[1].u_tile /out_n[3]
      : \u_core/u_fabric /\g_row[0].g_col[1].u_tile /i_1/o[3]
      : \u_core/u_fabric /\g_row[0].g_col[1].u_tile /i_1/I137[3]
      : \u_core/u_fabric /\g_row[0].g_col[1].u_tile /in_n[3]
      : \u_core/u_fabric /\g_row[1].g_col[1].u_tile /out_s[3]
      : \u_core/u_fabric /\g_row[1].g_col[1].u_tile /i_1/o[11]
      : \u_core/u_fabric /\g_row[1].g_col[1].u_tile /i_1/I137[9]
      : \u_core/u_fabric /\g_row[1].g_col[1].u_tile /in_s[1]
      : \u_core/u_fabric /\g_row[0].g_col[1].u_tile /out_n[1]
      : \u_core/u_fabric /\g_row[0].g_col[1].u_tile /i_1/o[1]
      : \u_core/u_fabric /\g_row[0].g_col[1].u_tile /i_1/I137[3]
      : \u_core/u_fabric /\g_row[0].g_col[1].u_tile /in_n[3]
      : \u_core/u_fabric /\g_row[1].g_col[1].u_tile /out_s[3]
      : \u_core/u_fabric /\g_row[1].g_col[1].u_tile /i_1/o[11]
      : \u_core/u_fabric /\g_row[0].g_col[1].u_tile /i_1/I137[1]
      : \u_core/u_fabric /\g_row[0].g_col[1].u_tile /in_n[1]
      : \u_core/u_fabric /\g_row[1].g_col[1].u_tile /out_s[1]
      : \u_core/u_fabric /\g_row[1].g_col[1].u_tile /i_1/o[9]
      : \u_core/u_fabric /\g_row[1].g_col[1].u_tile /i_1/I137[9]
      : \u_core/u_fabric /\g_row[1].g_col[1].u_tile /in_s[1]
      : \u_core/u_fabric /\g_row[0].g_col[1].u_tile /out_n[1]
      : \u_core/u_fabric /\g_row[0].g_col[1].u_tile /i_1/o[1]
      : \u_core/u_fabric /\g_row[1].g_col[1].u_tile /i_1/I137[9]
      : \u_core/u_fabric /\g_row[1].g_col[1].u_tile /in_s[1]
      : \u_core/u_fabric /\g_row[0].g_col[1].u_tile /out_n[1]
      : \u_core/u_fabric /\g_row[0].g_col[1].u_tile /i_1/o[1]
      : \u_core/u_fabric /\g_row[0].g_col[1].u_tile /i_1/I137[1]
      : \u_core/u_fabric /\g_row[0].g_col[1].u_tile /in_n[1]
      : \u_core/u_fabric /\g_row[1].g_col[1].u_tile /out_s[1]
      : \u_core/u_fabric /\g_row[1].g_col[1].u_tile /i_1/o[9]
      : \u_core/u_fabric /\g_row[1].g_col[2].u_tile /i_1/I137[13]
      : \u_core/u_fabric /\g_row[1].g_col[2].u_tile /in_w[1]
      : \u_core/u_fabric /\g_row[1].g_col[1].u_tile /out_e[1]
      : \u_core/u_fabric /\g_row[1].g_col[1].u_tile /i_1/o[5]
      : \u_core/u_fabric /\g_row[1].g_col[1].u_tile /i_1/I137[7]
      : \u_core/u_fabric /\g_row[1].g_col[1].u_tile /in_e[3]
      : \u_core/u_fabric /\g_row[1].g_col[2].u_tile /out_w[3]
      : \u_core/u_fabric /\g_row[1].g_col[2].u_tile /i_1/o[15]
      : \u_core/u_fabric /\g_row[1].g_col[1].u_tile /i_1/I137[7]
      : \u_core/u_fabric /\g_row[1].g_col[1].u_tile /in_e[3]
      : \u_core/u_fabric /\g_row[1].g_col[2].u_tile /out_w[3]
      : \u_core/u_fabric /\g_row[1].g_col[2].u_tile /i_1/o[15]
      : \u_core/u_fabric /\g_row[1].g_col[2].u_tile /i_1/I137[13]
      : \u_core/u_fabric /\g_row[1].g_col[2].u_tile /in_w[1]
      : \u_core/u_fabric /\g_row[1].g_col[1].u_tile /out_e[1]
      : \u_core/u_fabric /\g_row[1].g_col[1].u_tile /i_1/o[5]
      : \u_core/u_fabric /\g_row[1].g_col[1].u_tile /i_1/I137[5]
      : \u_core/u_fabric /\g_row[1].g_col[1].u_tile /in_e[1]
      : \u_core/u_fabric /\g_row[1].g_col[2].u_tile /out_w[1]
      : \u_core/u_fabric /\g_row[1].g_col[2].u_tile /i_1/o[13]
      : \u_core/u_fabric /\g_row[1].g_col[2].u_tile /i_1/I137[13]
      : \u_core/u_fabric /\g_row[1].g_col[2].u_tile /in_w[1]
      : \u_core/u_fabric /\g_row[1].g_col[1].u_tile /out_e[1]
      : \u_core/u_fabric /\g_row[1].g_col[1].u_tile /i_1/o[5]
      : \u_core/u_fabric /\g_row[1].g_col[2].u_tile /i_1/I137[15]
      : \u_core/u_fabric /\g_row[1].g_col[2].u_tile /in_w[3]
      : \u_core/u_fabric /\g_row[1].g_col[1].u_tile /out_e[3]
      : \u_core/u_fabric /\g_row[1].g_col[1].u_tile /i_1/o[7]
      : \u_core/u_fabric /\g_row[1].g_col[1].u_tile /i_1/I137[5]
      : \u_core/u_fabric /\g_row[1].g_col[1].u_tile /in_e[1]
      : \u_core/u_fabric /\g_row[1].g_col[2].u_tile /out_w[1]
      : \u_core/u_fabric /\g_row[1].g_col[2].u_tile /i_1/o[13]
      : \u_core/u_fabric /\g_row[1].g_col[1].u_tile /i_1/I137[5]
      : \u_core/u_fabric /\g_row[1].g_col[1].u_tile /in_e[1]
      : \u_core/u_fabric /\g_row[1].g_col[2].u_tile /out_w[1]
      : \u_core/u_fabric /\g_row[1].g_col[2].u_tile /i_1/o[13]
      : \u_core/u_fabric /\g_row[1].g_col[2].u_tile /i_1/I137[15]
      : \u_core/u_fabric /\g_row[1].g_col[2].u_tile /in_w[3]
      : \u_core/u_fabric /\g_row[1].g_col[1].u_tile /out_e[3]
      : \u_core/u_fabric /\g_row[1].g_col[1].u_tile /i_1/o[7]
      : \u_core/u_fabric /\g_row[1].g_col[1].u_tile /i_1/I137[11]
      : \u_core/u_fabric /\g_row[1].g_col[1].u_tile /in_s[3]
      : \u_core/u_fabric /\g_row[0].g_col[1].u_tile /out_n[3]
      : \u_core/u_fabric /\g_row[0].g_col[1].u_tile /i_1/o[3]
      : \u_core/u_fabric /\g_row[2].g_col[1].u_tile /i_1/I137[11]
      : \u_core/u_fabric /\g_row[2].g_col[1].u_tile /in_s[3]
      : \u_core/u_fabric /\g_row[1].g_col[1].u_tile /out_n[3]
      : \u_core/u_fabric /\g_row[1].g_col[1].u_tile /i_1/o[3]
      : \u_core/u_fabric /\g_row[1].g_col[1].u_tile /i_1/I137[3]
      : \u_core/u_fabric /\g_row[1].g_col[1].u_tile /in_n[3]
      : \u_core/u_fabric /\g_row[2].g_col[1].u_tile /out_s[3]
      : \u_core/u_fabric /\g_row[2].g_col[1].u_tile /i_1/o[11]
      : \u_core/u_fabric /\g_row[2].g_col[1].u_tile /i_1/I137[9]
      : \u_core/u_fabric /\g_row[2].g_col[1].u_tile /in_s[1]
      : \u_core/u_fabric /\g_row[1].g_col[1].u_tile /out_n[1]
      : \u_core/u_fabric /\g_row[1].g_col[1].u_tile /i_1/o[1]
      : \u_core/u_fabric /\g_row[1].g_col[1].u_tile /i_1/I137[3]
      : \u_core/u_fabric /\g_row[1].g_col[1].u_tile /in_n[3]
      : \u_core/u_fabric /\g_row[2].g_col[1].u_tile /out_s[3]
      : \u_core/u_fabric /\g_row[2].g_col[1].u_tile /i_1/o[11]
      : \u_core/u_fabric /\g_row[1].g_col[1].u_tile /i_1/I137[1]
      : \u_core/u_fabric /\g_row[1].g_col[1].u_tile /in_n[1]
      : \u_core/u_fabric /\g_row[2].g_col[1].u_tile /out_s[1]
      : \u_core/u_fabric /\g_row[2].g_col[1].u_tile /i_1/o[9]
      : \u_core/u_fabric /\g_row[2].g_col[1].u_tile /i_1/I137[9]
      : \u_core/u_fabric /\g_row[2].g_col[1].u_tile /in_s[1]
      : \u_core/u_fabric /\g_row[1].g_col[1].u_tile /out_n[1]
      : \u_core/u_fabric /\g_row[1].g_col[1].u_tile /i_1/o[1]
      : \u_core/u_fabric /\g_row[2].g_col[1].u_tile /i_1/I137[9]
      : \u_core/u_fabric /\g_row[2].g_col[1].u_tile /in_s[1]
      : \u_core/u_fabric /\g_row[1].g_col[1].u_tile /out_n[1]
      : \u_core/u_fabric /\g_row[1].g_col[1].u_tile /i_1/o[1]
      : \u_core/u_fabric /\g_row[1].g_col[1].u_tile /i_1/I137[1]
      : \u_core/u_fabric /\g_row[1].g_col[1].u_tile /in_n[1]
      : \u_core/u_fabric /\g_row[2].g_col[1].u_tile /out_s[1]
      : \u_core/u_fabric /\g_row[2].g_col[1].u_tile /i_1/o[9]
      : \u_core/u_fabric /\g_row[2].g_col[2].u_tile /i_1/I137[13]
      : \u_core/u_fabric /\g_row[2].g_col[2].u_tile /in_w[1]
      : \u_core/u_fabric /\g_row[2].g_col[1].u_tile /out_e[1]
      : \u_core/u_fabric /\g_row[2].g_col[1].u_tile /i_1/o[5]
      : \u_core/u_fabric /\g_row[2].g_col[1].u_tile /i_1/I137[7]
      : \u_core/u_fabric /\g_row[2].g_col[1].u_tile /in_e[3]
      : \u_core/u_fabric /\g_row[2].g_col[2].u_tile /out_w[3]
      : \u_core/u_fabric /\g_row[2].g_col[2].u_tile /i_1/o[15]
      : \u_core/u_fabric /\g_row[2].g_col[1].u_tile /i_1/I137[7]
      : \u_core/u_fabric /\g_row[2].g_col[1].u_tile /in_e[3]
      : \u_core/u_fabric /\g_row[2].g_col[2].u_tile /out_w[3]
      : \u_core/u_fabric /\g_row[2].g_col[2].u_tile /i_1/o[15]
      : \u_core/u_fabric /\g_row[2].g_col[2].u_tile /i_1/I137[13]
      : \u_core/u_fabric /\g_row[2].g_col[2].u_tile /in_w[1]
      : \u_core/u_fabric /\g_row[2].g_col[1].u_tile /out_e[1]
      : \u_core/u_fabric /\g_row[2].g_col[1].u_tile /i_1/o[5]
      : \u_core/u_fabric /\g_row[2].g_col[1].u_tile /i_1/I137[5]
      : \u_core/u_fabric /\g_row[2].g_col[1].u_tile /in_e[1]
      : \u_core/u_fabric /\g_row[2].g_col[2].u_tile /out_w[1]
      : \u_core/u_fabric /\g_row[2].g_col[2].u_tile /i_1/o[13]
      : \u_core/u_fabric /\g_row[2].g_col[2].u_tile /i_1/I137[13]
      : \u_core/u_fabric /\g_row[2].g_col[2].u_tile /in_w[1]
      : \u_core/u_fabric /\g_row[2].g_col[1].u_tile /out_e[1]
      : \u_core/u_fabric /\g_row[2].g_col[1].u_tile /i_1/o[5]
      : \u_core/u_fabric /\g_row[2].g_col[2].u_tile /i_1/I137[15]
      : \u_core/u_fabric /\g_row[2].g_col[2].u_tile /in_w[3]
      : \u_core/u_fabric /\g_row[2].g_col[1].u_tile /out_e[3]
      : \u_core/u_fabric /\g_row[2].g_col[1].u_tile /i_1/o[7]
      : \u_core/u_fabric /\g_row[2].g_col[1].u_tile /i_1/I137[5]
      : \u_core/u_fabric /\g_row[2].g_col[1].u_tile /in_e[1]
      : \u_core/u_fabric /\g_row[2].g_col[2].u_tile /out_w[1]
      : \u_core/u_fabric /\g_row[2].g_col[2].u_tile /i_1/o[13]
      : \u_core/u_fabric /\g_row[2].g_col[1].u_tile /i_1/I137[5]
      : \u_core/u_fabric /\g_row[2].g_col[1].u_tile /in_e[1]
      : \u_core/u_fabric /\g_row[2].g_col[2].u_tile /out_w[1]
      : \u_core/u_fabric /\g_row[2].g_col[2].u_tile /i_1/o[13]
      : \u_core/u_fabric /\g_row[2].g_col[2].u_tile /i_1/I137[15]
      : \u_core/u_fabric /\g_row[2].g_col[2].u_tile /in_w[3]
      : \u_core/u_fabric /\g_row[2].g_col[1].u_tile /out_e[3]
      : \u_core/u_fabric /\g_row[2].g_col[1].u_tile /i_1/o[7]
      : \u_core/u_fabric /\g_row[2].g_col[1].u_tile /i_1/I137[11]
      : \u_core/u_fabric /\g_row[2].g_col[1].u_tile /in_s[3]
      : \u_core/u_fabric /\g_row[1].g_col[1].u_tile /out_n[3]
      : \u_core/u_fabric /\g_row[1].g_col[1].u_tile /i_1/o[3]
      : \u_core/u_fabric /\g_row[3].g_col[1].u_tile /i_1/I137[11]
      : \u_core/u_fabric /\g_row[3].g_col[1].u_tile /in_s[3]
      : \u_core/u_fabric /\g_row[2].g_col[1].u_tile /out_n[3]
      : \u_core/u_fabric /\g_row[2].g_col[1].u_tile /i_1/o[3]
      : \u_core/u_fabric /\g_row[2].g_col[1].u_tile /i_1/I137[3]
      : \u_core/u_fabric /\g_row[2].g_col[1].u_tile /in_n[3]
      : \u_core/u_fabric /\g_row[3].g_col[1].u_tile /out_s[3]
      : \u_core/u_fabric /\g_row[3].g_col[1].u_tile /i_1/o[11]
      : \u_core/u_fabric /\g_row[3].g_col[1].u_tile /i_1/I137[9]
      : \u_core/u_fabric /\g_row[3].g_col[1].u_tile /in_s[1]
      : \u_core/u_fabric /\g_row[2].g_col[1].u_tile /out_n[1]
      : \u_core/u_fabric /\g_row[2].g_col[1].u_tile /i_1/o[1]
      : \u_core/u_fabric /\g_row[2].g_col[1].u_tile /i_1/I137[3]
      : \u_core/u_fabric /\g_row[2].g_col[1].u_tile /in_n[3]
      : \u_core/u_fabric /\g_row[3].g_col[1].u_tile /out_s[3]
      : \u_core/u_fabric /\g_row[3].g_col[1].u_tile /i_1/o[11]
      : \u_core/u_fabric /\g_row[2].g_col[1].u_tile /i_1/I137[1]
      : \u_core/u_fabric /\g_row[2].g_col[1].u_tile /in_n[1]
      : \u_core/u_fabric /\g_row[3].g_col[1].u_tile /out_s[1]
      : \u_core/u_fabric /\g_row[3].g_col[1].u_tile /i_1/o[9]
      : \u_core/u_fabric /\g_row[3].g_col[1].u_tile /i_1/I137[9]
      : \u_core/u_fabric /\g_row[3].g_col[1].u_tile /in_s[1]
      : \u_core/u_fabric /\g_row[2].g_col[1].u_tile /out_n[1]
      : \u_core/u_fabric /\g_row[2].g_col[1].u_tile /i_1/o[1]
      : \u_core/u_fabric /\g_row[3].g_col[1].u_tile /i_1/I137[9]
      : \u_core/u_fabric /\g_row[3].g_col[1].u_tile /in_s[1]
      : \u_core/u_fabric /\g_row[2].g_col[1].u_tile /out_n[1]
      : \u_core/u_fabric /\g_row[2].g_col[1].u_tile /i_1/o[1]
      : \u_core/u_fabric /\g_row[2].g_col[1].u_tile /i_1/I137[1]
      : \u_core/u_fabric /\g_row[2].g_col[1].u_tile /in_n[1]
      : \u_core/u_fabric /\g_row[3].g_col[1].u_tile /out_s[1]
      : \u_core/u_fabric /\g_row[3].g_col[1].u_tile /i_1/o[9]
      : \u_core/u_fabric /\g_row[3].g_col[2].u_tile /i_1/I137[15]
      : \u_core/u_fabric /\g_row[3].g_col[2].u_tile /in_w[3]
      : \u_core/u_fabric /\g_row[3].g_col[1].u_tile /out_e[3]
      : \u_core/u_fabric /\g_row[3].g_col[1].u_tile /i_1/o[7]
      : \u_core/u_fabric /\g_row[3].g_col[1].u_tile /i_1/I137[7]
      : \u_core/u_fabric /\g_row[3].g_col[1].u_tile /in_e[3]
      : \u_core/u_fabric /\g_row[3].g_col[2].u_tile /out_w[3]
      : \u_core/u_fabric /\g_row[3].g_col[2].u_tile /i_1/o[15]
      : \u_core/u_fabric /\g_row[3].g_col[1].u_tile /i_1/I137[7]
      : \u_core/u_fabric /\g_row[3].g_col[1].u_tile /in_e[3]
      : \u_core/u_fabric /\g_row[3].g_col[2].u_tile /out_w[3]
      : \u_core/u_fabric /\g_row[3].g_col[2].u_tile /i_1/o[15]
      : \u_core/u_fabric /\g_row[3].g_col[2].u_tile /i_1/I137[15]
      : \u_core/u_fabric /\g_row[3].g_col[2].u_tile /in_w[3]
      : \u_core/u_fabric /\g_row[3].g_col[1].u_tile /out_e[3]
      : \u_core/u_fabric /\g_row[3].g_col[1].u_tile /i_1/o[7]
      : \u_core/u_fabric /\g_row[3].g_col[1].u_tile /i_1/I137[5]
      : \u_core/u_fabric /\g_row[3].g_col[1].u_tile /in_e[1]
      : \u_core/u_fabric /\g_row[3].g_col[2].u_tile /out_w[1]
      : \u_core/u_fabric /\g_row[3].g_col[2].u_tile /i_1/o[13]
      : \u_core/u_fabric /\g_row[3].g_col[2].u_tile /i_1/I137[15]
      : \u_core/u_fabric /\g_row[3].g_col[2].u_tile /in_w[3]
      : \u_core/u_fabric /\g_row[3].g_col[1].u_tile /out_e[3]
      : \u_core/u_fabric /\g_row[3].g_col[1].u_tile /i_1/o[7]
      : \u_core/u_fabric /\g_row[3].g_col[2].u_tile /i_1/I137[13]
      : \u_core/u_fabric /\g_row[3].g_col[2].u_tile /in_w[1]
      : \u_core/u_fabric /\g_row[3].g_col[1].u_tile /out_e[1]
      : \u_core/u_fabric /\g_row[3].g_col[1].u_tile /i_1/o[5]
      : \u_core/u_fabric /\g_row[3].g_col[1].u_tile /i_1/I137[5]
      : \u_core/u_fabric /\g_row[3].g_col[1].u_tile /in_e[1]
      : \u_core/u_fabric /\g_row[3].g_col[2].u_tile /out_w[1]
      : \u_core/u_fabric /\g_row[3].g_col[2].u_tile /i_1/o[13]
      : \u_core/u_fabric /\g_row[3].g_col[1].u_tile /i_1/I137[5]
      : \u_core/u_fabric /\g_row[3].g_col[1].u_tile /in_e[1]
      : \u_core/u_fabric /\g_row[3].g_col[2].u_tile /out_w[1]
      : \u_core/u_fabric /\g_row[3].g_col[2].u_tile /i_1/o[13]
      : \u_core/u_fabric /\g_row[3].g_col[2].u_tile /i_1/I137[13]
      : \u_core/u_fabric /\g_row[3].g_col[2].u_tile /in_w[1]
      : \u_core/u_fabric /\g_row[3].g_col[1].u_tile /out_e[1]
      : \u_core/u_fabric /\g_row[3].g_col[1].u_tile /i_1/o[5]
      : \u_core/u_fabric /\g_row[1].g_col[1].u_tile /i_1/I137[7]
      : \u_core/u_fabric /\g_row[1].g_col[1].u_tile /in_e[3]
      : \u_core/u_fabric /\g_row[1].g_col[2].u_tile /out_w[3]
      : \u_core/u_fabric /\g_row[1].g_col[2].u_tile /i_1/o[15]
      : \u_core/u_fabric /\g_row[2].g_col[1].u_tile /i_1/I137[7]
      : \u_core/u_fabric /\g_row[2].g_col[1].u_tile /in_e[3]
      : \u_core/u_fabric /\g_row[2].g_col[2].u_tile /out_w[3]
      : \u_core/u_fabric /\g_row[2].g_col[2].u_tile /i_1/o[15]
      : \u_core/u_fabric /\g_row[3].g_col[1].u_tile /i_1/I137[7]
      : \u_core/u_fabric /\g_row[3].g_col[1].u_tile /in_e[3]
      : \u_core/u_fabric /\g_row[3].g_col[2].u_tile /out_w[3]
      : \u_core/u_fabric /\g_row[3].g_col[2].u_tile /i_1/o[15]
      : \u_core/u_fabric /\g_row[2].g_col[1].u_tile /i_1/I137[3]
      : \u_core/u_fabric /\g_row[2].g_col[1].u_tile /in_n[3]
      : \u_core/u_fabric /\g_row[3].g_col[1].u_tile /out_s[3]
      : \u_core/u_fabric /\g_row[3].g_col[1].u_tile /i_1/o[11]
      : \u_core/u_fabric /\g_row[1].g_col[1].u_tile /i_1/I137[3]
      : \u_core/u_fabric /\g_row[1].g_col[1].u_tile /in_n[3]
      : \u_core/u_fabric /\g_row[2].g_col[1].u_tile /out_s[3]
      : \u_core/u_fabric /\g_row[2].g_col[1].u_tile /i_1/o[11]
      : \u_core/u_fabric /\g_row[0].g_col[1].u_tile /i_1/I137[3]
      : \u_core/u_fabric /\g_row[0].g_col[1].u_tile /in_n[3]
      : \u_core/u_fabric /\g_row[1].g_col[1].u_tile /out_s[3]
      : \u_core/u_fabric /\g_row[1].g_col[1].u_tile /i_1/o[11]
      : \u_core/u_fabric /\g_row[0].g_col[3].u_tile /i_1/I137[15]
      : \u_core/u_fabric /\g_row[0].g_col[3].u_tile /in_w[3]
      : \u_core/u_fabric /\g_row[0].g_col[2].u_tile /out_e[3]
      : \u_core/u_fabric /\g_row[0].g_col[2].u_tile /i_1/o[7]
      : \u_core/u_fabric /\g_row[0].g_col[2].u_tile /i_1/I137[7]
      : \u_core/u_fabric /\g_row[0].g_col[2].u_tile /in_e[3]
      : \u_core/u_fabric /\g_row[0].g_col[3].u_tile /out_w[3]
      : \u_core/u_fabric /\g_row[0].g_col[3].u_tile /i_1/o[15]
      : \u_core/u_fabric /\g_row[0].g_col[2].u_tile /i_1/I137[7]
      : \u_core/u_fabric /\g_row[0].g_col[2].u_tile /in_e[3]
      : \u_core/u_fabric /\g_row[0].g_col[3].u_tile /out_w[3]
      : \u_core/u_fabric /\g_row[0].g_col[3].u_tile /i_1/o[15]
      : \u_core/u_fabric /\g_row[0].g_col[3].u_tile /i_1/I137[15]
      : \u_core/u_fabric /\g_row[0].g_col[3].u_tile /in_w[3]
      : \u_core/u_fabric /\g_row[0].g_col[2].u_tile /out_e[3]
      : \u_core/u_fabric /\g_row[0].g_col[2].u_tile /i_1/o[7]
      : \u_core/u_fabric /\g_row[0].g_col[2].u_tile /i_1/I137[5]
      : \u_core/u_fabric /\g_row[0].g_col[2].u_tile /in_e[1]
      : \u_core/u_fabric /\g_row[0].g_col[3].u_tile /out_w[1]
      : \u_core/u_fabric /\g_row[0].g_col[3].u_tile /i_1/o[13]
      : \u_core/u_fabric /\g_row[0].g_col[3].u_tile /i_1/I137[15]
      : \u_core/u_fabric /\g_row[0].g_col[3].u_tile /in_w[3]
      : \u_core/u_fabric /\g_row[0].g_col[2].u_tile /out_e[3]
      : \u_core/u_fabric /\g_row[0].g_col[2].u_tile /i_1/o[7]
      : \u_core/u_fabric /\g_row[0].g_col[3].u_tile /i_1/I137[13]
      : \u_core/u_fabric /\g_row[0].g_col[3].u_tile /in_w[1]
      : \u_core/u_fabric /\g_row[0].g_col[2].u_tile /out_e[1]
      : \u_core/u_fabric /\g_row[0].g_col[2].u_tile /i_1/o[5]
      : \u_core/u_fabric /\g_row[0].g_col[2].u_tile /i_1/I137[5]
      : \u_core/u_fabric /\g_row[0].g_col[2].u_tile /in_e[1]
      : \u_core/u_fabric /\g_row[0].g_col[3].u_tile /out_w[1]
      : \u_core/u_fabric /\g_row[0].g_col[3].u_tile /i_1/o[13]
      : \u_core/u_fabric /\g_row[0].g_col[2].u_tile /i_1/I137[5]
      : \u_core/u_fabric /\g_row[0].g_col[2].u_tile /in_e[1]
      : \u_core/u_fabric /\g_row[0].g_col[3].u_tile /out_w[1]
      : \u_core/u_fabric /\g_row[0].g_col[3].u_tile /i_1/o[13]
      : \u_core/u_fabric /\g_row[0].g_col[3].u_tile /i_1/I137[13]
      : \u_core/u_fabric /\g_row[0].g_col[3].u_tile /in_w[1]
      : \u_core/u_fabric /\g_row[0].g_col[2].u_tile /out_e[1]
      : \u_core/u_fabric /\g_row[0].g_col[2].u_tile /i_1/o[5]
      : \u_core/u_fabric /\g_row[0].g_col[2].u_tile /i_1/I137[7]
      : \u_core/u_fabric /\g_row[0].g_col[2].u_tile /in_e[3]
      : \u_core/u_fabric /\g_row[0].g_col[3].u_tile /out_w[3]
      : \u_core/u_fabric /\g_row[0].g_col[3].u_tile /i_1/o[15]
      : \u_core/u_fabric /\g_row[1].g_col[2].u_tile /i_1/I137[11]
      : \u_core/u_fabric /\g_row[1].g_col[2].u_tile /in_s[3]
      : \u_core/u_fabric /\g_row[0].g_col[2].u_tile /out_n[3]
      : \u_core/u_fabric /\g_row[0].g_col[2].u_tile /i_1/o[3]
      : \u_core/u_fabric /\g_row[0].g_col[2].u_tile /i_1/I137[3]
      : \u_core/u_fabric /\g_row[0].g_col[2].u_tile /in_n[3]
      : \u_core/u_fabric /\g_row[1].g_col[2].u_tile /out_s[3]
      : \u_core/u_fabric /\g_row[1].g_col[2].u_tile /i_1/o[11]
      : \u_core/u_fabric /\g_row[1].g_col[2].u_tile /i_1/I137[9]
      : \u_core/u_fabric /\g_row[1].g_col[2].u_tile /in_s[1]
      : \u_core/u_fabric /\g_row[0].g_col[2].u_tile /out_n[1]
      : \u_core/u_fabric /\g_row[0].g_col[2].u_tile /i_1/o[1]
      : \u_core/u_fabric /\g_row[0].g_col[2].u_tile /i_1/I137[3]
      : \u_core/u_fabric /\g_row[0].g_col[2].u_tile /in_n[3]
      : \u_core/u_fabric /\g_row[1].g_col[2].u_tile /out_s[3]
      : \u_core/u_fabric /\g_row[1].g_col[2].u_tile /i_1/o[11]
      : \u_core/u_fabric /\g_row[0].g_col[2].u_tile /i_1/I137[1]
      : \u_core/u_fabric /\g_row[0].g_col[2].u_tile /in_n[1]
      : \u_core/u_fabric /\g_row[1].g_col[2].u_tile /out_s[1]
      : \u_core/u_fabric /\g_row[1].g_col[2].u_tile /i_1/o[9]
      : \u_core/u_fabric /\g_row[1].g_col[2].u_tile /i_1/I137[9]
      : \u_core/u_fabric /\g_row[1].g_col[2].u_tile /in_s[1]
      : \u_core/u_fabric /\g_row[0].g_col[2].u_tile /out_n[1]
      : \u_core/u_fabric /\g_row[0].g_col[2].u_tile /i_1/o[1]
      : \u_core/u_fabric /\g_row[1].g_col[2].u_tile /i_1/I137[9]
      : \u_core/u_fabric /\g_row[1].g_col[2].u_tile /in_s[1]
      : \u_core/u_fabric /\g_row[0].g_col[2].u_tile /out_n[1]
      : \u_core/u_fabric /\g_row[0].g_col[2].u_tile /i_1/o[1]
      : \u_core/u_fabric /\g_row[0].g_col[2].u_tile /i_1/I137[1]
      : \u_core/u_fabric /\g_row[0].g_col[2].u_tile /in_n[1]
      : \u_core/u_fabric /\g_row[1].g_col[2].u_tile /out_s[1]
      : \u_core/u_fabric /\g_row[1].g_col[2].u_tile /i_1/o[9]
      : \u_core/u_fabric /\g_row[1].g_col[3].u_tile /i_1/I137[15]
      : \u_core/u_fabric /\g_row[1].g_col[3].u_tile /in_w[3]
      : \u_core/u_fabric /\g_row[1].g_col[2].u_tile /out_e[3]
      : \u_core/u_fabric /\g_row[1].g_col[2].u_tile /i_1/o[7]
      : \u_core/u_fabric /\g_row[1].g_col[2].u_tile /i_1/I137[7]
      : \u_core/u_fabric /\g_row[1].g_col[2].u_tile /in_e[3]
      : \u_core/u_fabric /\g_row[1].g_col[3].u_tile /out_w[3]
      : \u_core/u_fabric /\g_row[1].g_col[3].u_tile /i_1/o[15]
      : \u_core/u_fabric /\g_row[1].g_col[2].u_tile /i_1/I137[7]
      : \u_core/u_fabric /\g_row[1].g_col[2].u_tile /in_e[3]
      : \u_core/u_fabric /\g_row[1].g_col[3].u_tile /out_w[3]
      : \u_core/u_fabric /\g_row[1].g_col[3].u_tile /i_1/o[15]
      : \u_core/u_fabric /\g_row[1].g_col[3].u_tile /i_1/I137[15]
      : \u_core/u_fabric /\g_row[1].g_col[3].u_tile /in_w[3]
      : \u_core/u_fabric /\g_row[1].g_col[2].u_tile /out_e[3]
      : \u_core/u_fabric /\g_row[1].g_col[2].u_tile /i_1/o[7]
      : \u_core/u_fabric /\g_row[1].g_col[2].u_tile /i_1/I137[5]
      : \u_core/u_fabric /\g_row[1].g_col[2].u_tile /in_e[1]
      : \u_core/u_fabric /\g_row[1].g_col[3].u_tile /out_w[1]
      : \u_core/u_fabric /\g_row[1].g_col[3].u_tile /i_1/o[13]
      : \u_core/u_fabric /\g_row[1].g_col[3].u_tile /i_1/I137[15]
      : \u_core/u_fabric /\g_row[1].g_col[3].u_tile /in_w[3]
      : \u_core/u_fabric /\g_row[1].g_col[2].u_tile /out_e[3]
      : \u_core/u_fabric /\g_row[1].g_col[2].u_tile /i_1/o[7]
      : \u_core/u_fabric /\g_row[1].g_col[3].u_tile /i_1/I137[13]
      : \u_core/u_fabric /\g_row[1].g_col[3].u_tile /in_w[1]
      : \u_core/u_fabric /\g_row[1].g_col[2].u_tile /out_e[1]
      : \u_core/u_fabric /\g_row[1].g_col[2].u_tile /i_1/o[5]
      : \u_core/u_fabric /\g_row[1].g_col[2].u_tile /i_1/I137[5]
      : \u_core/u_fabric /\g_row[1].g_col[2].u_tile /in_e[1]
      : \u_core/u_fabric /\g_row[1].g_col[3].u_tile /out_w[1]
      : \u_core/u_fabric /\g_row[1].g_col[3].u_tile /i_1/o[13]
      : \u_core/u_fabric /\g_row[1].g_col[2].u_tile /i_1/I137[5]
      : \u_core/u_fabric /\g_row[1].g_col[2].u_tile /in_e[1]
      : \u_core/u_fabric /\g_row[1].g_col[3].u_tile /out_w[1]
      : \u_core/u_fabric /\g_row[1].g_col[3].u_tile /i_1/o[13]
      : \u_core/u_fabric /\g_row[1].g_col[3].u_tile /i_1/I137[13]
      : \u_core/u_fabric /\g_row[1].g_col[3].u_tile /in_w[1]
      : \u_core/u_fabric /\g_row[1].g_col[2].u_tile /out_e[1]
      : \u_core/u_fabric /\g_row[1].g_col[2].u_tile /i_1/o[5]
      : \u_core/u_fabric /\g_row[1].g_col[2].u_tile /i_1/I137[11]
      : \u_core/u_fabric /\g_row[1].g_col[2].u_tile /in_s[3]
      : \u_core/u_fabric /\g_row[0].g_col[2].u_tile /out_n[3]
      : \u_core/u_fabric /\g_row[0].g_col[2].u_tile /i_1/o[3]
      : \u_core/u_fabric /\g_row[2].g_col[2].u_tile /i_1/I137[11]
      : \u_core/u_fabric /\g_row[2].g_col[2].u_tile /in_s[3]
      : \u_core/u_fabric /\g_row[1].g_col[2].u_tile /out_n[3]
      : \u_core/u_fabric /\g_row[1].g_col[2].u_tile /i_1/o[3]
      : \u_core/u_fabric /\g_row[1].g_col[2].u_tile /i_1/I137[3]
      : \u_core/u_fabric /\g_row[1].g_col[2].u_tile /in_n[3]
      : \u_core/u_fabric /\g_row[2].g_col[2].u_tile /out_s[3]
      : \u_core/u_fabric /\g_row[2].g_col[2].u_tile /i_1/o[11]
      : \u_core/u_fabric /\g_row[2].g_col[2].u_tile /i_1/I137[9]
      : \u_core/u_fabric /\g_row[2].g_col[2].u_tile /in_s[1]
      : \u_core/u_fabric /\g_row[1].g_col[2].u_tile /out_n[1]
      : \u_core/u_fabric /\g_row[1].g_col[2].u_tile /i_1/o[1]
      : \u_core/u_fabric /\g_row[1].g_col[2].u_tile /i_1/I137[3]
      : \u_core/u_fabric /\g_row[1].g_col[2].u_tile /in_n[3]
      : \u_core/u_fabric /\g_row[2].g_col[2].u_tile /out_s[3]
      : \u_core/u_fabric /\g_row[2].g_col[2].u_tile /i_1/o[11]
      : \u_core/u_fabric /\g_row[1].g_col[2].u_tile /i_1/I137[1]
      : \u_core/u_fabric /\g_row[1].g_col[2].u_tile /in_n[1]
      : \u_core/u_fabric /\g_row[2].g_col[2].u_tile /out_s[1]
      : \u_core/u_fabric /\g_row[2].g_col[2].u_tile /i_1/o[9]
      : \u_core/u_fabric /\g_row[2].g_col[2].u_tile /i_1/I137[9]
      : \u_core/u_fabric /\g_row[2].g_col[2].u_tile /in_s[1]
      : \u_core/u_fabric /\g_row[1].g_col[2].u_tile /out_n[1]
      : \u_core/u_fabric /\g_row[1].g_col[2].u_tile /i_1/o[1]
      : \u_core/u_fabric /\g_row[2].g_col[2].u_tile /i_1/I137[9]
      : \u_core/u_fabric /\g_row[2].g_col[2].u_tile /in_s[1]
      : \u_core/u_fabric /\g_row[1].g_col[2].u_tile /out_n[1]
      : \u_core/u_fabric /\g_row[1].g_col[2].u_tile /i_1/o[1]
      : \u_core/u_fabric /\g_row[1].g_col[2].u_tile /i_1/I137[1]
      : \u_core/u_fabric /\g_row[1].g_col[2].u_tile /in_n[1]
      : \u_core/u_fabric /\g_row[2].g_col[2].u_tile /out_s[1]
      : \u_core/u_fabric /\g_row[2].g_col[2].u_tile /i_1/o[9]
      : \u_core/u_fabric /\g_row[2].g_col[3].u_tile /i_1/I137[15]
      : \u_core/u_fabric /\g_row[2].g_col[3].u_tile /in_w[3]
      : \u_core/u_fabric /\g_row[2].g_col[2].u_tile /out_e[3]
      : \u_core/u_fabric /\g_row[2].g_col[2].u_tile /i_1/o[7]
      : \u_core/u_fabric /\g_row[2].g_col[2].u_tile /i_1/I137[7]
      : \u_core/u_fabric /\g_row[2].g_col[2].u_tile /in_e[3]
      : \u_core/u_fabric /\g_row[2].g_col[3].u_tile /out_w[3]
      : \u_core/u_fabric /\g_row[2].g_col[3].u_tile /i_1/o[15]
      : \u_core/u_fabric /\g_row[2].g_col[2].u_tile /i_1/I137[7]
      : \u_core/u_fabric /\g_row[2].g_col[2].u_tile /in_e[3]
      : \u_core/u_fabric /\g_row[2].g_col[3].u_tile /out_w[3]
      : \u_core/u_fabric /\g_row[2].g_col[3].u_tile /i_1/o[15]
      : \u_core/u_fabric /\g_row[2].g_col[3].u_tile /i_1/I137[15]
      : \u_core/u_fabric /\g_row[2].g_col[3].u_tile /in_w[3]
      : \u_core/u_fabric /\g_row[2].g_col[2].u_tile /out_e[3]
      : \u_core/u_fabric /\g_row[2].g_col[2].u_tile /i_1/o[7]
      : \u_core/u_fabric /\g_row[2].g_col[2].u_tile /i_1/I137[5]
      : \u_core/u_fabric /\g_row[2].g_col[2].u_tile /in_e[1]
      : \u_core/u_fabric /\g_row[2].g_col[3].u_tile /out_w[1]
      : \u_core/u_fabric /\g_row[2].g_col[3].u_tile /i_1/o[13]
      : \u_core/u_fabric /\g_row[2].g_col[3].u_tile /i_1/I137[15]
      : \u_core/u_fabric /\g_row[2].g_col[3].u_tile /in_w[3]
      : \u_core/u_fabric /\g_row[2].g_col[2].u_tile /out_e[3]
      : \u_core/u_fabric /\g_row[2].g_col[2].u_tile /i_1/o[7]
      : \u_core/u_fabric /\g_row[2].g_col[3].u_tile /i_1/I137[13]
      : \u_core/u_fabric /\g_row[2].g_col[3].u_tile /in_w[1]
      : \u_core/u_fabric /\g_row[2].g_col[2].u_tile /out_e[1]
      : \u_core/u_fabric /\g_row[2].g_col[2].u_tile /i_1/o[5]
      : \u_core/u_fabric /\g_row[2].g_col[2].u_tile /i_1/I137[5]
      : \u_core/u_fabric /\g_row[2].g_col[2].u_tile /in_e[1]
      : \u_core/u_fabric /\g_row[2].g_col[3].u_tile /out_w[1]
      : \u_core/u_fabric /\g_row[2].g_col[3].u_tile /i_1/o[13]
      : \u_core/u_fabric /\g_row[2].g_col[2].u_tile /i_1/I137[5]
      : \u_core/u_fabric /\g_row[2].g_col[2].u_tile /in_e[1]
      : \u_core/u_fabric /\g_row[2].g_col[3].u_tile /out_w[1]
      : \u_core/u_fabric /\g_row[2].g_col[3].u_tile /i_1/o[13]
      : \u_core/u_fabric /\g_row[2].g_col[3].u_tile /i_1/I137[13]
      : \u_core/u_fabric /\g_row[2].g_col[3].u_tile /in_w[1]
      : \u_core/u_fabric /\g_row[2].g_col[2].u_tile /out_e[1]
      : \u_core/u_fabric /\g_row[2].g_col[2].u_tile /i_1/o[5]
      : \u_core/u_fabric /\g_row[2].g_col[2].u_tile /i_1/I137[11]
      : \u_core/u_fabric /\g_row[2].g_col[2].u_tile /in_s[3]
      : \u_core/u_fabric /\g_row[1].g_col[2].u_tile /out_n[3]
      : \u_core/u_fabric /\g_row[1].g_col[2].u_tile /i_1/o[3]
      : \u_core/u_fabric /\g_row[3].g_col[2].u_tile /i_1/I137[11]
      : \u_core/u_fabric /\g_row[3].g_col[2].u_tile /in_s[3]
      : \u_core/u_fabric /\g_row[2].g_col[2].u_tile /out_n[3]
      : \u_core/u_fabric /\g_row[2].g_col[2].u_tile /i_1/o[3]
      : \u_core/u_fabric /\g_row[2].g_col[2].u_tile /i_1/I137[3]
      : \u_core/u_fabric /\g_row[2].g_col[2].u_tile /in_n[3]
      : \u_core/u_fabric /\g_row[3].g_col[2].u_tile /out_s[3]
      : \u_core/u_fabric /\g_row[3].g_col[2].u_tile /i_1/o[11]
      : \u_core/u_fabric /\g_row[3].g_col[2].u_tile /i_1/I137[9]
      : \u_core/u_fabric /\g_row[3].g_col[2].u_tile /in_s[1]
      : \u_core/u_fabric /\g_row[2].g_col[2].u_tile /out_n[1]
      : \u_core/u_fabric /\g_row[2].g_col[2].u_tile /i_1/o[1]
      : \u_core/u_fabric /\g_row[2].g_col[2].u_tile /i_1/I137[3]
      : \u_core/u_fabric /\g_row[2].g_col[2].u_tile /in_n[3]
      : \u_core/u_fabric /\g_row[3].g_col[2].u_tile /out_s[3]
      : \u_core/u_fabric /\g_row[3].g_col[2].u_tile /i_1/o[11]
      : \u_core/u_fabric /\g_row[2].g_col[2].u_tile /i_1/I137[1]
      : \u_core/u_fabric /\g_row[2].g_col[2].u_tile /in_n[1]
      : \u_core/u_fabric /\g_row[3].g_col[2].u_tile /out_s[1]
      : \u_core/u_fabric /\g_row[3].g_col[2].u_tile /i_1/o[9]
      : \u_core/u_fabric /\g_row[3].g_col[2].u_tile /i_1/I137[9]
      : \u_core/u_fabric /\g_row[3].g_col[2].u_tile /in_s[1]
      : \u_core/u_fabric /\g_row[2].g_col[2].u_tile /out_n[1]
      : \u_core/u_fabric /\g_row[2].g_col[2].u_tile /i_1/o[1]
      : \u_core/u_fabric /\g_row[3].g_col[2].u_tile /i_1/I137[9]
      : \u_core/u_fabric /\g_row[3].g_col[2].u_tile /in_s[1]
      : \u_core/u_fabric /\g_row[2].g_col[2].u_tile /out_n[1]
      : \u_core/u_fabric /\g_row[2].g_col[2].u_tile /i_1/o[1]
      : \u_core/u_fabric /\g_row[2].g_col[2].u_tile /i_1/I137[1]
      : \u_core/u_fabric /\g_row[2].g_col[2].u_tile /in_n[1]
      : \u_core/u_fabric /\g_row[3].g_col[2].u_tile /out_s[1]
      : \u_core/u_fabric /\g_row[3].g_col[2].u_tile /i_1/o[9]
      : \u_core/u_fabric /\g_row[2].g_col[2].u_tile /i_1/I137[3]
      : \u_core/u_fabric /\g_row[2].g_col[2].u_tile /in_n[3]
      : \u_core/u_fabric /\g_row[3].g_col[2].u_tile /out_s[3]
      : \u_core/u_fabric /\g_row[3].g_col[2].u_tile /i_1/o[11]
      : \u_core/u_fabric /\g_row[1].g_col[2].u_tile /i_1/I137[3]
      : \u_core/u_fabric /\g_row[1].g_col[2].u_tile /in_n[3]
      : \u_core/u_fabric /\g_row[2].g_col[2].u_tile /out_s[3]
      : \u_core/u_fabric /\g_row[2].g_col[2].u_tile /i_1/o[11]
      : \u_core/u_fabric /\g_row[0].g_col[2].u_tile /i_1/I137[3]
      : \u_core/u_fabric /\g_row[0].g_col[2].u_tile /in_n[3]
      : \u_core/u_fabric /\g_row[1].g_col[2].u_tile /out_s[3]
      : \u_core/u_fabric /\g_row[1].g_col[2].u_tile /i_1/o[11]
      : \u_core/u_fabric /\g_row[0].g_col[3].u_tile /i_1/I137[3]
      : \u_core/u_fabric /\g_row[0].g_col[3].u_tile /in_n[3]
      : \u_core/u_fabric /\g_row[1].g_col[3].u_tile /out_s[3]
      : \u_core/u_fabric /\g_row[1].g_col[3].u_tile /i_1/o[11]
      : \u_core/u_fabric /\g_row[1].g_col[3].u_tile /i_1/I137[11]
      : \u_core/u_fabric /\g_row[1].g_col[3].u_tile /in_s[3]
      : \u_core/u_fabric /\g_row[0].g_col[3].u_tile /out_n[3]
      : \u_core/u_fabric /\g_row[0].g_col[3].u_tile /i_1/o[3]
      : \u_core/u_fabric /\g_row[1].g_col[3].u_tile /i_1/I137[11]
      : \u_core/u_fabric /\g_row[1].g_col[3].u_tile /in_s[3]
      : \u_core/u_fabric /\g_row[0].g_col[3].u_tile /out_n[3]
      : \u_core/u_fabric /\g_row[0].g_col[3].u_tile /i_1/o[3]
      : \u_core/u_fabric /\g_row[0].g_col[3].u_tile /i_1/I137[3]
      : \u_core/u_fabric /\g_row[0].g_col[3].u_tile /in_n[3]
      : \u_core/u_fabric /\g_row[1].g_col[3].u_tile /out_s[3]
      : \u_core/u_fabric /\g_row[1].g_col[3].u_tile /i_1/o[11]
      : \u_core/u_fabric /\g_row[1].g_col[3].u_tile /i_1/I137[9]
      : \u_core/u_fabric /\g_row[1].g_col[3].u_tile /in_s[1]
      : \u_core/u_fabric /\g_row[0].g_col[3].u_tile /out_n[1]
      : \u_core/u_fabric /\g_row[0].g_col[3].u_tile /i_1/o[1]
      : \u_core/u_fabric /\g_row[0].g_col[3].u_tile /i_1/I137[3]
      : \u_core/u_fabric /\g_row[0].g_col[3].u_tile /in_n[3]
      : \u_core/u_fabric /\g_row[1].g_col[3].u_tile /out_s[3]
      : \u_core/u_fabric /\g_row[1].g_col[3].u_tile /i_1/o[11]
      : \u_core/u_fabric /\g_row[0].g_col[3].u_tile /i_1/I137[1]
      : \u_core/u_fabric /\g_row[0].g_col[3].u_tile /in_n[1]
      : \u_core/u_fabric /\g_row[1].g_col[3].u_tile /out_s[1]
      : \u_core/u_fabric /\g_row[1].g_col[3].u_tile /i_1/o[9]
      : \u_core/u_fabric /\g_row[1].g_col[3].u_tile /i_1/I137[9]
      : \u_core/u_fabric /\g_row[1].g_col[3].u_tile /in_s[1]
      : \u_core/u_fabric /\g_row[0].g_col[3].u_tile /out_n[1]
      : \u_core/u_fabric /\g_row[0].g_col[3].u_tile /i_1/o[1]
      : \u_core/u_fabric /\g_row[1].g_col[3].u_tile /i_1/I137[9]
      : \u_core/u_fabric /\g_row[1].g_col[3].u_tile /in_s[1]
      : \u_core/u_fabric /\g_row[0].g_col[3].u_tile /out_n[1]
      : \u_core/u_fabric /\g_row[0].g_col[3].u_tile /i_1/o[1]
      : \u_core/u_fabric /\g_row[0].g_col[3].u_tile /i_1/I137[1]
      : \u_core/u_fabric /\g_row[0].g_col[3].u_tile /in_n[1]
      : \u_core/u_fabric /\g_row[1].g_col[3].u_tile /out_s[1]
      : \u_core/u_fabric /\g_row[1].g_col[3].u_tile /i_1/o[9]
      : \u_core/u_fabric /\g_row[1].g_col[3].u_tile /i_1/I137[11]
      : \u_core/u_fabric /\g_row[1].g_col[3].u_tile /in_s[3]
      : \u_core/u_fabric /\g_row[0].g_col[3].u_tile /out_n[3]
      : \u_core/u_fabric /\g_row[0].g_col[3].u_tile /i_1/o[3]
      : \u_core/u_fabric /\g_row[2].g_col[3].u_tile /i_1/I137[11]
      : \u_core/u_fabric /\g_row[2].g_col[3].u_tile /in_s[3]
      : \u_core/u_fabric /\g_row[1].g_col[3].u_tile /out_n[3]
      : \u_core/u_fabric /\g_row[1].g_col[3].u_tile /i_1/o[3]
      : \u_core/u_fabric /\g_row[1].g_col[3].u_tile /i_1/I137[3]
      : \u_core/u_fabric /\g_row[1].g_col[3].u_tile /in_n[3]
      : \u_core/u_fabric /\g_row[2].g_col[3].u_tile /out_s[3]
      : \u_core/u_fabric /\g_row[2].g_col[3].u_tile /i_1/o[11]
      : \u_core/u_fabric /\g_row[2].g_col[3].u_tile /i_1/I137[9]
      : \u_core/u_fabric /\g_row[2].g_col[3].u_tile /in_s[1]
      : \u_core/u_fabric /\g_row[1].g_col[3].u_tile /out_n[1]
      : \u_core/u_fabric /\g_row[1].g_col[3].u_tile /i_1/o[1]
      : \u_core/u_fabric /\g_row[1].g_col[3].u_tile /i_1/I137[3]
      : \u_core/u_fabric /\g_row[1].g_col[3].u_tile /in_n[3]
      : \u_core/u_fabric /\g_row[2].g_col[3].u_tile /out_s[3]
      : \u_core/u_fabric /\g_row[2].g_col[3].u_tile /i_1/o[11]
      : \u_core/u_fabric /\g_row[1].g_col[3].u_tile /i_1/I137[1]
      : \u_core/u_fabric /\g_row[1].g_col[3].u_tile /in_n[1]
      : \u_core/u_fabric /\g_row[2].g_col[3].u_tile /out_s[1]
      : \u_core/u_fabric /\g_row[2].g_col[3].u_tile /i_1/o[9]
      : \u_core/u_fabric /\g_row[2].g_col[3].u_tile /i_1/I137[9]
      : \u_core/u_fabric /\g_row[2].g_col[3].u_tile /in_s[1]
      : \u_core/u_fabric /\g_row[1].g_col[3].u_tile /out_n[1]
      : \u_core/u_fabric /\g_row[1].g_col[3].u_tile /i_1/o[1]
      : \u_core/u_fabric /\g_row[2].g_col[3].u_tile /i_1/I137[9]
      : \u_core/u_fabric /\g_row[2].g_col[3].u_tile /in_s[1]
      : \u_core/u_fabric /\g_row[1].g_col[3].u_tile /out_n[1]
      : \u_core/u_fabric /\g_row[1].g_col[3].u_tile /i_1/o[1]
      : \u_core/u_fabric /\g_row[1].g_col[3].u_tile /i_1/I137[1]
      : \u_core/u_fabric /\g_row[1].g_col[3].u_tile /in_n[1]
      : \u_core/u_fabric /\g_row[2].g_col[3].u_tile /out_s[1]
      : \u_core/u_fabric /\g_row[2].g_col[3].u_tile /i_1/o[9]
      : \u_core/u_fabric /\g_row[2].g_col[3].u_tile /i_1/I137[11]
      : \u_core/u_fabric /\g_row[2].g_col[3].u_tile /in_s[3]
      : \u_core/u_fabric /\g_row[1].g_col[3].u_tile /out_n[3]
      : \u_core/u_fabric /\g_row[1].g_col[3].u_tile /i_1/o[3]
      : \u_core/u_fabric /\g_row[3].g_col[3].u_tile /i_1/I137[9]
      : \u_core/u_fabric /\g_row[3].g_col[3].u_tile /in_s[1]
      : \u_core/u_fabric /\g_row[2].g_col[3].u_tile /out_n[1]
      : \u_core/u_fabric /\g_row[2].g_col[3].u_tile /i_1/o[1]
      : \u_core/u_fabric /\g_row[2].g_col[3].u_tile /i_1/I137[3]
      : \u_core/u_fabric /\g_row[2].g_col[3].u_tile /in_n[3]
      : \u_core/u_fabric /\g_row[3].g_col[3].u_tile /out_s[3]
      : \u_core/u_fabric /\g_row[3].g_col[3].u_tile /i_1/o[11]
      : \u_core/u_fabric /\g_row[2].g_col[3].u_tile /i_1/I137[3]
      : \u_core/u_fabric /\g_row[2].g_col[3].u_tile /in_n[3]
      : \u_core/u_fabric /\g_row[3].g_col[3].u_tile /out_s[3]
      : \u_core/u_fabric /\g_row[3].g_col[3].u_tile /i_1/o[11]
      : \u_core/u_fabric /\g_row[3].g_col[3].u_tile /i_1/I137[10]
      : \u_core/u_fabric /\g_row[3].g_col[3].u_tile /in_s[2]
      : \u_core/u_fabric /\g_row[2].g_col[3].u_tile /out_n[2]
      : \u_core/u_fabric /\g_row[2].g_col[3].u_tile /i_1/o[2]
      : \u_core/u_fabric /\g_row[2].g_col[3].u_tile /i_1/I137[3]
      : \u_core/u_fabric /\g_row[2].g_col[3].u_tile /in_n[3]
      : \u_core/u_fabric /\g_row[3].g_col[3].u_tile /out_s[3]
      : \u_core/u_fabric /\g_row[3].g_col[3].u_tile /i_1/o[11]
      : \u_core/u_fabric /\g_row[2].g_col[3].u_tile /i_1/I137[1]
      : \u_core/u_fabric /\g_row[2].g_col[3].u_tile /in_n[1]
      : \u_core/u_fabric /\g_row[3].g_col[3].u_tile /out_s[1]
      : \u_core/u_fabric /\g_row[3].g_col[3].u_tile /i_1/o[9]
      : \u_core/u_fabric /\g_row[3].g_col[3].u_tile /i_1/I137[10]
      : \u_core/u_fabric /\g_row[3].g_col[3].u_tile /in_s[2]
      : \u_core/u_fabric /\g_row[2].g_col[3].u_tile /out_n[2]
      : \u_core/u_fabric /\g_row[2].g_col[3].u_tile /i_1/o[2]
      : \u_core/u_fabric /\g_row[3].g_col[3].u_tile /i_1/I137[8]
      : \u_core/u_fabric /\g_row[3].g_col[3].u_tile /in_s[0]
      : \u_core/u_fabric /\g_row[2].g_col[3].u_tile /out_n[0]
      : \u_core/u_fabric /\g_row[2].g_col[3].u_tile /i_1/o[0]
      : \u_core/u_fabric /\g_row[2].g_col[3].u_tile /i_1/I137[1]
      : \u_core/u_fabric /\g_row[2].g_col[3].u_tile /in_n[1]
      : \u_core/u_fabric /\g_row[3].g_col[3].u_tile /out_s[1]
      : \u_core/u_fabric /\g_row[3].g_col[3].u_tile /i_1/o[9]
      : \u_core/u_fabric /\g_row[2].g_col[3].u_tile /i_1/I137[1]
      : \u_core/u_fabric /\g_row[2].g_col[3].u_tile /in_n[1]
      : \u_core/u_fabric /\g_row[3].g_col[3].u_tile /out_s[1]
      : \u_core/u_fabric /\g_row[3].g_col[3].u_tile /i_1/o[9]
      : \u_core/u_fabric /\g_row[3].g_col[3].u_tile /i_1/I137[11]
      : \u_core/u_fabric /\g_row[3].g_col[3].u_tile /in_s[3]
      : \u_core/u_fabric /\g_row[2].g_col[3].u_tile /out_n[3]
      : \u_core/u_fabric /\g_row[2].g_col[3].u_tile /i_1/o[3]
      : \u_core/u_fabric /\g_row[3].g_col[2].u_tile /i_1/I137[7]
      : \u_core/u_fabric /\g_row[3].g_col[2].u_tile /in_e[3]
      : \u_core/u_fabric /\g_row[3].g_col[3].u_tile /out_w[3]
      : \u_core/u_fabric /\g_row[3].g_col[3].u_tile /i_1/o[15]
      : \u_core/u_fabric /\g_row[3].g_col[3].u_tile /i_1/I137[13]
      : \u_core/u_fabric /\g_row[3].g_col[3].u_tile /in_w[1]
      : \u_core/u_fabric /\g_row[3].g_col[2].u_tile /out_e[1]
      : \u_core/u_fabric /\g_row[3].g_col[2].u_tile /i_1/o[5]
      : \u_core/u_fabric /\g_row[3].g_col[2].u_tile /i_1/I137[7]
      : \u_core/u_fabric /\g_row[3].g_col[2].u_tile /in_e[3]
      : \u_core/u_fabric /\g_row[3].g_col[3].u_tile /out_w[3]
      : \u_core/u_fabric /\g_row[3].g_col[3].u_tile /i_1/o[15]
      : \u_core/u_fabric /\g_row[3].g_col[2].u_tile /i_1/I137[5]
      : \u_core/u_fabric /\g_row[3].g_col[2].u_tile /in_e[1]
      : \u_core/u_fabric /\g_row[3].g_col[3].u_tile /out_w[1]
      : \u_core/u_fabric /\g_row[3].g_col[3].u_tile /i_1/o[13]
      : \u_core/u_fabric /\g_row[3].g_col[3].u_tile /i_1/I137[13]
      : \u_core/u_fabric /\g_row[3].g_col[3].u_tile /in_w[1]
      : \u_core/u_fabric /\g_row[3].g_col[2].u_tile /out_e[1]
      : \u_core/u_fabric /\g_row[3].g_col[2].u_tile /i_1/o[5]
      : \u_core/u_fabric /\g_row[3].g_col[3].u_tile /i_1/I137[14]
      : \u_core/u_fabric /\g_row[3].g_col[3].u_tile /in_w[2]
      : \u_core/u_fabric /\g_row[3].g_col[2].u_tile /out_e[2]
      : \u_core/u_fabric /\g_row[3].g_col[2].u_tile /i_1/o[6]
      : \u_core/u_fabric /\g_row[3].g_col[2].u_tile /i_1/I137[5]
      : \u_core/u_fabric /\g_row[3].g_col[2].u_tile /in_e[1]
      : \u_core/u_fabric /\g_row[3].g_col[3].u_tile /out_w[1]
      : \u_core/u_fabric /\g_row[3].g_col[3].u_tile /i_1/o[13]
      : \u_core/u_fabric /\g_row[3].g_col[2].u_tile /i_1/I137[5]
      : \u_core/u_fabric /\g_row[3].g_col[2].u_tile /in_e[1]
      : \u_core/u_fabric /\g_row[3].g_col[3].u_tile /out_w[1]
      : \u_core/u_fabric /\g_row[3].g_col[3].u_tile /i_1/o[13]
      : \u_core/u_fabric /\g_row[3].g_col[3].u_tile /i_1/I137[12]
      : \u_core/u_fabric /\g_row[3].g_col[3].u_tile /in_w[0]
      : \u_core/u_fabric /\g_row[3].g_col[2].u_tile /out_e[0]
      : \u_core/u_fabric /\g_row[3].g_col[2].u_tile /i_1/o[4]
      : \u_core/u_fabric /\g_row[3].g_col[2].u_tile /i_1/I137[5]
      : \u_core/u_fabric /\g_row[3].g_col[2].u_tile /in_e[1]
      : \u_core/u_fabric /\g_row[3].g_col[3].u_tile /out_w[1]
      : \u_core/u_fabric /\g_row[3].g_col[3].u_tile /i_1/o[13]
      : \u_core/u_fabric /\g_row[1].g_col[2].u_tile /i_1/I137[7]
      : \u_core/u_fabric /\g_row[1].g_col[2].u_tile /in_e[3]
      : \u_core/u_fabric /\g_row[1].g_col[3].u_tile /out_w[3]
      : \u_core/u_fabric /\g_row[1].g_col[3].u_tile /i_1/o[15]
      : \u_core/u_fabric /\g_row[2].g_col[2].u_tile /i_1/I137[7]
      : \u_core/u_fabric /\g_row[2].g_col[2].u_tile /in_e[3]
      : \u_core/u_fabric /\g_row[2].g_col[3].u_tile /out_w[3]
      : \u_core/u_fabric /\g_row[2].g_col[3].u_tile /i_1/o[15]
      : \u_core/u_fabric /\g_row[3].g_col[2].u_tile /i_1/I137[7]
      : \u_core/u_fabric /\g_row[3].g_col[2].u_tile /in_e[3]
      : \u_core/u_fabric /\g_row[3].g_col[3].u_tile /out_w[3]
      : \u_core/u_fabric /\g_row[3].g_col[3].u_tile /i_1/o[15]
      : \u_core/u_fabric /\g_row[1].g_col[3].u_tile /i_1/I137[3]
      : \u_core/u_fabric /\g_row[1].g_col[3].u_tile /in_n[3]
      : \u_core/u_fabric /\g_row[2].g_col[3].u_tile /out_s[3]
      : \u_core/u_fabric /\g_row[2].g_col[3].u_tile /i_1/o[11]
      : \u_core/u_fabric /\g_row[2].g_col[3].u_tile /i_1/I137[3]
      : \u_core/u_fabric /\g_row[2].g_col[3].u_tile /in_n[3]
      : \u_core/u_fabric /\g_row[3].g_col[3].u_tile /out_s[3]
      : \u_core/u_fabric /\g_row[3].g_col[3].u_tile /i_1/o[11]
      : \u_core/u_fabric /\g_row[3].g_col[3].u_tile /i_1/I137[15]
      : \u_core/u_fabric /\g_row[3].g_col[3].u_tile /in_w[3]
      : \u_core/u_fabric /\g_row[3].g_col[2].u_tile /out_e[3]
      : \u_core/u_fabric /\g_row[3].g_col[2].u_tile /i_1/o[7]
WARNING: [Synth 8-326] inferred exception to break timing loop: 'set_false_path -through \u_core/u_fabric /\g_row[0].g_col[3].u_tile /i_1/\u_cb/o0_inferred__2/i___5 /Z'
WARNING: [Synth 8-326] inferred exception to break timing loop: 'set_false_path -through \u_core/u_fabric /\g_row[0].g_col[3].u_tile /i_1/i_6/Z'
WARNING: [Synth 8-326] inferred exception to break timing loop: 'set_false_path -through \u_core/u_fabric /\g_row[1].g_col[3].u_tile /i_1/\u_cb/o0_inferred__2/i___6 /Z'
WARNING: [Synth 8-326] inferred exception to break timing loop: 'set_false_path -through \u_core/u_fabric /\g_row[0].g_col[3].u_tile /i_1/i_13/Z'
WARNING: [Synth 8-326] inferred exception to break timing loop: 'set_false_path -through \u_core/u_fabric /\g_row[0].g_col[3].u_tile /i_1/i_6/Z'
WARNING: [Synth 8-326] inferred exception to break timing loop: 'set_false_path -through \u_core/u_fabric /\g_row[0].g_col[3].u_tile /i_1/i_13/Z'
WARNING: [Synth 8-326] inferred exception to break timing loop: 'set_false_path -through \u_core/u_fabric /\g_row[1].g_col[3].u_tile /i_1/i_6/Z'
WARNING: [Synth 8-326] inferred exception to break timing loop: 'set_false_path -through \u_core/u_fabric /\g_row[1].g_col[3].u_tile /i_1/i_13/Z'
WARNING: [Synth 8-326] inferred exception to break timing loop: 'set_false_path -through \u_core/u_fabric /\g_row[1].g_col[3].u_tile /i_1/i_6/Z'
WARNING: [Synth 8-326] inferred exception to break timing loop: 'set_false_path -through \u_core/u_fabric /\g_row[1].g_col[3].u_tile /i_1/i_13/Z'
WARNING: [Synth 8-326] inferred exception to break timing loop: 'set_false_path -through \u_core/u_fabric /\g_row[0].g_col[2].u_tile /i_1/\u_cb/o0_inferred__2/i___7 /Z'
WARNING: [Synth 8-326] inferred exception to break timing loop: 'set_false_path -through \u_core/u_fabric /\g_row[0].g_col[2].u_tile /i_1/i_6/Z'
WARNING: [Synth 8-326] inferred exception to break timing loop: 'set_false_path -through \u_core/u_fabric /\g_row[0].g_col[2].u_tile /i_1/i_13/Z'
WARNING: [Synth 8-326] inferred exception to break timing loop: 'set_false_path -through \u_core/u_fabric /\g_row[0].g_col[2].u_tile /i_1/i_6/Z'
WARNING: [Synth 8-326] inferred exception to break timing loop: 'set_false_path -through \u_core/u_fabric /\g_row[0].g_col[2].u_tile /i_1/i_13/Z'
WARNING: [Synth 8-326] inferred exception to break timing loop: 'set_false_path -through \u_core/u_fabric /\g_row[0].g_col[1].u_tile /i_1/\u_cb/o0_inferred__2/i___7 /Z'
WARNING: [Synth 8-326] inferred exception to break timing loop: 'set_false_path -through \u_core/u_fabric /\g_row[0].g_col[1].u_tile /i_1/i_6/Z'
WARNING: [Synth 8-326] inferred exception to break timing loop: 'set_false_path -through \u_core/u_fabric /\g_row[0].g_col[1].u_tile /i_1/i_13/Z'
WARNING: [Synth 8-326] inferred exception to break timing loop: 'set_false_path -through \u_core/u_fabric /\g_row[0].g_col[1].u_tile /i_1/i_6/Z'
WARNING: [Synth 8-326] inferred exception to break timing loop: 'set_false_path -through \u_core/u_fabric /\g_row[0].g_col[1].u_tile /i_1/i_13/Z'
WARNING: [Synth 8-326] inferred exception to break timing loop: 'set_false_path -through \u_core/u_fabric /\g_row[1].g_col[2].u_tile /i_1/i_36/Z'
WARNING: [Synth 8-326] inferred exception to break timing loop: 'set_false_path -through \u_core/u_fabric /\g_row[1].g_col[2].u_tile /i_1/i_333/O'
WARNING: [Synth 8-326] inferred exception to break timing loop: 'set_false_path -through \u_core/u_fabric /\g_row[1].g_col[2].u_tile /i_1/i_340/Z'
WARNING: [Synth 8-326] inferred exception to break timing loop: 'set_false_path -through \u_core/u_fabric /\g_row[1].g_col[2].u_tile /i_1/i_305/O'
WARNING: [Synth 8-326] inferred exception to break timing loop: 'set_false_path -through \u_core/u_fabric /\g_row[1].g_col[2].u_tile /i_1/i_36/Z'
WARNING: [Synth 8-326] inferred exception to break timing loop: 'set_false_path -through \u_core/u_fabric /\g_row[1].g_col[2].u_tile /i_1/i_2/O'
WARNING: [Synth 8-326] inferred exception to break timing loop: 'set_false_path -through \u_core/u_fabric /\g_row[1].g_col[2].u_tile /i_1/i_340/Z'
WARNING: [Synth 8-326] inferred exception to break timing loop: 'set_false_path -through \u_core/u_fabric /\g_row[0].g_col[0].u_tile /i_1/\u_cb/o0_inferred__2/i___7 /Z'
WARNING: [Synth 8-326] inferred exception to break timing loop: 'set_false_path -through \u_core/u_fabric /\g_row[0].g_col[0].u_tile /i_1/\u_cb/o0_inferred__4/i___7 /Z'
WARNING: [Synth 8-326] inferred exception to break timing loop: 'set_false_path -through \u_core/u_fabric /\g_row[0].g_col[0].u_tile /i_1/i_6/Z'
WARNING: [Synth 8-326] inferred exception to break timing loop: 'set_false_path -through \u_core/u_fabric /\g_row[0].g_col[0].u_tile /i_1/i_13/Z'
WARNING: [Synth 8-326] inferred exception to break timing loop: 'set_false_path -through \u_core/u_fabric /\g_row[0].g_col[0].u_tile /i_1/i_6/Z'
WARNING: [Synth 8-326] inferred exception to break timing loop: 'set_false_path -through \u_core/u_fabric /\g_row[0].g_col[0].u_tile /i_1/i_13/Z'
WARNING: [Synth 8-326] inferred exception to break timing loop: 'set_false_path -through \u_core/u_fabric /\g_row[1].g_col[1].u_tile /i_1/i_36/Z'
WARNING: [Synth 8-326] inferred exception to break timing loop: 'set_false_path -through \u_core/u_fabric /\g_row[1].g_col[1].u_tile /i_1/i_333/O'
WARNING: [Synth 8-326] inferred exception to break timing loop: 'set_false_path -through \u_core/u_fabric /\g_row[1].g_col[1].u_tile /i_1/i_340/Z'
WARNING: [Synth 8-326] inferred exception to break timing loop: 'set_false_path -through \u_core/u_fabric /\g_row[1].g_col[1].u_tile /i_1/i_305/O'
WARNING: [Synth 8-326] inferred exception to break timing loop: 'set_false_path -through \u_core/u_fabric /\g_row[1].g_col[1].u_tile /i_1/i_36/Z'
WARNING: [Synth 8-326] inferred exception to break timing loop: 'set_false_path -through \u_core/u_fabric /\g_row[1].g_col[1].u_tile /i_1/i_2/O'
WARNING: [Synth 8-326] inferred exception to break timing loop: 'set_false_path -through \u_core/u_fabric /\g_row[1].g_col[1].u_tile /i_1/i_340/Z'
WARNING: [Synth 8-326] inferred exception to break timing loop: 'set_false_path -through \u_core/u_fabric /\g_row[1].g_col[0].u_tile /i_1/i_354/Z'
WARNING: [Synth 8-326] inferred exception to break timing loop: 'set_false_path -through \u_core/u_fabric /\g_row[1].g_col[0].u_tile /i_1/i_354/Z'
WARNING: [Synth 8-326] inferred exception to break timing loop: 'set_false_path -through \u_core/u_fabric /\g_row[1].g_col[0].u_tile /i_1/i_40/O'
WARNING: [Synth 8-326] inferred exception to break timing loop: 'set_false_path -through \u_core/u_fabric /\g_row[1].g_col[0].u_tile /i_1/i_347/O'
WARNING: [Synth 8-326] inferred exception to break timing loop: 'set_false_path -through \u_core/u_fabric /\g_row[1].g_col[0].u_tile /i_1/i_40/O'
WARNING: [Synth 8-326] inferred exception to break timing loop: 'set_false_path -through \u_core/u_fabric /\g_row[1].g_col[0].u_tile /i_1/i_3/O'
WARNING: [Synth 8-326] inferred exception to break timing loop: 'set_false_path -through \u_core/u_fabric /\g_row[3].g_col[2].u_tile /i_1/\u_cb/o0_inferred__2/i___17 /O'
WARNING: [Synth 8-326] inferred exception to break timing loop: 'set_false_path -through \u_core/u_fabric /\g_row[3].g_col[1].u_tile /i_1/\u_cb/o0_inferred__2/i___17 /O'
WARNING: [Synth 8-326] inferred exception to break timing loop: 'set_false_path -through \u_core/u_fabric /\g_row[3].g_col[2].u_tile /i_1/\u_cb/o0_inferred__2/i___13 /O'
WARNING: [Synth 8-326] inferred exception to break timing loop: 'set_false_path -through \u_core/u_fabric /\g_row[3].g_col[2].u_tile /i_1/i_6/Z'
WARNING: [Synth 8-326] inferred exception to break timing loop: 'set_false_path -through \u_core/u_fabric /\g_row[3].g_col[2].u_tile /i_1/i_9/Z'
WARNING: [Synth 8-326] inferred exception to break timing loop: 'set_false_path -through \u_core/u_fabric /\g_row[3].g_col[2].u_tile /i_1/i_12/Z'
WARNING: [Synth 8-326] inferred exception to break timing loop: 'set_false_path -through \u_core/u_fabric /\g_row[3].g_col[2].u_tile /i_1/i_9/Z'
WARNING: [Synth 8-326] inferred exception to break timing loop: 'set_false_path -through \u_core/u_fabric /\g_row[3].g_col[2].u_tile /i_1/i_5/Z'
WARNING: [Synth 8-326] inferred exception to break timing loop: 'set_false_path -through \u_core/u_fabric /\g_row[3].g_col[2].u_tile /i_1/i_2/Z'
WARNING: [Synth 8-326] inferred exception to break timing loop: 'set_false_path -through \u_core/u_fabric /\g_row[3].g_col[2].u_tile /i_1/i_2/Z'
WARNING: [Synth 8-326] inferred exception to break timing loop: 'set_false_path -through \u_core/u_fabric /\g_row[3].g_col[2].u_tile /i_1/i_5/Z'
WARNING: [Synth 8-326] inferred exception to break timing loop: 'set_false_path -through \u_core/u_fabric /\g_row[3].g_col[2].u_tile /i_1/i_12/Z'
WARNING: [Synth 8-326] inferred exception to break timing loop: 'set_false_path -through \u_core/u_fabric /\g_row[3].g_col[3].u_tile /i_1/i_469/O'
WARNING: [Synth 8-326] inferred exception to break timing loop: 'set_false_path -through \u_core/u_fabric /\g_row[3].g_col[3].u_tile /i_1/i_469/O'
WARNING: [Synth 8-326] inferred exception to break timing loop: 'set_false_path -through \u_core/u_fabric /\g_row[3].g_col[3].u_tile /i_1/i_474/O'
WARNING: [Synth 8-326] inferred exception to break timing loop: 'set_false_path -through \u_core/u_fabric /\g_row[3].g_col[3].u_tile /i_1/i_474/O'
WARNING: [Synth 8-326] inferred exception to break timing loop: 'set_false_path -through \u_core/u_fabric /\g_row[3].g_col[3].u_tile /i_1/i_436/O'
WARNING: [Synth 8-326] inferred exception to break timing loop: 'set_false_path -through \u_core/u_fabric /\g_row[3].g_col[3].u_tile /i_1/i_428/O'
WARNING: [Synth 8-326] inferred exception to break timing loop: 'set_false_path -through \u_core/u_fabric /\g_row[3].g_col[3].u_tile /i_1/i_419/O'
WARNING: [Synth 8-326] inferred exception to break timing loop: 'set_false_path -through \u_core/u_fabric /\g_row[3].g_col[3].u_tile /i_1/i_411/O'
WARNING: [Synth 8-326] inferred exception to break timing loop: 'set_false_path -through \u_core/u_fabric /\g_row[3].g_col[3].u_tile /i_1/i_434/O'
WARNING: [Synth 8-326] inferred exception to break timing loop: 'set_false_path -through \u_core/u_fabric /\g_row[3].g_col[3].u_tile /i_1/i_417/O'
WARNING: [Synth 8-326] inferred exception to break timing loop: 'set_false_path -through \u_core/u_fabric /\g_row[3].g_col[3].u_tile /i_1/i_434/O'
WARNING: [Synth 8-326] inferred exception to break timing loop: 'set_false_path -through \u_core/u_fabric /\g_row[3].g_col[3].u_tile /i_1/i_417/O'
WARNING: [Synth 8-326] inferred exception to break timing loop: 'set_false_path -through \u_core/u_fabric /\g_row[3].g_col[3].u_tile /i_1/i_431/O'
WARNING: [Synth 8-326] inferred exception to break timing loop: 'set_false_path -through \u_core/u_fabric /\g_row[3].g_col[3].u_tile /i_1/i_414/O'
WARNING: [Synth 8-326] inferred exception to break timing loop: 'set_false_path -through \u_core/u_fabric /\g_row[3].g_col[3].u_tile /i_1/i_431/O'
WARNING: [Synth 8-326] inferred exception to break timing loop: 'set_false_path -through \u_core/u_fabric /\g_row[3].g_col[3].u_tile /i_1/i_414/O'
WARNING: [Synth 8-326] inferred exception to break timing loop: 'set_false_path -through \u_core/u_fabric /\g_row[3].g_col[3].u_tile /i_1/i_427/O'
WARNING: [Synth 8-326] inferred exception to break timing loop: 'set_false_path -through \u_core/u_fabric /\g_row[3].g_col[3].u_tile /i_1/i_410/O'
WARNING: [Synth 8-326] inferred exception to break timing loop: 'set_false_path -through \u_core/u_fabric /\g_row[3].g_col[3].u_tile /i_1/i_427/O'
WARNING: [Synth 8-326] inferred exception to break timing loop: 'set_false_path -through \u_core/u_fabric /\g_row[3].g_col[3].u_tile /i_1/i_410/O'
WARNING: [Synth 8-326] inferred exception to break timing loop: 'set_false_path -through \u_core/u_fabric /\g_row[2].g_col[3].u_tile /i_1/\u_cb/o0_inferred__2/i___6 /Z'
WARNING: [Synth 8-326] inferred exception to break timing loop: 'set_false_path -through \u_core/u_fabric /\g_row[2].g_col[3].u_tile /i_1/i_6/Z'
WARNING: [Synth 8-326] inferred exception to break timing loop: 'set_false_path -through \u_core/u_fabric /\g_row[2].g_col[3].u_tile /i_1/i_13/Z'
WARNING: [Synth 8-326] inferred exception to break timing loop: 'set_false_path -through \u_core/u_fabric /\g_row[2].g_col[3].u_tile /i_1/i_6/Z'
WARNING: [Synth 8-326] inferred exception to break timing loop: 'set_false_path -through \u_core/u_fabric /\g_row[2].g_col[3].u_tile /i_1/i_13/Z'
WARNING: [Synth 8-326] inferred exception to break timing loop: 'set_false_path -through \u_core/u_fabric /\g_row[2].g_col[2].u_tile /i_1/i_333/O'
WARNING: [Synth 8-326] inferred exception to break timing loop: 'set_false_path -through \u_core/u_fabric /\g_row[2].g_col[2].u_tile /i_1/i_36/Z'
WARNING: [Synth 8-326] inferred exception to break timing loop: 'set_false_path -through \u_core/u_fabric /\g_row[2].g_col[2].u_tile /i_1/i_340/Z'
WARNING: [Synth 8-326] inferred exception to break timing loop: 'set_false_path -through \u_core/u_fabric /\g_row[2].g_col[2].u_tile /i_1/i_305/O'
WARNING: [Synth 8-326] inferred exception to break timing loop: 'set_false_path -through \u_core/u_fabric /\g_row[2].g_col[2].u_tile /i_1/i_36/Z'
WARNING: [Synth 8-326] inferred exception to break timing loop: 'set_false_path -through \u_core/u_fabric /\g_row[2].g_col[2].u_tile /i_1/i_2/O'
WARNING: [Synth 8-326] inferred exception to break timing loop: 'set_false_path -through \u_core/u_fabric /\g_row[2].g_col[2].u_tile /i_1/i_340/Z'
WARNING: [Synth 8-326] inferred exception to break timing loop: 'set_false_path -through \u_core/u_fabric /\g_row[2].g_col[1].u_tile /i_1/i_333/O'
WARNING: [Synth 8-326] inferred exception to break timing loop: 'set_false_path -through \u_core/u_fabric /\g_row[2].g_col[1].u_tile /i_1/i_36/Z'
WARNING: [Synth 8-326] inferred exception to break timing loop: 'set_false_path -through \u_core/u_fabric /\g_row[2].g_col[1].u_tile /i_1/i_340/Z'
WARNING: [Synth 8-326] inferred exception to break timing loop: 'set_false_path -through \u_core/u_fabric /\g_row[2].g_col[1].u_tile /i_1/i_305/O'
WARNING: [Synth 8-326] inferred exception to break timing loop: 'set_false_path -through \u_core/u_fabric /\g_row[2].g_col[1].u_tile /i_1/i_36/Z'
WARNING: [Synth 8-326] inferred exception to break timing loop: 'set_false_path -through \u_core/u_fabric /\g_row[2].g_col[1].u_tile /i_1/i_2/O'
WARNING: [Synth 8-326] inferred exception to break timing loop: 'set_false_path -through \u_core/u_fabric /\g_row[2].g_col[1].u_tile /i_1/i_340/Z'
WARNING: [Synth 8-326] inferred exception to break timing loop: 'set_false_path -through \u_core/u_fabric /\g_row[2].g_col[0].u_tile /i_1/i_354/Z'
WARNING: [Synth 8-326] inferred exception to break timing loop: 'set_false_path -through \u_core/u_fabric /\g_row[2].g_col[0].u_tile /i_1/i_347/O'
WARNING: [Synth 8-326] inferred exception to break timing loop: 'set_false_path -through \u_core/u_fabric /\g_row[2].g_col[0].u_tile /i_1/i_354/Z'
INFO: [Common 17-14] Message 'Synth 8-326' appears 100 times and further instances of the messages will be disabled. Use the Tcl command set_msg_config to change the current settings.
---------------------------------------------------------------------------------
Finished Timing Optimization : Time (s): cpu = 00:01:18 ; elapsed = 00:01:25 . Memory (MB): peak = 1825.004 ; gain = 956.875
---------------------------------------------------------------------------------
---------------------------------------------------------------------------------
Start Technology Mapping
---------------------------------------------------------------------------------
Found timing loop:
     0: i_303/O (LUT3)
      [E:/bob_full_v1/hw/src/clb/mux_bank.v:35]
     1: i_303/I2 (LUT3)
     2: i_6097/O (LUT3)
      [E:/bob_full_v1/hw/src/top/fpga4x4_top.v:13]
     3: i_6097/I1 (LUT3)
     4: i_270/O (LUT6)
      [E:/bob_full_v1/hw/src/clb/mux_bank.v:35]
     5: i_270/I5 (LUT6)
     6: i_138/O (LUT3)
      [E:/bob_full_v1/hw/src/clb/mux_bank.v:35]
     7: i_138/I1 (LUT3)
     8: i_37/O (MUXF7)
      [E:/bob_full_v1/hw/src/clb/mux_bank.v:35]
     9: i_37/I1 (MUXF7)
    10: i_112/O (LUT6)
      [E:/bob_full_v1/hw/src/clb/mux_bank.v:35]
    11: i_112/I5 (LUT6)
    12: i_113/O (LUT6)
      [E:/bob_full_v1/hw/src/clb/mux_bank.v:35]
    13: i_113/I5 (LUT6)
    14: i_303/O (LUT3)
      [E:/bob_full_v1/hw/src/clb/mux_bank.v:35]
CRITICAL WARNING: [Synth 8-295] found timing loop. [E:/bob_full_v1/hw/src/top/fpga4x4_top.v:13]
Inferred a: "set_disable_timing -from I2 -to O i_303"
Found timing loop:
     0: i_138/O (LUT3)
      [E:/bob_full_v1/hw/src/clb/mux_bank.v:35]
     1: i_138/I1 (LUT3)
     2: i_37/O (MUXF7)
      [E:/bob_full_v1/hw/src/clb/mux_bank.v:35]
     3: i_37/I1 (MUXF7)
     4: i_112/O (LUT6)
      [E:/bob_full_v1/hw/src/clb/mux_bank.v:35]
     5: i_112/I5 (LUT6)
     6: i_113/O (LUT6)
      [E:/bob_full_v1/hw/src/clb/mux_bank.v:35]
     7: i_113/I5 (LUT6)
     8: i_303/O (LUT3)
      [E:/bob_full_v1/hw/src/clb/mux_bank.v:35]
     9: i_303/O (LUT3)
CRITICAL WARNING: [Synth 8-295] found timing loop. [E:/bob_full_v1/hw/src/top/fpga4x4_top.v:13]
Inferred a: "set_disable_timing -from I1 -to O i_138"
Found timing loop:
     0: i_303/O (LUT3)
      [E:/bob_full_v1/hw/src/clb/mux_bank.v:35]
     1: i_303/O (LUT3)
CRITICAL WARNING: [Synth 8-295] found timing loop. [E:/bob_full_v1/hw/src/top/fpga4x4_top.v:13]
Found timing loop:
     0: i_304/O (LUT3)
      [E:/bob_full_v1/hw/src/clb/mux_bank.v:35]
     1: i_304/I2 (LUT3)
     2: i_6098/O (LUT3)
      [E:/bob_full_v1/hw/src/top/fpga4x4_top.v:13]
     3: i_6098/I1 (LUT3)
     4: i_276/O (LUT6)
      [E:/bob_full_v1/hw/src/clb/mux_bank.v:35]
     5: i_276/I5 (LUT6)
     6: i_138/O (LUT3)
      [E:/bob_full_v1/hw/src/clb/mux_bank.v:35]
     7: i_138/O (LUT3)
CRITICAL WARNING: [Synth 8-295] found timing loop. [E:/bob_full_v1/hw/src/top/fpga4x4_top.v:13]
Inferred a: "set_disable_timing -from I2 -to O i_304"
Found timing loop:
     0: i_138/O (LUT3)
      [E:/bob_full_v1/hw/src/clb/mux_bank.v:35]
     1: i_138/O (LUT3)
CRITICAL WARNING: [Synth 8-295] found timing loop. [E:/bob_full_v1/hw/src/top/fpga4x4_top.v:13]
Found timing loop:
     0: i_139/O (LUT3)
      [E:/bob_full_v1/hw/src/clb/mux_bank.v:35]
     1: i_139/I1 (LUT3)
     2: i_35/O (MUXF7)
      [E:/bob_full_v1/hw/src/clb/mux_bank.v:35]
     3: i_35/I1 (MUXF7)
     4: i_116/O (LUT6)
      [E:/bob_full_v1/hw/src/clb/mux_bank.v:35]
     5: i_116/I5 (LUT6)
     6: i_117/O (LUT6)
      [E:/bob_full_v1/hw/src/clb/mux_bank.v:35]
     7: i_117/I5 (LUT6)
     8: i_303/O (LUT3)
      [E:/bob_full_v1/hw/src/clb/mux_bank.v:35]
     9: i_303/O (LUT3)
CRITICAL WARNING: [Synth 8-295] found timing loop. [E:/bob_full_v1/hw/src/top/fpga4x4_top.v:13]
Inferred a: "set_disable_timing -from I1 -to O i_139"
Found timing loop:
     0: i_303/O (LUT3)
      [E:/bob_full_v1/hw/src/clb/mux_bank.v:35]
     1: i_303/O (LUT3)
CRITICAL WARNING: [Synth 8-295] found timing loop. [E:/bob_full_v1/hw/src/top/fpga4x4_top.v:13]
Found timing loop:
     0: i_304/O (LUT3)
      [E:/bob_full_v1/hw/src/clb/mux_bank.v:35]
     1: i_304/O (LUT3)
CRITICAL WARNING: [Synth 8-295] found timing loop. [E:/bob_full_v1/hw/src/top/fpga4x4_top.v:13]
Found timing loop:
     0: i_305/O (LUT3)
      [E:/bob_full_v1/hw/src/clb/mux_bank.v:35]
     1: i_305/I2 (LUT3)
     2: i_6099/O (LUT3)
      [E:/bob_full_v1/hw/src/top/fpga4x4_top.v:13]
     3: i_6099/I1 (LUT3)
     4: i_282/O (LUT6)
      [E:/bob_full_v1/hw/src/clb/mux_bank.v:35]
     5: i_282/I5 (LUT6)
     6: i_138/O (LUT3)
      [E:/bob_full_v1/hw/src/clb/mux_bank.v:35]
     7: i_138/O (LUT3)
CRITICAL WARNING: [Synth 8-295] found timing loop. [E:/bob_full_v1/hw/src/top/fpga4x4_top.v:13]
Inferred a: "set_disable_timing -from I2 -to O i_305"
Found timing loop:
     0: i_138/O (LUT3)
      [E:/bob_full_v1/hw/src/clb/mux_bank.v:35]
     1: i_138/O (LUT3)
CRITICAL WARNING: [Synth 8-295] found timing loop. [E:/bob_full_v1/hw/src/top/fpga4x4_top.v:13]
Found timing loop:
     0: i_139/O (LUT3)
      [E:/bob_full_v1/hw/src/clb/mux_bank.v:35]
     1: i_139/O (LUT3)
CRITICAL WARNING: [Synth 8-295] found timing loop. [E:/bob_full_v1/hw/src/top/fpga4x4_top.v:13]
Found timing loop:
     0: i_140/O (LUT3)
      [E:/bob_full_v1/hw/src/clb/mux_bank.v:35]
     1: i_140/I1 (LUT3)
     2: i_33/O (MUXF7)
      [E:/bob_full_v1/hw/src/clb/mux_bank.v:35]
     3: i_33/I1 (MUXF7)
     4: i_120/O (LUT6)
      [E:/bob_full_v1/hw/src/clb/mux_bank.v:35]
     5: i_120/I5 (LUT6)
     6: i_121/O (LUT6)
      [E:/bob_full_v1/hw/src/clb/mux_bank.v:35]
     7: i_121/I5 (LUT6)
     8: i_303/O (LUT3)
      [E:/bob_full_v1/hw/src/clb/mux_bank.v:35]
     9: i_303/O (LUT3)
CRITICAL WARNING: [Synth 8-295] found timing loop. [E:/bob_full_v1/hw/src/top/fpga4x4_top.v:13]
Inferred a: "set_disable_timing -from I1 -to O i_140"
Found timing loop:
     0: i_303/O (LUT3)
      [E:/bob_full_v1/hw/src/clb/mux_bank.v:35]
     1: i_303/O (LUT3)
CRITICAL WARNING: [Synth 8-295] found timing loop. [E:/bob_full_v1/hw/src/top/fpga4x4_top.v:13]
Found timing loop:
     0: i_304/O (LUT3)
      [E:/bob_full_v1/hw/src/clb/mux_bank.v:35]
     1: i_304/O (LUT3)
CRITICAL WARNING: [Synth 8-295] found timing loop. [E:/bob_full_v1/hw/src/top/fpga4x4_top.v:13]
Found timing loop:
     0: i_305/O (LUT3)
      [E:/bob_full_v1/hw/src/clb/mux_bank.v:35]
     1: i_305/O (LUT3)
CRITICAL WARNING: [Synth 8-295] found timing loop. [E:/bob_full_v1/hw/src/top/fpga4x4_top.v:13]
Found timing loop:
     0: i_306/O (LUT3)
      [E:/bob_full_v1/hw/src/clb/mux_bank.v:35]
     1: i_306/I2 (LUT3)
     2: i_6100/O (LUT3)
      [E:/bob_full_v1/hw/src/top/fpga4x4_top.v:13]
     3: i_6100/I1 (LUT3)
     4: i_288/O (LUT6)
      [E:/bob_full_v1/hw/src/clb/mux_bank.v:35]
     5: i_288/I5 (LUT6)
     6: i_138/O (LUT3)
      [E:/bob_full_v1/hw/src/clb/mux_bank.v:35]
     7: i_138/O (LUT3)
CRITICAL WARNING: [Synth 8-295] found timing loop. [E:/bob_full_v1/hw/src/top/fpga4x4_top.v:13]
Inferred a: "set_disable_timing -from I2 -to O i_306"
Found timing loop:
     0: i_127/O (LUT3)
      [E:/bob_full_v1/hw/src/clb/clb.sv:60]
     1: i_127/I2 (LUT3)
     2: i_0/O (LUT2)
      [E:/bob_full_v1/hw/src/clb/clb.sv:58]
     3: i_0/I1 (LUT2)
     4: i_134/O (LUT3)
      [E:/bob_full_v1/hw/src/clb/lutk.sv:41]
     5: i_134/I2 (LUT3)
     6: i_8/O (MUXF7)
      [E:/bob_full_v1/hw/src/clb/lutk.sv:41]
     7: i_8/I1 (MUXF7)
     8: i_9/O (LUT6)
      [E:/bob_full_v1/hw/src/clb/lutk.sv:41]
     9: i_9/I5 (LUT6)
    10: i_11/O (LUT6)
      [E:/bob_full_v1/hw/src/clb/lutk.sv:41]
    11: i_11/I4 (LUT6)
    12: i_128/O (LUT3)
      [E:/bob_full_v1/hw/src/clb/mux_bank.v:35]
    13: i_128/I1 (LUT3)
    14: i_4/O (MUXF7)
      [E:/bob_full_v1/hw/src/clb/mux_bank.v:35]
    15: i_4/I1 (MUXF7)
    16: i_58/O (LUT6)
      [E:/bob_full_v1/hw/src/clb/mux_bank.v:35]
    17: i_58/I5 (LUT6)
    18: i_59/O (LUT6)
      [E:/bob_full_v1/hw/src/clb/mux_bank.v:35]
    19: i_59/I5 (LUT6)
    20: i_303/O (LUT3)
      [E:/bob_full_v1/hw/src/clb/mux_bank.v:35]
    21: i_303/O (LUT3)
CRITICAL WARNING: [Synth 8-295] found timing loop. [E:/bob_full_v1/hw/src/top/fpga4x4_top.v:13]
Inferred a: "set_disable_timing -from I2 -to O i_127"
Found timing loop:
     0: i_128/O (LUT3)
      [E:/bob_full_v1/hw/src/clb/mux_bank.v:35]
     1: i_128/I1 (LUT3)
     2: i_4/O (MUXF7)
      [E:/bob_full_v1/hw/src/clb/mux_bank.v:35]
     3: i_4/I1 (MUXF7)
     4: i_58/O (LUT6)
      [E:/bob_full_v1/hw/src/clb/mux_bank.v:35]
     5: i_58/I5 (LUT6)
     6: i_59/O (LUT6)
      [E:/bob_full_v1/hw/src/clb/mux_bank.v:35]
     7: i_59/I5 (LUT6)
     8: i_303/O (LUT3)
      [E:/bob_full_v1/hw/src/clb/mux_bank.v:35]
     9: i_303/O (LUT3)
CRITICAL WARNING: [Synth 8-295] found timing loop. [E:/bob_full_v1/hw/src/top/fpga4x4_top.v:13]
Inferred a: "set_disable_timing -from I1 -to O i_128"
Found timing loop:
     0: i_131/O (LUT3)
      [E:/bob_full_v1/hw/src/clb/lutk.sv:41]
     1: i_131/I2 (LUT3)
     2: i_6/O (LUT6)
      [E:/bob_full_v1/hw/src/clb/lutk.sv:41]
     3: i_6/I5 (LUT6)
     4: i_20/O (LUT6)
      [E:/bob_full_v1/hw/src/clb/lutk.sv:41]
     5: i_20/I4 (LUT6)
     6: i_128/O (LUT3)
      [E:/bob_full_v1/hw/src/clb/mux_bank.v:35]
     7: i_128/O (LUT3)
CRITICAL WARNING: [Synth 8-295] found timing loop. [E:/bob_full_v1/hw/src/top/fpga4x4_top.v:13]
Inferred a: "set_disable_timing -from I2 -to O i_131"
Found timing loop:
     0: i_759/O (LUT3)
      [E:/bob_full_v1/hw/src/clb/clb.sv:42]
     1: i_759/I1 (LUT3)
     2: i_613/O (LUT5)
      [E:/bob_full_v1/hw/src/clb/clb.sv:42]
     3: i_613/I4 (LUT5)
     4: i_614/O (LUT5)
      [E:/bob_full_v1/hw/src/clb/clb.sv:42]
     5: i_614/I4 (LUT5)
     6: i_620/O (LUT6)
      [E:/bob_full_v1/hw/src/clb/clb.sv:42]
     7: i_620/I5 (LUT6)
     8: i_624/O (LUT6)
      [E:/bob_full_v1/hw/src/clb/clb.sv:42]
     9: i_624/I4 (LUT6)
    10: i_626/O (LUT5)
      [E:/bob_full_v1/hw/src/clb/clb.sv:42]
    11: i_626/I4 (LUT5)
    12: i_627/O (LUT6)
      [E:/bob_full_v1/hw/src/clb/clb.sv:42]
    13: i_627/I4 (LUT6)
    14: i_667/O (LUT6)
      [E:/bob_full_v1/hw/src/clb/clb.sv:42]
    15: i_667/I5 (LUT6)
    16: i_980/O (LUT3)
      [E:/bob_full_v1/hw/src/clb/clb.sv:42]
    17: i_980/I2 (LUT3)
    18: i_908/O (LUT3)
      [E:/bob_full_v1/hw/src/clb/clb.sv:42]
    19: i_908/I0 (LUT3)
    20: i_909/O (LUT6)
      [E:/bob_full_v1/hw/src/clb/clb.sv:42]
    21: i_909/I5 (LUT6)
    22: i_772/O (LUT3)
      [E:/bob_full_v1/hw/src/clb/clb.sv:42]
    23: i_772/I1 (LUT3)
    24: i_655/O (LUT5)
      [E:/bob_full_v1/hw/src/clb/clb.sv:42]
    25: i_655/I4 (LUT5)
    26: i_734/O (LUT6)
      [E:/bob_full_v1/hw/src/clb/clb.sv:42]
    27: i_734/I3 (LUT6)
    28: i_759/O (LUT3)
      [E:/bob_full_v1/hw/src/clb/clb.sv:42]
CRITICAL WARNING: [Synth 8-295] found timing loop. [E:/bob_full_v1/hw/src/top/fpga4x4_top.v:13]
Inferred a: "set_disable_timing -from I1 -to O i_759"
Found timing loop:
     0: i_1523/O (LUT3)
      [E:/bob_full_v1/hw/src/clb/clb.sv:42]
     1: i_1523/I1 (LUT3)
     2: i_1361/O (LUT5)
      [E:/bob_full_v1/hw/src/clb/clb.sv:42]
     3: i_1361/I4 (LUT5)
     4: i_1377/O (LUT5)
      [E:/bob_full_v1/hw/src/clb/clb.sv:42]
     5: i_1377/I4 (LUT5)
     6: i_1383/O (LUT6)
      [E:/bob_full_v1/hw/src/clb/clb.sv:42]
     7: i_1383/I5 (LUT6)
     8: i_1387/O (LUT6)
      [E:/bob_full_v1/hw/src/clb/clb.sv:42]
     9: i_1387/I4 (LUT6)
    10: i_1389/O (LUT5)
      [E:/bob_full_v1/hw/src/clb/clb.sv:42]
    11: i_1389/I4 (LUT5)
    12: i_1390/O (LUT6)
      [E:/bob_full_v1/hw/src/clb/clb.sv:42]
    13: i_1390/I4 (LUT6)
    14: i_1431/O (LUT6)
      [E:/bob_full_v1/hw/src/clb/clb.sv:42]
    15: i_1431/I5 (LUT6)
    16: i_1744/O (LUT3)
      [E:/bob_full_v1/hw/src/clb/clb.sv:42]
    17: i_1744/I2 (LUT3)
    18: i_1672/O (LUT3)
      [E:/bob_full_v1/hw/src/clb/clb.sv:42]
    19: i_1672/I0 (LUT3)
    20: i_1673/O (LUT6)
      [E:/bob_full_v1/hw/src/clb/clb.sv:42]
    21: i_1673/I5 (LUT6)
    22: i_1536/O (LUT3)
      [E:/bob_full_v1/hw/src/clb/clb.sv:42]
    23: i_1536/I1 (LUT3)
    24: i_1420/O (LUT5)
      [E:/bob_full_v1/hw/src/clb/clb.sv:42]
    25: i_1420/I4 (LUT5)
    26: i_1498/O (LUT6)
      [E:/bob_full_v1/hw/src/clb/clb.sv:42]
    27: i_1498/I3 (LUT6)
    28: i_1523/O (LUT3)
      [E:/bob_full_v1/hw/src/clb/clb.sv:42]
CRITICAL WARNING: [Synth 8-295] found timing loop. [E:/bob_full_v1/hw/src/top/fpga4x4_top.v:13]
Inferred a: "set_disable_timing -from I1 -to O i_1523"
Found timing loop:
     0: i_2225/O (LUT3)
      [E:/bob_full_v1/hw/src/clb/lutk.sv:41]
     1: i_2225/I2 (LUT3)
     2: i_2147/O (LUT6)
      [E:/bob_full_v1/hw/src/clb/lutk.sv:41]
     3: i_2147/I5 (LUT6)
     4: i_2160/O (LUT6)
      [E:/bob_full_v1/hw/src/clb/lutk.sv:41]
     5: i_2160/I4 (LUT6)
     6: i_2222/O (LUT3)
      [E:/bob_full_v1/hw/src/clb/mux_bank.v:35]
     7: i_2222/I1 (LUT3)
     8: i_2169/O (LUT5)
      [E:/bob_full_v1/hw/src/clb/mux_bank.v:35]
     9: i_2169/I4 (LUT5)
    10: i_6178/O (LUT5)
      [E:/bob_full_v1/hw/src/top/fpga4x4_top.v:13]
    11: i_6178/I3 (LUT5)
    12: i_2225/O (LUT3)
      [E:/bob_full_v1/hw/src/clb/lutk.sv:41]
CRITICAL WARNING: [Synth 8-295] found timing loop. [E:/bob_full_v1/hw/src/top/fpga4x4_top.v:13]
Inferred a: "set_disable_timing -from I2 -to O i_2225"
Found timing loop:
     0: i_2225/O (LUT3)
      [E:/bob_full_v1/hw/src/clb/lutk.sv:41]
     1: i_2225/O (LUT3)
CRITICAL WARNING: [Synth 8-295] found timing loop. [E:/bob_full_v1/hw/src/top/fpga4x4_top.v:13]
Found timing loop:
     0: i_2225/O (LUT3)
      [E:/bob_full_v1/hw/src/clb/lutk.sv:41]
     1: i_2225/O (LUT3)
CRITICAL WARNING: [Synth 8-295] found timing loop. [E:/bob_full_v1/hw/src/top/fpga4x4_top.v:13]
Found timing loop:
     0: i_2221/O (LUT3)
      [E:/bob_full_v1/hw/src/clb/clb.sv:77]
     1: i_2221/I1 (LUT3)
     2: i_2126/O (LUT5)
      [E:/bob_full_v1/hw/src/clb/clb.sv:60]
     3: i_2126/I4 (LUT5)
     4: i_2141/O (LUT5)
      [E:/bob_full_v1/hw/src/clb/lutk.sv:41]
     5: i_2141/I4 (LUT5)
     6: i_2225/O (LUT3)
      [E:/bob_full_v1/hw/src/clb/lutk.sv:41]
     7: i_2225/O (LUT3)
CRITICAL WARNING: [Synth 8-295] found timing loop. [E:/bob_full_v1/hw/src/top/fpga4x4_top.v:13]
Inferred a: "set_disable_timing -from I1 -to O i_2221"
Found timing loop:
     0: i_1523/O (LUT3)
      [E:/bob_full_v1/hw/src/clb/clb.sv:42]
     1: i_1523/O (LUT3)
CRITICAL WARNING: [Synth 8-295] found timing loop. [E:/bob_full_v1/hw/src/top/fpga4x4_top.v:13]
Found timing loop:
     0: i_2230/O (LUT3)
      [E:/bob_full_v1/hw/src/clb/mux_bank.v:35]
     1: i_2230/I1 (LUT3)
     2: i_2185/O (LUT5)
      [E:/bob_full_v1/hw/src/clb/mux_bank.v:35]
     3: i_2185/I4 (LUT5)
     4: i_6194/O (LUT5)
      [E:/bob_full_v1/hw/src/top/fpga4x4_top.v:13]
     5: i_6194/I3 (LUT5)
     6: i_2225/O (LUT3)
      [E:/bob_full_v1/hw/src/clb/lutk.sv:41]
     7: i_2225/O (LUT3)
CRITICAL WARNING: [Synth 8-295] found timing loop. [E:/bob_full_v1/hw/src/top/fpga4x4_top.v:13]
Inferred a: "set_disable_timing -from I1 -to O i_2230"
Found timing loop:
     0: i_2225/O (LUT3)
      [E:/bob_full_v1/hw/src/clb/lutk.sv:41]
     1: i_2225/O (LUT3)
CRITICAL WARNING: [Synth 8-295] found timing loop. [E:/bob_full_v1/hw/src/top/fpga4x4_top.v:13]
Found timing loop:
     0: i_2221/O (LUT3)
      [E:/bob_full_v1/hw/src/clb/clb.sv:77]
     1: i_2221/O (LUT3)
CRITICAL WARNING: [Synth 8-295] found timing loop. [E:/bob_full_v1/hw/src/top/fpga4x4_top.v:13]
Found timing loop:
     0: i_2225/O (LUT3)
      [E:/bob_full_v1/hw/src/clb/lutk.sv:41]
     1: i_2225/O (LUT3)
CRITICAL WARNING: [Synth 8-295] found timing loop. [E:/bob_full_v1/hw/src/top/fpga4x4_top.v:13]
Found timing loop:
     0: i_2221/O (LUT3)
      [E:/bob_full_v1/hw/src/clb/clb.sv:77]
     1: i_2221/O (LUT3)
CRITICAL WARNING: [Synth 8-295] found timing loop. [E:/bob_full_v1/hw/src/top/fpga4x4_top.v:13]
Found timing loop:
     0: i_1428/O (LUT6)
      [E:/bob_full_v1/hw/src/clb/clb.sv:42]
     1: i_1428/I5 (LUT6)
     2: i_1518/O (LUT6)
      [E:/bob_full_v1/hw/src/clb/clb.sv:42]
     3: i_1518/I3 (LUT6)
     4: i_1523/O (LUT3)
      [E:/bob_full_v1/hw/src/clb/clb.sv:42]
     5: i_1523/O (LUT3)
CRITICAL WARNING: [Synth 8-295] found timing loop. [E:/bob_full_v1/hw/src/top/fpga4x4_top.v:13]
Inferred a: "set_disable_timing -from I5 -to O i_1428"
Found timing loop:
     0: i_1523/O (LUT3)
      [E:/bob_full_v1/hw/src/clb/clb.sv:42]
     1: i_1523/O (LUT3)
CRITICAL WARNING: [Synth 8-295] found timing loop. [E:/bob_full_v1/hw/src/top/fpga4x4_top.v:13]
Found timing loop:
     0: i_2230/O (LUT3)
      [E:/bob_full_v1/hw/src/clb/mux_bank.v:35]
     1: i_2230/O (LUT3)
CRITICAL WARNING: [Synth 8-295] found timing loop. [E:/bob_full_v1/hw/src/top/fpga4x4_top.v:13]
Found timing loop:
     0: i_2231/O (LUT3)
      [E:/bob_full_v1/hw/src/clb/mux_bank.v:35]
     1: i_2231/I1 (LUT3)
     2: i_2131/O (LUT5)
      [E:/bob_full_v1/hw/src/clb/mux_bank.v:35]
     3: i_2131/I2 (LUT5)
     4: i_2215/O (LUT6)
      [E:/bob_full_v1/hw/src/clb/mux_bank.v:35]
     5: i_2215/I5 (LUT6)
     6: i_2376/O (LUT3)
      [E:/bob_full_v1/hw/src/clb/mux_bank.v:35]
     7: i_2376/I2 (LUT3)
     8: i_6077/O (LUT3)
      [E:/bob_full_v1/hw/src/top/fpga4x4_top.v:13]
     9: i_6077/I1 (LUT3)
    10: i_2287/O (LUT6)
      [E:/bob_full_v1/hw/src/clb/mux_bank.v:35]
    11: i_2287/I5 (LUT6)
    12: i_2180/O (LUT6)
      [E:/bob_full_v1/hw/src/clb/mux_bank.v:35]
    13: i_2180/I3 (LUT6)
    14: i_2181/O (MUXF7)
      [E:/bob_full_v1/hw/src/clb/mux_bank.v:35]
    15: i_2181/I1 (MUXF7)
    16: i_2182/O (LUT6)
      [E:/bob_full_v1/hw/src/clb/mux_bank.v:35]
    17: i_2182/I5 (LUT6)
    18: i_1428/O (LUT6)
      [E:/bob_full_v1/hw/src/clb/clb.sv:42]
    19: i_1428/O (LUT6)
CRITICAL WARNING: [Synth 8-295] found timing loop. [E:/bob_full_v1/hw/src/top/fpga4x4_top.v:13]
Inferred a: "set_disable_timing -from I1 -to O i_2231"
Found timing loop:
     0: i_2225/O (LUT3)
      [E:/bob_full_v1/hw/src/clb/lutk.sv:41]
     1: i_2225/O (LUT3)
CRITICAL WARNING: [Synth 8-295] found timing loop. [E:/bob_full_v1/hw/src/top/fpga4x4_top.v:13]
Found timing loop:
     0: i_2221/O (LUT3)
      [E:/bob_full_v1/hw/src/clb/clb.sv:77]
     1: i_2221/O (LUT3)
CRITICAL WARNING: [Synth 8-295] found timing loop. [E:/bob_full_v1/hw/src/top/fpga4x4_top.v:13]
Found timing loop:
     0: i_2376/O (LUT3)
      [E:/bob_full_v1/hw/src/clb/mux_bank.v:35]
     1: i_2376/I2 (LUT3)
     2: i_6077/O (LUT3)
      [E:/bob_full_v1/hw/src/top/fpga4x4_top.v:13]
     3: i_6077/I1 (LUT3)
     4: i_2287/O (LUT6)
      [E:/bob_full_v1/hw/src/clb/mux_bank.v:35]
     5: i_2287/I5 (LUT6)
     6: i_2180/O (LUT6)
      [E:/bob_full_v1/hw/src/clb/mux_bank.v:35]
     7: i_2180/I3 (LUT6)
     8: i_2181/O (MUXF7)
      [E:/bob_full_v1/hw/src/clb/mux_bank.v:35]
     9: i_2181/I1 (MUXF7)
    10: i_2182/O (LUT6)
      [E:/bob_full_v1/hw/src/clb/mux_bank.v:35]
    11: i_2182/I5 (LUT6)
    12: i_1428/O (LUT6)
      [E:/bob_full_v1/hw/src/clb/clb.sv:42]
    13: i_1428/O (LUT6)
CRITICAL WARNING: [Synth 8-295] found timing loop. [E:/bob_full_v1/hw/src/top/fpga4x4_top.v:13]
Inferred a: "set_disable_timing -from I2 -to O i_2376"
Found timing loop:
     0: i_2180/O (LUT6)
      [E:/bob_full_v1/hw/src/clb/mux_bank.v:35]
     1: i_2180/I3 (LUT6)
     2: i_2181/O (MUXF7)
      [E:/bob_full_v1/hw/src/clb/mux_bank.v:35]
     3: i_2181/I1 (MUXF7)
     4: i_2182/O (LUT6)
      [E:/bob_full_v1/hw/src/clb/mux_bank.v:35]
     5: i_2182/I5 (LUT6)
     6: i_1428/O (LUT6)
      [E:/bob_full_v1/hw/src/clb/clb.sv:42]
     7: i_1428/O (LUT6)
CRITICAL WARNING: [Synth 8-295] found timing loop. [E:/bob_full_v1/hw/src/top/fpga4x4_top.v:13]
Inferred a: "set_disable_timing -from I3 -to O i_2180"
Found timing loop:
     0: i_2225/O (LUT3)
      [E:/bob_full_v1/hw/src/clb/lutk.sv:41]
     1: i_2225/O (LUT3)
CRITICAL WARNING: [Synth 8-295] found timing loop. [E:/bob_full_v1/hw/src/top/fpga4x4_top.v:13]
Found timing loop:
     0: i_2221/O (LUT3)
      [E:/bob_full_v1/hw/src/clb/clb.sv:77]
     1: i_2221/O (LUT3)
CRITICAL WARNING: [Synth 8-295] found timing loop. [E:/bob_full_v1/hw/src/top/fpga4x4_top.v:13]
Found timing loop:
     0: i_2376/O (LUT3)
      [E:/bob_full_v1/hw/src/clb/mux_bank.v:35]
     1: i_2376/O (LUT3)
CRITICAL WARNING: [Synth 8-295] found timing loop. [E:/bob_full_v1/hw/src/top/fpga4x4_top.v:13]
Found timing loop:
     0: i_2378/O (LUT3)
      [E:/bob_full_v1/hw/src/clb/mux_bank.v:35]
     1: i_2378/I2 (LUT3)
     2: i_6054/O (LUT3)
      [E:/bob_full_v1/hw/src/top/fpga4x4_top.v:13]
     3: i_6054/I1 (LUT3)
     4: i_2237/O (LUT6)
      [E:/bob_full_v1/hw/src/clb/mux_bank.v:35]
     5: i_2237/I5 (LUT6)
     6: i_2180/O (LUT6)
      [E:/bob_full_v1/hw/src/clb/mux_bank.v:35]
     7: i_2180/O (LUT6)
CRITICAL WARNING: [Synth 8-295] found timing loop. [E:/bob_full_v1/hw/src/top/fpga4x4_top.v:13]
Inferred a: "set_disable_timing -from I2 -to O i_2378"
Found timing loop:
     0: i_2180/O (LUT6)
      [E:/bob_full_v1/hw/src/clb/mux_bank.v:35]
     1: i_2180/O (LUT6)
CRITICAL WARNING: [Synth 8-295] found timing loop. [E:/bob_full_v1/hw/src/top/fpga4x4_top.v:13]
Found timing loop:
     0: i_2227/O (LUT3)
      [E:/bob_full_v1/hw/src/clb/mux_bank.v:35]
     1: i_2227/I1 (LUT3)
     2: i_2135/O (LUT5)
      [E:/bob_full_v1/hw/src/clb/mux_bank.v:35]
     3: i_2135/I2 (LUT5)
     4: i_2207/O (LUT6)
      [E:/bob_full_v1/hw/src/clb/mux_bank.v:35]
     5: i_2207/I5 (LUT6)
     6: i_2376/O (LUT3)
      [E:/bob_full_v1/hw/src/clb/mux_bank.v:35]
     7: i_2376/O (LUT3)
CRITICAL WARNING: [Synth 8-295] found timing loop. [E:/bob_full_v1/hw/src/top/fpga4x4_top.v:13]
Inferred a: "set_disable_timing -from I1 -to O i_2227"
Found timing loop:
     0: i_2225/O (LUT3)
      [E:/bob_full_v1/hw/src/clb/lutk.sv:41]
     1: i_2225/O (LUT3)
CRITICAL WARNING: [Synth 8-295] found timing loop. [E:/bob_full_v1/hw/src/top/fpga4x4_top.v:13]
Found timing loop:
     0: i_2221/O (LUT3)
      [E:/bob_full_v1/hw/src/clb/clb.sv:77]
     1: i_2221/O (LUT3)
CRITICAL WARNING: [Synth 8-295] found timing loop. [E:/bob_full_v1/hw/src/top/fpga4x4_top.v:13]
Found timing loop:
     0: i_2376/O (LUT3)
      [E:/bob_full_v1/hw/src/clb/mux_bank.v:35]
     1: i_2376/O (LUT3)
CRITICAL WARNING: [Synth 8-295] found timing loop. [E:/bob_full_v1/hw/src/top/fpga4x4_top.v:13]
Found timing loop:
     0: i_2378/O (LUT3)
      [E:/bob_full_v1/hw/src/clb/mux_bank.v:35]
     1: i_2378/O (LUT3)
CRITICAL WARNING: [Synth 8-295] found timing loop. [E:/bob_full_v1/hw/src/top/fpga4x4_top.v:13]
Found timing loop:
     0: i_2380/O (LUT3)
      [E:/bob_full_v1/hw/src/clb/mux_bank.v:35]
     1: i_2380/I2 (LUT3)
     2: i_6053/O (LUT3)
      [E:/bob_full_v1/hw/src/top/fpga4x4_top.v:13]
     3: i_6053/I1 (LUT3)
     4: i_2236/O (LUT6)
      [E:/bob_full_v1/hw/src/clb/mux_bank.v:35]
     5: i_2236/I5 (LUT6)
     6: i_2180/O (LUT6)
      [E:/bob_full_v1/hw/src/clb/mux_bank.v:35]
     7: i_2180/O (LUT6)
CRITICAL WARNING: [Synth 8-295] found timing loop. [E:/bob_full_v1/hw/src/top/fpga4x4_top.v:13]
Inferred a: "set_disable_timing -from I2 -to O i_2380"
Found timing loop:
     0: i_2180/O (LUT6)
      [E:/bob_full_v1/hw/src/clb/mux_bank.v:35]
     1: i_2180/O (LUT6)
CRITICAL WARNING: [Synth 8-295] found timing loop. [E:/bob_full_v1/hw/src/top/fpga4x4_top.v:13]
Found timing loop:
     0: i_2227/O (LUT3)
      [E:/bob_full_v1/hw/src/clb/mux_bank.v:35]
     1: i_2227/O (LUT3)
CRITICAL WARNING: [Synth 8-295] found timing loop. [E:/bob_full_v1/hw/src/top/fpga4x4_top.v:13]
Found timing loop:
     0: i_2228/O (LUT3)
      [E:/bob_full_v1/hw/src/clb/mux_bank.v:35]
     1: i_2228/I1 (LUT3)
     2: i_2183/O (LUT5)
      [E:/bob_full_v1/hw/src/clb/mux_bank.v:35]
     3: i_2183/I2 (LUT5)
     4: i_2209/O (LUT6)
      [E:/bob_full_v1/hw/src/clb/mux_bank.v:35]
     5: i_2209/I5 (LUT6)
     6: i_2376/O (LUT3)
      [E:/bob_full_v1/hw/src/clb/mux_bank.v:35]
     7: i_2376/O (LUT3)
CRITICAL WARNING: [Synth 8-295] found timing loop. [E:/bob_full_v1/hw/src/top/fpga4x4_top.v:13]
Inferred a: "set_disable_timing -from I1 -to O i_2228"
Found timing loop:
     0: i_2225/O (LUT3)
      [E:/bob_full_v1/hw/src/clb/lutk.sv:41]
     1: i_2225/O (LUT3)
CRITICAL WARNING: [Synth 8-295] found timing loop. [E:/bob_full_v1/hw/src/top/fpga4x4_top.v:13]
Found timing loop:
     0: i_2221/O (LUT3)
      [E:/bob_full_v1/hw/src/clb/clb.sv:77]
     1: i_2221/O (LUT3)
CRITICAL WARNING: [Synth 8-295] found timing loop. [E:/bob_full_v1/hw/src/top/fpga4x4_top.v:13]
Found timing loop:
     0: i_2376/O (LUT3)
      [E:/bob_full_v1/hw/src/clb/mux_bank.v:35]
     1: i_2376/O (LUT3)
CRITICAL WARNING: [Synth 8-295] found timing loop. [E:/bob_full_v1/hw/src/top/fpga4x4_top.v:13]
Found timing loop:
     0: i_2378/O (LUT3)
      [E:/bob_full_v1/hw/src/clb/mux_bank.v:35]
     1: i_2378/O (LUT3)
CRITICAL WARNING: [Synth 8-295] found timing loop. [E:/bob_full_v1/hw/src/top/fpga4x4_top.v:13]
Found timing loop:
     0: i_2380/O (LUT3)
      [E:/bob_full_v1/hw/src/clb/mux_bank.v:35]
     1: i_2380/O (LUT3)
CRITICAL WARNING: [Synth 8-295] found timing loop. [E:/bob_full_v1/hw/src/top/fpga4x4_top.v:13]
Found timing loop:
     0: i_2382/O (LUT3)
      [E:/bob_full_v1/hw/src/clb/mux_bank.v:35]
     1: i_2382/I2 (LUT3)
     2: i_6052/O (LUT3)
      [E:/bob_full_v1/hw/src/top/fpga4x4_top.v:13]
     3: i_6052/I1 (LUT3)
     4: i_2235/O (LUT6)
      [E:/bob_full_v1/hw/src/clb/mux_bank.v:35]
     5: i_2235/I5 (LUT6)
     6: i_2180/O (LUT6)
      [E:/bob_full_v1/hw/src/clb/mux_bank.v:35]
     7: i_2180/O (LUT6)
CRITICAL WARNING: [Synth 8-295] found timing loop. [E:/bob_full_v1/hw/src/top/fpga4x4_top.v:13]
Inferred a: "set_disable_timing -from I2 -to O i_2382"
Found timing loop:
     0: i_1428/O (LUT6)
      [E:/bob_full_v1/hw/src/clb/clb.sv:42]
     1: i_1428/O (LUT6)
CRITICAL WARNING: [Synth 8-295] found timing loop. [E:/bob_full_v1/hw/src/top/fpga4x4_top.v:13]
Found timing loop:
     0: i_1539/O (LUT3)
      [E:/bob_full_v1/hw/src/clb/clb.sv:42]
     1: i_1539/I1 (LUT3)
     2: i_1426/O (LUT5)
      [E:/bob_full_v1/hw/src/clb/clb.sv:42]
     3: i_1426/I4 (LUT5)
     4: i_1513/O (LUT6)
      [E:/bob_full_v1/hw/src/clb/clb.sv:42]
     5: i_1513/I3 (LUT6)
     6: i_1523/O (LUT3)
      [E:/bob_full_v1/hw/src/clb/clb.sv:42]
     7: i_1523/O (LUT3)
CRITICAL WARNING: [Synth 8-295] found timing loop. [E:/bob_full_v1/hw/src/top/fpga4x4_top.v:13]
Inferred a: "set_disable_timing -from I1 -to O i_1539"
Found timing loop:
     0: i_1523/O (LUT3)
      [E:/bob_full_v1/hw/src/clb/clb.sv:42]
     1: i_1523/O (LUT3)
CRITICAL WARNING: [Synth 8-295] found timing loop. [E:/bob_full_v1/hw/src/top/fpga4x4_top.v:13]
Found timing loop:
     0: i_2230/O (LUT3)
      [E:/bob_full_v1/hw/src/clb/mux_bank.v:35]
     1: i_2230/O (LUT3)
CRITICAL WARNING: [Synth 8-295] found timing loop. [E:/bob_full_v1/hw/src/top/fpga4x4_top.v:13]
Found timing loop:
     0: i_2231/O (LUT3)
      [E:/bob_full_v1/hw/src/clb/mux_bank.v:35]
     1: i_2231/O (LUT3)
CRITICAL WARNING: [Synth 8-295] found timing loop. [E:/bob_full_v1/hw/src/top/fpga4x4_top.v:13]
Found timing loop:
     0: i_2232/O (LUT3)
      [E:/bob_full_v1/hw/src/clb/mux_bank.v:35]
     1: i_2232/I1 (LUT3)
     2: i_2129/O (LUT5)
      [E:/bob_full_v1/hw/src/clb/mux_bank.v:35]
     3: i_2129/I2 (LUT5)
     4: i_2217/O (LUT6)
      [E:/bob_full_v1/hw/src/clb/mux_bank.v:35]
     5: i_2217/I5 (LUT6)
     6: i_2376/O (LUT3)
      [E:/bob_full_v1/hw/src/clb/mux_bank.v:35]
     7: i_2376/O (LUT3)
CRITICAL WARNING: [Synth 8-295] found timing loop. [E:/bob_full_v1/hw/src/top/fpga4x4_top.v:13]
Inferred a: "set_disable_timing -from I1 -to O i_2232"
Found timing loop:
     0: i_2225/O (LUT3)
      [E:/bob_full_v1/hw/src/clb/lutk.sv:41]
     1: i_2225/O (LUT3)
CRITICAL WARNING: [Synth 8-295] found timing loop. [E:/bob_full_v1/hw/src/top/fpga4x4_top.v:13]
Found timing loop:
     0: i_2221/O (LUT3)
      [E:/bob_full_v1/hw/src/clb/clb.sv:77]
     1: i_2221/O (LUT3)
CRITICAL WARNING: [Synth 8-295] found timing loop. [E:/bob_full_v1/hw/src/top/fpga4x4_top.v:13]
Found timing loop:
     0: i_2376/O (LUT3)
      [E:/bob_full_v1/hw/src/clb/mux_bank.v:35]
     1: i_2376/O (LUT3)
CRITICAL WARNING: [Synth 8-295] found timing loop. [E:/bob_full_v1/hw/src/top/fpga4x4_top.v:13]
Found timing loop:
     0: i_2378/O (LUT3)
      [E:/bob_full_v1/hw/src/clb/mux_bank.v:35]
     1: i_2378/O (LUT3)
CRITICAL WARNING: [Synth 8-295] found timing loop. [E:/bob_full_v1/hw/src/top/fpga4x4_top.v:13]
Found timing loop:
     0: i_2380/O (LUT3)
      [E:/bob_full_v1/hw/src/clb/mux_bank.v:35]
     1: i_2380/O (LUT3)
CRITICAL WARNING: [Synth 8-295] found timing loop. [E:/bob_full_v1/hw/src/top/fpga4x4_top.v:13]
Found timing loop:
     0: i_2382/O (LUT3)
      [E:/bob_full_v1/hw/src/clb/mux_bank.v:35]
     1: i_2382/O (LUT3)
CRITICAL WARNING: [Synth 8-295] found timing loop. [E:/bob_full_v1/hw/src/top/fpga4x4_top.v:13]
Found timing loop:
     0: i_1428/O (LUT6)
      [E:/bob_full_v1/hw/src/clb/clb.sv:42]
     1: i_1428/O (LUT6)
CRITICAL WARNING: [Synth 8-295] found timing loop. [E:/bob_full_v1/hw/src/top/fpga4x4_top.v:13]
Found timing loop:
     0: i_1539/O (LUT3)
      [E:/bob_full_v1/hw/src/clb/clb.sv:42]
     1: i_1539/O (LUT3)
CRITICAL WARNING: [Synth 8-295] found timing loop. [E:/bob_full_v1/hw/src/top/fpga4x4_top.v:13]
Found timing loop:
     0: i_1538/O (LUT3)
      [E:/bob_full_v1/hw/src/clb/clb.sv:42]
     1: i_1538/I1 (LUT3)
     2: i_1424/O (LUT5)
      [E:/bob_full_v1/hw/src/clb/clb.sv:42]
     3: i_1424/I4 (LUT5)
     4: i_1508/O (LUT6)
      [E:/bob_full_v1/hw/src/clb/clb.sv:42]
     5: i_1508/I3 (LUT6)
     6: i_1523/O (LUT3)
      [E:/bob_full_v1/hw/src/clb/clb.sv:42]
     7: i_1523/O (LUT3)
CRITICAL WARNING: [Synth 8-295] found timing loop. [E:/bob_full_v1/hw/src/top/fpga4x4_top.v:13]
Inferred a: "set_disable_timing -from I1 -to O i_1538"
Found timing loop:
     0: i_1523/O (LUT3)
      [E:/bob_full_v1/hw/src/clb/clb.sv:42]
     1: i_1523/O (LUT3)
CRITICAL WARNING: [Synth 8-295] found timing loop. [E:/bob_full_v1/hw/src/top/fpga4x4_top.v:13]
Found timing loop:
     0: i_2230/O (LUT3)
      [E:/bob_full_v1/hw/src/clb/mux_bank.v:35]
     1: i_2230/O (LUT3)
CRITICAL WARNING: [Synth 8-295] found timing loop. [E:/bob_full_v1/hw/src/top/fpga4x4_top.v:13]
Found timing loop:
     0: i_2231/O (LUT3)
      [E:/bob_full_v1/hw/src/clb/mux_bank.v:35]
     1: i_2231/O (LUT3)
CRITICAL WARNING: [Synth 8-295] found timing loop. [E:/bob_full_v1/hw/src/top/fpga4x4_top.v:13]
Found timing loop:
     0: i_2232/O (LUT3)
      [E:/bob_full_v1/hw/src/clb/mux_bank.v:35]
     1: i_2232/O (LUT3)
CRITICAL WARNING: [Synth 8-295] found timing loop. [E:/bob_full_v1/hw/src/top/fpga4x4_top.v:13]
Found timing loop:
     0: i_2233/O (LUT3)
      [E:/bob_full_v1/hw/src/clb/mux_bank.v:35]
     1: i_2233/I1 (LUT3)
     2: i_2127/O (LUT5)
      [E:/bob_full_v1/hw/src/clb/mux_bank.v:35]
     3: i_2127/I0 (LUT5)
     4: i_2128/O (LUT6)
      [E:/bob_full_v1/hw/src/clb/mux_bank.v:35]
     5: i_2128/I5 (LUT6)
     6: i_1428/O (LUT6)
      [E:/bob_full_v1/hw/src/clb/clb.sv:42]
     7: i_1428/O (LUT6)
CRITICAL WARNING: [Synth 8-295] found timing loop. [E:/bob_full_v1/hw/src/top/fpga4x4_top.v:13]
Inferred a: "set_disable_timing -from I1 -to O i_2233"
Found timing loop:
     0: i_1744/O (LUT3)
      [E:/bob_full_v1/hw/src/clb/clb.sv:42]
     1: i_1744/I2 (LUT3)
     2: i_1672/O (LUT3)
      [E:/bob_full_v1/hw/src/clb/clb.sv:42]
     3: i_1672/I0 (LUT3)
     4: i_1673/O (LUT6)
      [E:/bob_full_v1/hw/src/clb/clb.sv:42]
     5: i_1673/I5 (LUT6)
     6: i_1536/O (LUT3)
      [E:/bob_full_v1/hw/src/clb/clb.sv:42]
     7: i_1536/I1 (LUT3)
     8: i_1420/O (LUT5)
      [E:/bob_full_v1/hw/src/clb/clb.sv:42]
     9: i_1420/I4 (LUT5)
    10: i_1498/O (LUT6)
      [E:/bob_full_v1/hw/src/clb/clb.sv:42]
    11: i_1498/I3 (LUT6)
    12: i_1523/O (LUT3)
      [E:/bob_full_v1/hw/src/clb/clb.sv:42]
    13: i_1523/O (LUT3)
CRITICAL WARNING: [Synth 8-295] found timing loop. [E:/bob_full_v1/hw/src/top/fpga4x4_top.v:13]
Inferred a: "set_disable_timing -from I2 -to O i_1744"
Found timing loop:
     0: i_1536/O (LUT3)
      [E:/bob_full_v1/hw/src/clb/clb.sv:42]
     1: i_1536/I1 (LUT3)
     2: i_1420/O (LUT5)
      [E:/bob_full_v1/hw/src/clb/clb.sv:42]
     3: i_1420/I4 (LUT5)
     4: i_1498/O (LUT6)
      [E:/bob_full_v1/hw/src/clb/clb.sv:42]
     5: i_1498/I3 (LUT6)
     6: i_1523/O (LUT3)
      [E:/bob_full_v1/hw/src/clb/clb.sv:42]
     7: i_1523/O (LUT3)
CRITICAL WARNING: [Synth 8-295] found timing loop. [E:/bob_full_v1/hw/src/top/fpga4x4_top.v:13]
Inferred a: "set_disable_timing -from I1 -to O i_1536"
Found timing loop:
     0: i_1523/O (LUT3)
      [E:/bob_full_v1/hw/src/clb/clb.sv:42]
     1: i_1523/O (LUT3)
CRITICAL WARNING: [Synth 8-295] found timing loop. [E:/bob_full_v1/hw/src/top/fpga4x4_top.v:13]
Found timing loop:
     0: i_2230/O (LUT3)
      [E:/bob_full_v1/hw/src/clb/mux_bank.v:35]
     1: i_2230/O (LUT3)
CRITICAL WARNING: [Synth 8-295] found timing loop. [E:/bob_full_v1/hw/src/top/fpga4x4_top.v:13]
Found timing loop:
     0: i_2231/O (LUT3)
      [E:/bob_full_v1/hw/src/clb/mux_bank.v:35]
     1: i_2231/O (LUT3)
CRITICAL WARNING: [Synth 8-295] found timing loop. [E:/bob_full_v1/hw/src/top/fpga4x4_top.v:13]
Found timing loop:
     0: i_2232/O (LUT3)
      [E:/bob_full_v1/hw/src/clb/mux_bank.v:35]
     1: i_2232/O (LUT3)
CRITICAL WARNING: [Synth 8-295] found timing loop. [E:/bob_full_v1/hw/src/top/fpga4x4_top.v:13]
Found timing loop:
     0: i_2233/O (LUT3)
      [E:/bob_full_v1/hw/src/clb/mux_bank.v:35]
     1: i_2233/O (LUT3)
CRITICAL WARNING: [Synth 8-295] found timing loop. [E:/bob_full_v1/hw/src/top/fpga4x4_top.v:13]
Found timing loop:
     0: i_1744/O (LUT3)
      [E:/bob_full_v1/hw/src/clb/clb.sv:42]
     1: i_1744/O (LUT3)
CRITICAL WARNING: [Synth 8-295] found timing loop. [E:/bob_full_v1/hw/src/top/fpga4x4_top.v:13]
Found timing loop:
     0: i_1743/O (LUT3)
      [E:/bob_full_v1/hw/src/clb/clb.sv:42]
     1: i_1743/I2 (LUT3)
     2: i_1667/O (LUT3)
      [E:/bob_full_v1/hw/src/clb/clb.sv:42]
     3: i_1667/I0 (LUT3)
     4: i_1668/O (LUT6)
      [E:/bob_full_v1/hw/src/clb/clb.sv:42]
     5: i_1668/I5 (LUT6)
     6: i_1536/O (LUT3)
      [E:/bob_full_v1/hw/src/clb/clb.sv:42]
     7: i_1536/O (LUT3)
CRITICAL WARNING: [Synth 8-295] found timing loop. [E:/bob_full_v1/hw/src/top/fpga4x4_top.v:13]
Inferred a: "set_disable_timing -from I2 -to O i_1743"
Found timing loop:
     0: i_1536/O (LUT3)
      [E:/bob_full_v1/hw/src/clb/clb.sv:42]
     1: i_1536/O (LUT3)
CRITICAL WARNING: [Synth 8-295] found timing loop. [E:/bob_full_v1/hw/src/top/fpga4x4_top.v:13]
Found timing loop:
     0: i_1535/O (LUT3)
      [E:/bob_full_v1/hw/src/clb/clb.sv:42]
     1: i_1535/I1 (LUT3)
     2: i_1418/O (LUT5)
      [E:/bob_full_v1/hw/src/clb/clb.sv:42]
     3: i_1418/I2 (LUT5)
     4: i_1495/O (LUT6)
      [E:/bob_full_v1/hw/src/clb/clb.sv:42]
     5: i_1495/I5 (LUT6)
     6: i_1744/O (LUT3)
      [E:/bob_full_v1/hw/src/clb/clb.sv:42]
     7: i_1744/O (LUT3)
CRITICAL WARNING: [Synth 8-295] found timing loop. [E:/bob_full_v1/hw/src/top/fpga4x4_top.v:13]
Inferred a: "set_disable_timing -from I1 -to O i_1535"
Found timing loop:
     0: i_1523/O (LUT3)
      [E:/bob_full_v1/hw/src/clb/clb.sv:42]
     1: i_1523/O (LUT3)
CRITICAL WARNING: [Synth 8-295] found timing loop. [E:/bob_full_v1/hw/src/top/fpga4x4_top.v:13]
Found timing loop:
     0: i_2230/O (LUT3)
      [E:/bob_full_v1/hw/src/clb/mux_bank.v:35]
     1: i_2230/O (LUT3)
CRITICAL WARNING: [Synth 8-295] found timing loop. [E:/bob_full_v1/hw/src/top/fpga4x4_top.v:13]
Found timing loop:
     0: i_2231/O (LUT3)
      [E:/bob_full_v1/hw/src/clb/mux_bank.v:35]
     1: i_2231/O (LUT3)
CRITICAL WARNING: [Synth 8-295] found timing loop. [E:/bob_full_v1/hw/src/top/fpga4x4_top.v:13]
Found timing loop:
     0: i_2232/O (LUT3)
      [E:/bob_full_v1/hw/src/clb/mux_bank.v:35]
     1: i_2232/O (LUT3)
CRITICAL WARNING: [Synth 8-295] found timing loop. [E:/bob_full_v1/hw/src/top/fpga4x4_top.v:13]
Found timing loop:
     0: i_2233/O (LUT3)
      [E:/bob_full_v1/hw/src/clb/mux_bank.v:35]
     1: i_2233/O (LUT3)
CRITICAL WARNING: [Synth 8-295] found timing loop. [E:/bob_full_v1/hw/src/top/fpga4x4_top.v:13]
Found timing loop:
     0: i_1744/O (LUT3)
      [E:/bob_full_v1/hw/src/clb/clb.sv:42]
     1: i_1744/O (LUT3)
CRITICAL WARNING: [Synth 8-295] found timing loop. [E:/bob_full_v1/hw/src/top/fpga4x4_top.v:13]
Found timing loop:
     0: i_1743/O (LUT3)
      [E:/bob_full_v1/hw/src/clb/clb.sv:42]
     1: i_1743/O (LUT3)
CRITICAL WARNING: [Synth 8-295] found timing loop. [E:/bob_full_v1/hw/src/top/fpga4x4_top.v:13]
Found timing loop:
     0: i_1742/O (LUT3)
      [E:/bob_full_v1/hw/src/clb/clb.sv:42]
     1: i_1742/I2 (LUT3)
     2: i_1662/O (LUT3)
      [E:/bob_full_v1/hw/src/clb/clb.sv:42]
     3: i_1662/I0 (LUT3)
     4: i_1663/O (LUT6)
      [E:/bob_full_v1/hw/src/clb/clb.sv:42]
     5: i_1663/I5 (LUT6)
     6: i_1536/O (LUT3)
      [E:/bob_full_v1/hw/src/clb/clb.sv:42]
     7: i_1536/O (LUT3)
CRITICAL WARNING: [Synth 8-295] found timing loop. [E:/bob_full_v1/hw/src/top/fpga4x4_top.v:13]
Inferred a: "set_disable_timing -from I2 -to O i_1742"
Found timing loop:
     0: i_1536/O (LUT3)
      [E:/bob_full_v1/hw/src/clb/clb.sv:42]
     1: i_1536/O (LUT3)
CRITICAL WARNING: [Synth 8-295] found timing loop. [E:/bob_full_v1/hw/src/top/fpga4x4_top.v:13]
Found timing loop:
     0: i_1535/O (LUT3)
      [E:/bob_full_v1/hw/src/clb/clb.sv:42]
     1: i_1535/O (LUT3)
CRITICAL WARNING: [Synth 8-295] found timing loop. [E:/bob_full_v1/hw/src/top/fpga4x4_top.v:13]
INFO: [Common 17-14] Message 'Synth 8-295' appears 100 times and further instances of the messages will be disabled. Use the Tcl command set_msg_config to change the current settings.
Found timing loop:
     0: i_1534/O (LUT3)
      [E:/bob_full_v1/hw/src/clb/clb.sv:42]
     1: i_1534/I1 (LUT3)
     2: i_1416/O (LUT5)
      [E:/bob_full_v1/hw/src/clb/clb.sv:42]
     3: i_1416/I2 (LUT5)
     4: i_1490/O (LUT6)
      [E:/bob_full_v1/hw/src/clb/clb.sv:42]
     5: i_1490/I5 (LUT6)
     6: i_1744/O (LUT3)
      [E:/bob_full_v1/hw/src/clb/clb.sv:42]
     7: i_1744/O (LUT3)
Inferred a: "set_disable_timing -from I1 -to O i_1534"
Found timing loop:
     0: i_1523/O (LUT3)
      [E:/bob_full_v1/hw/src/clb/clb.sv:42]
     1: i_1523/O (LUT3)
Found timing loop:
     0: i_2230/O (LUT3)
      [E:/bob_full_v1/hw/src/clb/mux_bank.v:35]
     1: i_2230/O (LUT3)
Found timing loop:
     0: i_2231/O (LUT3)
      [E:/bob_full_v1/hw/src/clb/mux_bank.v:35]
     1: i_2231/O (LUT3)
Found timing loop:
     0: i_2232/O (LUT3)
      [E:/bob_full_v1/hw/src/clb/mux_bank.v:35]
     1: i_2232/O (LUT3)
Found timing loop:
     0: i_2233/O (LUT3)
      [E:/bob_full_v1/hw/src/clb/mux_bank.v:35]
     1: i_2233/O (LUT3)
Found timing loop:
     0: i_1744/O (LUT3)
      [E:/bob_full_v1/hw/src/clb/clb.sv:42]
     1: i_1744/O (LUT3)
Found timing loop:
     0: i_1743/O (LUT3)
      [E:/bob_full_v1/hw/src/clb/clb.sv:42]
     1: i_1743/O (LUT3)
Found timing loop:
     0: i_1742/O (LUT3)
      [E:/bob_full_v1/hw/src/clb/clb.sv:42]
     1: i_1742/O (LUT3)
Found timing loop:
     0: i_1741/O (LUT3)
      [E:/bob_full_v1/hw/src/clb/clb.sv:42]
     1: i_1741/I2 (LUT3)
     2: i_1657/O (LUT3)
      [E:/bob_full_v1/hw/src/clb/clb.sv:42]
     3: i_1657/I0 (LUT3)
     4: i_1658/O (LUT6)
      [E:/bob_full_v1/hw/src/clb/clb.sv:42]
     5: i_1658/I5 (LUT6)
     6: i_1536/O (LUT3)
      [E:/bob_full_v1/hw/src/clb/clb.sv:42]
     7: i_1536/O (LUT3)
Inferred a: "set_disable_timing -from I2 -to O i_1741"
Found timing loop:
     0: i_759/O (LUT3)
      [E:/bob_full_v1/hw/src/clb/clb.sv:42]
     1: i_759/O (LUT3)
Found timing loop:
     0: i_1532/O (LUT3)
      [E:/bob_full_v1/hw/src/clb/clb.sv:42]
     1: i_1532/I1 (LUT3)
     2: i_1412/O (LUT5)
      [E:/bob_full_v1/hw/src/clb/clb.sv:42]
     3: i_1412/I4 (LUT5)
     4: i_1478/O (LUT6)
      [E:/bob_full_v1/hw/src/clb/clb.sv:42]
     5: i_1478/I3 (LUT6)
     6: i_1523/O (LUT3)
      [E:/bob_full_v1/hw/src/clb/clb.sv:42]
     7: i_1523/O (LUT3)
Inferred a: "set_disable_timing -from I1 -to O i_1532"
Found timing loop:
     0: i_1523/O (LUT3)
      [E:/bob_full_v1/hw/src/clb/clb.sv:42]
     1: i_1523/O (LUT3)
Found timing loop:
     0: i_2230/O (LUT3)
      [E:/bob_full_v1/hw/src/clb/mux_bank.v:35]
     1: i_2230/O (LUT3)
Found timing loop:
     0: i_2231/O (LUT3)
      [E:/bob_full_v1/hw/src/clb/mux_bank.v:35]
     1: i_2231/O (LUT3)
Found timing loop:
     0: i_2232/O (LUT3)
      [E:/bob_full_v1/hw/src/clb/mux_bank.v:35]
     1: i_2232/O (LUT3)
Found timing loop:
     0: i_2233/O (LUT3)
      [E:/bob_full_v1/hw/src/clb/mux_bank.v:35]
     1: i_2233/O (LUT3)
Found timing loop:
     0: i_1744/O (LUT3)
      [E:/bob_full_v1/hw/src/clb/clb.sv:42]
     1: i_1744/O (LUT3)
Found timing loop:
     0: i_1743/O (LUT3)
      [E:/bob_full_v1/hw/src/clb/clb.sv:42]
     1: i_1743/O (LUT3)
Found timing loop:
     0: i_1742/O (LUT3)
      [E:/bob_full_v1/hw/src/clb/clb.sv:42]
     1: i_1742/O (LUT3)
Found timing loop:
     0: i_1741/O (LUT3)
      [E:/bob_full_v1/hw/src/clb/clb.sv:42]
     1: i_1741/O (LUT3)
Found timing loop:
     0: i_663/O (LUT6)
      [E:/bob_full_v1/hw/src/clb/clb.sv:42]
     1: i_663/I5 (LUT6)
     2: i_754/O (LUT6)
      [E:/bob_full_v1/hw/src/clb/clb.sv:42]
     3: i_754/I3 (LUT6)
     4: i_759/O (LUT3)
      [E:/bob_full_v1/hw/src/clb/clb.sv:42]
     5: i_759/O (LUT3)
Inferred a: "set_disable_timing -from I5 -to O i_663"
Found timing loop:
     0: i_759/O (LUT3)
      [E:/bob_full_v1/hw/src/clb/clb.sv:42]
     1: i_759/O (LUT3)
Found timing loop:
     0: i_1532/O (LUT3)
      [E:/bob_full_v1/hw/src/clb/clb.sv:42]
     1: i_1532/O (LUT3)
Found timing loop:
     0: i_1531/O (LUT3)
      [E:/bob_full_v1/hw/src/clb/clb.sv:42]
     1: i_1531/I1 (LUT3)
     2: i_1367/O (LUT5)
      [E:/bob_full_v1/hw/src/clb/clb.sv:42]
     3: i_1367/I0 (LUT5)
     4: i_1368/O (LUT6)
      [E:/bob_full_v1/hw/src/clb/clb.sv:42]
     5: i_1368/I5 (LUT6)
     6: i_663/O (LUT6)
      [E:/bob_full_v1/hw/src/clb/clb.sv:42]
     7: i_663/O (LUT6)
Inferred a: "set_disable_timing -from I1 -to O i_1531"
Found timing loop:
     0: i_1523/O (LUT3)
      [E:/bob_full_v1/hw/src/clb/clb.sv:42]
     1: i_1523/O (LUT3)
Found timing loop:
     0: i_2230/O (LUT3)
      [E:/bob_full_v1/hw/src/clb/mux_bank.v:35]
     1: i_2230/O (LUT3)
Found timing loop:
     0: i_2231/O (LUT3)
      [E:/bob_full_v1/hw/src/clb/mux_bank.v:35]
     1: i_2231/O (LUT3)
Found timing loop:
     0: i_2232/O (LUT3)
      [E:/bob_full_v1/hw/src/clb/mux_bank.v:35]
     1: i_2232/O (LUT3)
Found timing loop:
     0: i_2233/O (LUT3)
      [E:/bob_full_v1/hw/src/clb/mux_bank.v:35]
     1: i_2233/O (LUT3)
Found timing loop:
     0: i_1744/O (LUT3)
      [E:/bob_full_v1/hw/src/clb/clb.sv:42]
     1: i_1744/O (LUT3)
Found timing loop:
     0: i_1743/O (LUT3)
      [E:/bob_full_v1/hw/src/clb/clb.sv:42]
     1: i_1743/O (LUT3)
Found timing loop:
     0: i_1742/O (LUT3)
      [E:/bob_full_v1/hw/src/clb/clb.sv:42]
     1: i_1742/O (LUT3)
Found timing loop:
     0: i_1741/O (LUT3)
      [E:/bob_full_v1/hw/src/clb/clb.sv:42]
     1: i_1741/O (LUT3)
Found timing loop:
     0: i_663/O (LUT6)
      [E:/bob_full_v1/hw/src/clb/clb.sv:42]
     1: i_663/O (LUT6)
Found timing loop:
     0: i_775/O (LUT3)
      [E:/bob_full_v1/hw/src/clb/clb.sv:42]
     1: i_775/I1 (LUT3)
     2: i_661/O (LUT5)
      [E:/bob_full_v1/hw/src/clb/clb.sv:42]
     3: i_661/I4 (LUT5)
     4: i_749/O (LUT6)
      [E:/bob_full_v1/hw/src/clb/clb.sv:42]
     5: i_749/I3 (LUT6)
     6: i_759/O (LUT3)
      [E:/bob_full_v1/hw/src/clb/clb.sv:42]
     7: i_759/O (LUT3)
Inferred a: "set_disable_timing -from I1 -to O i_775"
Found timing loop:
     0: i_759/O (LUT3)
      [E:/bob_full_v1/hw/src/clb/clb.sv:42]
     1: i_759/O (LUT3)
Found timing loop:
     0: i_1532/O (LUT3)
      [E:/bob_full_v1/hw/src/clb/clb.sv:42]
     1: i_1532/O (LUT3)
Found timing loop:
     0: i_1531/O (LUT3)
      [E:/bob_full_v1/hw/src/clb/clb.sv:42]
     1: i_1531/O (LUT3)
Found timing loop:
     0: i_1530/O (LUT3)
      [E:/bob_full_v1/hw/src/clb/clb.sv:42]
     1: i_1530/I1 (LUT3)
     2: i_1365/O (LUT5)
      [E:/bob_full_v1/hw/src/clb/clb.sv:42]
     3: i_1365/I0 (LUT5)
     4: i_1366/O (LUT6)
      [E:/bob_full_v1/hw/src/clb/clb.sv:42]
     5: i_1366/I5 (LUT6)
     6: i_663/O (LUT6)
      [E:/bob_full_v1/hw/src/clb/clb.sv:42]
     7: i_663/O (LUT6)
Inferred a: "set_disable_timing -from I1 -to O i_1530"
Found timing loop:
     0: i_1523/O (LUT3)
      [E:/bob_full_v1/hw/src/clb/clb.sv:42]
     1: i_1523/O (LUT3)
Found timing loop:
     0: i_2230/O (LUT3)
      [E:/bob_full_v1/hw/src/clb/mux_bank.v:35]
     1: i_2230/O (LUT3)
Found timing loop:
     0: i_2231/O (LUT3)
      [E:/bob_full_v1/hw/src/clb/mux_bank.v:35]
     1: i_2231/O (LUT3)
Found timing loop:
     0: i_2232/O (LUT3)
      [E:/bob_full_v1/hw/src/clb/mux_bank.v:35]
     1: i_2232/O (LUT3)
Found timing loop:
     0: i_2233/O (LUT3)
      [E:/bob_full_v1/hw/src/clb/mux_bank.v:35]
     1: i_2233/O (LUT3)
Found timing loop:
     0: i_1744/O (LUT3)
      [E:/bob_full_v1/hw/src/clb/clb.sv:42]
     1: i_1744/O (LUT3)
Found timing loop:
     0: i_1743/O (LUT3)
      [E:/bob_full_v1/hw/src/clb/clb.sv:42]
     1: i_1743/O (LUT3)
Found timing loop:
     0: i_1742/O (LUT3)
      [E:/bob_full_v1/hw/src/clb/clb.sv:42]
     1: i_1742/O (LUT3)
Found timing loop:
     0: i_1741/O (LUT3)
      [E:/bob_full_v1/hw/src/clb/clb.sv:42]
     1: i_1741/O (LUT3)
Found timing loop:
     0: i_663/O (LUT6)
      [E:/bob_full_v1/hw/src/clb/clb.sv:42]
     1: i_663/O (LUT6)
Found timing loop:
     0: i_775/O (LUT3)
      [E:/bob_full_v1/hw/src/clb/clb.sv:42]
     1: i_775/O (LUT3)
Found timing loop:
     0: i_774/O (LUT3)
      [E:/bob_full_v1/hw/src/clb/clb.sv:42]
     1: i_774/I1 (LUT3)
     2: i_659/O (LUT5)
      [E:/bob_full_v1/hw/src/clb/clb.sv:42]
     3: i_659/I4 (LUT5)
     4: i_744/O (LUT6)
      [E:/bob_full_v1/hw/src/clb/clb.sv:42]
     5: i_744/I3 (LUT6)
     6: i_759/O (LUT3)
      [E:/bob_full_v1/hw/src/clb/clb.sv:42]
     7: i_759/O (LUT3)
Inferred a: "set_disable_timing -from I1 -to O i_774"
Found timing loop:
     0: i_759/O (LUT3)
      [E:/bob_full_v1/hw/src/clb/clb.sv:42]
     1: i_759/O (LUT3)
Found timing loop:
     0: i_1532/O (LUT3)
      [E:/bob_full_v1/hw/src/clb/clb.sv:42]
     1: i_1532/O (LUT3)
Found timing loop:
     0: i_1531/O (LUT3)
      [E:/bob_full_v1/hw/src/clb/clb.sv:42]
     1: i_1531/O (LUT3)
Found timing loop:
     0: i_1530/O (LUT3)
      [E:/bob_full_v1/hw/src/clb/clb.sv:42]
     1: i_1530/O (LUT3)
Found timing loop:
     0: i_1529/O (LUT3)
      [E:/bob_full_v1/hw/src/clb/clb.sv:42]
     1: i_1529/I1 (LUT3)
     2: i_1363/O (LUT5)
      [E:/bob_full_v1/hw/src/clb/clb.sv:42]
     3: i_1363/I0 (LUT5)
     4: i_1364/O (LUT6)
      [E:/bob_full_v1/hw/src/clb/clb.sv:42]
     5: i_1364/I5 (LUT6)
     6: i_663/O (LUT6)
      [E:/bob_full_v1/hw/src/clb/clb.sv:42]
     7: i_663/O (LUT6)
Inferred a: "set_disable_timing -from I1 -to O i_1529"
Found timing loop:
     0: i_980/O (LUT3)
      [E:/bob_full_v1/hw/src/clb/clb.sv:42]
     1: i_980/I2 (LUT3)
     2: i_908/O (LUT3)
      [E:/bob_full_v1/hw/src/clb/clb.sv:42]
     3: i_908/I0 (LUT3)
     4: i_909/O (LUT6)
      [E:/bob_full_v1/hw/src/clb/clb.sv:42]
     5: i_909/I5 (LUT6)
     6: i_772/O (LUT3)
      [E:/bob_full_v1/hw/src/clb/clb.sv:42]
     7: i_772/I1 (LUT3)
     8: i_655/O (LUT5)
      [E:/bob_full_v1/hw/src/clb/clb.sv:42]
     9: i_655/I4 (LUT5)
    10: i_734/O (LUT6)
      [E:/bob_full_v1/hw/src/clb/clb.sv:42]
    11: i_734/I3 (LUT6)
    12: i_759/O (LUT3)
      [E:/bob_full_v1/hw/src/clb/clb.sv:42]
    13: i_759/O (LUT3)
Inferred a: "set_disable_timing -from I2 -to O i_980"
Found timing loop:
     0: i_772/O (LUT3)
      [E:/bob_full_v1/hw/src/clb/clb.sv:42]
     1: i_772/I1 (LUT3)
     2: i_655/O (LUT5)
      [E:/bob_full_v1/hw/src/clb/clb.sv:42]
     3: i_655/I4 (LUT5)
     4: i_734/O (LUT6)
      [E:/bob_full_v1/hw/src/clb/clb.sv:42]
     5: i_734/I3 (LUT6)
     6: i_759/O (LUT3)
      [E:/bob_full_v1/hw/src/clb/clb.sv:42]
     7: i_759/O (LUT3)
Inferred a: "set_disable_timing -from I1 -to O i_772"
Found timing loop:
     0: i_759/O (LUT3)
      [E:/bob_full_v1/hw/src/clb/clb.sv:42]
     1: i_759/O (LUT3)
Found timing loop:
     0: i_1532/O (LUT3)
      [E:/bob_full_v1/hw/src/clb/clb.sv:42]
     1: i_1532/O (LUT3)
Found timing loop:
     0: i_1531/O (LUT3)
      [E:/bob_full_v1/hw/src/clb/clb.sv:42]
     1: i_1531/O (LUT3)
Found timing loop:
     0: i_1530/O (LUT3)
      [E:/bob_full_v1/hw/src/clb/clb.sv:42]
     1: i_1530/O (LUT3)
Found timing loop:
     0: i_1529/O (LUT3)
      [E:/bob_full_v1/hw/src/clb/clb.sv:42]
     1: i_1529/O (LUT3)
Found timing loop:
     0: i_980/O (LUT3)
      [E:/bob_full_v1/hw/src/clb/clb.sv:42]
     1: i_980/O (LUT3)
Found timing loop:
     0: i_979/O (LUT3)
      [E:/bob_full_v1/hw/src/clb/clb.sv:42]
     1: i_979/I2 (LUT3)
     2: i_903/O (LUT3)
      [E:/bob_full_v1/hw/src/clb/clb.sv:42]
     3: i_903/I0 (LUT3)
     4: i_904/O (LUT6)
      [E:/bob_full_v1/hw/src/clb/clb.sv:42]
     5: i_904/I5 (LUT6)
     6: i_772/O (LUT3)
      [E:/bob_full_v1/hw/src/clb/clb.sv:42]
     7: i_772/O (LUT3)
Inferred a: "set_disable_timing -from I2 -to O i_979"
Found timing loop:
     0: i_772/O (LUT3)
      [E:/bob_full_v1/hw/src/clb/clb.sv:42]
     1: i_772/O (LUT3)
Found timing loop:
     0: i_771/O (LUT3)
      [E:/bob_full_v1/hw/src/clb/clb.sv:42]
     1: i_771/I1 (LUT3)
     2: i_653/O (LUT5)
      [E:/bob_full_v1/hw/src/clb/clb.sv:42]
     3: i_653/I2 (LUT5)
     4: i_731/O (LUT6)
      [E:/bob_full_v1/hw/src/clb/clb.sv:42]
     5: i_731/I5 (LUT6)
     6: i_980/O (LUT3)
      [E:/bob_full_v1/hw/src/clb/clb.sv:42]
     7: i_980/O (LUT3)
Inferred a: "set_disable_timing -from I1 -to O i_771"
Found timing loop:
     0: i_759/O (LUT3)
      [E:/bob_full_v1/hw/src/clb/clb.sv:42]
     1: i_759/O (LUT3)
Found timing loop:
     0: i_1532/O (LUT3)
      [E:/bob_full_v1/hw/src/clb/clb.sv:42]
     1: i_1532/O (LUT3)
Found timing loop:
     0: i_1531/O (LUT3)
      [E:/bob_full_v1/hw/src/clb/clb.sv:42]
     1: i_1531/O (LUT3)
Found timing loop:
     0: i_1530/O (LUT3)
      [E:/bob_full_v1/hw/src/clb/clb.sv:42]
     1: i_1530/O (LUT3)
Found timing loop:
     0: i_1529/O (LUT3)
      [E:/bob_full_v1/hw/src/clb/clb.sv:42]
     1: i_1529/O (LUT3)
Found timing loop:
     0: i_980/O (LUT3)
      [E:/bob_full_v1/hw/src/clb/clb.sv:42]
     1: i_980/O (LUT3)
Found timing loop:
     0: i_979/O (LUT3)
      [E:/bob_full_v1/hw/src/clb/clb.sv:42]
     1: i_979/O (LUT3)
Found timing loop:
     0: i_978/O (LUT3)
      [E:/bob_full_v1/hw/src/clb/clb.sv:42]
     1: i_978/I2 (LUT3)
     2: i_898/O (LUT3)
      [E:/bob_full_v1/hw/src/clb/clb.sv:42]
     3: i_898/I0 (LUT3)
     4: i_899/O (LUT6)
      [E:/bob_full_v1/hw/src/clb/clb.sv:42]
     5: i_899/I5 (LUT6)
     6: i_772/O (LUT3)
      [E:/bob_full_v1/hw/src/clb/clb.sv:42]
     7: i_772/O (LUT3)
Inferred a: "set_disable_timing -from I2 -to O i_978"
Found timing loop:
     0: i_772/O (LUT3)
      [E:/bob_full_v1/hw/src/clb/clb.sv:42]
     1: i_772/O (LUT3)
Found timing loop:
     0: i_771/O (LUT3)
      [E:/bob_full_v1/hw/src/clb/clb.sv:42]
     1: i_771/O (LUT3)
Found timing loop:
     0: i_770/O (LUT3)
      [E:/bob_full_v1/hw/src/clb/clb.sv:42]
     1: i_770/I1 (LUT3)
     2: i_651/O (LUT5)
      [E:/bob_full_v1/hw/src/clb/clb.sv:42]
     3: i_651/I2 (LUT5)
     4: i_726/O (LUT6)
      [E:/bob_full_v1/hw/src/clb/clb.sv:42]
     5: i_726/I5 (LUT6)
     6: i_980/O (LUT3)
      [E:/bob_full_v1/hw/src/clb/clb.sv:42]
     7: i_980/O (LUT3)
Inferred a: "set_disable_timing -from I1 -to O i_770"
Found timing loop:
     0: i_759/O (LUT3)
      [E:/bob_full_v1/hw/src/clb/clb.sv:42]
     1: i_759/O (LUT3)
Found timing loop:
     0: i_1532/O (LUT3)
      [E:/bob_full_v1/hw/src/clb/clb.sv:42]
     1: i_1532/O (LUT3)
Found timing loop:
     0: i_1531/O (LUT3)
      [E:/bob_full_v1/hw/src/clb/clb.sv:42]
     1: i_1531/O (LUT3)
Found timing loop:
     0: i_1530/O (LUT3)
      [E:/bob_full_v1/hw/src/clb/clb.sv:42]
     1: i_1530/O (LUT3)
Found timing loop:
     0: i_1529/O (LUT3)
      [E:/bob_full_v1/hw/src/clb/clb.sv:42]
     1: i_1529/O (LUT3)
Found timing loop:
     0: i_980/O (LUT3)
      [E:/bob_full_v1/hw/src/clb/clb.sv:42]
     1: i_980/O (LUT3)
Found timing loop:
     0: i_979/O (LUT3)
      [E:/bob_full_v1/hw/src/clb/clb.sv:42]
     1: i_979/O (LUT3)
Found timing loop:
     0: i_978/O (LUT3)
      [E:/bob_full_v1/hw/src/clb/clb.sv:42]
     1: i_978/O (LUT3)
Found timing loop:
     0: i_977/O (LUT3)
      [E:/bob_full_v1/hw/src/clb/clb.sv:42]
     1: i_977/I2 (LUT3)
     2: i_893/O (LUT3)
      [E:/bob_full_v1/hw/src/clb/clb.sv:42]
     3: i_893/I0 (LUT3)
     4: i_894/O (LUT6)
      [E:/bob_full_v1/hw/src/clb/clb.sv:42]
     5: i_894/I5 (LUT6)
     6: i_772/O (LUT3)
      [E:/bob_full_v1/hw/src/clb/clb.sv:42]
     7: i_772/O (LUT3)
Inferred a: "set_disable_timing -from I2 -to O i_977"
Found timing loop:
     0: i_131/O (LUT3)
      [E:/bob_full_v1/hw/src/clb/lutk.sv:41]
     1: i_131/O (LUT3)
Found timing loop:
     0: i_768/O (LUT3)
      [E:/bob_full_v1/hw/src/clb/clb.sv:42]
     1: i_768/I1 (LUT3)
     2: i_602/O (LUT5)
      [E:/bob_full_v1/hw/src/clb/clb.sv:42]
     3: i_602/I4 (LUT5)
     4: i_714/O (LUT6)
      [E:/bob_full_v1/hw/src/clb/clb.sv:42]
     5: i_714/I3 (LUT6)
     6: i_759/O (LUT3)
      [E:/bob_full_v1/hw/src/clb/clb.sv:42]
     7: i_759/O (LUT3)
Inferred a: "set_disable_timing -from I1 -to O i_768"
Found timing loop:
     0: i_759/O (LUT3)
      [E:/bob_full_v1/hw/src/clb/clb.sv:42]
     1: i_759/O (LUT3)
Found timing loop:
     0: i_1532/O (LUT3)
      [E:/bob_full_v1/hw/src/clb/clb.sv:42]
     1: i_1532/O (LUT3)
Found timing loop:
     0: i_1531/O (LUT3)
      [E:/bob_full_v1/hw/src/clb/clb.sv:42]
     1: i_1531/O (LUT3)
Found timing loop:
     0: i_1530/O (LUT3)
      [E:/bob_full_v1/hw/src/clb/clb.sv:42]
     1: i_1530/O (LUT3)
Found timing loop:
     0: i_1529/O (LUT3)
      [E:/bob_full_v1/hw/src/clb/clb.sv:42]
     1: i_1529/O (LUT3)
Found timing loop:
     0: i_980/O (LUT3)
      [E:/bob_full_v1/hw/src/clb/clb.sv:42]
     1: i_980/O (LUT3)
Found timing loop:
     0: i_979/O (LUT3)
      [E:/bob_full_v1/hw/src/clb/clb.sv:42]
     1: i_979/O (LUT3)
Found timing loop:
     0: i_978/O (LUT3)
      [E:/bob_full_v1/hw/src/clb/clb.sv:42]
     1: i_978/O (LUT3)
Found timing loop:
     0: i_977/O (LUT3)
      [E:/bob_full_v1/hw/src/clb/clb.sv:42]
     1: i_977/O (LUT3)
Found timing loop:
     0: i_48/O (MUXF7)
      [E:/bob_full_v1/hw/src/clb/mux_bank.v:35]
     1: i_48/I0 (MUXF7)
     2: i_49/O (LUT6)
      [E:/bob_full_v1/hw/src/clb/mux_bank.v:35]
     3: i_49/I5 (LUT6)
     4: i_50/O (LUT6)
      [E:/bob_full_v1/hw/src/clb/mux_bank.v:35]
     5: i_50/I2 (LUT6)
     6: i_131/O (LUT3)
      [E:/bob_full_v1/hw/src/clb/lutk.sv:41]
     7: i_131/O (LUT3)
Inferred a: "set_disable_timing -from I0 -to O i_48"
Found timing loop:
     0: i_303/O (LUT3)
      [E:/bob_full_v1/hw/src/clb/mux_bank.v:35]
     1: i_303/O (LUT3)
Found timing loop:
     0: i_304/O (LUT3)
      [E:/bob_full_v1/hw/src/clb/mux_bank.v:35]
     1: i_304/O (LUT3)
Found timing loop:
     0: i_305/O (LUT3)
      [E:/bob_full_v1/hw/src/clb/mux_bank.v:35]
     1: i_305/O (LUT3)
Found timing loop:
     0: i_306/O (LUT3)
      [E:/bob_full_v1/hw/src/clb/mux_bank.v:35]
     1: i_306/O (LUT3)
Found timing loop:
     0: i_131/O (LUT3)
      [E:/bob_full_v1/hw/src/clb/lutk.sv:41]
     1: i_131/O (LUT3)
Found timing loop:
     0: i_768/O (LUT3)
      [E:/bob_full_v1/hw/src/clb/clb.sv:42]
     1: i_768/O (LUT3)
Found timing loop:
     0: i_767/O (LUT3)
      [E:/bob_full_v1/hw/src/clb/clb.sv:42]
     1: i_767/I1 (LUT3)
     2: i_600/O (LUT5)
      [E:/bob_full_v1/hw/src/clb/clb.sv:42]
     3: i_600/I0 (LUT5)
     4: i_601/O (LUT6)
      [E:/bob_full_v1/hw/src/clb/clb.sv:42]
     5: i_601/I5 (LUT6)
     6: i_48/O (MUXF7)
      [E:/bob_full_v1/hw/src/clb/mux_bank.v:35]
     7: i_48/O (MUXF7)
Inferred a: "set_disable_timing -from I1 -to O i_767"
Found timing loop:
     0: i_759/O (LUT3)
      [E:/bob_full_v1/hw/src/clb/clb.sv:42]
     1: i_759/O (LUT3)
Found timing loop:
     0: i_1532/O (LUT3)
      [E:/bob_full_v1/hw/src/clb/clb.sv:42]
     1: i_1532/O (LUT3)
Found timing loop:
     0: i_1531/O (LUT3)
      [E:/bob_full_v1/hw/src/clb/clb.sv:42]
     1: i_1531/O (LUT3)
Found timing loop:
     0: i_1530/O (LUT3)
      [E:/bob_full_v1/hw/src/clb/clb.sv:42]
     1: i_1530/O (LUT3)
Found timing loop:
     0: i_1529/O (LUT3)
      [E:/bob_full_v1/hw/src/clb/clb.sv:42]
     1: i_1529/O (LUT3)
Found timing loop:
     0: i_980/O (LUT3)
      [E:/bob_full_v1/hw/src/clb/clb.sv:42]
     1: i_980/O (LUT3)
Found timing loop:
     0: i_979/O (LUT3)
      [E:/bob_full_v1/hw/src/clb/clb.sv:42]
     1: i_979/O (LUT3)
Found timing loop:
     0: i_978/O (LUT3)
      [E:/bob_full_v1/hw/src/clb/clb.sv:42]
     1: i_978/O (LUT3)
Found timing loop:
     0: i_977/O (LUT3)
      [E:/bob_full_v1/hw/src/clb/clb.sv:42]
     1: i_977/O (LUT3)
Found timing loop:
     0: i_48/O (MUXF7)
      [E:/bob_full_v1/hw/src/clb/mux_bank.v:35]
     1: i_48/O (MUXF7)
Found timing loop:
     0: i_135/O (LUT3)
      [E:/bob_full_v1/hw/src/clb/mux_bank.v:35]
     1: i_135/I1 (LUT3)
     2: i_43/O (MUXF7)
      [E:/bob_full_v1/hw/src/clb/mux_bank.v:35]
     3: i_43/I0 (MUXF7)
     4: i_44/O (LUT6)
      [E:/bob_full_v1/hw/src/clb/mux_bank.v:35]
     5: i_44/I2 (LUT6)
     6: i_131/O (LUT3)
      [E:/bob_full_v1/hw/src/clb/lutk.sv:41]
     7: i_131/O (LUT3)
Inferred a: "set_disable_timing -from I1 -to O i_135"
Found timing loop:
     0: i_303/O (LUT3)
      [E:/bob_full_v1/hw/src/clb/mux_bank.v:35]
     1: i_303/O (LUT3)
Found timing loop:
     0: i_304/O (LUT3)
      [E:/bob_full_v1/hw/src/clb/mux_bank.v:35]
     1: i_304/O (LUT3)
Found timing loop:
     0: i_305/O (LUT3)
      [E:/bob_full_v1/hw/src/clb/mux_bank.v:35]
     1: i_305/O (LUT3)
Found timing loop:
     0: i_306/O (LUT3)
      [E:/bob_full_v1/hw/src/clb/mux_bank.v:35]
     1: i_306/O (LUT3)
Found timing loop:
     0: i_131/O (LUT3)
      [E:/bob_full_v1/hw/src/clb/lutk.sv:41]
     1: i_131/O (LUT3)
Found timing loop:
     0: i_768/O (LUT3)
      [E:/bob_full_v1/hw/src/clb/clb.sv:42]
     1: i_768/O (LUT3)
Found timing loop:
     0: i_767/O (LUT3)
      [E:/bob_full_v1/hw/src/clb/clb.sv:42]
     1: i_767/O (LUT3)
Found timing loop:
     0: i_766/O (LUT3)
      [E:/bob_full_v1/hw/src/clb/clb.sv:42]
     1: i_766/I1 (LUT3)
     2: i_598/O (LUT5)
      [E:/bob_full_v1/hw/src/clb/clb.sv:42]
     3: i_598/I0 (LUT5)
     4: i_599/O (LUT6)
      [E:/bob_full_v1/hw/src/clb/clb.sv:42]
     5: i_599/I5 (LUT6)
     6: i_48/O (MUXF7)
      [E:/bob_full_v1/hw/src/clb/mux_bank.v:35]
     7: i_48/O (MUXF7)
Inferred a: "set_disable_timing -from I1 -to O i_766"
Found timing loop:
     0: i_759/O (LUT3)
      [E:/bob_full_v1/hw/src/clb/clb.sv:42]
     1: i_759/O (LUT3)
Found timing loop:
     0: i_1532/O (LUT3)
      [E:/bob_full_v1/hw/src/clb/clb.sv:42]
     1: i_1532/O (LUT3)
Found timing loop:
     0: i_1531/O (LUT3)
      [E:/bob_full_v1/hw/src/clb/clb.sv:42]
     1: i_1531/O (LUT3)
Found timing loop:
     0: i_1530/O (LUT3)
      [E:/bob_full_v1/hw/src/clb/clb.sv:42]
     1: i_1530/O (LUT3)
Found timing loop:
     0: i_1529/O (LUT3)
      [E:/bob_full_v1/hw/src/clb/clb.sv:42]
     1: i_1529/O (LUT3)
Found timing loop:
     0: i_980/O (LUT3)
      [E:/bob_full_v1/hw/src/clb/clb.sv:42]
     1: i_980/O (LUT3)
Found timing loop:
     0: i_979/O (LUT3)
      [E:/bob_full_v1/hw/src/clb/clb.sv:42]
     1: i_979/O (LUT3)
Found timing loop:
     0: i_978/O (LUT3)
      [E:/bob_full_v1/hw/src/clb/clb.sv:42]
     1: i_978/O (LUT3)
Found timing loop:
     0: i_977/O (LUT3)
      [E:/bob_full_v1/hw/src/clb/clb.sv:42]
     1: i_977/O (LUT3)
Found timing loop:
     0: i_48/O (MUXF7)
      [E:/bob_full_v1/hw/src/clb/mux_bank.v:35]
     1: i_48/O (MUXF7)
Found timing loop:
     0: i_135/O (LUT3)
      [E:/bob_full_v1/hw/src/clb/mux_bank.v:35]
     1: i_135/O (LUT3)
Found timing loop:
     0: i_136/O (LUT3)
      [E:/bob_full_v1/hw/src/clb/mux_bank.v:35]
     1: i_136/I1 (LUT3)
     2: i_41/O (MUXF7)
      [E:/bob_full_v1/hw/src/clb/mux_bank.v:35]
     3: i_41/I0 (MUXF7)
     4: i_42/O (LUT6)
      [E:/bob_full_v1/hw/src/clb/mux_bank.v:35]
     5: i_42/I2 (LUT6)
     6: i_131/O (LUT3)
      [E:/bob_full_v1/hw/src/clb/lutk.sv:41]
     7: i_131/O (LUT3)
Inferred a: "set_disable_timing -from I1 -to O i_136"
Found timing loop:
     0: i_303/O (LUT3)
      [E:/bob_full_v1/hw/src/clb/mux_bank.v:35]
     1: i_303/O (LUT3)
Found timing loop:
     0: i_304/O (LUT3)
      [E:/bob_full_v1/hw/src/clb/mux_bank.v:35]
     1: i_304/O (LUT3)
Found timing loop:
     0: i_305/O (LUT3)
      [E:/bob_full_v1/hw/src/clb/mux_bank.v:35]
     1: i_305/O (LUT3)
Found timing loop:
     0: i_306/O (LUT3)
      [E:/bob_full_v1/hw/src/clb/mux_bank.v:35]
     1: i_306/O (LUT3)
Found timing loop:
     0: i_131/O (LUT3)
      [E:/bob_full_v1/hw/src/clb/lutk.sv:41]
     1: i_131/O (LUT3)
Found timing loop:
     0: i_768/O (LUT3)
      [E:/bob_full_v1/hw/src/clb/clb.sv:42]
     1: i_768/O (LUT3)
Found timing loop:
     0: i_767/O (LUT3)
      [E:/bob_full_v1/hw/src/clb/clb.sv:42]
     1: i_767/O (LUT3)
Found timing loop:
     0: i_766/O (LUT3)
      [E:/bob_full_v1/hw/src/clb/clb.sv:42]
     1: i_766/O (LUT3)
Found timing loop:
     0: i_765/O (LUT3)
      [E:/bob_full_v1/hw/src/clb/clb.sv:42]
     1: i_765/I1 (LUT3)
     2: i_596/O (LUT5)
      [E:/bob_full_v1/hw/src/clb/clb.sv:42]
     3: i_596/I0 (LUT5)
     4: i_597/O (LUT6)
      [E:/bob_full_v1/hw/src/clb/clb.sv:42]
     5: i_597/I5 (LUT6)
     6: i_48/O (MUXF7)
      [E:/bob_full_v1/hw/src/clb/mux_bank.v:35]
     7: i_48/O (MUXF7)
Inferred a: "set_disable_timing -from I1 -to O i_765"
Found timing loop:
     0: i_303/O (LUT3)
      [E:/bob_full_v1/hw/src/clb/mux_bank.v:35]
     1: i_303/O (LUT3)
Found timing loop:
     0: i_304/O (LUT3)
      [E:/bob_full_v1/hw/src/clb/mux_bank.v:35]
     1: i_304/O (LUT3)
Found timing loop:
     0: i_305/O (LUT3)
      [E:/bob_full_v1/hw/src/clb/mux_bank.v:35]
     1: i_305/O (LUT3)
Found timing loop:
     0: i_306/O (LUT3)
      [E:/bob_full_v1/hw/src/clb/mux_bank.v:35]
     1: i_306/O (LUT3)
Found timing loop:
     0: i_772/O (LUT3)
      [E:/bob_full_v1/hw/src/clb/clb.sv:42]
     1: i_772/O (LUT3)
Found timing loop:
     0: i_771/O (LUT3)
      [E:/bob_full_v1/hw/src/clb/clb.sv:42]
     1: i_771/O (LUT3)
Found timing loop:
     0: i_770/O (LUT3)
      [E:/bob_full_v1/hw/src/clb/clb.sv:42]
     1: i_770/O (LUT3)
Found timing loop:
     0: i_970/O (LUT3)
      [E:/bob_full_v1/hw/src/clb/clb.sv:42]
     1: i_970/I1 (LUT3)
     2: i_777/O (LUT5)
      [E:/bob_full_v1/hw/src/clb/clb.sv:42]
     3: i_777/I4 (LUT5)
     4: i_787/O (LUT3)
      [E:/bob_full_v1/hw/src/clb/clb.sv:42]
     5: i_787/I2 (LUT3)
     6: i_788/O (LUT6)
      [E:/bob_full_v1/hw/src/clb/clb.sv:42]
     7: i_788/I5 (LUT6)
     8: i_798/O (MUXF7)
      [E:/bob_full_v1/hw/src/clb/clb.sv:42]
     9: i_798/I1 (MUXF7)
    10: i_799/O (LUT6)
      [E:/bob_full_v1/hw/src/clb/clb.sv:42]
    11: i_799/I4 (LUT6)
    12: i_803/O (LUT5)
      [E:/bob_full_v1/hw/src/clb/clb.sv:42]
    13: i_803/I4 (LUT5)
    14: i_804/O (LUT6)
      [E:/bob_full_v1/hw/src/clb/clb.sv:42]
    15: i_804/I4 (LUT6)
    16: i_805/O (LUT6)
      [E:/bob_full_v1/hw/src/clb/clb.sv:42]
    17: i_805/I5 (LUT6)
    18: i_1197/O (LUT3)
      [E:/bob_full_v1/hw/src/clb/clb.sv:42]
    19: i_1197/I2 (LUT3)
    20: i_1125/O (LUT3)
      [E:/bob_full_v1/hw/src/clb/clb.sv:42]
    21: i_1125/I0 (LUT3)
    22: i_1126/O (LUT6)
      [E:/bob_full_v1/hw/src/clb/clb.sv:42]
    23: i_1126/I5 (LUT6)
    24: i_988/O (LUT3)
      [E:/bob_full_v1/hw/src/clb/clb.sv:42]
    25: i_988/I1 (LUT3)
    26: i_850/O (LUT6)
      [E:/bob_full_v1/hw/src/clb/clb.sv:42]
    27: i_850/I5 (LUT6)
    28: i_851/O (LUT4)
      [E:/bob_full_v1/hw/src/clb/clb.sv:42]
    29: i_851/I1 (LUT4)
    30: i_970/O (LUT3)
      [E:/bob_full_v1/hw/src/clb/clb.sv:42]
Inferred a: "set_disable_timing -from I1 -to O i_970"
Found timing loop:
     0: i_1536/O (LUT3)
      [E:/bob_full_v1/hw/src/clb/clb.sv:42]
     1: i_1536/O (LUT3)
Found timing loop:
     0: i_1535/O (LUT3)
      [E:/bob_full_v1/hw/src/clb/clb.sv:42]
     1: i_1535/O (LUT3)
Found timing loop:
     0: i_1534/O (LUT3)
      [E:/bob_full_v1/hw/src/clb/clb.sv:42]
     1: i_1534/O (LUT3)
Found timing loop:
     0: i_1533/O (LUT3)
      [E:/bob_full_v1/hw/src/clb/clb.sv:42]
     1: i_1533/I1 (LUT3)
     2: i_1414/O (LUT5)
      [E:/bob_full_v1/hw/src/clb/clb.sv:42]
     3: i_1414/I0 (LUT5)
     4: i_1415/O (LUT6)
      [E:/bob_full_v1/hw/src/clb/clb.sv:42]
     5: i_1415/I5 (LUT6)
     6: i_663/O (LUT6)
      [E:/bob_full_v1/hw/src/clb/clb.sv:42]
     7: i_663/O (LUT6)
Inferred a: "set_disable_timing -from I1 -to O i_1533"
Found timing loop:
     0: i_1536/O (LUT3)
      [E:/bob_full_v1/hw/src/clb/clb.sv:42]
     1: i_1536/O (LUT3)
Found timing loop:
     0: i_1535/O (LUT3)
      [E:/bob_full_v1/hw/src/clb/clb.sv:42]
     1: i_1535/O (LUT3)
Found timing loop:
     0: i_1534/O (LUT3)
      [E:/bob_full_v1/hw/src/clb/clb.sv:42]
     1: i_1534/O (LUT3)
Found timing loop:
     0: i_1533/O (LUT3)
      [E:/bob_full_v1/hw/src/clb/clb.sv:42]
     1: i_1533/O (LUT3)
Found timing loop:
     0: i_1734/O (LUT3)
      [E:/bob_full_v1/hw/src/clb/clb.sv:42]
     1: i_1734/I1 (LUT3)
     2: i_1541/O (LUT5)
      [E:/bob_full_v1/hw/src/clb/clb.sv:42]
     3: i_1541/I4 (LUT5)
     4: i_1551/O (LUT3)
      [E:/bob_full_v1/hw/src/clb/clb.sv:42]
     5: i_1551/I2 (LUT3)
     6: i_1552/O (LUT6)
      [E:/bob_full_v1/hw/src/clb/clb.sv:42]
     7: i_1552/I5 (LUT6)
     8: i_1562/O (MUXF7)
      [E:/bob_full_v1/hw/src/clb/clb.sv:42]
     9: i_1562/I1 (MUXF7)
    10: i_1563/O (LUT6)
      [E:/bob_full_v1/hw/src/clb/clb.sv:42]
    11: i_1563/I4 (LUT6)
    12: i_1567/O (LUT5)
      [E:/bob_full_v1/hw/src/clb/clb.sv:42]
    13: i_1567/I4 (LUT5)
    14: i_1568/O (LUT6)
      [E:/bob_full_v1/hw/src/clb/clb.sv:42]
    15: i_1568/I4 (LUT6)
    16: i_1569/O (LUT6)
      [E:/bob_full_v1/hw/src/clb/clb.sv:42]
    17: i_1569/I5 (LUT6)
    18: i_1961/O (LUT3)
      [E:/bob_full_v1/hw/src/clb/clb.sv:42]
    19: i_1961/I2 (LUT3)
    20: i_1889/O (LUT3)
      [E:/bob_full_v1/hw/src/clb/clb.sv:42]
    21: i_1889/I0 (LUT3)
    22: i_1890/O (LUT6)
      [E:/bob_full_v1/hw/src/clb/clb.sv:42]
    23: i_1890/I5 (LUT6)
    24: i_1752/O (LUT3)
      [E:/bob_full_v1/hw/src/clb/clb.sv:42]
    25: i_1752/I1 (LUT3)
    26: i_1614/O (LUT6)
      [E:/bob_full_v1/hw/src/clb/clb.sv:42]
    27: i_1614/I5 (LUT6)
    28: i_1615/O (LUT4)
      [E:/bob_full_v1/hw/src/clb/clb.sv:42]
    29: i_1615/I1 (LUT4)
    30: i_1734/O (LUT3)
      [E:/bob_full_v1/hw/src/clb/clb.sv:42]
Inferred a: "set_disable_timing -from I1 -to O i_1734"
Found timing loop:
     0: i_2180/O (LUT6)
      [E:/bob_full_v1/hw/src/clb/mux_bank.v:35]
     1: i_2180/O (LUT6)
Found timing loop:
     0: i_2227/O (LUT3)
      [E:/bob_full_v1/hw/src/clb/mux_bank.v:35]
     1: i_2227/O (LUT3)
Found timing loop:
     0: i_2228/O (LUT3)
      [E:/bob_full_v1/hw/src/clb/mux_bank.v:35]
     1: i_2228/O (LUT3)
Found timing loop:
     0: i_2229/O (LUT3)
      [E:/bob_full_v1/hw/src/clb/mux_bank.v:35]
     1: i_2229/I1 (LUT3)
     2: i_2133/O (LUT5)
      [E:/bob_full_v1/hw/src/clb/mux_bank.v:35]
     3: i_2133/I0 (LUT5)
     4: i_2134/O (LUT6)
      [E:/bob_full_v1/hw/src/clb/mux_bank.v:35]
     5: i_2134/I5 (LUT6)
     6: i_1428/O (LUT6)
      [E:/bob_full_v1/hw/src/clb/clb.sv:42]
     7: i_1428/O (LUT6)
Inferred a: "set_disable_timing -from I1 -to O i_2229"
Found timing loop:
     0: i_2180/O (LUT6)
      [E:/bob_full_v1/hw/src/clb/mux_bank.v:35]
     1: i_2180/O (LUT6)
Found timing loop:
     0: i_2227/O (LUT3)
      [E:/bob_full_v1/hw/src/clb/mux_bank.v:35]
     1: i_2227/O (LUT3)
Found timing loop:
     0: i_2228/O (LUT3)
      [E:/bob_full_v1/hw/src/clb/mux_bank.v:35]
     1: i_2228/O (LUT3)
Found timing loop:
     0: i_2229/O (LUT3)
      [E:/bob_full_v1/hw/src/clb/mux_bank.v:35]
     1: i_2229/O (LUT3)
Found timing loop:
     0: i_2366/O (LUT3)
      [E:/bob_full_v1/hw/src/clb/lutk.sv:41]
     1: i_2366/I2 (LUT3)
     2: i_2249/O (MUXF7)
      [E:/bob_full_v1/hw/src/clb/lutk.sv:41]
     3: i_2249/I1 (MUXF7)
     4: i_2255/O (MUXF7)
      [E:/bob_full_v1/hw/src/clb/lutk.sv:41]
     5: i_2255/I1 (MUXF7)
     6: i_2256/O (LUT6)
      [E:/bob_full_v1/hw/src/clb/lutk.sv:41]
     7: i_2256/I4 (LUT6)
     8: i_2359/O (LUT3)
      [E:/bob_full_v1/hw/src/clb/mux_bank.v:35]
     9: i_2359/I1 (LUT3)
    10: i_2288/O (LUT5)
      [E:/bob_full_v1/hw/src/clb/mux_bank.v:35]
    11: i_2288/I4 (LUT5)
    12: i_6202/O (LUT5)
      [E:/bob_full_v1/hw/src/top/fpga4x4_top.v:13]
    13: i_6202/I3 (LUT5)
    14: i_2366/O (LUT3)
      [E:/bob_full_v1/hw/src/clb/lutk.sv:41]
Inferred a: "set_disable_timing -from I2 -to O i_2366"
Found timing loop:
     0: i_2366/O (LUT3)
      [E:/bob_full_v1/hw/src/clb/lutk.sv:41]
     1: i_2366/O (LUT3)
Found timing loop:
     0: i_2366/O (LUT3)
      [E:/bob_full_v1/hw/src/clb/lutk.sv:41]
     1: i_2366/O (LUT3)
Found timing loop:
     0: i_2358/O (LUT3)
      [E:/bob_full_v1/hw/src/clb/clb.sv:77]
     1: i_2358/I1 (LUT3)
     2: i_2245/O (LUT5)
      [E:/bob_full_v1/hw/src/clb/clb.sv:60]
     3: i_2245/I4 (LUT5)
     4: i_2246/O (LUT5)
      [E:/bob_full_v1/hw/src/clb/lutk.sv:41]
     5: i_2246/I4 (LUT5)
     6: i_2366/O (LUT3)
      [E:/bob_full_v1/hw/src/clb/lutk.sv:41]
     7: i_2366/O (LUT3)
Inferred a: "set_disable_timing -from I1 -to O i_2358"
Found timing loop:
     0: i_1536/O (LUT3)
      [E:/bob_full_v1/hw/src/clb/clb.sv:42]
     1: i_1536/O (LUT3)
Found timing loop:
     0: i_1535/O (LUT3)
      [E:/bob_full_v1/hw/src/clb/clb.sv:42]
     1: i_1535/O (LUT3)
Found timing loop:
     0: i_1534/O (LUT3)
      [E:/bob_full_v1/hw/src/clb/clb.sv:42]
     1: i_1534/O (LUT3)
Found timing loop:
     0: i_1533/O (LUT3)
      [E:/bob_full_v1/hw/src/clb/clb.sv:42]
     1: i_1533/O (LUT3)
Found timing loop:
     0: i_1734/O (LUT3)
      [E:/bob_full_v1/hw/src/clb/clb.sv:42]
     1: i_1734/O (LUT3)
Found timing loop:
     0: i_1738/O (LUT2)
      [E:/bob_full_v1/hw/src/clb/clb.sv:42]
     1: i_1738/I1 (LUT2)
     2: i_1737/O (LUT2)
      [E:/bob_full_v1/hw/src/clb/clb.sv:42]
     3: i_1737/I1 (LUT2)
     4: i_6157/O (LUT3)
      [E:/bob_full_v1/hw/src/top/fpga4x4_top.v:13]
     5: i_6157/I2 (LUT3)
     6: i_1584/O (LUT6)
      [E:/bob_full_v1/hw/src/clb/clb.sv:42]
     7: i_1584/I5 (LUT6)
     8: i_1585/O (LUT6)
      [E:/bob_full_v1/hw/src/clb/clb.sv:42]
     9: i_1585/I4 (LUT6)
    10: i_1627/O (LUT6)
      [E:/bob_full_v1/hw/src/clb/clb.sv:42]
    11: i_1627/I5 (LUT6)
    12: i_2371/O (LUT3)
      [E:/bob_full_v1/hw/src/clb/mux_bank.v:35]
    13: i_2371/I1 (LUT3)
    14: i_2334/O (LUT5)
      [E:/bob_full_v1/hw/src/clb/mux_bank.v:35]
    15: i_2334/I4 (LUT5)
    16: i_6214/O (LUT5)
      [E:/bob_full_v1/hw/src/top/fpga4x4_top.v:13]
    17: i_6214/I3 (LUT5)
    18: i_2366/O (LUT3)
      [E:/bob_full_v1/hw/src/clb/lutk.sv:41]
    19: i_2366/O (LUT3)
Inferred a: "set_disable_timing -from I1 -to O i_1738"
Found timing loop:
     0: i_2371/O (LUT3)
      [E:/bob_full_v1/hw/src/clb/mux_bank.v:35]
     1: i_2371/I1 (LUT3)
     2: i_2334/O (LUT5)
      [E:/bob_full_v1/hw/src/clb/mux_bank.v:35]
     3: i_2334/I4 (LUT5)
     4: i_6214/O (LUT5)
      [E:/bob_full_v1/hw/src/top/fpga4x4_top.v:13]
     5: i_6214/I3 (LUT5)
     6: i_2366/O (LUT3)
      [E:/bob_full_v1/hw/src/clb/lutk.sv:41]
     7: i_2366/O (LUT3)
Inferred a: "set_disable_timing -from I1 -to O i_2371"
Found timing loop:
     0: i_2180/O (LUT6)
      [E:/bob_full_v1/hw/src/clb/mux_bank.v:35]
     1: i_2180/O (LUT6)
Found timing loop:
     0: i_2227/O (LUT3)
      [E:/bob_full_v1/hw/src/clb/mux_bank.v:35]
     1: i_2227/O (LUT3)
Found timing loop:
     0: i_2228/O (LUT3)
      [E:/bob_full_v1/hw/src/clb/mux_bank.v:35]
     1: i_2228/O (LUT3)
Found timing loop:
     0: i_2229/O (LUT3)
      [E:/bob_full_v1/hw/src/clb/mux_bank.v:35]
     1: i_2229/O (LUT3)
Found timing loop:
     0: i_2366/O (LUT3)
      [E:/bob_full_v1/hw/src/clb/lutk.sv:41]
     1: i_2366/O (LUT3)
Found timing loop:
     0: i_2358/O (LUT3)
      [E:/bob_full_v1/hw/src/clb/clb.sv:77]
     1: i_2358/O (LUT3)
Found timing loop:
     0: i_2366/O (LUT3)
      [E:/bob_full_v1/hw/src/clb/lutk.sv:41]
     1: i_2366/O (LUT3)
Found timing loop:
     0: i_2358/O (LUT3)
      [E:/bob_full_v1/hw/src/clb/clb.sv:77]
     1: i_2358/O (LUT3)
Found timing loop:
     0: i_1756/O (LUT3)
      [E:/bob_full_v1/hw/src/clb/clb.sv:42]
     1: i_1756/I1 (LUT3)
     2: i_1622/O (LUT6)
      [E:/bob_full_v1/hw/src/clb/clb.sv:42]
     3: i_1622/I3 (LUT6)
     4: i_1729/O (LUT6)
      [E:/bob_full_v1/hw/src/clb/clb.sv:42]
     5: i_1729/I5 (LUT6)
     6: i_2371/O (LUT3)
      [E:/bob_full_v1/hw/src/clb/mux_bank.v:35]
     7: i_2371/O (LUT3)
Inferred a: "set_disable_timing -from I1 -to O i_1756"
Found timing loop:
     0: i_1536/O (LUT3)
      [E:/bob_full_v1/hw/src/clb/clb.sv:42]
     1: i_1536/O (LUT3)
Found timing loop:
     0: i_1535/O (LUT3)
      [E:/bob_full_v1/hw/src/clb/clb.sv:42]
     1: i_1535/O (LUT3)
Found timing loop:
     0: i_1534/O (LUT3)
      [E:/bob_full_v1/hw/src/clb/clb.sv:42]
     1: i_1534/O (LUT3)
Found timing loop:
     0: i_1533/O (LUT3)
      [E:/bob_full_v1/hw/src/clb/clb.sv:42]
     1: i_1533/O (LUT3)
Found timing loop:
     0: i_1734/O (LUT3)
      [E:/bob_full_v1/hw/src/clb/clb.sv:42]
     1: i_1734/O (LUT3)
Found timing loop:
     0: i_1738/O (LUT2)
      [E:/bob_full_v1/hw/src/clb/clb.sv:42]
     1: i_1738/O (LUT2)
Found timing loop:
     0: i_2371/O (LUT3)
      [E:/bob_full_v1/hw/src/clb/mux_bank.v:35]
     1: i_2371/O (LUT3)
Found timing loop:
     0: i_2372/O (LUT3)
      [E:/bob_full_v1/hw/src/clb/mux_bank.v:35]
     1: i_2372/I1 (LUT3)
     2: i_2337/O (LUT5)
      [E:/bob_full_v1/hw/src/clb/mux_bank.v:35]
     3: i_2337/I2 (LUT5)
     4: i_2338/O (LUT6)
      [E:/bob_full_v1/hw/src/clb/mux_bank.v:35]
     5: i_2338/I5 (LUT6)
     6: i_2534/O (LUT3)
      [E:/bob_full_v1/hw/src/clb/mux_bank.v:35]
     7: i_2534/I2 (LUT3)
     8: i_6072/O (LUT3)
      [E:/bob_full_v1/hw/src/top/fpga4x4_top.v:13]
     9: i_6072/I1 (LUT3)
    10: i_2427/O (LUT6)
      [E:/bob_full_v1/hw/src/clb/mux_bank.v:35]
    11: i_2427/I5 (LUT6)
    12: i_2282/O (LUT6)
      [E:/bob_full_v1/hw/src/clb/mux_bank.v:35]
    13: i_2282/I3 (LUT6)
    14: i_2321/O (MUXF7)
      [E:/bob_full_v1/hw/src/clb/mux_bank.v:35]
    15: i_2321/I1 (MUXF7)
    16: i_2323/O (LUT6)
      [E:/bob_full_v1/hw/src/clb/mux_bank.v:35]
    17: i_2323/I5 (LUT6)
    18: i_1756/O (LUT3)
      [E:/bob_full_v1/hw/src/clb/clb.sv:42]
    19: i_1756/O (LUT3)
Inferred a: "set_disable_timing -from I1 -to O i_2372"
Found timing loop:
     0: i_2180/O (LUT6)
      [E:/bob_full_v1/hw/src/clb/mux_bank.v:35]
     1: i_2180/O (LUT6)
Found timing loop:
     0: i_2227/O (LUT3)
      [E:/bob_full_v1/hw/src/clb/mux_bank.v:35]
     1: i_2227/O (LUT3)
Found timing loop:
     0: i_2228/O (LUT3)
      [E:/bob_full_v1/hw/src/clb/mux_bank.v:35]
     1: i_2228/O (LUT3)
Found timing loop:
     0: i_2229/O (LUT3)
      [E:/bob_full_v1/hw/src/clb/mux_bank.v:35]
     1: i_2229/O (LUT3)
Found timing loop:
     0: i_2366/O (LUT3)
      [E:/bob_full_v1/hw/src/clb/lutk.sv:41]
     1: i_2366/O (LUT3)
Found timing loop:
     0: i_2358/O (LUT3)
      [E:/bob_full_v1/hw/src/clb/clb.sv:77]
     1: i_2358/O (LUT3)
Found timing loop:
     0: i_2534/O (LUT3)
      [E:/bob_full_v1/hw/src/clb/mux_bank.v:35]
     1: i_2534/I2 (LUT3)
     2: i_6072/O (LUT3)
      [E:/bob_full_v1/hw/src/top/fpga4x4_top.v:13]
     3: i_6072/I1 (LUT3)
     4: i_2427/O (LUT6)
      [E:/bob_full_v1/hw/src/clb/mux_bank.v:35]
     5: i_2427/I5 (LUT6)
     6: i_2282/O (LUT6)
      [E:/bob_full_v1/hw/src/clb/mux_bank.v:35]
     7: i_2282/I3 (LUT6)
     8: i_2321/O (MUXF7)
      [E:/bob_full_v1/hw/src/clb/mux_bank.v:35]
     9: i_2321/I1 (MUXF7)
    10: i_2323/O (LUT6)
      [E:/bob_full_v1/hw/src/clb/mux_bank.v:35]
    11: i_2323/I5 (LUT6)
    12: i_1756/O (LUT3)
      [E:/bob_full_v1/hw/src/clb/clb.sv:42]
    13: i_1756/O (LUT3)
Inferred a: "set_disable_timing -from I2 -to O i_2534"
Found timing loop:
     0: i_2282/O (LUT6)
      [E:/bob_full_v1/hw/src/clb/mux_bank.v:35]
     1: i_2282/I3 (LUT6)
     2: i_2321/O (MUXF7)
      [E:/bob_full_v1/hw/src/clb/mux_bank.v:35]
     3: i_2321/I1 (MUXF7)
     4: i_2323/O (LUT6)
      [E:/bob_full_v1/hw/src/clb/mux_bank.v:35]
     5: i_2323/I5 (LUT6)
     6: i_1756/O (LUT3)
      [E:/bob_full_v1/hw/src/clb/clb.sv:42]
     7: i_1756/O (LUT3)
Inferred a: "set_disable_timing -from I3 -to O i_2282"
Found timing loop:
     0: i_2180/O (LUT6)
      [E:/bob_full_v1/hw/src/clb/mux_bank.v:35]
     1: i_2180/O (LUT6)
Found timing loop:
     0: i_2227/O (LUT3)
      [E:/bob_full_v1/hw/src/clb/mux_bank.v:35]
     1: i_2227/O (LUT3)
Found timing loop:
     0: i_2228/O (LUT3)
      [E:/bob_full_v1/hw/src/clb/mux_bank.v:35]
     1: i_2228/O (LUT3)
Found timing loop:
     0: i_2229/O (LUT3)
      [E:/bob_full_v1/hw/src/clb/mux_bank.v:35]
     1: i_2229/O (LUT3)
Found timing loop:
     0: i_2366/O (LUT3)
      [E:/bob_full_v1/hw/src/clb/lutk.sv:41]
     1: i_2366/O (LUT3)
Found timing loop:
     0: i_2358/O (LUT3)
      [E:/bob_full_v1/hw/src/clb/clb.sv:77]
     1: i_2358/O (LUT3)
Found timing loop:
     0: i_2534/O (LUT3)
      [E:/bob_full_v1/hw/src/clb/mux_bank.v:35]
     1: i_2534/O (LUT3)
Found timing loop:
     0: i_2536/O (LUT3)
      [E:/bob_full_v1/hw/src/clb/mux_bank.v:35]
     1: i_2536/I2 (LUT3)
     2: i_6062/O (LUT3)
      [E:/bob_full_v1/hw/src/top/fpga4x4_top.v:13]
     3: i_6062/I1 (LUT3)
     4: i_2386/O (LUT6)
      [E:/bob_full_v1/hw/src/clb/mux_bank.v:35]
     5: i_2386/I5 (LUT6)
     6: i_2282/O (LUT6)
      [E:/bob_full_v1/hw/src/clb/mux_bank.v:35]
     7: i_2282/O (LUT6)
Inferred a: "set_disable_timing -from I2 -to O i_2536"
Found timing loop:
     0: i_2282/O (LUT6)
      [E:/bob_full_v1/hw/src/clb/mux_bank.v:35]
     1: i_2282/O (LUT6)
Found timing loop:
     0: i_2368/O (LUT3)
      [E:/bob_full_v1/hw/src/clb/mux_bank.v:35]
     1: i_2368/I1 (LUT3)
     2: i_2325/O (LUT5)
      [E:/bob_full_v1/hw/src/clb/mux_bank.v:35]
     3: i_2325/I2 (LUT5)
     4: i_2326/O (LUT6)
      [E:/bob_full_v1/hw/src/clb/mux_bank.v:35]
     5: i_2326/I5 (LUT6)
     6: i_2534/O (LUT3)
      [E:/bob_full_v1/hw/src/clb/mux_bank.v:35]
     7: i_2534/O (LUT3)
Inferred a: "set_disable_timing -from I1 -to O i_2368"
Found timing loop:
     0: i_2180/O (LUT6)
      [E:/bob_full_v1/hw/src/clb/mux_bank.v:35]
     1: i_2180/O (LUT6)
Found timing loop:
     0: i_2227/O (LUT3)
      [E:/bob_full_v1/hw/src/clb/mux_bank.v:35]
     1: i_2227/O (LUT3)
Found timing loop:
     0: i_2228/O (LUT3)
      [E:/bob_full_v1/hw/src/clb/mux_bank.v:35]
     1: i_2228/O (LUT3)
Found timing loop:
     0: i_2229/O (LUT3)
      [E:/bob_full_v1/hw/src/clb/mux_bank.v:35]
     1: i_2229/O (LUT3)
Found timing loop:
     0: i_2366/O (LUT3)
      [E:/bob_full_v1/hw/src/clb/lutk.sv:41]
     1: i_2366/O (LUT3)
Found timing loop:
     0: i_2358/O (LUT3)
      [E:/bob_full_v1/hw/src/clb/clb.sv:77]
     1: i_2358/O (LUT3)
Found timing loop:
     0: i_2534/O (LUT3)
      [E:/bob_full_v1/hw/src/clb/mux_bank.v:35]
     1: i_2534/O (LUT3)
Found timing loop:
     0: i_2536/O (LUT3)
      [E:/bob_full_v1/hw/src/clb/mux_bank.v:35]
     1: i_2536/O (LUT3)
Found timing loop:
     0: i_2538/O (LUT3)
      [E:/bob_full_v1/hw/src/clb/mux_bank.v:35]
     1: i_2538/I2 (LUT3)
     2: i_6061/O (LUT3)
      [E:/bob_full_v1/hw/src/top/fpga4x4_top.v:13]
     3: i_6061/I1 (LUT3)
     4: i_2385/O (LUT6)
      [E:/bob_full_v1/hw/src/clb/mux_bank.v:35]
     5: i_2385/I5 (LUT6)
     6: i_2282/O (LUT6)
      [E:/bob_full_v1/hw/src/clb/mux_bank.v:35]
     7: i_2282/O (LUT6)
Inferred a: "set_disable_timing -from I2 -to O i_2538"
Found timing loop:
     0: i_2282/O (LUT6)
      [E:/bob_full_v1/hw/src/clb/mux_bank.v:35]
     1: i_2282/O (LUT6)
Found timing loop:
     0: i_2368/O (LUT3)
      [E:/bob_full_v1/hw/src/clb/mux_bank.v:35]
     1: i_2368/O (LUT3)
Found timing loop:
     0: i_2369/O (LUT3)
      [E:/bob_full_v1/hw/src/clb/mux_bank.v:35]
     1: i_2369/I1 (LUT3)
     2: i_2328/O (LUT5)
      [E:/bob_full_v1/hw/src/clb/mux_bank.v:35]
     3: i_2328/I2 (LUT5)
     4: i_2329/O (LUT6)
      [E:/bob_full_v1/hw/src/clb/mux_bank.v:35]
     5: i_2329/I5 (LUT6)
     6: i_2534/O (LUT3)
      [E:/bob_full_v1/hw/src/clb/mux_bank.v:35]
     7: i_2534/O (LUT3)
Inferred a: "set_disable_timing -from I1 -to O i_2369"
Found timing loop:
     0: i_2180/O (LUT6)
      [E:/bob_full_v1/hw/src/clb/mux_bank.v:35]
     1: i_2180/O (LUT6)
Found timing loop:
     0: i_2227/O (LUT3)
      [E:/bob_full_v1/hw/src/clb/mux_bank.v:35]
     1: i_2227/O (LUT3)
Found timing loop:
     0: i_2228/O (LUT3)
      [E:/bob_full_v1/hw/src/clb/mux_bank.v:35]
     1: i_2228/O (LUT3)
Found timing loop:
     0: i_2229/O (LUT3)
      [E:/bob_full_v1/hw/src/clb/mux_bank.v:35]
     1: i_2229/O (LUT3)
Found timing loop:
     0: i_2366/O (LUT3)
      [E:/bob_full_v1/hw/src/clb/lutk.sv:41]
     1: i_2366/O (LUT3)
Found timing loop:
     0: i_2358/O (LUT3)
      [E:/bob_full_v1/hw/src/clb/clb.sv:77]
     1: i_2358/O (LUT3)
Found timing loop:
     0: i_2534/O (LUT3)
      [E:/bob_full_v1/hw/src/clb/mux_bank.v:35]
     1: i_2534/O (LUT3)
Found timing loop:
     0: i_2536/O (LUT3)
      [E:/bob_full_v1/hw/src/clb/mux_bank.v:35]
     1: i_2536/O (LUT3)
Found timing loop:
     0: i_2538/O (LUT3)
      [E:/bob_full_v1/hw/src/clb/mux_bank.v:35]
     1: i_2538/O (LUT3)
Found timing loop:
     0: i_2540/O (LUT3)
      [E:/bob_full_v1/hw/src/clb/mux_bank.v:35]
     1: i_2540/I2 (LUT3)
     2: i_6060/O (LUT3)
      [E:/bob_full_v1/hw/src/top/fpga4x4_top.v:13]
     3: i_6060/I1 (LUT3)
     4: i_2384/O (LUT6)
      [E:/bob_full_v1/hw/src/clb/mux_bank.v:35]
     5: i_2384/I5 (LUT6)
     6: i_2282/O (LUT6)
      [E:/bob_full_v1/hw/src/clb/mux_bank.v:35]
     7: i_2282/O (LUT6)
Inferred a: "set_disable_timing -from I2 -to O i_2540"
Found timing loop:
     0: i_1756/O (LUT3)
      [E:/bob_full_v1/hw/src/clb/clb.sv:42]
     1: i_1756/O (LUT3)
Found timing loop:
     0: i_1755/O (LUT3)
      [E:/bob_full_v1/hw/src/clb/clb.sv:42]
     1: i_1755/I1 (LUT3)
     2: i_1620/O (LUT6)
      [E:/bob_full_v1/hw/src/clb/clb.sv:42]
     3: i_1620/I3 (LUT6)
     4: i_1724/O (LUT6)
      [E:/bob_full_v1/hw/src/clb/clb.sv:42]
     5: i_1724/I5 (LUT6)
     6: i_2371/O (LUT3)
      [E:/bob_full_v1/hw/src/clb/mux_bank.v:35]
     7: i_2371/O (LUT3)
Inferred a: "set_disable_timing -from I1 -to O i_1755"
Found timing loop:
     0: i_1536/O (LUT3)
      [E:/bob_full_v1/hw/src/clb/clb.sv:42]
     1: i_1536/O (LUT3)
Found timing loop:
     0: i_1535/O (LUT3)
      [E:/bob_full_v1/hw/src/clb/clb.sv:42]
     1: i_1535/O (LUT3)
Found timing loop:
     0: i_1534/O (LUT3)
      [E:/bob_full_v1/hw/src/clb/clb.sv:42]
     1: i_1534/O (LUT3)
Found timing loop:
     0: i_1533/O (LUT3)
      [E:/bob_full_v1/hw/src/clb/clb.sv:42]
     1: i_1533/O (LUT3)
Found timing loop:
     0: i_1734/O (LUT3)
      [E:/bob_full_v1/hw/src/clb/clb.sv:42]
     1: i_1734/O (LUT3)
Found timing loop:
     0: i_1738/O (LUT2)
      [E:/bob_full_v1/hw/src/clb/clb.sv:42]
     1: i_1738/O (LUT2)
Found timing loop:
     0: i_2371/O (LUT3)
      [E:/bob_full_v1/hw/src/clb/mux_bank.v:35]
     1: i_2371/O (LUT3)
Found timing loop:
     0: i_2372/O (LUT3)
      [E:/bob_full_v1/hw/src/clb/mux_bank.v:35]
     1: i_2372/O (LUT3)
Found timing loop:
     0: i_2373/O (LUT3)
      [E:/bob_full_v1/hw/src/clb/mux_bank.v:35]
     1: i_2373/I1 (LUT3)
     2: i_2340/O (LUT5)
      [E:/bob_full_v1/hw/src/clb/mux_bank.v:35]
     3: i_2340/I2 (LUT5)
     4: i_2341/O (LUT6)
      [E:/bob_full_v1/hw/src/clb/mux_bank.v:35]
     5: i_2341/I5 (LUT6)
     6: i_2534/O (LUT3)
      [E:/bob_full_v1/hw/src/clb/mux_bank.v:35]
     7: i_2534/O (LUT3)
Inferred a: "set_disable_timing -from I1 -to O i_2373"
Found timing loop:
     0: i_2180/O (LUT6)
      [E:/bob_full_v1/hw/src/clb/mux_bank.v:35]
     1: i_2180/O (LUT6)
Found timing loop:
     0: i_2227/O (LUT3)
      [E:/bob_full_v1/hw/src/clb/mux_bank.v:35]
     1: i_2227/O (LUT3)
Found timing loop:
     0: i_2228/O (LUT3)
      [E:/bob_full_v1/hw/src/clb/mux_bank.v:35]
     1: i_2228/O (LUT3)
Found timing loop:
     0: i_2229/O (LUT3)
      [E:/bob_full_v1/hw/src/clb/mux_bank.v:35]
     1: i_2229/O (LUT3)
Found timing loop:
     0: i_2366/O (LUT3)
      [E:/bob_full_v1/hw/src/clb/lutk.sv:41]
     1: i_2366/O (LUT3)
Found timing loop:
     0: i_2358/O (LUT3)
      [E:/bob_full_v1/hw/src/clb/clb.sv:77]
     1: i_2358/O (LUT3)
Found timing loop:
     0: i_2534/O (LUT3)
      [E:/bob_full_v1/hw/src/clb/mux_bank.v:35]
     1: i_2534/O (LUT3)
Found timing loop:
     0: i_2536/O (LUT3)
      [E:/bob_full_v1/hw/src/clb/mux_bank.v:35]
     1: i_2536/O (LUT3)
Found timing loop:
     0: i_2538/O (LUT3)
      [E:/bob_full_v1/hw/src/clb/mux_bank.v:35]
     1: i_2538/O (LUT3)
Found timing loop:
     0: i_2540/O (LUT3)
      [E:/bob_full_v1/hw/src/clb/mux_bank.v:35]
     1: i_2540/O (LUT3)
Found timing loop:
     0: i_1756/O (LUT3)
      [E:/bob_full_v1/hw/src/clb/clb.sv:42]
     1: i_1756/O (LUT3)
Found timing loop:
     0: i_1755/O (LUT3)
      [E:/bob_full_v1/hw/src/clb/clb.sv:42]
     1: i_1755/O (LUT3)
Found timing loop:
     0: i_1754/O (LUT3)
      [E:/bob_full_v1/hw/src/clb/clb.sv:42]
     1: i_1754/I1 (LUT3)
     2: i_1618/O (LUT6)
      [E:/bob_full_v1/hw/src/clb/clb.sv:42]
     3: i_1618/I3 (LUT6)
     4: i_1719/O (LUT6)
      [E:/bob_full_v1/hw/src/clb/clb.sv:42]
     5: i_1719/I5 (LUT6)
     6: i_2371/O (LUT3)
      [E:/bob_full_v1/hw/src/clb/mux_bank.v:35]
     7: i_2371/O (LUT3)
Inferred a: "set_disable_timing -from I1 -to O i_1754"
Found timing loop:
     0: i_1536/O (LUT3)
      [E:/bob_full_v1/hw/src/clb/clb.sv:42]
     1: i_1536/O (LUT3)
Found timing loop:
     0: i_1535/O (LUT3)
      [E:/bob_full_v1/hw/src/clb/clb.sv:42]
     1: i_1535/O (LUT3)
Found timing loop:
     0: i_1534/O (LUT3)
      [E:/bob_full_v1/hw/src/clb/clb.sv:42]
     1: i_1534/O (LUT3)
Found timing loop:
     0: i_1533/O (LUT3)
      [E:/bob_full_v1/hw/src/clb/clb.sv:42]
     1: i_1533/O (LUT3)
Found timing loop:
     0: i_1734/O (LUT3)
      [E:/bob_full_v1/hw/src/clb/clb.sv:42]
     1: i_1734/O (LUT3)
Found timing loop:
     0: i_1738/O (LUT2)
      [E:/bob_full_v1/hw/src/clb/clb.sv:42]
     1: i_1738/O (LUT2)
Found timing loop:
     0: i_2371/O (LUT3)
      [E:/bob_full_v1/hw/src/clb/mux_bank.v:35]
     1: i_2371/O (LUT3)
Found timing loop:
     0: i_2372/O (LUT3)
      [E:/bob_full_v1/hw/src/clb/mux_bank.v:35]
     1: i_2372/O (LUT3)
Found timing loop:
     0: i_2373/O (LUT3)
      [E:/bob_full_v1/hw/src/clb/mux_bank.v:35]
     1: i_2373/O (LUT3)
Found timing loop:
     0: i_2374/O (LUT3)
      [E:/bob_full_v1/hw/src/clb/mux_bank.v:35]
     1: i_2374/I1 (LUT3)
     2: i_2343/O (LUT5)
      [E:/bob_full_v1/hw/src/clb/mux_bank.v:35]
     3: i_2343/I0 (LUT5)
     4: i_2345/O (LUT6)
      [E:/bob_full_v1/hw/src/clb/mux_bank.v:35]
     5: i_2345/I5 (LUT6)
     6: i_1756/O (LUT3)
      [E:/bob_full_v1/hw/src/clb/clb.sv:42]
     7: i_1756/O (LUT3)
Inferred a: "set_disable_timing -from I1 -to O i_2374"
Found timing loop:
     0: i_1961/O (LUT3)
      [E:/bob_full_v1/hw/src/clb/clb.sv:42]
     1: i_1961/I2 (LUT3)
     2: i_1889/O (LUT3)
      [E:/bob_full_v1/hw/src/clb/clb.sv:42]
     3: i_1889/I0 (LUT3)
     4: i_1890/O (LUT6)
      [E:/bob_full_v1/hw/src/clb/clb.sv:42]
     5: i_1890/I5 (LUT6)
     6: i_1752/O (LUT3)
      [E:/bob_full_v1/hw/src/clb/clb.sv:42]
     7: i_1752/I1 (LUT3)
     8: i_1614/O (LUT6)
      [E:/bob_full_v1/hw/src/clb/clb.sv:42]
     9: i_1614/I5 (LUT6)
    10: i_1615/O (LUT4)
      [E:/bob_full_v1/hw/src/clb/clb.sv:42]
    11: i_1615/I1 (LUT4)
    12: i_1734/O (LUT3)
      [E:/bob_full_v1/hw/src/clb/clb.sv:42]
    13: i_1734/O (LUT3)
Inferred a: "set_disable_timing -from I2 -to O i_1961"
Found timing loop:
     0: i_1752/O (LUT3)
      [E:/bob_full_v1/hw/src/clb/clb.sv:42]
     1: i_1752/I1 (LUT3)
     2: i_1614/O (LUT6)
      [E:/bob_full_v1/hw/src/clb/clb.sv:42]
     3: i_1614/I5 (LUT6)
     4: i_1615/O (LUT4)
      [E:/bob_full_v1/hw/src/clb/clb.sv:42]
     5: i_1615/I1 (LUT4)
     6: i_1734/O (LUT3)
      [E:/bob_full_v1/hw/src/clb/clb.sv:42]
     7: i_1734/O (LUT3)
Inferred a: "set_disable_timing -from I1 -to O i_1752"
Found timing loop:
     0: i_1536/O (LUT3)
      [E:/bob_full_v1/hw/src/clb/clb.sv:42]
     1: i_1536/O (LUT3)
Found timing loop:
     0: i_1535/O (LUT3)
      [E:/bob_full_v1/hw/src/clb/clb.sv:42]
     1: i_1535/O (LUT3)
Found timing loop:
     0: i_1534/O (LUT3)
      [E:/bob_full_v1/hw/src/clb/clb.sv:42]
     1: i_1534/O (LUT3)
Found timing loop:
     0: i_1533/O (LUT3)
      [E:/bob_full_v1/hw/src/clb/clb.sv:42]
     1: i_1533/O (LUT3)
Found timing loop:
     0: i_1734/O (LUT3)
      [E:/bob_full_v1/hw/src/clb/clb.sv:42]
     1: i_1734/O (LUT3)
Found timing loop:
     0: i_1738/O (LUT2)
      [E:/bob_full_v1/hw/src/clb/clb.sv:42]
     1: i_1738/O (LUT2)
Found timing loop:
     0: i_2371/O (LUT3)
      [E:/bob_full_v1/hw/src/clb/mux_bank.v:35]
     1: i_2371/O (LUT3)
Found timing loop:
     0: i_2372/O (LUT3)
      [E:/bob_full_v1/hw/src/clb/mux_bank.v:35]
     1: i_2372/O (LUT3)
Found timing loop:
     0: i_2373/O (LUT3)
      [E:/bob_full_v1/hw/src/clb/mux_bank.v:35]
     1: i_2373/O (LUT3)
Found timing loop:
     0: i_2374/O (LUT3)
      [E:/bob_full_v1/hw/src/clb/mux_bank.v:35]
     1: i_2374/O (LUT3)
Found timing loop:
     0: i_1961/O (LUT3)
      [E:/bob_full_v1/hw/src/clb/clb.sv:42]
     1: i_1961/O (LUT3)
Found timing loop:
     0: i_1960/O (LUT3)
      [E:/bob_full_v1/hw/src/clb/clb.sv:42]
     1: i_1960/I2 (LUT3)
     2: i_1884/O (LUT3)
      [E:/bob_full_v1/hw/src/clb/clb.sv:42]
     3: i_1884/I0 (LUT3)
     4: i_1885/O (LUT6)
      [E:/bob_full_v1/hw/src/clb/clb.sv:42]
     5: i_1885/I5 (LUT6)
     6: i_1752/O (LUT3)
      [E:/bob_full_v1/hw/src/clb/clb.sv:42]
     7: i_1752/O (LUT3)
Inferred a: "set_disable_timing -from I2 -to O i_1960"
Found timing loop:
     0: i_1752/O (LUT3)
      [E:/bob_full_v1/hw/src/clb/clb.sv:42]
     1: i_1752/O (LUT3)
Found timing loop:
     0: i_1751/O (LUT3)
      [E:/bob_full_v1/hw/src/clb/clb.sv:42]
     1: i_1751/I1 (LUT3)
     2: i_1612/O (LUT6)
      [E:/bob_full_v1/hw/src/clb/clb.sv:42]
     3: i_1612/I1 (LUT6)
     4: i_1705/O (LUT6)
      [E:/bob_full_v1/hw/src/clb/clb.sv:42]
     5: i_1705/I5 (LUT6)
     6: i_1961/O (LUT3)
      [E:/bob_full_v1/hw/src/clb/clb.sv:42]
     7: i_1961/O (LUT3)
Inferred a: "set_disable_timing -from I1 -to O i_1751"
Found timing loop:
     0: i_1536/O (LUT3)
      [E:/bob_full_v1/hw/src/clb/clb.sv:42]
     1: i_1536/O (LUT3)
Found timing loop:
     0: i_1535/O (LUT3)
      [E:/bob_full_v1/hw/src/clb/clb.sv:42]
     1: i_1535/O (LUT3)
Found timing loop:
     0: i_1534/O (LUT3)
      [E:/bob_full_v1/hw/src/clb/clb.sv:42]
     1: i_1534/O (LUT3)
Found timing loop:
     0: i_1533/O (LUT3)
      [E:/bob_full_v1/hw/src/clb/clb.sv:42]
     1: i_1533/O (LUT3)
Found timing loop:
     0: i_1734/O (LUT3)
      [E:/bob_full_v1/hw/src/clb/clb.sv:42]
     1: i_1734/O (LUT3)
Found timing loop:
     0: i_1738/O (LUT2)
      [E:/bob_full_v1/hw/src/clb/clb.sv:42]
     1: i_1738/O (LUT2)
Found timing loop:
     0: i_2371/O (LUT3)
      [E:/bob_full_v1/hw/src/clb/mux_bank.v:35]
     1: i_2371/O (LUT3)
Found timing loop:
     0: i_2372/O (LUT3)
      [E:/bob_full_v1/hw/src/clb/mux_bank.v:35]
     1: i_2372/O (LUT3)
Found timing loop:
     0: i_2373/O (LUT3)
      [E:/bob_full_v1/hw/src/clb/mux_bank.v:35]
     1: i_2373/O (LUT3)
Found timing loop:
     0: i_2374/O (LUT3)
      [E:/bob_full_v1/hw/src/clb/mux_bank.v:35]
     1: i_2374/O (LUT3)
Found timing loop:
     0: i_1961/O (LUT3)
      [E:/bob_full_v1/hw/src/clb/clb.sv:42]
     1: i_1961/O (LUT3)
Found timing loop:
     0: i_1960/O (LUT3)
      [E:/bob_full_v1/hw/src/clb/clb.sv:42]
     1: i_1960/O (LUT3)
Found timing loop:
     0: i_1959/O (LUT3)
      [E:/bob_full_v1/hw/src/clb/clb.sv:42]
     1: i_1959/I2 (LUT3)
     2: i_1879/O (LUT3)
      [E:/bob_full_v1/hw/src/clb/clb.sv:42]
     3: i_1879/I0 (LUT3)
     4: i_1880/O (LUT6)
      [E:/bob_full_v1/hw/src/clb/clb.sv:42]
     5: i_1880/I5 (LUT6)
     6: i_1752/O (LUT3)
      [E:/bob_full_v1/hw/src/clb/clb.sv:42]
     7: i_1752/O (LUT3)
Inferred a: "set_disable_timing -from I2 -to O i_1959"
Found timing loop:
     0: i_1752/O (LUT3)
      [E:/bob_full_v1/hw/src/clb/clb.sv:42]
     1: i_1752/O (LUT3)
Found timing loop:
     0: i_1751/O (LUT3)
      [E:/bob_full_v1/hw/src/clb/clb.sv:42]
     1: i_1751/O (LUT3)
Found timing loop:
     0: i_1750/O (LUT3)
      [E:/bob_full_v1/hw/src/clb/clb.sv:42]
     1: i_1750/I1 (LUT3)
     2: i_1610/O (LUT6)
      [E:/bob_full_v1/hw/src/clb/clb.sv:42]
     3: i_1610/I1 (LUT6)
     4: i_1700/O (LUT6)
      [E:/bob_full_v1/hw/src/clb/clb.sv:42]
     5: i_1700/I5 (LUT6)
     6: i_1961/O (LUT3)
      [E:/bob_full_v1/hw/src/clb/clb.sv:42]
     7: i_1961/O (LUT3)
Inferred a: "set_disable_timing -from I1 -to O i_1750"
Found timing loop:
     0: i_1536/O (LUT3)
      [E:/bob_full_v1/hw/src/clb/clb.sv:42]
     1: i_1536/O (LUT3)
Found timing loop:
     0: i_1535/O (LUT3)
      [E:/bob_full_v1/hw/src/clb/clb.sv:42]
     1: i_1535/O (LUT3)
Found timing loop:
     0: i_1534/O (LUT3)
      [E:/bob_full_v1/hw/src/clb/clb.sv:42]
     1: i_1534/O (LUT3)
Found timing loop:
     0: i_1533/O (LUT3)
      [E:/bob_full_v1/hw/src/clb/clb.sv:42]
     1: i_1533/O (LUT3)
Found timing loop:
     0: i_1734/O (LUT3)
      [E:/bob_full_v1/hw/src/clb/clb.sv:42]
     1: i_1734/O (LUT3)
Found timing loop:
     0: i_1738/O (LUT2)
      [E:/bob_full_v1/hw/src/clb/clb.sv:42]
     1: i_1738/O (LUT2)
Found timing loop:
     0: i_2371/O (LUT3)
      [E:/bob_full_v1/hw/src/clb/mux_bank.v:35]
     1: i_2371/O (LUT3)
Found timing loop:
     0: i_2372/O (LUT3)
      [E:/bob_full_v1/hw/src/clb/mux_bank.v:35]
     1: i_2372/O (LUT3)
Found timing loop:
     0: i_2373/O (LUT3)
      [E:/bob_full_v1/hw/src/clb/mux_bank.v:35]
     1: i_2373/O (LUT3)
Found timing loop:
     0: i_2374/O (LUT3)
      [E:/bob_full_v1/hw/src/clb/mux_bank.v:35]
     1: i_2374/O (LUT3)
Found timing loop:
     0: i_1961/O (LUT3)
      [E:/bob_full_v1/hw/src/clb/clb.sv:42]
     1: i_1961/O (LUT3)
Found timing loop:
     0: i_1960/O (LUT3)
      [E:/bob_full_v1/hw/src/clb/clb.sv:42]
     1: i_1960/O (LUT3)
Found timing loop:
     0: i_1959/O (LUT3)
      [E:/bob_full_v1/hw/src/clb/clb.sv:42]
     1: i_1959/O (LUT3)
Found timing loop:
     0: i_1958/O (LUT3)
      [E:/bob_full_v1/hw/src/clb/clb.sv:42]
     1: i_1958/I2 (LUT3)
     2: i_1874/O (LUT3)
      [E:/bob_full_v1/hw/src/clb/clb.sv:42]
     3: i_1874/I0 (LUT3)
     4: i_1875/O (LUT6)
      [E:/bob_full_v1/hw/src/clb/clb.sv:42]
     5: i_1875/I5 (LUT6)
     6: i_1752/O (LUT3)
      [E:/bob_full_v1/hw/src/clb/clb.sv:42]
     7: i_1752/O (LUT3)
Inferred a: "set_disable_timing -from I2 -to O i_1958"
Found timing loop:
     0: i_772/O (LUT3)
      [E:/bob_full_v1/hw/src/clb/clb.sv:42]
     1: i_772/O (LUT3)
Found timing loop:
     0: i_771/O (LUT3)
      [E:/bob_full_v1/hw/src/clb/clb.sv:42]
     1: i_771/O (LUT3)
Found timing loop:
     0: i_770/O (LUT3)
      [E:/bob_full_v1/hw/src/clb/clb.sv:42]
     1: i_770/O (LUT3)
Found timing loop:
     0: i_970/O (LUT3)
      [E:/bob_full_v1/hw/src/clb/clb.sv:42]
     1: i_970/O (LUT3)
Found timing loop:
     0: i_974/O (LUT2)
      [E:/bob_full_v1/hw/src/clb/clb.sv:42]
     1: i_974/I1 (LUT2)
     2: i_973/O (LUT2)
      [E:/bob_full_v1/hw/src/clb/clb.sv:42]
     3: i_973/I1 (LUT2)
     4: i_6131/O (LUT3)
      [E:/bob_full_v1/hw/src/top/fpga4x4_top.v:13]
     5: i_6131/I2 (LUT3)
     6: i_820/O (LUT6)
      [E:/bob_full_v1/hw/src/clb/clb.sv:42]
     7: i_820/I5 (LUT6)
     8: i_821/O (LUT6)
      [E:/bob_full_v1/hw/src/clb/clb.sv:42]
     9: i_821/I4 (LUT6)
    10: i_863/O (LUT6)
      [E:/bob_full_v1/hw/src/clb/clb.sv:42]
    11: i_863/I5 (LUT6)
    12: i_1748/O (LUT3)
      [E:/bob_full_v1/hw/src/clb/clb.sv:42]
    13: i_1748/I1 (LUT3)
    14: i_1606/O (LUT6)
      [E:/bob_full_v1/hw/src/clb/clb.sv:42]
    15: i_1606/I5 (LUT6)
    16: i_1607/O (LUT4)
      [E:/bob_full_v1/hw/src/clb/clb.sv:42]
    17: i_1607/I1 (LUT4)
    18: i_1734/O (LUT3)
      [E:/bob_full_v1/hw/src/clb/clb.sv:42]
    19: i_1734/O (LUT3)
Inferred a: "set_disable_timing -from I1 -to O i_974"
Found timing loop:
     0: i_1748/O (LUT3)
      [E:/bob_full_v1/hw/src/clb/clb.sv:42]
     1: i_1748/I1 (LUT3)
     2: i_1606/O (LUT6)
      [E:/bob_full_v1/hw/src/clb/clb.sv:42]
     3: i_1606/I5 (LUT6)
     4: i_1607/O (LUT4)
      [E:/bob_full_v1/hw/src/clb/clb.sv:42]
     5: i_1607/I1 (LUT4)
     6: i_1734/O (LUT3)
      [E:/bob_full_v1/hw/src/clb/clb.sv:42]
     7: i_1734/O (LUT3)
Inferred a: "set_disable_timing -from I1 -to O i_1748"
Found timing loop:
     0: i_1536/O (LUT3)
      [E:/bob_full_v1/hw/src/clb/clb.sv:42]
     1: i_1536/O (LUT3)
Found timing loop:
     0: i_1535/O (LUT3)
      [E:/bob_full_v1/hw/src/clb/clb.sv:42]
     1: i_1535/O (LUT3)
Found timing loop:
     0: i_1534/O (LUT3)
      [E:/bob_full_v1/hw/src/clb/clb.sv:42]
     1: i_1534/O (LUT3)
Found timing loop:
     0: i_1533/O (LUT3)
      [E:/bob_full_v1/hw/src/clb/clb.sv:42]
     1: i_1533/O (LUT3)
Found timing loop:
     0: i_1734/O (LUT3)
      [E:/bob_full_v1/hw/src/clb/clb.sv:42]
     1: i_1734/O (LUT3)
Found timing loop:
     0: i_1738/O (LUT2)
      [E:/bob_full_v1/hw/src/clb/clb.sv:42]
     1: i_1738/O (LUT2)
Found timing loop:
     0: i_2371/O (LUT3)
      [E:/bob_full_v1/hw/src/clb/mux_bank.v:35]
     1: i_2371/O (LUT3)
Found timing loop:
     0: i_2372/O (LUT3)
      [E:/bob_full_v1/hw/src/clb/mux_bank.v:35]
     1: i_2372/O (LUT3)
Found timing loop:
     0: i_2373/O (LUT3)
      [E:/bob_full_v1/hw/src/clb/mux_bank.v:35]
     1: i_2373/O (LUT3)
Found timing loop:
     0: i_2374/O (LUT3)
      [E:/bob_full_v1/hw/src/clb/mux_bank.v:35]
     1: i_2374/O (LUT3)
Found timing loop:
     0: i_1961/O (LUT3)
      [E:/bob_full_v1/hw/src/clb/clb.sv:42]
     1: i_1961/O (LUT3)
Found timing loop:
     0: i_1960/O (LUT3)
      [E:/bob_full_v1/hw/src/clb/clb.sv:42]
     1: i_1960/O (LUT3)
Found timing loop:
     0: i_1959/O (LUT3)
      [E:/bob_full_v1/hw/src/clb/clb.sv:42]
     1: i_1959/O (LUT3)
Found timing loop:
     0: i_1958/O (LUT3)
      [E:/bob_full_v1/hw/src/clb/clb.sv:42]
     1: i_1958/O (LUT3)
Found timing loop:
     0: i_992/O (LUT3)
      [E:/bob_full_v1/hw/src/clb/clb.sv:42]
     1: i_992/I1 (LUT3)
     2: i_858/O (LUT6)
      [E:/bob_full_v1/hw/src/clb/clb.sv:42]
     3: i_858/I3 (LUT6)
     4: i_965/O (LUT6)
      [E:/bob_full_v1/hw/src/clb/clb.sv:42]
     5: i_965/I5 (LUT6)
     6: i_1748/O (LUT3)
      [E:/bob_full_v1/hw/src/clb/clb.sv:42]
     7: i_1748/O (LUT3)
Inferred a: "set_disable_timing -from I1 -to O i_992"
Found timing loop:
     0: i_772/O (LUT3)
      [E:/bob_full_v1/hw/src/clb/clb.sv:42]
     1: i_772/O (LUT3)
Found timing loop:
     0: i_771/O (LUT3)
      [E:/bob_full_v1/hw/src/clb/clb.sv:42]
     1: i_771/O (LUT3)
Found timing loop:
     0: i_770/O (LUT3)
      [E:/bob_full_v1/hw/src/clb/clb.sv:42]
     1: i_770/O (LUT3)
Found timing loop:
     0: i_970/O (LUT3)
      [E:/bob_full_v1/hw/src/clb/clb.sv:42]
     1: i_970/O (LUT3)
Found timing loop:
     0: i_974/O (LUT2)
      [E:/bob_full_v1/hw/src/clb/clb.sv:42]
     1: i_974/O (LUT2)
Found timing loop:
     0: i_1748/O (LUT3)
      [E:/bob_full_v1/hw/src/clb/clb.sv:42]
     1: i_1748/O (LUT3)
Found timing loop:
     0: i_1747/O (LUT3)
      [E:/bob_full_v1/hw/src/clb/clb.sv:42]
     1: i_1747/I1 (LUT3)
     2: i_1604/O (LUT6)
      [E:/bob_full_v1/hw/src/clb/clb.sv:42]
     3: i_1604/I0 (LUT6)
     4: i_1686/O (LUT6)
      [E:/bob_full_v1/hw/src/clb/clb.sv:42]
     5: i_1686/I5 (LUT6)
     6: i_992/O (LUT3)
      [E:/bob_full_v1/hw/src/clb/clb.sv:42]
     7: i_992/O (LUT3)
Inferred a: "set_disable_timing -from I1 -to O i_1747"
Found timing loop:
     0: i_1536/O (LUT3)
      [E:/bob_full_v1/hw/src/clb/clb.sv:42]
     1: i_1536/O (LUT3)
Found timing loop:
     0: i_1535/O (LUT3)
      [E:/bob_full_v1/hw/src/clb/clb.sv:42]
     1: i_1535/O (LUT3)
Found timing loop:
     0: i_1534/O (LUT3)
      [E:/bob_full_v1/hw/src/clb/clb.sv:42]
     1: i_1534/O (LUT3)
Found timing loop:
     0: i_1533/O (LUT3)
      [E:/bob_full_v1/hw/src/clb/clb.sv:42]
     1: i_1533/O (LUT3)
Found timing loop:
     0: i_1734/O (LUT3)
      [E:/bob_full_v1/hw/src/clb/clb.sv:42]
     1: i_1734/O (LUT3)
Found timing loop:
     0: i_1738/O (LUT2)
      [E:/bob_full_v1/hw/src/clb/clb.sv:42]
     1: i_1738/O (LUT2)
Found timing loop:
     0: i_2371/O (LUT3)
      [E:/bob_full_v1/hw/src/clb/mux_bank.v:35]
     1: i_2371/O (LUT3)
Found timing loop:
     0: i_2372/O (LUT3)
      [E:/bob_full_v1/hw/src/clb/mux_bank.v:35]
     1: i_2372/O (LUT3)
Found timing loop:
     0: i_2373/O (LUT3)
      [E:/bob_full_v1/hw/src/clb/mux_bank.v:35]
     1: i_2373/O (LUT3)
Found timing loop:
     0: i_2374/O (LUT3)
      [E:/bob_full_v1/hw/src/clb/mux_bank.v:35]
     1: i_2374/O (LUT3)
Found timing loop:
     0: i_1961/O (LUT3)
      [E:/bob_full_v1/hw/src/clb/clb.sv:42]
     1: i_1961/O (LUT3)
Found timing loop:
     0: i_1960/O (LUT3)
      [E:/bob_full_v1/hw/src/clb/clb.sv:42]
     1: i_1960/O (LUT3)
Found timing loop:
     0: i_1959/O (LUT3)
      [E:/bob_full_v1/hw/src/clb/clb.sv:42]
     1: i_1959/O (LUT3)
Found timing loop:
     0: i_1958/O (LUT3)
      [E:/bob_full_v1/hw/src/clb/clb.sv:42]
     1: i_1958/O (LUT3)
Found timing loop:
     0: i_992/O (LUT3)
      [E:/bob_full_v1/hw/src/clb/clb.sv:42]
     1: i_992/O (LUT3)
Found timing loop:
     0: i_991/O (LUT3)
      [E:/bob_full_v1/hw/src/clb/clb.sv:42]
     1: i_991/I1 (LUT3)
     2: i_856/O (LUT6)
      [E:/bob_full_v1/hw/src/clb/clb.sv:42]
     3: i_856/I3 (LUT6)
     4: i_960/O (LUT6)
      [E:/bob_full_v1/hw/src/clb/clb.sv:42]
     5: i_960/I5 (LUT6)
     6: i_1748/O (LUT3)
      [E:/bob_full_v1/hw/src/clb/clb.sv:42]
     7: i_1748/O (LUT3)
Inferred a: "set_disable_timing -from I1 -to O i_991"
Found timing loop:
     0: i_772/O (LUT3)
      [E:/bob_full_v1/hw/src/clb/clb.sv:42]
     1: i_772/O (LUT3)
Found timing loop:
     0: i_771/O (LUT3)
      [E:/bob_full_v1/hw/src/clb/clb.sv:42]
     1: i_771/O (LUT3)
Found timing loop:
     0: i_770/O (LUT3)
      [E:/bob_full_v1/hw/src/clb/clb.sv:42]
     1: i_770/O (LUT3)
Found timing loop:
     0: i_970/O (LUT3)
      [E:/bob_full_v1/hw/src/clb/clb.sv:42]
     1: i_970/O (LUT3)
Found timing loop:
     0: i_974/O (LUT2)
      [E:/bob_full_v1/hw/src/clb/clb.sv:42]
     1: i_974/O (LUT2)
Found timing loop:
     0: i_1748/O (LUT3)
      [E:/bob_full_v1/hw/src/clb/clb.sv:42]
     1: i_1748/O (LUT3)
Found timing loop:
     0: i_1747/O (LUT3)
      [E:/bob_full_v1/hw/src/clb/clb.sv:42]
     1: i_1747/O (LUT3)
Found timing loop:
     0: i_1746/O (LUT3)
      [E:/bob_full_v1/hw/src/clb/clb.sv:42]
     1: i_1746/I1 (LUT3)
     2: i_1602/O (LUT6)
      [E:/bob_full_v1/hw/src/clb/clb.sv:42]
     3: i_1602/I0 (LUT6)
     4: i_1681/O (LUT6)
      [E:/bob_full_v1/hw/src/clb/clb.sv:42]
     5: i_1681/I5 (LUT6)
     6: i_992/O (LUT3)
      [E:/bob_full_v1/hw/src/clb/clb.sv:42]
     7: i_992/O (LUT3)
Inferred a: "set_disable_timing -from I1 -to O i_1746"
Found timing loop:
     0: i_1536/O (LUT3)
      [E:/bob_full_v1/hw/src/clb/clb.sv:42]
     1: i_1536/O (LUT3)
Found timing loop:
     0: i_1535/O (LUT3)
      [E:/bob_full_v1/hw/src/clb/clb.sv:42]
     1: i_1535/O (LUT3)
Found timing loop:
     0: i_1534/O (LUT3)
      [E:/bob_full_v1/hw/src/clb/clb.sv:42]
     1: i_1534/O (LUT3)
Found timing loop:
     0: i_1533/O (LUT3)
      [E:/bob_full_v1/hw/src/clb/clb.sv:42]
     1: i_1533/O (LUT3)
Found timing loop:
     0: i_1734/O (LUT3)
      [E:/bob_full_v1/hw/src/clb/clb.sv:42]
     1: i_1734/O (LUT3)
Found timing loop:
     0: i_1738/O (LUT2)
      [E:/bob_full_v1/hw/src/clb/clb.sv:42]
     1: i_1738/O (LUT2)
Found timing loop:
     0: i_2371/O (LUT3)
      [E:/bob_full_v1/hw/src/clb/mux_bank.v:35]
     1: i_2371/O (LUT3)
Found timing loop:
     0: i_2372/O (LUT3)
      [E:/bob_full_v1/hw/src/clb/mux_bank.v:35]
     1: i_2372/O (LUT3)
Found timing loop:
     0: i_2373/O (LUT3)
      [E:/bob_full_v1/hw/src/clb/mux_bank.v:35]
     1: i_2373/O (LUT3)
Found timing loop:
     0: i_2374/O (LUT3)
      [E:/bob_full_v1/hw/src/clb/mux_bank.v:35]
     1: i_2374/O (LUT3)
Found timing loop:
     0: i_1961/O (LUT3)
      [E:/bob_full_v1/hw/src/clb/clb.sv:42]
     1: i_1961/O (LUT3)
Found timing loop:
     0: i_1960/O (LUT3)
      [E:/bob_full_v1/hw/src/clb/clb.sv:42]
     1: i_1960/O (LUT3)
Found timing loop:
     0: i_1959/O (LUT3)
      [E:/bob_full_v1/hw/src/clb/clb.sv:42]
     1: i_1959/O (LUT3)
Found timing loop:
     0: i_1958/O (LUT3)
      [E:/bob_full_v1/hw/src/clb/clb.sv:42]
     1: i_1958/O (LUT3)
Found timing loop:
     0: i_992/O (LUT3)
      [E:/bob_full_v1/hw/src/clb/clb.sv:42]
     1: i_992/O (LUT3)
Found timing loop:
     0: i_991/O (LUT3)
      [E:/bob_full_v1/hw/src/clb/clb.sv:42]
     1: i_991/O (LUT3)
Found timing loop:
     0: i_990/O (LUT3)
      [E:/bob_full_v1/hw/src/clb/clb.sv:42]
     1: i_990/I1 (LUT3)
     2: i_854/O (LUT6)
      [E:/bob_full_v1/hw/src/clb/clb.sv:42]
     3: i_854/I3 (LUT6)
     4: i_955/O (LUT6)
      [E:/bob_full_v1/hw/src/clb/clb.sv:42]
     5: i_955/I5 (LUT6)
     6: i_1748/O (LUT3)
      [E:/bob_full_v1/hw/src/clb/clb.sv:42]
     7: i_1748/O (LUT3)
Inferred a: "set_disable_timing -from I1 -to O i_990"
Found timing loop:
     0: i_772/O (LUT3)
      [E:/bob_full_v1/hw/src/clb/clb.sv:42]
     1: i_772/O (LUT3)
Found timing loop:
     0: i_771/O (LUT3)
      [E:/bob_full_v1/hw/src/clb/clb.sv:42]
     1: i_771/O (LUT3)
Found timing loop:
     0: i_770/O (LUT3)
      [E:/bob_full_v1/hw/src/clb/clb.sv:42]
     1: i_770/O (LUT3)
Found timing loop:
     0: i_970/O (LUT3)
      [E:/bob_full_v1/hw/src/clb/clb.sv:42]
     1: i_970/O (LUT3)
Found timing loop:
     0: i_974/O (LUT2)
      [E:/bob_full_v1/hw/src/clb/clb.sv:42]
     1: i_974/O (LUT2)
Found timing loop:
     0: i_1748/O (LUT3)
      [E:/bob_full_v1/hw/src/clb/clb.sv:42]
     1: i_1748/O (LUT3)
Found timing loop:
     0: i_1747/O (LUT3)
      [E:/bob_full_v1/hw/src/clb/clb.sv:42]
     1: i_1747/O (LUT3)
Found timing loop:
     0: i_1746/O (LUT3)
      [E:/bob_full_v1/hw/src/clb/clb.sv:42]
     1: i_1746/O (LUT3)
Found timing loop:
     0: i_1745/O (LUT3)
      [E:/bob_full_v1/hw/src/clb/clb.sv:42]
     1: i_1745/I1 (LUT3)
     2: i_1600/O (LUT6)
      [E:/bob_full_v1/hw/src/clb/clb.sv:42]
     3: i_1600/I0 (LUT6)
     4: i_1676/O (LUT6)
      [E:/bob_full_v1/hw/src/clb/clb.sv:42]
     5: i_1676/I5 (LUT6)
     6: i_992/O (LUT3)
      [E:/bob_full_v1/hw/src/clb/clb.sv:42]
     7: i_992/O (LUT3)
Inferred a: "set_disable_timing -from I1 -to O i_1745"
Found timing loop:
     0: i_1197/O (LUT3)
      [E:/bob_full_v1/hw/src/clb/clb.sv:42]
     1: i_1197/I2 (LUT3)
     2: i_1125/O (LUT3)
      [E:/bob_full_v1/hw/src/clb/clb.sv:42]
     3: i_1125/I0 (LUT3)
     4: i_1126/O (LUT6)
      [E:/bob_full_v1/hw/src/clb/clb.sv:42]
     5: i_1126/I5 (LUT6)
     6: i_988/O (LUT3)
      [E:/bob_full_v1/hw/src/clb/clb.sv:42]
     7: i_988/I1 (LUT3)
     8: i_850/O (LUT6)
      [E:/bob_full_v1/hw/src/clb/clb.sv:42]
     9: i_850/I5 (LUT6)
    10: i_851/O (LUT4)
      [E:/bob_full_v1/hw/src/clb/clb.sv:42]
    11: i_851/I1 (LUT4)
    12: i_970/O (LUT3)
      [E:/bob_full_v1/hw/src/clb/clb.sv:42]
    13: i_970/O (LUT3)
Inferred a: "set_disable_timing -from I2 -to O i_1197"
Found timing loop:
     0: i_988/O (LUT3)
      [E:/bob_full_v1/hw/src/clb/clb.sv:42]
     1: i_988/I1 (LUT3)
     2: i_850/O (LUT6)
      [E:/bob_full_v1/hw/src/clb/clb.sv:42]
     3: i_850/I5 (LUT6)
     4: i_851/O (LUT4)
      [E:/bob_full_v1/hw/src/clb/clb.sv:42]
     5: i_851/I1 (LUT4)
     6: i_970/O (LUT3)
      [E:/bob_full_v1/hw/src/clb/clb.sv:42]
     7: i_970/O (LUT3)
Inferred a: "set_disable_timing -from I1 -to O i_988"
Found timing loop:
     0: i_772/O (LUT3)
      [E:/bob_full_v1/hw/src/clb/clb.sv:42]
     1: i_772/O (LUT3)
Found timing loop:
     0: i_771/O (LUT3)
      [E:/bob_full_v1/hw/src/clb/clb.sv:42]
     1: i_771/O (LUT3)
Found timing loop:
     0: i_770/O (LUT3)
      [E:/bob_full_v1/hw/src/clb/clb.sv:42]
     1: i_770/O (LUT3)
Found timing loop:
     0: i_970/O (LUT3)
      [E:/bob_full_v1/hw/src/clb/clb.sv:42]
     1: i_970/O (LUT3)
Found timing loop:
     0: i_974/O (LUT2)
      [E:/bob_full_v1/hw/src/clb/clb.sv:42]
     1: i_974/O (LUT2)
Found timing loop:
     0: i_1748/O (LUT3)
      [E:/bob_full_v1/hw/src/clb/clb.sv:42]
     1: i_1748/O (LUT3)
Found timing loop:
     0: i_1747/O (LUT3)
      [E:/bob_full_v1/hw/src/clb/clb.sv:42]
     1: i_1747/O (LUT3)
Found timing loop:
     0: i_1746/O (LUT3)
      [E:/bob_full_v1/hw/src/clb/clb.sv:42]
     1: i_1746/O (LUT3)
Found timing loop:
     0: i_1745/O (LUT3)
      [E:/bob_full_v1/hw/src/clb/clb.sv:42]
     1: i_1745/O (LUT3)
Found timing loop:
     0: i_1197/O (LUT3)
      [E:/bob_full_v1/hw/src/clb/clb.sv:42]
     1: i_1197/O (LUT3)
Found timing loop:
     0: i_1196/O (LUT3)
      [E:/bob_full_v1/hw/src/clb/clb.sv:42]
     1: i_1196/I2 (LUT3)
     2: i_1120/O (LUT3)
      [E:/bob_full_v1/hw/src/clb/clb.sv:42]
     3: i_1120/I0 (LUT3)
     4: i_1121/O (LUT6)
      [E:/bob_full_v1/hw/src/clb/clb.sv:42]
     5: i_1121/I5 (LUT6)
     6: i_988/O (LUT3)
      [E:/bob_full_v1/hw/src/clb/clb.sv:42]
     7: i_988/O (LUT3)
Inferred a: "set_disable_timing -from I2 -to O i_1196"
Found timing loop:
     0: i_988/O (LUT3)
      [E:/bob_full_v1/hw/src/clb/clb.sv:42]
     1: i_988/O (LUT3)
Found timing loop:
     0: i_987/O (LUT3)
      [E:/bob_full_v1/hw/src/clb/clb.sv:42]
     1: i_987/I1 (LUT3)
     2: i_848/O (LUT6)
      [E:/bob_full_v1/hw/src/clb/clb.sv:42]
     3: i_848/I1 (LUT6)
     4: i_941/O (LUT6)
      [E:/bob_full_v1/hw/src/clb/clb.sv:42]
     5: i_941/I5 (LUT6)
     6: i_1197/O (LUT3)
      [E:/bob_full_v1/hw/src/clb/clb.sv:42]
     7: i_1197/O (LUT3)
Inferred a: "set_disable_timing -from I1 -to O i_987"
Found timing loop:
     0: i_772/O (LUT3)
      [E:/bob_full_v1/hw/src/clb/clb.sv:42]
     1: i_772/O (LUT3)
Found timing loop:
     0: i_771/O (LUT3)
      [E:/bob_full_v1/hw/src/clb/clb.sv:42]
     1: i_771/O (LUT3)
Found timing loop:
     0: i_770/O (LUT3)
      [E:/bob_full_v1/hw/src/clb/clb.sv:42]
     1: i_770/O (LUT3)
Found timing loop:
     0: i_970/O (LUT3)
      [E:/bob_full_v1/hw/src/clb/clb.sv:42]
     1: i_970/O (LUT3)
Found timing loop:
     0: i_974/O (LUT2)
      [E:/bob_full_v1/hw/src/clb/clb.sv:42]
     1: i_974/O (LUT2)
Found timing loop:
     0: i_1748/O (LUT3)
      [E:/bob_full_v1/hw/src/clb/clb.sv:42]
     1: i_1748/O (LUT3)
Found timing loop:
     0: i_1747/O (LUT3)
      [E:/bob_full_v1/hw/src/clb/clb.sv:42]
     1: i_1747/O (LUT3)
Found timing loop:
     0: i_1746/O (LUT3)
      [E:/bob_full_v1/hw/src/clb/clb.sv:42]
     1: i_1746/O (LUT3)
Found timing loop:
     0: i_1745/O (LUT3)
      [E:/bob_full_v1/hw/src/clb/clb.sv:42]
     1: i_1745/O (LUT3)
Found timing loop:
     0: i_1197/O (LUT3)
      [E:/bob_full_v1/hw/src/clb/clb.sv:42]
     1: i_1197/O (LUT3)
Found timing loop:
     0: i_1196/O (LUT3)
      [E:/bob_full_v1/hw/src/clb/clb.sv:42]
     1: i_1196/O (LUT3)
Found timing loop:
     0: i_1195/O (LUT3)
      [E:/bob_full_v1/hw/src/clb/clb.sv:42]
     1: i_1195/I2 (LUT3)
     2: i_1115/O (LUT3)
      [E:/bob_full_v1/hw/src/clb/clb.sv:42]
     3: i_1115/I0 (LUT3)
     4: i_1116/O (LUT6)
      [E:/bob_full_v1/hw/src/clb/clb.sv:42]
     5: i_1116/I5 (LUT6)
     6: i_988/O (LUT3)
      [E:/bob_full_v1/hw/src/clb/clb.sv:42]
     7: i_988/O (LUT3)
Inferred a: "set_disable_timing -from I2 -to O i_1195"
Found timing loop:
     0: i_988/O (LUT3)
      [E:/bob_full_v1/hw/src/clb/clb.sv:42]
     1: i_988/O (LUT3)
Found timing loop:
     0: i_987/O (LUT3)
      [E:/bob_full_v1/hw/src/clb/clb.sv:42]
     1: i_987/O (LUT3)
Found timing loop:
     0: i_986/O (LUT3)
      [E:/bob_full_v1/hw/src/clb/clb.sv:42]
     1: i_986/I1 (LUT3)
     2: i_846/O (LUT6)
      [E:/bob_full_v1/hw/src/clb/clb.sv:42]
     3: i_846/I1 (LUT6)
     4: i_936/O (LUT6)
      [E:/bob_full_v1/hw/src/clb/clb.sv:42]
     5: i_936/I5 (LUT6)
     6: i_1197/O (LUT3)
      [E:/bob_full_v1/hw/src/clb/clb.sv:42]
     7: i_1197/O (LUT3)
Inferred a: "set_disable_timing -from I1 -to O i_986"
Found timing loop:
     0: i_772/O (LUT3)
      [E:/bob_full_v1/hw/src/clb/clb.sv:42]
     1: i_772/O (LUT3)
Found timing loop:
     0: i_771/O (LUT3)
      [E:/bob_full_v1/hw/src/clb/clb.sv:42]
     1: i_771/O (LUT3)
Found timing loop:
     0: i_770/O (LUT3)
      [E:/bob_full_v1/hw/src/clb/clb.sv:42]
     1: i_770/O (LUT3)
Found timing loop:
     0: i_970/O (LUT3)
      [E:/bob_full_v1/hw/src/clb/clb.sv:42]
     1: i_970/O (LUT3)
Found timing loop:
     0: i_974/O (LUT2)
      [E:/bob_full_v1/hw/src/clb/clb.sv:42]
     1: i_974/O (LUT2)
Found timing loop:
     0: i_1748/O (LUT3)
      [E:/bob_full_v1/hw/src/clb/clb.sv:42]
     1: i_1748/O (LUT3)
Found timing loop:
     0: i_1747/O (LUT3)
      [E:/bob_full_v1/hw/src/clb/clb.sv:42]
     1: i_1747/O (LUT3)
Found timing loop:
     0: i_1746/O (LUT3)
      [E:/bob_full_v1/hw/src/clb/clb.sv:42]
     1: i_1746/O (LUT3)
Found timing loop:
     0: i_1745/O (LUT3)
      [E:/bob_full_v1/hw/src/clb/clb.sv:42]
     1: i_1745/O (LUT3)
Found timing loop:
     0: i_1197/O (LUT3)
      [E:/bob_full_v1/hw/src/clb/clb.sv:42]
     1: i_1197/O (LUT3)
Found timing loop:
     0: i_1196/O (LUT3)
      [E:/bob_full_v1/hw/src/clb/clb.sv:42]
     1: i_1196/O (LUT3)
Found timing loop:
     0: i_1195/O (LUT3)
      [E:/bob_full_v1/hw/src/clb/clb.sv:42]
     1: i_1195/O (LUT3)
Found timing loop:
     0: i_1194/O (LUT3)
      [E:/bob_full_v1/hw/src/clb/clb.sv:42]
     1: i_1194/I2 (LUT3)
     2: i_1110/O (LUT3)
      [E:/bob_full_v1/hw/src/clb/clb.sv:42]
     3: i_1110/I0 (LUT3)
     4: i_1111/O (LUT6)
      [E:/bob_full_v1/hw/src/clb/clb.sv:42]
     5: i_1111/I5 (LUT6)
     6: i_988/O (LUT3)
      [E:/bob_full_v1/hw/src/clb/clb.sv:42]
     7: i_988/O (LUT3)
Inferred a: "set_disable_timing -from I2 -to O i_1194"
Found timing loop:
     0: i_138/O (LUT3)
      [E:/bob_full_v1/hw/src/clb/mux_bank.v:35]
     1: i_138/O (LUT3)
Found timing loop:
     0: i_139/O (LUT3)
      [E:/bob_full_v1/hw/src/clb/mux_bank.v:35]
     1: i_139/O (LUT3)
Found timing loop:
     0: i_140/O (LUT3)
      [E:/bob_full_v1/hw/src/clb/mux_bank.v:35]
     1: i_140/O (LUT3)
Found timing loop:
     0: i_141/O (LUT3)
      [E:/bob_full_v1/hw/src/clb/mux_bank.v:35]
     1: i_141/I1 (LUT3)
     2: i_31/O (MUXF7)
      [E:/bob_full_v1/hw/src/clb/mux_bank.v:35]
     3: i_31/I0 (MUXF7)
     4: i_32/O (LUT6)
      [E:/bob_full_v1/hw/src/clb/mux_bank.v:35]
     5: i_32/I2 (LUT6)
     6: i_131/O (LUT3)
      [E:/bob_full_v1/hw/src/clb/lutk.sv:41]
     7: i_131/O (LUT3)
Inferred a: "set_disable_timing -from I1 -to O i_141"
Found timing loop:
     0: i_138/O (LUT3)
      [E:/bob_full_v1/hw/src/clb/mux_bank.v:35]
     1: i_138/O (LUT3)
Found timing loop:
     0: i_139/O (LUT3)
      [E:/bob_full_v1/hw/src/clb/mux_bank.v:35]
     1: i_139/O (LUT3)
Found timing loop:
     0: i_140/O (LUT3)
      [E:/bob_full_v1/hw/src/clb/mux_bank.v:35]
     1: i_140/O (LUT3)
Found timing loop:
     0: i_141/O (LUT3)
      [E:/bob_full_v1/hw/src/clb/mux_bank.v:35]
     1: i_141/O (LUT3)
Found timing loop:
     0: i_467/O (LUT3)
      [E:/bob_full_v1/hw/src/clb/mux_bank.v:35]
     1: i_467/I2 (LUT3)
     2: i_6111/O (LUT3)
      [E:/bob_full_v1/hw/src/top/fpga4x4_top.v:13]
     3: i_6111/I1 (LUT3)
     4: i_434/O (LUT6)
      [E:/bob_full_v1/hw/src/clb/mux_bank.v:35]
     5: i_434/I5 (LUT6)
     6: i_299/O (LUT3)
      [E:/bob_full_v1/hw/src/clb/mux_bank.v:35]
     7: i_299/I1 (LUT3)
     8: i_241/O (MUXF7)
      [E:/bob_full_v1/hw/src/clb/mux_bank.v:35]
     9: i_241/I1 (MUXF7)
    10: i_244/O (LUT6)
      [E:/bob_full_v1/hw/src/clb/mux_bank.v:35]
    11: i_244/I5 (LUT6)
    12: i_245/O (LUT6)
      [E:/bob_full_v1/hw/src/clb/mux_bank.v:35]
    13: i_245/I5 (LUT6)
    14: i_467/O (LUT3)
      [E:/bob_full_v1/hw/src/clb/mux_bank.v:35]
Inferred a: "set_disable_timing -from I2 -to O i_467"
Found timing loop:
     0: i_299/O (LUT3)
      [E:/bob_full_v1/hw/src/clb/mux_bank.v:35]
     1: i_299/I1 (LUT3)
     2: i_241/O (MUXF7)
      [E:/bob_full_v1/hw/src/clb/mux_bank.v:35]
     3: i_241/I1 (MUXF7)
     4: i_244/O (LUT6)
      [E:/bob_full_v1/hw/src/clb/mux_bank.v:35]
     5: i_244/I5 (LUT6)
     6: i_245/O (LUT6)
      [E:/bob_full_v1/hw/src/clb/mux_bank.v:35]
     7: i_245/I5 (LUT6)
     8: i_467/O (LUT3)
      [E:/bob_full_v1/hw/src/clb/mux_bank.v:35]
     9: i_467/O (LUT3)
Inferred a: "set_disable_timing -from I1 -to O i_299"
Found timing loop:
     0: i_138/O (LUT3)
      [E:/bob_full_v1/hw/src/clb/mux_bank.v:35]
     1: i_138/O (LUT3)
Found timing loop:
     0: i_139/O (LUT3)
      [E:/bob_full_v1/hw/src/clb/mux_bank.v:35]
     1: i_139/O (LUT3)
Found timing loop:
     0: i_140/O (LUT3)
      [E:/bob_full_v1/hw/src/clb/mux_bank.v:35]
     1: i_140/O (LUT3)
Found timing loop:
     0: i_141/O (LUT3)
      [E:/bob_full_v1/hw/src/clb/mux_bank.v:35]
     1: i_141/O (LUT3)
Found timing loop:
     0: i_467/O (LUT3)
      [E:/bob_full_v1/hw/src/clb/mux_bank.v:35]
     1: i_467/O (LUT3)
Found timing loop:
     0: i_468/O (LUT3)
      [E:/bob_full_v1/hw/src/clb/mux_bank.v:35]
     1: i_468/I2 (LUT3)
     2: i_6112/O (LUT3)
      [E:/bob_full_v1/hw/src/top/fpga4x4_top.v:13]
     3: i_6112/I1 (LUT3)
     4: i_440/O (LUT6)
      [E:/bob_full_v1/hw/src/clb/mux_bank.v:35]
     5: i_440/I5 (LUT6)
     6: i_299/O (LUT3)
      [E:/bob_full_v1/hw/src/clb/mux_bank.v:35]
     7: i_299/O (LUT3)
Inferred a: "set_disable_timing -from I2 -to O i_468"
Found timing loop:
     0: i_299/O (LUT3)
      [E:/bob_full_v1/hw/src/clb/mux_bank.v:35]
     1: i_299/O (LUT3)
Found timing loop:
     0: i_300/O (LUT3)
      [E:/bob_full_v1/hw/src/clb/mux_bank.v:35]
     1: i_300/I1 (LUT3)
     2: i_247/O (MUXF7)
      [E:/bob_full_v1/hw/src/clb/mux_bank.v:35]
     3: i_247/I1 (MUXF7)
     4: i_250/O (LUT6)
      [E:/bob_full_v1/hw/src/clb/mux_bank.v:35]
     5: i_250/I5 (LUT6)
     6: i_251/O (LUT6)
      [E:/bob_full_v1/hw/src/clb/mux_bank.v:35]
     7: i_251/I5 (LUT6)
     8: i_467/O (LUT3)
      [E:/bob_full_v1/hw/src/clb/mux_bank.v:35]
     9: i_467/O (LUT3)
Inferred a: "set_disable_timing -from I1 -to O i_300"
Found timing loop:
     0: i_138/O (LUT3)
      [E:/bob_full_v1/hw/src/clb/mux_bank.v:35]
     1: i_138/O (LUT3)
Found timing loop:
     0: i_139/O (LUT3)
      [E:/bob_full_v1/hw/src/clb/mux_bank.v:35]
     1: i_139/O (LUT3)
Found timing loop:
     0: i_140/O (LUT3)
      [E:/bob_full_v1/hw/src/clb/mux_bank.v:35]
     1: i_140/O (LUT3)
Found timing loop:
     0: i_141/O (LUT3)
      [E:/bob_full_v1/hw/src/clb/mux_bank.v:35]
     1: i_141/O (LUT3)
Found timing loop:
     0: i_467/O (LUT3)
      [E:/bob_full_v1/hw/src/clb/mux_bank.v:35]
     1: i_467/O (LUT3)
Found timing loop:
     0: i_468/O (LUT3)
      [E:/bob_full_v1/hw/src/clb/mux_bank.v:35]
     1: i_468/O (LUT3)
Found timing loop:
     0: i_469/O (LUT3)
      [E:/bob_full_v1/hw/src/clb/mux_bank.v:35]
     1: i_469/I2 (LUT3)
     2: i_6113/O (LUT3)
      [E:/bob_full_v1/hw/src/top/fpga4x4_top.v:13]
     3: i_6113/I1 (LUT3)
     4: i_446/O (LUT6)
      [E:/bob_full_v1/hw/src/clb/mux_bank.v:35]
     5: i_446/I5 (LUT6)
     6: i_299/O (LUT3)
      [E:/bob_full_v1/hw/src/clb/mux_bank.v:35]
     7: i_299/O (LUT3)
Inferred a: "set_disable_timing -from I2 -to O i_469"
Found timing loop:
     0: i_299/O (LUT3)
      [E:/bob_full_v1/hw/src/clb/mux_bank.v:35]
     1: i_299/O (LUT3)
Found timing loop:
     0: i_300/O (LUT3)
      [E:/bob_full_v1/hw/src/clb/mux_bank.v:35]
     1: i_300/O (LUT3)
Found timing loop:
     0: i_301/O (LUT3)
      [E:/bob_full_v1/hw/src/clb/mux_bank.v:35]
     1: i_301/I1 (LUT3)
     2: i_253/O (MUXF7)
      [E:/bob_full_v1/hw/src/clb/mux_bank.v:35]
     3: i_253/I1 (MUXF7)
     4: i_256/O (LUT6)
      [E:/bob_full_v1/hw/src/clb/mux_bank.v:35]
     5: i_256/I5 (LUT6)
     6: i_257/O (LUT6)
      [E:/bob_full_v1/hw/src/clb/mux_bank.v:35]
     7: i_257/I5 (LUT6)
     8: i_467/O (LUT3)
      [E:/bob_full_v1/hw/src/clb/mux_bank.v:35]
     9: i_467/O (LUT3)
Inferred a: "set_disable_timing -from I1 -to O i_301"
Found timing loop:
     0: i_138/O (LUT3)
      [E:/bob_full_v1/hw/src/clb/mux_bank.v:35]
     1: i_138/O (LUT3)
Found timing loop:
     0: i_139/O (LUT3)
      [E:/bob_full_v1/hw/src/clb/mux_bank.v:35]
     1: i_139/O (LUT3)
Found timing loop:
     0: i_140/O (LUT3)
      [E:/bob_full_v1/hw/src/clb/mux_bank.v:35]
     1: i_140/O (LUT3)
Found timing loop:
     0: i_141/O (LUT3)
      [E:/bob_full_v1/hw/src/clb/mux_bank.v:35]
     1: i_141/O (LUT3)
Found timing loop:
     0: i_467/O (LUT3)
      [E:/bob_full_v1/hw/src/clb/mux_bank.v:35]
     1: i_467/O (LUT3)
Found timing loop:
     0: i_468/O (LUT3)
      [E:/bob_full_v1/hw/src/clb/mux_bank.v:35]
     1: i_468/O (LUT3)
Found timing loop:
     0: i_469/O (LUT3)
      [E:/bob_full_v1/hw/src/clb/mux_bank.v:35]
     1: i_469/O (LUT3)
Found timing loop:
     0: i_470/O (LUT3)
      [E:/bob_full_v1/hw/src/clb/mux_bank.v:35]
     1: i_470/I2 (LUT3)
     2: i_6114/O (LUT3)
      [E:/bob_full_v1/hw/src/top/fpga4x4_top.v:13]
     3: i_6114/I1 (LUT3)
     4: i_452/O (LUT6)
      [E:/bob_full_v1/hw/src/clb/mux_bank.v:35]
     5: i_452/I5 (LUT6)
     6: i_299/O (LUT3)
      [E:/bob_full_v1/hw/src/clb/mux_bank.v:35]
     7: i_299/O (LUT3)
Inferred a: "set_disable_timing -from I2 -to O i_470"
Found timing loop:
     0: i_138/O (LUT3)
      [E:/bob_full_v1/hw/src/clb/mux_bank.v:35]
     1: i_138/O (LUT3)
Found timing loop:
     0: i_139/O (LUT3)
      [E:/bob_full_v1/hw/src/clb/mux_bank.v:35]
     1: i_139/O (LUT3)
Found timing loop:
     0: i_140/O (LUT3)
      [E:/bob_full_v1/hw/src/clb/mux_bank.v:35]
     1: i_140/O (LUT3)
Found timing loop:
     0: i_141/O (LUT3)
      [E:/bob_full_v1/hw/src/clb/mux_bank.v:35]
     1: i_141/O (LUT3)
Found timing loop:
     0: i_467/O (LUT3)
      [E:/bob_full_v1/hw/src/clb/mux_bank.v:35]
     1: i_467/O (LUT3)
Found timing loop:
     0: i_468/O (LUT3)
      [E:/bob_full_v1/hw/src/clb/mux_bank.v:35]
     1: i_468/O (LUT3)
Found timing loop:
     0: i_469/O (LUT3)
      [E:/bob_full_v1/hw/src/clb/mux_bank.v:35]
     1: i_469/O (LUT3)
Found timing loop:
     0: i_470/O (LUT3)
      [E:/bob_full_v1/hw/src/clb/mux_bank.v:35]
     1: i_470/O (LUT3)
Found timing loop:
     0: i_289/O (LUT3)
      [E:/bob_full_v1/hw/src/clb/clb.sv:77]
     1: i_289/I1 (LUT3)
     2: i_143/O (LUT5)
      [E:/bob_full_v1/hw/src/clb/clb.sv:60]
     3: i_143/I4 (LUT5)
     4: i_163/O (LUT5)
      [E:/bob_full_v1/hw/src/clb/lutk.sv:41]
     5: i_163/I4 (LUT5)
     6: i_293/O (LUT3)
      [E:/bob_full_v1/hw/src/clb/lutk.sv:41]
     7: i_293/I2 (LUT3)
     8: i_158/O (LUT6)
      [E:/bob_full_v1/hw/src/clb/lutk.sv:41]
     9: i_158/I5 (LUT6)
    10: i_159/O (LUT6)
      [E:/bob_full_v1/hw/src/clb/lutk.sv:41]
    11: i_159/I4 (LUT6)
    12: i_290/O (LUT3)
      [E:/bob_full_v1/hw/src/clb/mux_bank.v:35]
    13: i_290/I1 (LUT3)
    14: i_147/O (MUXF7)
      [E:/bob_full_v1/hw/src/clb/mux_bank.v:35]
    15: i_147/I0 (MUXF7)
    16: i_148/O (LUT6)
      [E:/bob_full_v1/hw/src/clb/mux_bank.v:35]
    17: i_148/I3 (LUT6)
    18: i_289/O (LUT3)
      [E:/bob_full_v1/hw/src/clb/clb.sv:77]
Inferred a: "set_disable_timing -from I1 -to O i_289"
Found timing loop:
     0: i_293/O (LUT3)
      [E:/bob_full_v1/hw/src/clb/lutk.sv:41]
     1: i_293/I2 (LUT3)
     2: i_158/O (LUT6)
      [E:/bob_full_v1/hw/src/clb/lutk.sv:41]
     3: i_158/I5 (LUT6)
     4: i_159/O (LUT6)
      [E:/bob_full_v1/hw/src/clb/lutk.sv:41]
     5: i_159/I4 (LUT6)
     6: i_290/O (LUT3)
      [E:/bob_full_v1/hw/src/clb/mux_bank.v:35]
     7: i_290/I1 (LUT3)
     8: i_147/O (MUXF7)
      [E:/bob_full_v1/hw/src/clb/mux_bank.v:35]
     9: i_147/I0 (MUXF7)
    10: i_148/O (LUT6)
      [E:/bob_full_v1/hw/src/clb/mux_bank.v:35]
    11: i_148/I3 (LUT6)
    12: i_289/O (LUT3)
      [E:/bob_full_v1/hw/src/clb/clb.sv:77]
    13: i_289/O (LUT3)
Inferred a: "set_disable_timing -from I2 -to O i_293"
Found timing loop:
     0: i_772/O (LUT3)
      [E:/bob_full_v1/hw/src/clb/clb.sv:42]
     1: i_772/O (LUT3)
Found timing loop:
     0: i_771/O (LUT3)
      [E:/bob_full_v1/hw/src/clb/clb.sv:42]
     1: i_771/O (LUT3)
Found timing loop:
     0: i_770/O (LUT3)
      [E:/bob_full_v1/hw/src/clb/clb.sv:42]
     1: i_770/O (LUT3)
Found timing loop:
     0: i_970/O (LUT3)
      [E:/bob_full_v1/hw/src/clb/clb.sv:42]
     1: i_970/O (LUT3)
Found timing loop:
     0: i_974/O (LUT2)
      [E:/bob_full_v1/hw/src/clb/clb.sv:42]
     1: i_974/O (LUT2)
Found timing loop:
     0: i_1748/O (LUT3)
      [E:/bob_full_v1/hw/src/clb/clb.sv:42]
     1: i_1748/O (LUT3)
Found timing loop:
     0: i_1747/O (LUT3)
      [E:/bob_full_v1/hw/src/clb/clb.sv:42]
     1: i_1747/O (LUT3)
Found timing loop:
     0: i_1746/O (LUT3)
      [E:/bob_full_v1/hw/src/clb/clb.sv:42]
     1: i_1746/O (LUT3)
Found timing loop:
     0: i_1745/O (LUT3)
      [E:/bob_full_v1/hw/src/clb/clb.sv:42]
     1: i_1745/O (LUT3)
Found timing loop:
     0: i_1197/O (LUT3)
      [E:/bob_full_v1/hw/src/clb/clb.sv:42]
     1: i_1197/O (LUT3)
Found timing loop:
     0: i_1196/O (LUT3)
      [E:/bob_full_v1/hw/src/clb/clb.sv:42]
     1: i_1196/O (LUT3)
Found timing loop:
     0: i_1195/O (LUT3)
      [E:/bob_full_v1/hw/src/clb/clb.sv:42]
     1: i_1195/O (LUT3)
Found timing loop:
     0: i_1194/O (LUT3)
      [E:/bob_full_v1/hw/src/clb/clb.sv:42]
     1: i_1194/O (LUT3)
Found timing loop:
     0: i_295/O (LUT3)
      [E:/bob_full_v1/hw/src/clb/mux_bank.v:35]
     1: i_295/I1 (LUT3)
     2: i_217/O (MUXF7)
      [E:/bob_full_v1/hw/src/clb/mux_bank.v:35]
     3: i_217/I1 (MUXF7)
     4: i_220/O (LUT6)
      [E:/bob_full_v1/hw/src/clb/mux_bank.v:35]
     5: i_220/I5 (LUT6)
     6: i_221/O (LUT6)
      [E:/bob_full_v1/hw/src/clb/mux_bank.v:35]
     7: i_221/I5 (LUT6)
     8: i_467/O (LUT3)
      [E:/bob_full_v1/hw/src/clb/mux_bank.v:35]
     9: i_467/O (LUT3)
Inferred a: "set_disable_timing -from I1 -to O i_295"
Found timing loop:
     0: i_138/O (LUT3)
      [E:/bob_full_v1/hw/src/clb/mux_bank.v:35]
     1: i_138/O (LUT3)
Found timing loop:
     0: i_139/O (LUT3)
      [E:/bob_full_v1/hw/src/clb/mux_bank.v:35]
     1: i_139/O (LUT3)
Found timing loop:
     0: i_140/O (LUT3)
      [E:/bob_full_v1/hw/src/clb/mux_bank.v:35]
     1: i_140/O (LUT3)
Found timing loop:
     0: i_141/O (LUT3)
      [E:/bob_full_v1/hw/src/clb/mux_bank.v:35]
     1: i_141/O (LUT3)
Found timing loop:
     0: i_467/O (LUT3)
      [E:/bob_full_v1/hw/src/clb/mux_bank.v:35]
     1: i_467/O (LUT3)
Found timing loop:
     0: i_468/O (LUT3)
      [E:/bob_full_v1/hw/src/clb/mux_bank.v:35]
     1: i_468/O (LUT3)
Found timing loop:
     0: i_469/O (LUT3)
      [E:/bob_full_v1/hw/src/clb/mux_bank.v:35]
     1: i_469/O (LUT3)
Found timing loop:
     0: i_470/O (LUT3)
      [E:/bob_full_v1/hw/src/clb/mux_bank.v:35]
     1: i_470/O (LUT3)
Found timing loop:
     0: i_289/O (LUT3)
      [E:/bob_full_v1/hw/src/clb/clb.sv:77]
     1: i_289/O (LUT3)
Found timing loop:
     0: i_293/O (LUT3)
      [E:/bob_full_v1/hw/src/clb/lutk.sv:41]
     1: i_293/O (LUT3)
Found timing loop:
     0: i_984/O (LUT3)
      [E:/bob_full_v1/hw/src/clb/clb.sv:42]
     1: i_984/I1 (LUT3)
     2: i_842/O (LUT6)
      [E:/bob_full_v1/hw/src/clb/clb.sv:42]
     3: i_842/I0 (LUT6)
     4: i_927/O (LUT6)
      [E:/bob_full_v1/hw/src/clb/clb.sv:42]
     5: i_927/I5 (LUT6)
     6: i_295/O (LUT3)
      [E:/bob_full_v1/hw/src/clb/mux_bank.v:35]
     7: i_295/O (LUT3)
Inferred a: "set_disable_timing -from I1 -to O i_984"
Found timing loop:
     0: i_772/O (LUT3)
      [E:/bob_full_v1/hw/src/clb/clb.sv:42]
     1: i_772/O (LUT3)
Found timing loop:
     0: i_771/O (LUT3)
      [E:/bob_full_v1/hw/src/clb/clb.sv:42]
     1: i_771/O (LUT3)
Found timing loop:
     0: i_770/O (LUT3)
      [E:/bob_full_v1/hw/src/clb/clb.sv:42]
     1: i_770/O (LUT3)
Found timing loop:
     0: i_970/O (LUT3)
      [E:/bob_full_v1/hw/src/clb/clb.sv:42]
     1: i_970/O (LUT3)
Found timing loop:
     0: i_974/O (LUT2)
      [E:/bob_full_v1/hw/src/clb/clb.sv:42]
     1: i_974/O (LUT2)
Found timing loop:
     0: i_1748/O (LUT3)
      [E:/bob_full_v1/hw/src/clb/clb.sv:42]
     1: i_1748/O (LUT3)
Found timing loop:
     0: i_1747/O (LUT3)
      [E:/bob_full_v1/hw/src/clb/clb.sv:42]
     1: i_1747/O (LUT3)
Found timing loop:
     0: i_1746/O (LUT3)
      [E:/bob_full_v1/hw/src/clb/clb.sv:42]
     1: i_1746/O (LUT3)
Found timing loop:
     0: i_1745/O (LUT3)
      [E:/bob_full_v1/hw/src/clb/clb.sv:42]
     1: i_1745/O (LUT3)
Found timing loop:
     0: i_1197/O (LUT3)
      [E:/bob_full_v1/hw/src/clb/clb.sv:42]
     1: i_1197/O (LUT3)
Found timing loop:
     0: i_1196/O (LUT3)
      [E:/bob_full_v1/hw/src/clb/clb.sv:42]
     1: i_1196/O (LUT3)
Found timing loop:
     0: i_1195/O (LUT3)
      [E:/bob_full_v1/hw/src/clb/clb.sv:42]
     1: i_1195/O (LUT3)
Found timing loop:
     0: i_1194/O (LUT3)
      [E:/bob_full_v1/hw/src/clb/clb.sv:42]
     1: i_1194/O (LUT3)
Found timing loop:
     0: i_295/O (LUT3)
      [E:/bob_full_v1/hw/src/clb/mux_bank.v:35]
     1: i_295/O (LUT3)
Found timing loop:
     0: i_296/O (LUT3)
      [E:/bob_full_v1/hw/src/clb/mux_bank.v:35]
     1: i_296/I1 (LUT3)
     2: i_223/O (MUXF7)
      [E:/bob_full_v1/hw/src/clb/mux_bank.v:35]
     3: i_223/I0 (MUXF7)
     4: i_224/O (LUT6)
      [E:/bob_full_v1/hw/src/clb/mux_bank.v:35]
     5: i_224/I3 (LUT6)
     6: i_289/O (LUT3)
      [E:/bob_full_v1/hw/src/clb/clb.sv:77]
     7: i_289/O (LUT3)
Inferred a: "set_disable_timing -from I1 -to O i_296"
Found timing loop:
     0: i_138/O (LUT3)
      [E:/bob_full_v1/hw/src/clb/mux_bank.v:35]
     1: i_138/O (LUT3)
Found timing loop:
     0: i_139/O (LUT3)
      [E:/bob_full_v1/hw/src/clb/mux_bank.v:35]
     1: i_139/O (LUT3)
Found timing loop:
     0: i_140/O (LUT3)
      [E:/bob_full_v1/hw/src/clb/mux_bank.v:35]
     1: i_140/O (LUT3)
Found timing loop:
     0: i_141/O (LUT3)
      [E:/bob_full_v1/hw/src/clb/mux_bank.v:35]
     1: i_141/O (LUT3)
Found timing loop:
     0: i_467/O (LUT3)
      [E:/bob_full_v1/hw/src/clb/mux_bank.v:35]
     1: i_467/O (LUT3)
Found timing loop:
     0: i_468/O (LUT3)
      [E:/bob_full_v1/hw/src/clb/mux_bank.v:35]
     1: i_468/O (LUT3)
Found timing loop:
     0: i_469/O (LUT3)
      [E:/bob_full_v1/hw/src/clb/mux_bank.v:35]
     1: i_469/O (LUT3)
Found timing loop:
     0: i_470/O (LUT3)
      [E:/bob_full_v1/hw/src/clb/mux_bank.v:35]
     1: i_470/O (LUT3)
Found timing loop:
     0: i_289/O (LUT3)
      [E:/bob_full_v1/hw/src/clb/clb.sv:77]
     1: i_289/O (LUT3)
Found timing loop:
     0: i_293/O (LUT3)
      [E:/bob_full_v1/hw/src/clb/lutk.sv:41]
     1: i_293/O (LUT3)
Found timing loop:
     0: i_984/O (LUT3)
      [E:/bob_full_v1/hw/src/clb/clb.sv:42]
     1: i_984/O (LUT3)
Found timing loop:
     0: i_983/O (LUT3)
      [E:/bob_full_v1/hw/src/clb/clb.sv:42]
     1: i_983/I1 (LUT3)
     2: i_840/O (LUT6)
      [E:/bob_full_v1/hw/src/clb/clb.sv:42]
     3: i_840/I0 (LUT6)
     4: i_922/O (LUT6)
      [E:/bob_full_v1/hw/src/clb/clb.sv:42]
     5: i_922/I5 (LUT6)
     6: i_295/O (LUT3)
      [E:/bob_full_v1/hw/src/clb/mux_bank.v:35]
     7: i_295/O (LUT3)
Inferred a: "set_disable_timing -from I1 -to O i_983"
Found timing loop:
     0: i_772/O (LUT3)
      [E:/bob_full_v1/hw/src/clb/clb.sv:42]
     1: i_772/O (LUT3)
Found timing loop:
     0: i_771/O (LUT3)
      [E:/bob_full_v1/hw/src/clb/clb.sv:42]
     1: i_771/O (LUT3)
Found timing loop:
     0: i_770/O (LUT3)
      [E:/bob_full_v1/hw/src/clb/clb.sv:42]
     1: i_770/O (LUT3)
Found timing loop:
     0: i_970/O (LUT3)
      [E:/bob_full_v1/hw/src/clb/clb.sv:42]
     1: i_970/O (LUT3)
Found timing loop:
     0: i_974/O (LUT2)
      [E:/bob_full_v1/hw/src/clb/clb.sv:42]
     1: i_974/O (LUT2)
Found timing loop:
     0: i_1748/O (LUT3)
      [E:/bob_full_v1/hw/src/clb/clb.sv:42]
     1: i_1748/O (LUT3)
Found timing loop:
     0: i_1747/O (LUT3)
      [E:/bob_full_v1/hw/src/clb/clb.sv:42]
     1: i_1747/O (LUT3)
Found timing loop:
     0: i_1746/O (LUT3)
      [E:/bob_full_v1/hw/src/clb/clb.sv:42]
     1: i_1746/O (LUT3)
Found timing loop:
     0: i_1745/O (LUT3)
      [E:/bob_full_v1/hw/src/clb/clb.sv:42]
     1: i_1745/O (LUT3)
Found timing loop:
     0: i_1197/O (LUT3)
      [E:/bob_full_v1/hw/src/clb/clb.sv:42]
     1: i_1197/O (LUT3)
Found timing loop:
     0: i_1196/O (LUT3)
      [E:/bob_full_v1/hw/src/clb/clb.sv:42]
     1: i_1196/O (LUT3)
Found timing loop:
     0: i_1195/O (LUT3)
      [E:/bob_full_v1/hw/src/clb/clb.sv:42]
     1: i_1195/O (LUT3)
Found timing loop:
     0: i_1194/O (LUT3)
      [E:/bob_full_v1/hw/src/clb/clb.sv:42]
     1: i_1194/O (LUT3)
Found timing loop:
     0: i_295/O (LUT3)
      [E:/bob_full_v1/hw/src/clb/mux_bank.v:35]
     1: i_295/O (LUT3)
Found timing loop:
     0: i_296/O (LUT3)
      [E:/bob_full_v1/hw/src/clb/mux_bank.v:35]
     1: i_296/O (LUT3)
Found timing loop:
     0: i_297/O (LUT3)
      [E:/bob_full_v1/hw/src/clb/mux_bank.v:35]
     1: i_297/I1 (LUT3)
     2: i_229/O (MUXF7)
      [E:/bob_full_v1/hw/src/clb/mux_bank.v:35]
     3: i_229/I0 (MUXF7)
     4: i_230/O (LUT6)
      [E:/bob_full_v1/hw/src/clb/mux_bank.v:35]
     5: i_230/I3 (LUT6)
     6: i_289/O (LUT3)
      [E:/bob_full_v1/hw/src/clb/clb.sv:77]
     7: i_289/O (LUT3)
Inferred a: "set_disable_timing -from I1 -to O i_297"
Found timing loop:
     0: i_138/O (LUT3)
      [E:/bob_full_v1/hw/src/clb/mux_bank.v:35]
     1: i_138/O (LUT3)
Found timing loop:
     0: i_139/O (LUT3)
      [E:/bob_full_v1/hw/src/clb/mux_bank.v:35]
     1: i_139/O (LUT3)
Found timing loop:
     0: i_140/O (LUT3)
      [E:/bob_full_v1/hw/src/clb/mux_bank.v:35]
     1: i_140/O (LUT3)
Found timing loop:
     0: i_141/O (LUT3)
      [E:/bob_full_v1/hw/src/clb/mux_bank.v:35]
     1: i_141/O (LUT3)
Found timing loop:
     0: i_467/O (LUT3)
      [E:/bob_full_v1/hw/src/clb/mux_bank.v:35]
     1: i_467/O (LUT3)
Found timing loop:
     0: i_468/O (LUT3)
      [E:/bob_full_v1/hw/src/clb/mux_bank.v:35]
     1: i_468/O (LUT3)
Found timing loop:
     0: i_469/O (LUT3)
      [E:/bob_full_v1/hw/src/clb/mux_bank.v:35]
     1: i_469/O (LUT3)
Found timing loop:
     0: i_470/O (LUT3)
      [E:/bob_full_v1/hw/src/clb/mux_bank.v:35]
     1: i_470/O (LUT3)
Found timing loop:
     0: i_289/O (LUT3)
      [E:/bob_full_v1/hw/src/clb/clb.sv:77]
     1: i_289/O (LUT3)
Found timing loop:
     0: i_293/O (LUT3)
      [E:/bob_full_v1/hw/src/clb/lutk.sv:41]
     1: i_293/O (LUT3)
Found timing loop:
     0: i_984/O (LUT3)
      [E:/bob_full_v1/hw/src/clb/clb.sv:42]
     1: i_984/O (LUT3)
Found timing loop:
     0: i_983/O (LUT3)
      [E:/bob_full_v1/hw/src/clb/clb.sv:42]
     1: i_983/O (LUT3)
Found timing loop:
     0: i_982/O (LUT3)
      [E:/bob_full_v1/hw/src/clb/clb.sv:42]
     1: i_982/I1 (LUT3)
     2: i_838/O (LUT6)
      [E:/bob_full_v1/hw/src/clb/clb.sv:42]
     3: i_838/I0 (LUT6)
     4: i_917/O (LUT6)
      [E:/bob_full_v1/hw/src/clb/clb.sv:42]
     5: i_917/I5 (LUT6)
     6: i_295/O (LUT3)
      [E:/bob_full_v1/hw/src/clb/mux_bank.v:35]
     7: i_295/O (LUT3)
Inferred a: "set_disable_timing -from I1 -to O i_982"
Found timing loop:
     0: i_772/O (LUT3)
      [E:/bob_full_v1/hw/src/clb/clb.sv:42]
     1: i_772/O (LUT3)
Found timing loop:
     0: i_771/O (LUT3)
      [E:/bob_full_v1/hw/src/clb/clb.sv:42]
     1: i_771/O (LUT3)
Found timing loop:
     0: i_770/O (LUT3)
      [E:/bob_full_v1/hw/src/clb/clb.sv:42]
     1: i_770/O (LUT3)
Found timing loop:
     0: i_970/O (LUT3)
      [E:/bob_full_v1/hw/src/clb/clb.sv:42]
     1: i_970/O (LUT3)
Found timing loop:
     0: i_974/O (LUT2)
      [E:/bob_full_v1/hw/src/clb/clb.sv:42]
     1: i_974/O (LUT2)
Found timing loop:
     0: i_1748/O (LUT3)
      [E:/bob_full_v1/hw/src/clb/clb.sv:42]
     1: i_1748/O (LUT3)
Found timing loop:
     0: i_1747/O (LUT3)
      [E:/bob_full_v1/hw/src/clb/clb.sv:42]
     1: i_1747/O (LUT3)
Found timing loop:
     0: i_1746/O (LUT3)
      [E:/bob_full_v1/hw/src/clb/clb.sv:42]
     1: i_1746/O (LUT3)
Found timing loop:
     0: i_1745/O (LUT3)
      [E:/bob_full_v1/hw/src/clb/clb.sv:42]
     1: i_1745/O (LUT3)
Found timing loop:
     0: i_1197/O (LUT3)
      [E:/bob_full_v1/hw/src/clb/clb.sv:42]
     1: i_1197/O (LUT3)
Found timing loop:
     0: i_1196/O (LUT3)
      [E:/bob_full_v1/hw/src/clb/clb.sv:42]
     1: i_1196/O (LUT3)
Found timing loop:
     0: i_1195/O (LUT3)
      [E:/bob_full_v1/hw/src/clb/clb.sv:42]
     1: i_1195/O (LUT3)
Found timing loop:
     0: i_1194/O (LUT3)
      [E:/bob_full_v1/hw/src/clb/clb.sv:42]
     1: i_1194/O (LUT3)
Found timing loop:
     0: i_295/O (LUT3)
      [E:/bob_full_v1/hw/src/clb/mux_bank.v:35]
     1: i_295/O (LUT3)
Found timing loop:
     0: i_296/O (LUT3)
      [E:/bob_full_v1/hw/src/clb/mux_bank.v:35]
     1: i_296/O (LUT3)
Found timing loop:
     0: i_297/O (LUT3)
      [E:/bob_full_v1/hw/src/clb/mux_bank.v:35]
     1: i_297/O (LUT3)
Found timing loop:
     0: i_298/O (LUT3)
      [E:/bob_full_v1/hw/src/clb/mux_bank.v:35]
     1: i_298/I1 (LUT3)
     2: i_235/O (MUXF7)
      [E:/bob_full_v1/hw/src/clb/mux_bank.v:35]
     3: i_235/I0 (MUXF7)
     4: i_236/O (LUT6)
      [E:/bob_full_v1/hw/src/clb/mux_bank.v:35]
     5: i_236/I3 (LUT6)
     6: i_289/O (LUT3)
      [E:/bob_full_v1/hw/src/clb/clb.sv:77]
     7: i_289/O (LUT3)
Inferred a: "set_disable_timing -from I1 -to O i_298"
Found timing loop:
     0: i_289/O (LUT3)
      [E:/bob_full_v1/hw/src/clb/clb.sv:77]
     1: i_289/O (LUT3)
Found timing loop:
     0: i_293/O (LUT3)
      [E:/bob_full_v1/hw/src/clb/lutk.sv:41]
     1: i_293/O (LUT3)
Found timing loop:
     0: i_467/O (LUT3)
      [E:/bob_full_v1/hw/src/clb/mux_bank.v:35]
     1: i_467/O (LUT3)
Found timing loop:
     0: i_468/O (LUT3)
      [E:/bob_full_v1/hw/src/clb/mux_bank.v:35]
     1: i_468/O (LUT3)
Found timing loop:
     0: i_469/O (LUT3)
      [E:/bob_full_v1/hw/src/clb/mux_bank.v:35]
     1: i_469/O (LUT3)
Found timing loop:
     0: i_470/O (LUT3)
      [E:/bob_full_v1/hw/src/clb/mux_bank.v:35]
     1: i_470/O (LUT3)
Found timing loop:
     0: i_138/O (LUT3)
      [E:/bob_full_v1/hw/src/clb/mux_bank.v:35]
     1: i_138/O (LUT3)
Found timing loop:
     0: i_139/O (LUT3)
      [E:/bob_full_v1/hw/src/clb/mux_bank.v:35]
     1: i_139/O (LUT3)
Found timing loop:
     0: i_140/O (LUT3)
      [E:/bob_full_v1/hw/src/clb/mux_bank.v:35]
     1: i_140/O (LUT3)
Found timing loop:
     0: i_141/O (LUT3)
      [E:/bob_full_v1/hw/src/clb/mux_bank.v:35]
     1: i_141/O (LUT3)
Found timing loop:
     0: i_289/O (LUT3)
      [E:/bob_full_v1/hw/src/clb/clb.sv:77]
     1: i_289/O (LUT3)
Found timing loop:
     0: i_293/O (LUT3)
      [E:/bob_full_v1/hw/src/clb/lutk.sv:41]
     1: i_293/O (LUT3)
Found timing loop:
     0: i_467/O (LUT3)
      [E:/bob_full_v1/hw/src/clb/mux_bank.v:35]
     1: i_467/O (LUT3)
Found timing loop:
     0: i_468/O (LUT3)
      [E:/bob_full_v1/hw/src/clb/mux_bank.v:35]
     1: i_468/O (LUT3)
Found timing loop:
     0: i_469/O (LUT3)
      [E:/bob_full_v1/hw/src/clb/mux_bank.v:35]
     1: i_469/O (LUT3)
Found timing loop:
     0: i_470/O (LUT3)
      [E:/bob_full_v1/hw/src/clb/mux_bank.v:35]
     1: i_470/O (LUT3)
Found timing loop:
     0: i_138/O (LUT3)
      [E:/bob_full_v1/hw/src/clb/mux_bank.v:35]
     1: i_138/O (LUT3)
Found timing loop:
     0: i_139/O (LUT3)
      [E:/bob_full_v1/hw/src/clb/mux_bank.v:35]
     1: i_139/O (LUT3)
Found timing loop:
     0: i_140/O (LUT3)
      [E:/bob_full_v1/hw/src/clb/mux_bank.v:35]
     1: i_140/O (LUT3)
Found timing loop:
     0: i_141/O (LUT3)
      [E:/bob_full_v1/hw/src/clb/mux_bank.v:35]
     1: i_141/O (LUT3)
Found timing loop:
     0: i_289/O (LUT3)
      [E:/bob_full_v1/hw/src/clb/clb.sv:77]
     1: i_289/O (LUT3)
Found timing loop:
     0: i_293/O (LUT3)
      [E:/bob_full_v1/hw/src/clb/lutk.sv:41]
     1: i_293/O (LUT3)
Found timing loop:
     0: i_467/O (LUT3)
      [E:/bob_full_v1/hw/src/clb/mux_bank.v:35]
     1: i_467/O (LUT3)
Found timing loop:
     0: i_468/O (LUT3)
      [E:/bob_full_v1/hw/src/clb/mux_bank.v:35]
     1: i_468/O (LUT3)
Found timing loop:
     0: i_469/O (LUT3)
      [E:/bob_full_v1/hw/src/clb/mux_bank.v:35]
     1: i_469/O (LUT3)
Found timing loop:
     0: i_470/O (LUT3)
      [E:/bob_full_v1/hw/src/clb/mux_bank.v:35]
     1: i_470/O (LUT3)
Found timing loop:
     0: i_138/O (LUT3)
      [E:/bob_full_v1/hw/src/clb/mux_bank.v:35]
     1: i_138/O (LUT3)
Found timing loop:
     0: i_139/O (LUT3)
      [E:/bob_full_v1/hw/src/clb/mux_bank.v:35]
     1: i_139/O (LUT3)
Found timing loop:
     0: i_140/O (LUT3)
      [E:/bob_full_v1/hw/src/clb/mux_bank.v:35]
     1: i_140/O (LUT3)
Found timing loop:
     0: i_141/O (LUT3)
      [E:/bob_full_v1/hw/src/clb/mux_bank.v:35]
     1: i_141/O (LUT3)
Found timing loop:
     0: i_289/O (LUT3)
      [E:/bob_full_v1/hw/src/clb/clb.sv:77]
     1: i_289/O (LUT3)
Found timing loop:
     0: i_293/O (LUT3)
      [E:/bob_full_v1/hw/src/clb/lutk.sv:41]
     1: i_293/I0 (LUT3)
     2: i_193/O (LUT6)
      [E:/bob_full_v1/hw/src/clb/mux_bank.v:35]
     3: i_193/I5 (LUT6)
     4: i_194/O (LUT6)
      [E:/bob_full_v1/hw/src/clb/mux_bank.v:35]
     5: i_194/I3 (LUT6)
     6: i_289/O (LUT3)
      [E:/bob_full_v1/hw/src/clb/clb.sv:77]
     7: i_289/O (LUT3)
Inferred a: "set_disable_timing -from I0 -to O i_293"
Found timing loop:
     0: i_467/O (LUT3)
      [E:/bob_full_v1/hw/src/clb/mux_bank.v:35]
     1: i_467/O (LUT3)
Found timing loop:
     0: i_468/O (LUT3)
      [E:/bob_full_v1/hw/src/clb/mux_bank.v:35]
     1: i_468/O (LUT3)
Found timing loop:
     0: i_469/O (LUT3)
      [E:/bob_full_v1/hw/src/clb/mux_bank.v:35]
     1: i_469/O (LUT3)
Found timing loop:
     0: i_470/O (LUT3)
      [E:/bob_full_v1/hw/src/clb/mux_bank.v:35]
     1: i_470/O (LUT3)
Found timing loop:
     0: i_138/O (LUT3)
      [E:/bob_full_v1/hw/src/clb/mux_bank.v:35]
     1: i_138/O (LUT3)
Found timing loop:
     0: i_139/O (LUT3)
      [E:/bob_full_v1/hw/src/clb/mux_bank.v:35]
     1: i_139/O (LUT3)
Found timing loop:
     0: i_140/O (LUT3)
      [E:/bob_full_v1/hw/src/clb/mux_bank.v:35]
     1: i_140/O (LUT3)
Found timing loop:
     0: i_141/O (LUT3)
      [E:/bob_full_v1/hw/src/clb/mux_bank.v:35]
     1: i_141/O (LUT3)
Found timing loop:
     0: i_289/O (LUT3)
      [E:/bob_full_v1/hw/src/clb/clb.sv:77]
     1: i_289/O (LUT3)
Found timing loop:
     0: i_467/O (LUT3)
      [E:/bob_full_v1/hw/src/clb/mux_bank.v:35]
     1: i_467/O (LUT3)
Found timing loop:
     0: i_468/O (LUT3)
      [E:/bob_full_v1/hw/src/clb/mux_bank.v:35]
     1: i_468/O (LUT3)
Found timing loop:
     0: i_469/O (LUT3)
      [E:/bob_full_v1/hw/src/clb/mux_bank.v:35]
     1: i_469/O (LUT3)
Found timing loop:
     0: i_470/O (LUT3)
      [E:/bob_full_v1/hw/src/clb/mux_bank.v:35]
     1: i_470/O (LUT3)
Found timing loop:
     0: i_138/O (LUT3)
      [E:/bob_full_v1/hw/src/clb/mux_bank.v:35]
     1: i_138/O (LUT3)
Found timing loop:
     0: i_139/O (LUT3)
      [E:/bob_full_v1/hw/src/clb/mux_bank.v:35]
     1: i_139/O (LUT3)
Found timing loop:
     0: i_140/O (LUT3)
      [E:/bob_full_v1/hw/src/clb/mux_bank.v:35]
     1: i_140/O (LUT3)
Found timing loop:
     0: i_141/O (LUT3)
      [E:/bob_full_v1/hw/src/clb/mux_bank.v:35]
     1: i_141/O (LUT3)
Found timing loop:
     0: i_299/O (LUT3)
      [E:/bob_full_v1/hw/src/clb/mux_bank.v:35]
     1: i_299/O (LUT3)
Found timing loop:
     0: i_300/O (LUT3)
      [E:/bob_full_v1/hw/src/clb/mux_bank.v:35]
     1: i_300/O (LUT3)
Found timing loop:
     0: i_301/O (LUT3)
      [E:/bob_full_v1/hw/src/clb/mux_bank.v:35]
     1: i_301/O (LUT3)
Found timing loop:
     0: i_591/O (LUT3)
      [E:/bob_full_v1/hw/src/clb/mux_bank.v:35]
     1: i_591/I2 (LUT3)
     2: i_6122/O (LUT3)
      [E:/bob_full_v1/hw/src/top/fpga4x4_top.v:13]
     3: i_6122/I1 (LUT3)
     4: i_565/O (LUT6)
      [E:/bob_full_v1/hw/src/clb/mux_bank.v:35]
     5: i_565/I5 (LUT6)
     6: i_463/O (LUT3)
      [E:/bob_full_v1/hw/src/clb/mux_bank.v:35]
     7: i_463/I1 (LUT3)
     8: i_405/O (MUXF7)
      [E:/bob_full_v1/hw/src/clb/mux_bank.v:35]
     9: i_405/I1 (MUXF7)
    10: i_408/O (LUT6)
      [E:/bob_full_v1/hw/src/clb/mux_bank.v:35]
    11: i_408/I5 (LUT6)
    12: i_409/O (LUT6)
      [E:/bob_full_v1/hw/src/clb/mux_bank.v:35]
    13: i_409/I5 (LUT6)
    14: i_591/O (LUT3)
      [E:/bob_full_v1/hw/src/clb/mux_bank.v:35]
Inferred a: "set_disable_timing -from I2 -to O i_591"
Found timing loop:
     0: i_463/O (LUT3)
      [E:/bob_full_v1/hw/src/clb/mux_bank.v:35]
     1: i_463/I1 (LUT3)
     2: i_405/O (MUXF7)
      [E:/bob_full_v1/hw/src/clb/mux_bank.v:35]
     3: i_405/I1 (MUXF7)
     4: i_408/O (LUT6)
      [E:/bob_full_v1/hw/src/clb/mux_bank.v:35]
     5: i_408/I5 (LUT6)
     6: i_409/O (LUT6)
      [E:/bob_full_v1/hw/src/clb/mux_bank.v:35]
     7: i_409/I5 (LUT6)
     8: i_591/O (LUT3)
      [E:/bob_full_v1/hw/src/clb/mux_bank.v:35]
     9: i_591/O (LUT3)
Inferred a: "set_disable_timing -from I1 -to O i_463"
Found timing loop:
     0: i_299/O (LUT3)
      [E:/bob_full_v1/hw/src/clb/mux_bank.v:35]
     1: i_299/O (LUT3)
Found timing loop:
     0: i_300/O (LUT3)
      [E:/bob_full_v1/hw/src/clb/mux_bank.v:35]
     1: i_300/O (LUT3)
Found timing loop:
     0: i_301/O (LUT3)
      [E:/bob_full_v1/hw/src/clb/mux_bank.v:35]
     1: i_301/O (LUT3)
Found timing loop:
     0: i_591/O (LUT3)
      [E:/bob_full_v1/hw/src/clb/mux_bank.v:35]
     1: i_591/O (LUT3)
Found timing loop:
     0: i_592/O (LUT3)
      [E:/bob_full_v1/hw/src/clb/mux_bank.v:35]
     1: i_592/I2 (LUT3)
     2: i_6123/O (LUT3)
      [E:/bob_full_v1/hw/src/top/fpga4x4_top.v:13]
     3: i_6123/I1 (LUT3)
     4: i_570/O (LUT6)
      [E:/bob_full_v1/hw/src/clb/mux_bank.v:35]
     5: i_570/I5 (LUT6)
     6: i_463/O (LUT3)
      [E:/bob_full_v1/hw/src/clb/mux_bank.v:35]
     7: i_463/O (LUT3)
Inferred a: "set_disable_timing -from I2 -to O i_592"
Found timing loop:
     0: i_463/O (LUT3)
      [E:/bob_full_v1/hw/src/clb/mux_bank.v:35]
     1: i_463/O (LUT3)
Found timing loop:
     0: i_464/O (LUT3)
      [E:/bob_full_v1/hw/src/clb/mux_bank.v:35]
     1: i_464/I1 (LUT3)
     2: i_411/O (MUXF7)
      [E:/bob_full_v1/hw/src/clb/mux_bank.v:35]
     3: i_411/I1 (MUXF7)
     4: i_414/O (LUT6)
      [E:/bob_full_v1/hw/src/clb/mux_bank.v:35]
     5: i_414/I5 (LUT6)
     6: i_415/O (LUT6)
      [E:/bob_full_v1/hw/src/clb/mux_bank.v:35]
     7: i_415/I5 (LUT6)
     8: i_591/O (LUT3)
      [E:/bob_full_v1/hw/src/clb/mux_bank.v:35]
     9: i_591/O (LUT3)
Inferred a: "set_disable_timing -from I1 -to O i_464"
Found timing loop:
     0: i_299/O (LUT3)
      [E:/bob_full_v1/hw/src/clb/mux_bank.v:35]
     1: i_299/O (LUT3)
Found timing loop:
     0: i_300/O (LUT3)
      [E:/bob_full_v1/hw/src/clb/mux_bank.v:35]
     1: i_300/O (LUT3)
Found timing loop:
     0: i_301/O (LUT3)
      [E:/bob_full_v1/hw/src/clb/mux_bank.v:35]
     1: i_301/O (LUT3)
Found timing loop:
     0: i_591/O (LUT3)
      [E:/bob_full_v1/hw/src/clb/mux_bank.v:35]
     1: i_591/O (LUT3)
Found timing loop:
     0: i_592/O (LUT3)
      [E:/bob_full_v1/hw/src/clb/mux_bank.v:35]
     1: i_592/O (LUT3)
Found timing loop:
     0: i_593/O (LUT3)
      [E:/bob_full_v1/hw/src/clb/mux_bank.v:35]
     1: i_593/I2 (LUT3)
     2: i_6124/O (LUT3)
      [E:/bob_full_v1/hw/src/top/fpga4x4_top.v:13]
     3: i_6124/I1 (LUT3)
     4: i_575/O (LUT6)
      [E:/bob_full_v1/hw/src/clb/mux_bank.v:35]
     5: i_575/I5 (LUT6)
     6: i_463/O (LUT3)
      [E:/bob_full_v1/hw/src/clb/mux_bank.v:35]
     7: i_463/O (LUT3)
Inferred a: "set_disable_timing -from I2 -to O i_593"
Found timing loop:
     0: i_463/O (LUT3)
      [E:/bob_full_v1/hw/src/clb/mux_bank.v:35]
     1: i_463/O (LUT3)
Found timing loop:
     0: i_464/O (LUT3)
      [E:/bob_full_v1/hw/src/clb/mux_bank.v:35]
     1: i_464/O (LUT3)
Found timing loop:
     0: i_465/O (LUT3)
      [E:/bob_full_v1/hw/src/clb/mux_bank.v:35]
     1: i_465/I1 (LUT3)
     2: i_417/O (MUXF7)
      [E:/bob_full_v1/hw/src/clb/mux_bank.v:35]
     3: i_417/I1 (MUXF7)
     4: i_420/O (LUT6)
      [E:/bob_full_v1/hw/src/clb/mux_bank.v:35]
     5: i_420/I5 (LUT6)
     6: i_421/O (LUT6)
      [E:/bob_full_v1/hw/src/clb/mux_bank.v:35]
     7: i_421/I5 (LUT6)
     8: i_591/O (LUT3)
      [E:/bob_full_v1/hw/src/clb/mux_bank.v:35]
     9: i_591/O (LUT3)
Inferred a: "set_disable_timing -from I1 -to O i_465"
Found timing loop:
     0: i_299/O (LUT3)
      [E:/bob_full_v1/hw/src/clb/mux_bank.v:35]
     1: i_299/O (LUT3)
Found timing loop:
     0: i_300/O (LUT3)
      [E:/bob_full_v1/hw/src/clb/mux_bank.v:35]
     1: i_300/O (LUT3)
Found timing loop:
     0: i_301/O (LUT3)
      [E:/bob_full_v1/hw/src/clb/mux_bank.v:35]
     1: i_301/O (LUT3)
Found timing loop:
     0: i_591/O (LUT3)
      [E:/bob_full_v1/hw/src/clb/mux_bank.v:35]
     1: i_591/O (LUT3)
Found timing loop:
     0: i_592/O (LUT3)
      [E:/bob_full_v1/hw/src/clb/mux_bank.v:35]
     1: i_592/O (LUT3)
Found timing loop:
     0: i_593/O (LUT3)
      [E:/bob_full_v1/hw/src/clb/mux_bank.v:35]
     1: i_593/O (LUT3)
Found timing loop:
     0: i_594/O (LUT3)
      [E:/bob_full_v1/hw/src/clb/mux_bank.v:35]
     1: i_594/I2 (LUT3)
     2: i_6125/O (LUT3)
      [E:/bob_full_v1/hw/src/top/fpga4x4_top.v:13]
     3: i_6125/I1 (LUT3)
     4: i_580/O (LUT6)
      [E:/bob_full_v1/hw/src/clb/mux_bank.v:35]
     5: i_580/I5 (LUT6)
     6: i_463/O (LUT3)
      [E:/bob_full_v1/hw/src/clb/mux_bank.v:35]
     7: i_463/O (LUT3)
Inferred a: "set_disable_timing -from I2 -to O i_594"
Found timing loop:
     0: i_299/O (LUT3)
      [E:/bob_full_v1/hw/src/clb/mux_bank.v:35]
     1: i_299/O (LUT3)
Found timing loop:
     0: i_300/O (LUT3)
      [E:/bob_full_v1/hw/src/clb/mux_bank.v:35]
     1: i_300/O (LUT3)
Found timing loop:
     0: i_301/O (LUT3)
      [E:/bob_full_v1/hw/src/clb/mux_bank.v:35]
     1: i_301/O (LUT3)
Found timing loop:
     0: i_591/O (LUT3)
      [E:/bob_full_v1/hw/src/clb/mux_bank.v:35]
     1: i_591/O (LUT3)
Found timing loop:
     0: i_592/O (LUT3)
      [E:/bob_full_v1/hw/src/clb/mux_bank.v:35]
     1: i_592/O (LUT3)
Found timing loop:
     0: i_593/O (LUT3)
      [E:/bob_full_v1/hw/src/clb/mux_bank.v:35]
     1: i_593/O (LUT3)
Found timing loop:
     0: i_594/O (LUT3)
      [E:/bob_full_v1/hw/src/clb/mux_bank.v:35]
     1: i_594/O (LUT3)
Found timing loop:
     0: i_453/O (LUT3)
      [E:/bob_full_v1/hw/src/clb/clb.sv:77]
     1: i_453/I1 (LUT3)
     2: i_308/O (LUT5)
      [E:/bob_full_v1/hw/src/clb/clb.sv:60]
     3: i_308/I4 (LUT5)
     4: i_328/O (LUT5)
      [E:/bob_full_v1/hw/src/clb/lutk.sv:41]
     5: i_328/I4 (LUT5)
     6: i_457/O (LUT3)
      [E:/bob_full_v1/hw/src/clb/lutk.sv:41]
     7: i_457/I2 (LUT3)
     8: i_323/O (LUT6)
      [E:/bob_full_v1/hw/src/clb/lutk.sv:41]
     9: i_323/I5 (LUT6)
    10: i_324/O (LUT6)
      [E:/bob_full_v1/hw/src/clb/lutk.sv:41]
    11: i_324/I4 (LUT6)
    12: i_454/O (LUT3)
      [E:/bob_full_v1/hw/src/clb/mux_bank.v:35]
    13: i_454/I1 (LUT3)
    14: i_312/O (MUXF7)
      [E:/bob_full_v1/hw/src/clb/mux_bank.v:35]
    15: i_312/I0 (MUXF7)
    16: i_313/O (LUT6)
      [E:/bob_full_v1/hw/src/clb/mux_bank.v:35]
    17: i_313/I3 (LUT6)
    18: i_453/O (LUT3)
      [E:/bob_full_v1/hw/src/clb/clb.sv:77]
Inferred a: "set_disable_timing -from I1 -to O i_453"
Found timing loop:
     0: i_457/O (LUT3)
      [E:/bob_full_v1/hw/src/clb/lutk.sv:41]
     1: i_457/I2 (LUT3)
     2: i_323/O (LUT6)
      [E:/bob_full_v1/hw/src/clb/lutk.sv:41]
     3: i_323/I5 (LUT6)
     4: i_324/O (LUT6)
      [E:/bob_full_v1/hw/src/clb/lutk.sv:41]
     5: i_324/I4 (LUT6)
     6: i_454/O (LUT3)
      [E:/bob_full_v1/hw/src/clb/mux_bank.v:35]
     7: i_454/I1 (LUT3)
     8: i_312/O (MUXF7)
      [E:/bob_full_v1/hw/src/clb/mux_bank.v:35]
     9: i_312/I0 (MUXF7)
    10: i_313/O (LUT6)
      [E:/bob_full_v1/hw/src/clb/mux_bank.v:35]
    11: i_313/I3 (LUT6)
    12: i_453/O (LUT3)
      [E:/bob_full_v1/hw/src/clb/clb.sv:77]
    13: i_453/O (LUT3)
Inferred a: "set_disable_timing -from I2 -to O i_457"
Found timing loop:
     0: i_988/O (LUT3)
      [E:/bob_full_v1/hw/src/clb/clb.sv:42]
     1: i_988/O (LUT3)
Found timing loop:
     0: i_987/O (LUT3)
      [E:/bob_full_v1/hw/src/clb/clb.sv:42]
     1: i_987/O (LUT3)
Found timing loop:
     0: i_986/O (LUT3)
      [E:/bob_full_v1/hw/src/clb/clb.sv:42]
     1: i_986/O (LUT3)
Found timing loop:
     0: i_985/O (LUT3)
      [E:/bob_full_v1/hw/src/clb/clb.sv:42]
     1: i_985/I1 (LUT3)
     2: i_844/O (LUT6)
      [E:/bob_full_v1/hw/src/clb/clb.sv:42]
     3: i_844/I0 (LUT6)
     4: i_932/O (LUT6)
      [E:/bob_full_v1/hw/src/clb/clb.sv:42]
     5: i_932/I5 (LUT6)
     6: i_295/O (LUT3)
      [E:/bob_full_v1/hw/src/clb/mux_bank.v:35]
     7: i_295/O (LUT3)
Inferred a: "set_disable_timing -from I1 -to O i_985"
Found timing loop:
     0: i_988/O (LUT3)
      [E:/bob_full_v1/hw/src/clb/clb.sv:42]
     1: i_988/O (LUT3)
Found timing loop:
     0: i_987/O (LUT3)
      [E:/bob_full_v1/hw/src/clb/clb.sv:42]
     1: i_987/O (LUT3)
Found timing loop:
     0: i_986/O (LUT3)
      [E:/bob_full_v1/hw/src/clb/clb.sv:42]
     1: i_986/O (LUT3)
Found timing loop:
     0: i_985/O (LUT3)
      [E:/bob_full_v1/hw/src/clb/clb.sv:42]
     1: i_985/O (LUT3)
Found timing loop:
     0: i_1187/O (LUT3)
      [E:/bob_full_v1/hw/src/clb/clb.sv:42]
     1: i_1187/I1 (LUT3)
     2: i_994/O (LUT5)
      [E:/bob_full_v1/hw/src/clb/clb.sv:42]
     3: i_994/I4 (LUT5)
     4: i_1004/O (LUT3)
      [E:/bob_full_v1/hw/src/clb/clb.sv:42]
     5: i_1004/I2 (LUT3)
     6: i_1005/O (LUT6)
      [E:/bob_full_v1/hw/src/clb/clb.sv:42]
     7: i_1005/I5 (LUT6)
     8: i_1015/O (MUXF7)
      [E:/bob_full_v1/hw/src/clb/clb.sv:42]
     9: i_1015/I1 (MUXF7)
    10: i_1016/O (LUT6)
      [E:/bob_full_v1/hw/src/clb/clb.sv:42]
    11: i_1016/I4 (LUT6)
    12: i_1020/O (LUT5)
      [E:/bob_full_v1/hw/src/clb/clb.sv:42]
    13: i_1020/I4 (LUT5)
    14: i_1021/O (LUT6)
      [E:/bob_full_v1/hw/src/clb/clb.sv:42]
    15: i_1021/I4 (LUT6)
    16: i_1022/O (LUT6)
      [E:/bob_full_v1/hw/src/clb/clb.sv:42]
    17: i_1022/I5 (LUT6)
    18: i_1356/O (LUT3)
      [E:/bob_full_v1/hw/src/clb/mux_bank.v:35]
    19: i_1356/I2 (LUT3)
    20: i_6148/O (LUT3)
      [E:/bob_full_v1/hw/src/top/fpga4x4_top.v:13]
    21: i_6148/I1 (LUT3)
    22: i_1326/O (LUT6)
      [E:/bob_full_v1/hw/src/clb/mux_bank.v:35]
    23: i_1326/I5 (LUT6)
    24: i_1205/O (LUT3)
      [E:/bob_full_v1/hw/src/clb/clb.sv:42]
    25: i_1205/I1 (LUT3)
    26: i_1067/O (LUT6)
      [E:/bob_full_v1/hw/src/clb/clb.sv:42]
    27: i_1067/I5 (LUT6)
    28: i_1068/O (LUT4)
      [E:/bob_full_v1/hw/src/clb/clb.sv:42]
    29: i_1068/I1 (LUT4)
    30: i_1187/O (LUT3)
      [E:/bob_full_v1/hw/src/clb/clb.sv:42]
Inferred a: "set_disable_timing -from I1 -to O i_1187"
Found timing loop:
     0: i_1752/O (LUT3)
      [E:/bob_full_v1/hw/src/clb/clb.sv:42]
     1: i_1752/O (LUT3)
Found timing loop:
     0: i_1751/O (LUT3)
      [E:/bob_full_v1/hw/src/clb/clb.sv:42]
     1: i_1751/O (LUT3)
Found timing loop:
     0: i_1750/O (LUT3)
      [E:/bob_full_v1/hw/src/clb/clb.sv:42]
     1: i_1750/O (LUT3)
Found timing loop:
     0: i_1749/O (LUT3)
      [E:/bob_full_v1/hw/src/clb/clb.sv:42]
     1: i_1749/I1 (LUT3)
     2: i_1608/O (LUT6)
      [E:/bob_full_v1/hw/src/clb/clb.sv:42]
     3: i_1608/I0 (LUT6)
     4: i_1696/O (LUT6)
      [E:/bob_full_v1/hw/src/clb/clb.sv:42]
     5: i_1696/I5 (LUT6)
     6: i_992/O (LUT3)
      [E:/bob_full_v1/hw/src/clb/clb.sv:42]
     7: i_992/O (LUT3)
Inferred a: "set_disable_timing -from I1 -to O i_1749"
Found timing loop:
     0: i_1752/O (LUT3)
      [E:/bob_full_v1/hw/src/clb/clb.sv:42]
     1: i_1752/O (LUT3)
Found timing loop:
     0: i_1751/O (LUT3)
      [E:/bob_full_v1/hw/src/clb/clb.sv:42]
     1: i_1751/O (LUT3)
Found timing loop:
     0: i_1750/O (LUT3)
      [E:/bob_full_v1/hw/src/clb/clb.sv:42]
     1: i_1750/O (LUT3)
Found timing loop:
     0: i_1749/O (LUT3)
      [E:/bob_full_v1/hw/src/clb/clb.sv:42]
     1: i_1749/O (LUT3)
Found timing loop:
     0: i_1951/O (LUT3)
      [E:/bob_full_v1/hw/src/clb/clb.sv:42]
     1: i_1951/I1 (LUT3)
     2: i_1758/O (LUT5)
      [E:/bob_full_v1/hw/src/clb/clb.sv:42]
     3: i_1758/I4 (LUT5)
     4: i_1768/O (LUT3)
      [E:/bob_full_v1/hw/src/clb/clb.sv:42]
     5: i_1768/I2 (LUT3)
     6: i_1769/O (LUT6)
      [E:/bob_full_v1/hw/src/clb/clb.sv:42]
     7: i_1769/I5 (LUT6)
     8: i_1779/O (MUXF7)
      [E:/bob_full_v1/hw/src/clb/clb.sv:42]
     9: i_1779/I1 (MUXF7)
    10: i_1780/O (LUT6)
      [E:/bob_full_v1/hw/src/clb/clb.sv:42]
    11: i_1780/I4 (LUT6)
    12: i_1784/O (LUT5)
      [E:/bob_full_v1/hw/src/clb/clb.sv:42]
    13: i_1784/I4 (LUT5)
    14: i_1785/O (LUT6)
      [E:/bob_full_v1/hw/src/clb/clb.sv:42]
    15: i_1785/I4 (LUT6)
    16: i_1786/O (LUT6)
      [E:/bob_full_v1/hw/src/clb/clb.sv:42]
    17: i_1786/I5 (LUT6)
    18: i_2121/O (LUT3)
      [E:/bob_full_v1/hw/src/clb/mux_bank.v:35]
    19: i_2121/I2 (LUT3)
    20: i_6174/O (LUT3)
      [E:/bob_full_v1/hw/src/top/fpga4x4_top.v:13]
    21: i_6174/I1 (LUT3)
    22: i_2091/O (LUT6)
      [E:/bob_full_v1/hw/src/clb/mux_bank.v:35]
    23: i_2091/I5 (LUT6)
    24: i_1969/O (LUT3)
      [E:/bob_full_v1/hw/src/clb/clb.sv:42]
    25: i_1969/I1 (LUT3)
    26: i_1831/O (LUT6)
      [E:/bob_full_v1/hw/src/clb/clb.sv:42]
    27: i_1831/I5 (LUT6)
    28: i_1832/O (LUT4)
      [E:/bob_full_v1/hw/src/clb/clb.sv:42]
    29: i_1832/I1 (LUT4)
    30: i_1951/O (LUT3)
      [E:/bob_full_v1/hw/src/clb/clb.sv:42]
Inferred a: "set_disable_timing -from I1 -to O i_1951"
Found timing loop:
     0: i_2282/O (LUT6)
      [E:/bob_full_v1/hw/src/clb/mux_bank.v:35]
     1: i_2282/O (LUT6)
Found timing loop:
     0: i_2368/O (LUT3)
      [E:/bob_full_v1/hw/src/clb/mux_bank.v:35]
     1: i_2368/O (LUT3)
Found timing loop:
     0: i_2369/O (LUT3)
      [E:/bob_full_v1/hw/src/clb/mux_bank.v:35]
     1: i_2369/O (LUT3)
Found timing loop:
     0: i_2370/O (LUT3)
      [E:/bob_full_v1/hw/src/clb/mux_bank.v:35]
     1: i_2370/I1 (LUT3)
     2: i_2331/O (LUT5)
      [E:/bob_full_v1/hw/src/clb/mux_bank.v:35]
     3: i_2331/I0 (LUT5)
     4: i_2333/O (LUT6)
      [E:/bob_full_v1/hw/src/clb/mux_bank.v:35]
     5: i_2333/I5 (LUT6)
     6: i_1756/O (LUT3)
      [E:/bob_full_v1/hw/src/clb/clb.sv:42]
     7: i_1756/O (LUT3)
Inferred a: "set_disable_timing -from I1 -to O i_2370"
Found timing loop:
     0: i_2282/O (LUT6)
      [E:/bob_full_v1/hw/src/clb/mux_bank.v:35]
     1: i_2282/O (LUT6)
Found timing loop:
     0: i_2368/O (LUT3)
      [E:/bob_full_v1/hw/src/clb/mux_bank.v:35]
     1: i_2368/O (LUT3)
Found timing loop:
     0: i_2369/O (LUT3)
      [E:/bob_full_v1/hw/src/clb/mux_bank.v:35]
     1: i_2369/O (LUT3)
Found timing loop:
     0: i_2370/O (LUT3)
      [E:/bob_full_v1/hw/src/clb/mux_bank.v:35]
     1: i_2370/O (LUT3)
Found timing loop:
     0: i_2522/O (LUT3)
      [E:/bob_full_v1/hw/src/clb/lutk.sv:41]
     1: i_2522/I2 (LUT3)
     2: i_2397/O (LUT6)
      [E:/bob_full_v1/hw/src/clb/lutk.sv:41]
     3: i_2397/I5 (LUT6)
     4: i_2410/O (LUT6)
      [E:/bob_full_v1/hw/src/clb/lutk.sv:41]
     5: i_2410/I4 (LUT6)
     6: i_2515/O (LUT3)
      [E:/bob_full_v1/hw/src/clb/mux_bank.v:35]
     7: i_2515/I1 (LUT3)
     8: i_2428/O (LUT5)
      [E:/bob_full_v1/hw/src/clb/mux_bank.v:35]
     9: i_2428/I4 (LUT5)
    10: i_6222/O (LUT5)
      [E:/bob_full_v1/hw/src/top/fpga4x4_top.v:13]
    11: i_6222/I3 (LUT5)
    12: i_2522/O (LUT3)
      [E:/bob_full_v1/hw/src/clb/lutk.sv:41]
Inferred a: "set_disable_timing -from I2 -to O i_2522"
Found timing loop:
     0: i_2522/O (LUT3)
      [E:/bob_full_v1/hw/src/clb/lutk.sv:41]
     1: i_2522/O (LUT3)
Found timing loop:
     0: i_2522/O (LUT3)
      [E:/bob_full_v1/hw/src/clb/lutk.sv:41]
     1: i_2522/O (LUT3)
Found timing loop:
     0: i_2514/O (LUT3)
      [E:/bob_full_v1/hw/src/clb/clb.sv:77]
     1: i_2514/I1 (LUT3)
     2: i_2394/O (LUT6)
      [E:/bob_full_v1/hw/src/clb/clb.sv:60]
     3: i_2394/I5 (LUT6)
     4: i_2522/O (LUT3)
      [E:/bob_full_v1/hw/src/clb/lutk.sv:41]
     5: i_2522/O (LUT3)
Inferred a: "set_disable_timing -from I1 -to O i_2514"
Found timing loop:
     0: i_1752/O (LUT3)
      [E:/bob_full_v1/hw/src/clb/clb.sv:42]
     1: i_1752/O (LUT3)
Found timing loop:
     0: i_1751/O (LUT3)
      [E:/bob_full_v1/hw/src/clb/clb.sv:42]
     1: i_1751/O (LUT3)
Found timing loop:
     0: i_1750/O (LUT3)
      [E:/bob_full_v1/hw/src/clb/clb.sv:42]
     1: i_1750/O (LUT3)
Found timing loop:
     0: i_1749/O (LUT3)
      [E:/bob_full_v1/hw/src/clb/clb.sv:42]
     1: i_1749/O (LUT3)
Found timing loop:
     0: i_1951/O (LUT3)
      [E:/bob_full_v1/hw/src/clb/clb.sv:42]
     1: i_1951/O (LUT3)
Found timing loop:
     0: i_1955/O (LUT2)
      [E:/bob_full_v1/hw/src/clb/clb.sv:42]
     1: i_1955/I1 (LUT2)
     2: i_1954/O (LUT2)
      [E:/bob_full_v1/hw/src/clb/clb.sv:42]
     3: i_1954/I1 (LUT2)
     4: i_6163/O (LUT3)
      [E:/bob_full_v1/hw/src/top/fpga4x4_top.v:13]
     5: i_6163/I2 (LUT3)
     6: i_1801/O (LUT6)
      [E:/bob_full_v1/hw/src/clb/clb.sv:42]
     7: i_1801/I5 (LUT6)
     8: i_1802/O (LUT6)
      [E:/bob_full_v1/hw/src/clb/clb.sv:42]
     9: i_1802/I4 (LUT6)
    10: i_1844/O (LUT6)
      [E:/bob_full_v1/hw/src/clb/clb.sv:42]
    11: i_1844/I5 (LUT6)
    12: i_2529/O (LUT3)
      [E:/bob_full_v1/hw/src/clb/mux_bank.v:35]
    13: i_2529/I1 (LUT3)
    14: i_2490/O (LUT5)
      [E:/bob_full_v1/hw/src/clb/mux_bank.v:35]
    15: i_2490/I4 (LUT5)
    16: i_6234/O (LUT5)
      [E:/bob_full_v1/hw/src/top/fpga4x4_top.v:13]
    17: i_6234/I3 (LUT5)
    18: i_2522/O (LUT3)
      [E:/bob_full_v1/hw/src/clb/lutk.sv:41]
    19: i_2522/O (LUT3)
Inferred a: "set_disable_timing -from I1 -to O i_1955"
Found timing loop:
     0: i_2529/O (LUT3)
      [E:/bob_full_v1/hw/src/clb/mux_bank.v:35]
     1: i_2529/I1 (LUT3)
     2: i_2490/O (LUT5)
      [E:/bob_full_v1/hw/src/clb/mux_bank.v:35]
     3: i_2490/I4 (LUT5)
     4: i_6234/O (LUT5)
      [E:/bob_full_v1/hw/src/top/fpga4x4_top.v:13]
     5: i_6234/I3 (LUT5)
     6: i_2522/O (LUT3)
      [E:/bob_full_v1/hw/src/clb/lutk.sv:41]
     7: i_2522/O (LUT3)
Inferred a: "set_disable_timing -from I1 -to O i_2529"
Found timing loop:
     0: i_2282/O (LUT6)
      [E:/bob_full_v1/hw/src/clb/mux_bank.v:35]
     1: i_2282/O (LUT6)
Found timing loop:
     0: i_2368/O (LUT3)
      [E:/bob_full_v1/hw/src/clb/mux_bank.v:35]
     1: i_2368/O (LUT3)
Found timing loop:
     0: i_2369/O (LUT3)
      [E:/bob_full_v1/hw/src/clb/mux_bank.v:35]
     1: i_2369/O (LUT3)
Found timing loop:
     0: i_2370/O (LUT3)
      [E:/bob_full_v1/hw/src/clb/mux_bank.v:35]
     1: i_2370/O (LUT3)
Found timing loop:
     0: i_2522/O (LUT3)
      [E:/bob_full_v1/hw/src/clb/lutk.sv:41]
     1: i_2522/O (LUT3)
Found timing loop:
     0: i_2514/O (LUT3)
      [E:/bob_full_v1/hw/src/clb/clb.sv:77]
     1: i_2514/O (LUT3)
Found timing loop:
     0: i_2282/O (LUT6)
      [E:/bob_full_v1/hw/src/clb/mux_bank.v:35]
     1: i_2282/O (LUT6)
Found timing loop:
     0: i_2368/O (LUT3)
      [E:/bob_full_v1/hw/src/clb/mux_bank.v:35]
     1: i_2368/O (LUT3)
Found timing loop:
     0: i_2369/O (LUT3)
      [E:/bob_full_v1/hw/src/clb/mux_bank.v:35]
     1: i_2369/O (LUT3)
Found timing loop:
     0: i_2370/O (LUT3)
      [E:/bob_full_v1/hw/src/clb/mux_bank.v:35]
     1: i_2370/O (LUT3)
Found timing loop:
     0: i_2522/O (LUT3)
      [E:/bob_full_v1/hw/src/clb/lutk.sv:41]
     1: i_2522/O (LUT3)
Found timing loop:
     0: i_2514/O (LUT3)
      [E:/bob_full_v1/hw/src/clb/clb.sv:77]
     1: i_2514/O (LUT3)
Found timing loop:
     0: i_2675/O (LUT2)
      [E:/bob_full_v1/hw/src/clb/clb.sv:42]
     1: i_2675/I1 (LUT2)
     2: i_2633/O (LUT5)
      [E:/bob_full_v1/hw/src/clb/clb.sv:42]
     3: i_2633/I4 (LUT5)
     4: i_2634/O (LUT6)
      [E:/bob_full_v1/hw/src/clb/clb.sv:42]
     5: i_2634/I5 (LUT6)
     6: i_2527/O (LUT3)
      [E:/bob_full_v1/hw/src/clb/mux_bank.v:35]
     7: i_2527/I1 (LUT3)
     8: i_2484/O (LUT5)
      [E:/bob_full_v1/hw/src/clb/mux_bank.v:35]
     9: i_2484/I2 (LUT5)
    10: i_2485/O (LUT6)
      [E:/bob_full_v1/hw/src/clb/mux_bank.v:35]
    11: i_2485/I5 (LUT6)
    12: i_2675/O (LUT2)
      [E:/bob_full_v1/hw/src/clb/clb.sv:42]
Inferred a: "set_disable_timing -from I1 -to O i_2675"
Found timing loop:
     0: i_2527/O (LUT3)
      [E:/bob_full_v1/hw/src/clb/mux_bank.v:35]
     1: i_2527/I1 (LUT3)
     2: i_2484/O (LUT5)
      [E:/bob_full_v1/hw/src/clb/mux_bank.v:35]
     3: i_2484/I2 (LUT5)
     4: i_2485/O (LUT6)
      [E:/bob_full_v1/hw/src/clb/mux_bank.v:35]
     5: i_2485/I5 (LUT6)
     6: i_2675/O (LUT2)
      [E:/bob_full_v1/hw/src/clb/clb.sv:42]
     7: i_2675/O (LUT2)
Inferred a: "set_disable_timing -from I1 -to O i_2527"
Found timing loop:
     0: i_2282/O (LUT6)
      [E:/bob_full_v1/hw/src/clb/mux_bank.v:35]
     1: i_2282/O (LUT6)
Found timing loop:
     0: i_2368/O (LUT3)
      [E:/bob_full_v1/hw/src/clb/mux_bank.v:35]
     1: i_2368/O (LUT3)
Found timing loop:
     0: i_2369/O (LUT3)
      [E:/bob_full_v1/hw/src/clb/mux_bank.v:35]
     1: i_2369/O (LUT3)
Found timing loop:
     0: i_2370/O (LUT3)
      [E:/bob_full_v1/hw/src/clb/mux_bank.v:35]
     1: i_2370/O (LUT3)
Found timing loop:
     0: i_1973/O (LUT3)
      [E:/bob_full_v1/hw/src/clb/clb.sv:42]
     1: i_1973/I1 (LUT3)
     2: i_1839/O (LUT6)
      [E:/bob_full_v1/hw/src/clb/clb.sv:42]
     3: i_1839/I3 (LUT6)
     4: i_1946/O (LUT6)
      [E:/bob_full_v1/hw/src/clb/clb.sv:42]
     5: i_1946/I5 (LUT6)
     6: i_2529/O (LUT3)
      [E:/bob_full_v1/hw/src/clb/mux_bank.v:35]
     7: i_2529/O (LUT3)
Inferred a: "set_disable_timing -from I1 -to O i_1973"
Found timing loop:
     0: i_1752/O (LUT3)
      [E:/bob_full_v1/hw/src/clb/clb.sv:42]
     1: i_1752/O (LUT3)
Found timing loop:
     0: i_1751/O (LUT3)
      [E:/bob_full_v1/hw/src/clb/clb.sv:42]
     1: i_1751/O (LUT3)
Found timing loop:
     0: i_1750/O (LUT3)
      [E:/bob_full_v1/hw/src/clb/clb.sv:42]
     1: i_1750/O (LUT3)
Found timing loop:
     0: i_1749/O (LUT3)
      [E:/bob_full_v1/hw/src/clb/clb.sv:42]
     1: i_1749/O (LUT3)
Found timing loop:
     0: i_1951/O (LUT3)
      [E:/bob_full_v1/hw/src/clb/clb.sv:42]
     1: i_1951/O (LUT3)
Found timing loop:
     0: i_1955/O (LUT2)
      [E:/bob_full_v1/hw/src/clb/clb.sv:42]
     1: i_1955/O (LUT2)
Found timing loop:
     0: i_2529/O (LUT3)
      [E:/bob_full_v1/hw/src/clb/mux_bank.v:35]
     1: i_2529/O (LUT3)
Found timing loop:
     0: i_2530/O (LUT3)
      [E:/bob_full_v1/hw/src/clb/mux_bank.v:35]
     1: i_2530/I1 (LUT3)
     2: i_2493/O (LUT5)
      [E:/bob_full_v1/hw/src/clb/mux_bank.v:35]
     3: i_2493/I2 (LUT5)
     4: i_2494/O (LUT6)
      [E:/bob_full_v1/hw/src/clb/mux_bank.v:35]
     5: i_2494/I5 (LUT6)
     6: i_2675/O (LUT2)
      [E:/bob_full_v1/hw/src/clb/clb.sv:42]
     7: i_2675/O (LUT2)
Inferred a: "set_disable_timing -from I1 -to O i_2530"
Found timing loop:
     0: i_2282/O (LUT6)
      [E:/bob_full_v1/hw/src/clb/mux_bank.v:35]
     1: i_2282/O (LUT6)
Found timing loop:
     0: i_2368/O (LUT3)
      [E:/bob_full_v1/hw/src/clb/mux_bank.v:35]
     1: i_2368/O (LUT3)
Found timing loop:
     0: i_2369/O (LUT3)
      [E:/bob_full_v1/hw/src/clb/mux_bank.v:35]
     1: i_2369/O (LUT3)
Found timing loop:
     0: i_2370/O (LUT3)
      [E:/bob_full_v1/hw/src/clb/mux_bank.v:35]
     1: i_2370/O (LUT3)
Found timing loop:
     0: i_2522/O (LUT3)
      [E:/bob_full_v1/hw/src/clb/lutk.sv:41]
     1: i_2522/O (LUT3)
Found timing loop:
     0: i_2514/O (LUT3)
      [E:/bob_full_v1/hw/src/clb/clb.sv:77]
     1: i_2514/O (LUT3)
Found timing loop:
     0: i_2675/O (LUT2)
      [E:/bob_full_v1/hw/src/clb/clb.sv:42]
     1: i_2675/O (LUT2)
Found timing loop:
     0: i_2674/O (LUT2)
      [E:/bob_full_v1/hw/src/clb/clb.sv:42]
     1: i_2674/I1 (LUT2)
     2: i_2628/O (LUT5)
      [E:/bob_full_v1/hw/src/clb/clb.sv:42]
     3: i_2628/I4 (LUT5)
     4: i_2629/O (LUT6)
      [E:/bob_full_v1/hw/src/clb/clb.sv:42]
     5: i_2629/I5 (LUT6)
     6: i_2527/O (LUT3)
      [E:/bob_full_v1/hw/src/clb/mux_bank.v:35]
     7: i_2527/O (LUT3)
Inferred a: "set_disable_timing -from I1 -to O i_2674"
Found timing loop:
     0: i_2527/O (LUT3)
      [E:/bob_full_v1/hw/src/clb/mux_bank.v:35]
     1: i_2527/O (LUT3)
Found timing loop:
     0: i_2525/O (LUT3)
      [E:/bob_full_v1/hw/src/clb/mux_bank.v:35]
     1: i_2525/I1 (LUT3)
     2: i_2524/O (LUT3)
      [E:/bob_full_v1/hw/src/clb/mux_bank.v:35]
     3: i_2524/I2 (LUT3)
     4: i_2478/O (MUXF7)
      [E:/bob_full_v1/hw/src/clb/mux_bank.v:35]
     5: i_2478/I1 (MUXF7)
     6: i_2480/O (LUT6)
      [E:/bob_full_v1/hw/src/clb/mux_bank.v:35]
     7: i_2480/I5 (LUT6)
     8: i_1973/O (LUT3)
      [E:/bob_full_v1/hw/src/clb/clb.sv:42]
     9: i_1973/O (LUT3)
Inferred a: "set_disable_timing -from I1 -to O i_2525"
Found timing loop:
     0: i_2282/O (LUT6)
      [E:/bob_full_v1/hw/src/clb/mux_bank.v:35]
     1: i_2282/O (LUT6)
Found timing loop:
     0: i_2368/O (LUT3)
      [E:/bob_full_v1/hw/src/clb/mux_bank.v:35]
     1: i_2368/O (LUT3)
Found timing loop:
     0: i_2369/O (LUT3)
      [E:/bob_full_v1/hw/src/clb/mux_bank.v:35]
     1: i_2369/O (LUT3)
Found timing loop:
     0: i_2370/O (LUT3)
      [E:/bob_full_v1/hw/src/clb/mux_bank.v:35]
     1: i_2370/O (LUT3)
Found timing loop:
     0: i_2522/O (LUT3)
      [E:/bob_full_v1/hw/src/clb/lutk.sv:41]
     1: i_2522/O (LUT3)
Found timing loop:
     0: i_2514/O (LUT3)
      [E:/bob_full_v1/hw/src/clb/clb.sv:77]
     1: i_2514/O (LUT3)
Found timing loop:
     0: i_2675/O (LUT2)
      [E:/bob_full_v1/hw/src/clb/clb.sv:42]
     1: i_2675/O (LUT2)
Found timing loop:
     0: i_2674/O (LUT2)
      [E:/bob_full_v1/hw/src/clb/clb.sv:42]
     1: i_2674/O (LUT2)
Found timing loop:
     0: i_2673/O (LUT2)
      [E:/bob_full_v1/hw/src/clb/clb.sv:42]
     1: i_2673/I1 (LUT2)
     2: i_2623/O (LUT5)
      [E:/bob_full_v1/hw/src/clb/clb.sv:42]
     3: i_2623/I4 (LUT5)
     4: i_2624/O (LUT6)
      [E:/bob_full_v1/hw/src/clb/clb.sv:42]
     5: i_2624/I5 (LUT6)
     6: i_2527/O (LUT3)
      [E:/bob_full_v1/hw/src/clb/mux_bank.v:35]
     7: i_2527/O (LUT3)
Inferred a: "set_disable_timing -from I1 -to O i_2673"
Found timing loop:
     0: i_2282/O (LUT6)
      [E:/bob_full_v1/hw/src/clb/mux_bank.v:35]
     1: i_2282/O (LUT6)
Found timing loop:
     0: i_2368/O (LUT3)
      [E:/bob_full_v1/hw/src/clb/mux_bank.v:35]
     1: i_2368/O (LUT3)
Found timing loop:
     0: i_2369/O (LUT3)
      [E:/bob_full_v1/hw/src/clb/mux_bank.v:35]
     1: i_2369/O (LUT3)
Found timing loop:
     0: i_2370/O (LUT3)
      [E:/bob_full_v1/hw/src/clb/mux_bank.v:35]
     1: i_2370/O (LUT3)
Found timing loop:
     0: i_2522/O (LUT3)
      [E:/bob_full_v1/hw/src/clb/lutk.sv:41]
     1: i_2522/O (LUT3)
Found timing loop:
     0: i_2514/O (LUT3)
      [E:/bob_full_v1/hw/src/clb/clb.sv:77]
     1: i_2514/O (LUT3)
Found timing loop:
     0: i_2675/O (LUT2)
      [E:/bob_full_v1/hw/src/clb/clb.sv:42]
     1: i_2675/O (LUT2)
Found timing loop:
     0: i_2674/O (LUT2)
      [E:/bob_full_v1/hw/src/clb/clb.sv:42]
     1: i_2674/O (LUT2)
Found timing loop:
     0: i_2673/O (LUT2)
      [E:/bob_full_v1/hw/src/clb/clb.sv:42]
     1: i_2673/O (LUT2)
Found timing loop:
     0: i_2672/O (LUT2)
      [E:/bob_full_v1/hw/src/clb/clb.sv:42]
     1: i_2672/I1 (LUT2)
     2: i_2619/O (LUT6)
      [E:/bob_full_v1/hw/src/clb/clb.sv:42]
     3: i_2619/I5 (LUT6)
     4: i_2671/O (LUT2)
      [E:/bob_full_v1/hw/src/clb/clb.sv:42]
     5: i_2671/I1 (LUT2)
     6: i_2617/O (LUT3)
      [E:/bob_full_v1/hw/src/clb/clb.sv:42]
     7: i_2617/I1 (LUT3)
     8: i_2526/O (LUT3)
      [E:/bob_full_v1/hw/src/clb/mux_bank.v:35]
     9: i_2526/I1 (LUT3)
    10: i_2481/O (LUT5)
      [E:/bob_full_v1/hw/src/clb/mux_bank.v:35]
    11: i_2481/I2 (LUT5)
    12: i_2482/O (LUT6)
      [E:/bob_full_v1/hw/src/clb/mux_bank.v:35]
    13: i_2482/I5 (LUT6)
    14: i_2675/O (LUT2)
      [E:/bob_full_v1/hw/src/clb/clb.sv:42]
    15: i_2675/O (LUT2)
Inferred a: "set_disable_timing -from I1 -to O i_2672"
Found timing loop:
     0: i_1973/O (LUT3)
      [E:/bob_full_v1/hw/src/clb/clb.sv:42]
     1: i_1973/O (LUT3)
Found timing loop:
     0: i_1972/O (LUT3)
      [E:/bob_full_v1/hw/src/clb/clb.sv:42]
     1: i_1972/I1 (LUT3)
     2: i_1837/O (LUT6)
      [E:/bob_full_v1/hw/src/clb/clb.sv:42]
     3: i_1837/I3 (LUT6)
     4: i_1941/O (LUT6)
      [E:/bob_full_v1/hw/src/clb/clb.sv:42]
     5: i_1941/I5 (LUT6)
     6: i_2529/O (LUT3)
      [E:/bob_full_v1/hw/src/clb/mux_bank.v:35]
     7: i_2529/O (LUT3)
Inferred a: "set_disable_timing -from I1 -to O i_1972"
Found timing loop:
     0: i_1752/O (LUT3)
      [E:/bob_full_v1/hw/src/clb/clb.sv:42]
     1: i_1752/O (LUT3)
Found timing loop:
     0: i_1751/O (LUT3)
      [E:/bob_full_v1/hw/src/clb/clb.sv:42]
     1: i_1751/O (LUT3)
Found timing loop:
     0: i_1750/O (LUT3)
      [E:/bob_full_v1/hw/src/clb/clb.sv:42]
     1: i_1750/O (LUT3)
Found timing loop:
     0: i_1749/O (LUT3)
      [E:/bob_full_v1/hw/src/clb/clb.sv:42]
     1: i_1749/O (LUT3)
Found timing loop:
     0: i_1951/O (LUT3)
      [E:/bob_full_v1/hw/src/clb/clb.sv:42]
     1: i_1951/O (LUT3)
Found timing loop:
     0: i_1955/O (LUT2)
      [E:/bob_full_v1/hw/src/clb/clb.sv:42]
     1: i_1955/O (LUT2)
Found timing loop:
     0: i_2529/O (LUT3)
      [E:/bob_full_v1/hw/src/clb/mux_bank.v:35]
     1: i_2529/O (LUT3)
Found timing loop:
     0: i_2530/O (LUT3)
      [E:/bob_full_v1/hw/src/clb/mux_bank.v:35]
     1: i_2530/O (LUT3)
Found timing loop:
     0: i_2531/O (LUT3)
      [E:/bob_full_v1/hw/src/clb/mux_bank.v:35]
     1: i_2531/I1 (LUT3)
     2: i_2496/O (LUT5)
      [E:/bob_full_v1/hw/src/clb/mux_bank.v:35]
     3: i_2496/I2 (LUT5)
     4: i_2497/O (LUT6)
      [E:/bob_full_v1/hw/src/clb/mux_bank.v:35]
     5: i_2497/I5 (LUT6)
     6: i_2675/O (LUT2)
      [E:/bob_full_v1/hw/src/clb/clb.sv:42]
     7: i_2675/O (LUT2)
Inferred a: "set_disable_timing -from I1 -to O i_2531"
Found timing loop:
     0: i_2282/O (LUT6)
      [E:/bob_full_v1/hw/src/clb/mux_bank.v:35]
     1: i_2282/O (LUT6)
Found timing loop:
     0: i_2368/O (LUT3)
      [E:/bob_full_v1/hw/src/clb/mux_bank.v:35]
     1: i_2368/O (LUT3)
Found timing loop:
     0: i_2369/O (LUT3)
      [E:/bob_full_v1/hw/src/clb/mux_bank.v:35]
     1: i_2369/O (LUT3)
Found timing loop:
     0: i_2370/O (LUT3)
      [E:/bob_full_v1/hw/src/clb/mux_bank.v:35]
     1: i_2370/O (LUT3)
Found timing loop:
     0: i_2522/O (LUT3)
      [E:/bob_full_v1/hw/src/clb/lutk.sv:41]
     1: i_2522/O (LUT3)
Found timing loop:
     0: i_2514/O (LUT3)
      [E:/bob_full_v1/hw/src/clb/clb.sv:77]
     1: i_2514/O (LUT3)
Found timing loop:
     0: i_2675/O (LUT2)
      [E:/bob_full_v1/hw/src/clb/clb.sv:42]
     1: i_2675/O (LUT2)
Found timing loop:
     0: i_2674/O (LUT2)
      [E:/bob_full_v1/hw/src/clb/clb.sv:42]
     1: i_2674/O (LUT2)
Found timing loop:
     0: i_2673/O (LUT2)
      [E:/bob_full_v1/hw/src/clb/clb.sv:42]
     1: i_2673/O (LUT2)
Found timing loop:
     0: i_2672/O (LUT2)
      [E:/bob_full_v1/hw/src/clb/clb.sv:42]
     1: i_2672/O (LUT2)
Found timing loop:
     0: i_1973/O (LUT3)
      [E:/bob_full_v1/hw/src/clb/clb.sv:42]
     1: i_1973/O (LUT3)
Found timing loop:
     0: i_1972/O (LUT3)
      [E:/bob_full_v1/hw/src/clb/clb.sv:42]
     1: i_1972/O (LUT3)
Found timing loop:
     0: i_1971/O (LUT3)
      [E:/bob_full_v1/hw/src/clb/clb.sv:42]
     1: i_1971/I1 (LUT3)
     2: i_1835/O (LUT6)
      [E:/bob_full_v1/hw/src/clb/clb.sv:42]
     3: i_1835/I3 (LUT6)
     4: i_1936/O (LUT6)
      [E:/bob_full_v1/hw/src/clb/clb.sv:42]
     5: i_1936/I5 (LUT6)
     6: i_2529/O (LUT3)
      [E:/bob_full_v1/hw/src/clb/mux_bank.v:35]
     7: i_2529/O (LUT3)
Inferred a: "set_disable_timing -from I1 -to O i_1971"
Found timing loop:
     0: i_1752/O (LUT3)
      [E:/bob_full_v1/hw/src/clb/clb.sv:42]
     1: i_1752/O (LUT3)
Found timing loop:
     0: i_1751/O (LUT3)
      [E:/bob_full_v1/hw/src/clb/clb.sv:42]
     1: i_1751/O (LUT3)
Found timing loop:
     0: i_1750/O (LUT3)
      [E:/bob_full_v1/hw/src/clb/clb.sv:42]
     1: i_1750/O (LUT3)
Found timing loop:
     0: i_1749/O (LUT3)
      [E:/bob_full_v1/hw/src/clb/clb.sv:42]
     1: i_1749/O (LUT3)
Found timing loop:
     0: i_1951/O (LUT3)
      [E:/bob_full_v1/hw/src/clb/clb.sv:42]
     1: i_1951/O (LUT3)
Found timing loop:
     0: i_1955/O (LUT2)
      [E:/bob_full_v1/hw/src/clb/clb.sv:42]
     1: i_1955/O (LUT2)
Found timing loop:
     0: i_2529/O (LUT3)
      [E:/bob_full_v1/hw/src/clb/mux_bank.v:35]
     1: i_2529/O (LUT3)
Found timing loop:
     0: i_2530/O (LUT3)
      [E:/bob_full_v1/hw/src/clb/mux_bank.v:35]
     1: i_2530/O (LUT3)
Found timing loop:
     0: i_2531/O (LUT3)
      [E:/bob_full_v1/hw/src/clb/mux_bank.v:35]
     1: i_2531/O (LUT3)
Found timing loop:
     0: i_2532/O (LUT3)
      [E:/bob_full_v1/hw/src/clb/mux_bank.v:35]
     1: i_2532/I1 (LUT3)
     2: i_2499/O (LUT5)
      [E:/bob_full_v1/hw/src/clb/mux_bank.v:35]
     3: i_2499/I0 (LUT5)
     4: i_2501/O (LUT6)
      [E:/bob_full_v1/hw/src/clb/mux_bank.v:35]
     5: i_2501/I5 (LUT6)
     6: i_1973/O (LUT3)
      [E:/bob_full_v1/hw/src/clb/clb.sv:42]
     7: i_1973/O (LUT3)
Inferred a: "set_disable_timing -from I1 -to O i_2532"
Found timing loop:
     0: i_2121/O (LUT3)
      [E:/bob_full_v1/hw/src/clb/mux_bank.v:35]
     1: i_2121/I2 (LUT3)
     2: i_6174/O (LUT3)
      [E:/bob_full_v1/hw/src/top/fpga4x4_top.v:13]
     3: i_6174/I1 (LUT3)
     4: i_2091/O (LUT6)
      [E:/bob_full_v1/hw/src/clb/mux_bank.v:35]
     5: i_2091/I5 (LUT6)
     6: i_1969/O (LUT3)
      [E:/bob_full_v1/hw/src/clb/clb.sv:42]
     7: i_1969/I1 (LUT3)
     8: i_1831/O (LUT6)
      [E:/bob_full_v1/hw/src/clb/clb.sv:42]
     9: i_1831/I5 (LUT6)
    10: i_1832/O (LUT4)
      [E:/bob_full_v1/hw/src/clb/clb.sv:42]
    11: i_1832/I1 (LUT4)
    12: i_1951/O (LUT3)
      [E:/bob_full_v1/hw/src/clb/clb.sv:42]
    13: i_1951/O (LUT3)
Inferred a: "set_disable_timing -from I2 -to O i_2121"
Found timing loop:
     0: i_1969/O (LUT3)
      [E:/bob_full_v1/hw/src/clb/clb.sv:42]
     1: i_1969/I1 (LUT3)
     2: i_1831/O (LUT6)
      [E:/bob_full_v1/hw/src/clb/clb.sv:42]
     3: i_1831/I5 (LUT6)
     4: i_1832/O (LUT4)
      [E:/bob_full_v1/hw/src/clb/clb.sv:42]
     5: i_1832/I1 (LUT4)
     6: i_1951/O (LUT3)
      [E:/bob_full_v1/hw/src/clb/clb.sv:42]
     7: i_1951/O (LUT3)
Inferred a: "set_disable_timing -from I1 -to O i_1969"
Found timing loop:
     0: i_1752/O (LUT3)
      [E:/bob_full_v1/hw/src/clb/clb.sv:42]
     1: i_1752/O (LUT3)
Found timing loop:
     0: i_1751/O (LUT3)
      [E:/bob_full_v1/hw/src/clb/clb.sv:42]
     1: i_1751/O (LUT3)
Found timing loop:
     0: i_1750/O (LUT3)
      [E:/bob_full_v1/hw/src/clb/clb.sv:42]
     1: i_1750/O (LUT3)
Found timing loop:
     0: i_1749/O (LUT3)
      [E:/bob_full_v1/hw/src/clb/clb.sv:42]
     1: i_1749/O (LUT3)
Found timing loop:
     0: i_1951/O (LUT3)
      [E:/bob_full_v1/hw/src/clb/clb.sv:42]
     1: i_1951/O (LUT3)
Found timing loop:
     0: i_1955/O (LUT2)
      [E:/bob_full_v1/hw/src/clb/clb.sv:42]
     1: i_1955/O (LUT2)
Found timing loop:
     0: i_2529/O (LUT3)
      [E:/bob_full_v1/hw/src/clb/mux_bank.v:35]
     1: i_2529/O (LUT3)
Found timing loop:
     0: i_2530/O (LUT3)
      [E:/bob_full_v1/hw/src/clb/mux_bank.v:35]
     1: i_2530/O (LUT3)
Found timing loop:
     0: i_2531/O (LUT3)
      [E:/bob_full_v1/hw/src/clb/mux_bank.v:35]
     1: i_2531/O (LUT3)
Found timing loop:
     0: i_2532/O (LUT3)
      [E:/bob_full_v1/hw/src/clb/mux_bank.v:35]
     1: i_2532/O (LUT3)
Found timing loop:
     0: i_2121/O (LUT3)
      [E:/bob_full_v1/hw/src/clb/mux_bank.v:35]
     1: i_2121/O (LUT3)
Found timing loop:
     0: i_2122/O (LUT3)
      [E:/bob_full_v1/hw/src/clb/mux_bank.v:35]
     1: i_2122/I2 (LUT3)
     2: i_6175/O (LUT3)
      [E:/bob_full_v1/hw/src/top/fpga4x4_top.v:13]
     3: i_6175/I1 (LUT3)
     4: i_2096/O (LUT6)
      [E:/bob_full_v1/hw/src/clb/mux_bank.v:35]
     5: i_2096/I5 (LUT6)
     6: i_1969/O (LUT3)
      [E:/bob_full_v1/hw/src/clb/clb.sv:42]
     7: i_1969/O (LUT3)
Inferred a: "set_disable_timing -from I2 -to O i_2122"
Found timing loop:
     0: i_1969/O (LUT3)
      [E:/bob_full_v1/hw/src/clb/clb.sv:42]
     1: i_1969/O (LUT3)
Found timing loop:
     0: i_1968/O (LUT3)
      [E:/bob_full_v1/hw/src/clb/clb.sv:42]
     1: i_1968/I1 (LUT3)
     2: i_1829/O (LUT6)
      [E:/bob_full_v1/hw/src/clb/clb.sv:42]
     3: i_1829/I1 (LUT6)
     4: i_1922/O (LUT6)
      [E:/bob_full_v1/hw/src/clb/clb.sv:42]
     5: i_1922/I5 (LUT6)
     6: i_2121/O (LUT3)
      [E:/bob_full_v1/hw/src/clb/mux_bank.v:35]
     7: i_2121/O (LUT3)
Inferred a: "set_disable_timing -from I1 -to O i_1968"
Found timing loop:
     0: i_1752/O (LUT3)
      [E:/bob_full_v1/hw/src/clb/clb.sv:42]
     1: i_1752/O (LUT3)
Found timing loop:
     0: i_1751/O (LUT3)
      [E:/bob_full_v1/hw/src/clb/clb.sv:42]
     1: i_1751/O (LUT3)
Found timing loop:
     0: i_1750/O (LUT3)
      [E:/bob_full_v1/hw/src/clb/clb.sv:42]
     1: i_1750/O (LUT3)
Found timing loop:
     0: i_1749/O (LUT3)
      [E:/bob_full_v1/hw/src/clb/clb.sv:42]
     1: i_1749/O (LUT3)
Found timing loop:
     0: i_1951/O (LUT3)
      [E:/bob_full_v1/hw/src/clb/clb.sv:42]
     1: i_1951/O (LUT3)
Found timing loop:
     0: i_1955/O (LUT2)
      [E:/bob_full_v1/hw/src/clb/clb.sv:42]
     1: i_1955/O (LUT2)
Found timing loop:
     0: i_2529/O (LUT3)
      [E:/bob_full_v1/hw/src/clb/mux_bank.v:35]
     1: i_2529/O (LUT3)
Found timing loop:
     0: i_2530/O (LUT3)
      [E:/bob_full_v1/hw/src/clb/mux_bank.v:35]
     1: i_2530/O (LUT3)
Found timing loop:
     0: i_2531/O (LUT3)
      [E:/bob_full_v1/hw/src/clb/mux_bank.v:35]
     1: i_2531/O (LUT3)
Found timing loop:
     0: i_2532/O (LUT3)
      [E:/bob_full_v1/hw/src/clb/mux_bank.v:35]
     1: i_2532/O (LUT3)
Found timing loop:
     0: i_2121/O (LUT3)
      [E:/bob_full_v1/hw/src/clb/mux_bank.v:35]
     1: i_2121/O (LUT3)
Found timing loop:
     0: i_2122/O (LUT3)
      [E:/bob_full_v1/hw/src/clb/mux_bank.v:35]
     1: i_2122/O (LUT3)
Found timing loop:
     0: i_2123/O (LUT3)
      [E:/bob_full_v1/hw/src/clb/mux_bank.v:35]
     1: i_2123/I2 (LUT3)
     2: i_6176/O (LUT3)
      [E:/bob_full_v1/hw/src/top/fpga4x4_top.v:13]
     3: i_6176/I1 (LUT3)
     4: i_2101/O (LUT6)
      [E:/bob_full_v1/hw/src/clb/mux_bank.v:35]
     5: i_2101/I5 (LUT6)
     6: i_1969/O (LUT3)
      [E:/bob_full_v1/hw/src/clb/clb.sv:42]
     7: i_1969/O (LUT3)
Inferred a: "set_disable_timing -from I2 -to O i_2123"
Found timing loop:
     0: i_1969/O (LUT3)
      [E:/bob_full_v1/hw/src/clb/clb.sv:42]
     1: i_1969/O (LUT3)
Found timing loop:
     0: i_1968/O (LUT3)
      [E:/bob_full_v1/hw/src/clb/clb.sv:42]
     1: i_1968/O (LUT3)
Found timing loop:
     0: i_1967/O (LUT3)
      [E:/bob_full_v1/hw/src/clb/clb.sv:42]
     1: i_1967/I1 (LUT3)
     2: i_1827/O (LUT6)
      [E:/bob_full_v1/hw/src/clb/clb.sv:42]
     3: i_1827/I1 (LUT6)
     4: i_1917/O (LUT6)
      [E:/bob_full_v1/hw/src/clb/clb.sv:42]
     5: i_1917/I5 (LUT6)
     6: i_2121/O (LUT3)
      [E:/bob_full_v1/hw/src/clb/mux_bank.v:35]
     7: i_2121/O (LUT3)
Inferred a: "set_disable_timing -from I1 -to O i_1967"
Found timing loop:
     0: i_1752/O (LUT3)
      [E:/bob_full_v1/hw/src/clb/clb.sv:42]
     1: i_1752/O (LUT3)
Found timing loop:
     0: i_1751/O (LUT3)
      [E:/bob_full_v1/hw/src/clb/clb.sv:42]
     1: i_1751/O (LUT3)
Found timing loop:
     0: i_1750/O (LUT3)
      [E:/bob_full_v1/hw/src/clb/clb.sv:42]
     1: i_1750/O (LUT3)
Found timing loop:
     0: i_1749/O (LUT3)
      [E:/bob_full_v1/hw/src/clb/clb.sv:42]
     1: i_1749/O (LUT3)
Found timing loop:
     0: i_1951/O (LUT3)
      [E:/bob_full_v1/hw/src/clb/clb.sv:42]
     1: i_1951/O (LUT3)
Found timing loop:
     0: i_1955/O (LUT2)
      [E:/bob_full_v1/hw/src/clb/clb.sv:42]
     1: i_1955/O (LUT2)
Found timing loop:
     0: i_2529/O (LUT3)
      [E:/bob_full_v1/hw/src/clb/mux_bank.v:35]
     1: i_2529/O (LUT3)
Found timing loop:
     0: i_2530/O (LUT3)
      [E:/bob_full_v1/hw/src/clb/mux_bank.v:35]
     1: i_2530/O (LUT3)
Found timing loop:
     0: i_2531/O (LUT3)
      [E:/bob_full_v1/hw/src/clb/mux_bank.v:35]
     1: i_2531/O (LUT3)
Found timing loop:
     0: i_2532/O (LUT3)
      [E:/bob_full_v1/hw/src/clb/mux_bank.v:35]
     1: i_2532/O (LUT3)
Found timing loop:
     0: i_2121/O (LUT3)
      [E:/bob_full_v1/hw/src/clb/mux_bank.v:35]
     1: i_2121/O (LUT3)
Found timing loop:
     0: i_2122/O (LUT3)
      [E:/bob_full_v1/hw/src/clb/mux_bank.v:35]
     1: i_2122/O (LUT3)
Found timing loop:
     0: i_2123/O (LUT3)
      [E:/bob_full_v1/hw/src/clb/mux_bank.v:35]
     1: i_2123/O (LUT3)
Found timing loop:
     0: i_2124/O (LUT3)
      [E:/bob_full_v1/hw/src/clb/mux_bank.v:35]
     1: i_2124/I2 (LUT3)
     2: i_6177/O (LUT3)
      [E:/bob_full_v1/hw/src/top/fpga4x4_top.v:13]
     3: i_6177/I1 (LUT3)
     4: i_2106/O (LUT6)
      [E:/bob_full_v1/hw/src/clb/mux_bank.v:35]
     5: i_2106/I5 (LUT6)
     6: i_1969/O (LUT3)
      [E:/bob_full_v1/hw/src/clb/clb.sv:42]
     7: i_1969/O (LUT3)
Inferred a: "set_disable_timing -from I2 -to O i_2124"
Found timing loop:
     0: i_988/O (LUT3)
      [E:/bob_full_v1/hw/src/clb/clb.sv:42]
     1: i_988/O (LUT3)
Found timing loop:
     0: i_987/O (LUT3)
      [E:/bob_full_v1/hw/src/clb/clb.sv:42]
     1: i_987/O (LUT3)
Found timing loop:
     0: i_986/O (LUT3)
      [E:/bob_full_v1/hw/src/clb/clb.sv:42]
     1: i_986/O (LUT3)
Found timing loop:
     0: i_985/O (LUT3)
      [E:/bob_full_v1/hw/src/clb/clb.sv:42]
     1: i_985/O (LUT3)
Found timing loop:
     0: i_1187/O (LUT3)
      [E:/bob_full_v1/hw/src/clb/clb.sv:42]
     1: i_1187/O (LUT3)
Found timing loop:
     0: i_1191/O (LUT2)
      [E:/bob_full_v1/hw/src/clb/clb.sv:42]
     1: i_1191/I1 (LUT2)
     2: i_1190/O (LUT2)
      [E:/bob_full_v1/hw/src/clb/clb.sv:42]
     3: i_1190/I1 (LUT2)
     4: i_6137/O (LUT3)
      [E:/bob_full_v1/hw/src/top/fpga4x4_top.v:13]
     5: i_6137/I2 (LUT3)
     6: i_1037/O (LUT6)
      [E:/bob_full_v1/hw/src/clb/clb.sv:42]
     7: i_1037/I5 (LUT6)
     8: i_1038/O (LUT6)
      [E:/bob_full_v1/hw/src/clb/clb.sv:42]
     9: i_1038/I4 (LUT6)
    10: i_1080/O (LUT6)
      [E:/bob_full_v1/hw/src/clb/clb.sv:42]
    11: i_1080/I5 (LUT6)
    12: i_1965/O (LUT3)
      [E:/bob_full_v1/hw/src/clb/clb.sv:42]
    13: i_1965/I1 (LUT3)
    14: i_1823/O (LUT6)
      [E:/bob_full_v1/hw/src/clb/clb.sv:42]
    15: i_1823/I5 (LUT6)
    16: i_1824/O (LUT4)
      [E:/bob_full_v1/hw/src/clb/clb.sv:42]
    17: i_1824/I1 (LUT4)
    18: i_1951/O (LUT3)
      [E:/bob_full_v1/hw/src/clb/clb.sv:42]
    19: i_1951/O (LUT3)
Inferred a: "set_disable_timing -from I1 -to O i_1191"
Found timing loop:
     0: i_1965/O (LUT3)
      [E:/bob_full_v1/hw/src/clb/clb.sv:42]
     1: i_1965/I1 (LUT3)
     2: i_1823/O (LUT6)
      [E:/bob_full_v1/hw/src/clb/clb.sv:42]
     3: i_1823/I5 (LUT6)
     4: i_1824/O (LUT4)
      [E:/bob_full_v1/hw/src/clb/clb.sv:42]
     5: i_1824/I1 (LUT4)
     6: i_1951/O (LUT3)
      [E:/bob_full_v1/hw/src/clb/clb.sv:42]
     7: i_1951/O (LUT3)
Inferred a: "set_disable_timing -from I1 -to O i_1965"
Found timing loop:
     0: i_1752/O (LUT3)
      [E:/bob_full_v1/hw/src/clb/clb.sv:42]
     1: i_1752/O (LUT3)
Found timing loop:
     0: i_1751/O (LUT3)
      [E:/bob_full_v1/hw/src/clb/clb.sv:42]
     1: i_1751/O (LUT3)
Found timing loop:
     0: i_1750/O (LUT3)
      [E:/bob_full_v1/hw/src/clb/clb.sv:42]
     1: i_1750/O (LUT3)
Found timing loop:
     0: i_1749/O (LUT3)
      [E:/bob_full_v1/hw/src/clb/clb.sv:42]
     1: i_1749/O (LUT3)
Found timing loop:
     0: i_1951/O (LUT3)
      [E:/bob_full_v1/hw/src/clb/clb.sv:42]
     1: i_1951/O (LUT3)
Found timing loop:
     0: i_1955/O (LUT2)
      [E:/bob_full_v1/hw/src/clb/clb.sv:42]
     1: i_1955/O (LUT2)
Found timing loop:
     0: i_2529/O (LUT3)
      [E:/bob_full_v1/hw/src/clb/mux_bank.v:35]
     1: i_2529/O (LUT3)
Found timing loop:
     0: i_2530/O (LUT3)
      [E:/bob_full_v1/hw/src/clb/mux_bank.v:35]
     1: i_2530/O (LUT3)
Found timing loop:
     0: i_2531/O (LUT3)
      [E:/bob_full_v1/hw/src/clb/mux_bank.v:35]
     1: i_2531/O (LUT3)
Found timing loop:
     0: i_2532/O (LUT3)
      [E:/bob_full_v1/hw/src/clb/mux_bank.v:35]
     1: i_2532/O (LUT3)
Found timing loop:
     0: i_2121/O (LUT3)
      [E:/bob_full_v1/hw/src/clb/mux_bank.v:35]
     1: i_2121/O (LUT3)
Found timing loop:
     0: i_2122/O (LUT3)
      [E:/bob_full_v1/hw/src/clb/mux_bank.v:35]
     1: i_2122/O (LUT3)
Found timing loop:
     0: i_2123/O (LUT3)
      [E:/bob_full_v1/hw/src/clb/mux_bank.v:35]
     1: i_2123/O (LUT3)
Found timing loop:
     0: i_2124/O (LUT3)
      [E:/bob_full_v1/hw/src/clb/mux_bank.v:35]
     1: i_2124/O (LUT3)
Found timing loop:
     0: i_1209/O (LUT3)
      [E:/bob_full_v1/hw/src/clb/clb.sv:42]
     1: i_1209/I1 (LUT3)
     2: i_1075/O (LUT6)
      [E:/bob_full_v1/hw/src/clb/clb.sv:42]
     3: i_1075/I3 (LUT6)
     4: i_1182/O (LUT6)
      [E:/bob_full_v1/hw/src/clb/clb.sv:42]
     5: i_1182/I5 (LUT6)
     6: i_1965/O (LUT3)
      [E:/bob_full_v1/hw/src/clb/clb.sv:42]
     7: i_1965/O (LUT3)
Inferred a: "set_disable_timing -from I1 -to O i_1209"
Found timing loop:
     0: i_988/O (LUT3)
      [E:/bob_full_v1/hw/src/clb/clb.sv:42]
     1: i_988/O (LUT3)
Found timing loop:
     0: i_987/O (LUT3)
      [E:/bob_full_v1/hw/src/clb/clb.sv:42]
     1: i_987/O (LUT3)
Found timing loop:
     0: i_986/O (LUT3)
      [E:/bob_full_v1/hw/src/clb/clb.sv:42]
     1: i_986/O (LUT3)
Found timing loop:
     0: i_985/O (LUT3)
      [E:/bob_full_v1/hw/src/clb/clb.sv:42]
     1: i_985/O (LUT3)
Found timing loop:
     0: i_1187/O (LUT3)
      [E:/bob_full_v1/hw/src/clb/clb.sv:42]
     1: i_1187/O (LUT3)
Found timing loop:
     0: i_1191/O (LUT2)
      [E:/bob_full_v1/hw/src/clb/clb.sv:42]
     1: i_1191/O (LUT2)
Found timing loop:
     0: i_1965/O (LUT3)
      [E:/bob_full_v1/hw/src/clb/clb.sv:42]
     1: i_1965/O (LUT3)
Found timing loop:
     0: i_1964/O (LUT3)
      [E:/bob_full_v1/hw/src/clb/clb.sv:42]
     1: i_1964/I1 (LUT3)
     2: i_1821/O (LUT6)
      [E:/bob_full_v1/hw/src/clb/clb.sv:42]
     3: i_1821/I0 (LUT6)
     4: i_1903/O (LUT6)
      [E:/bob_full_v1/hw/src/clb/clb.sv:42]
     5: i_1903/I5 (LUT6)
     6: i_1209/O (LUT3)
      [E:/bob_full_v1/hw/src/clb/clb.sv:42]
     7: i_1209/O (LUT3)
Inferred a: "set_disable_timing -from I1 -to O i_1964"
Found timing loop:
     0: i_1752/O (LUT3)
      [E:/bob_full_v1/hw/src/clb/clb.sv:42]
     1: i_1752/O (LUT3)
Found timing loop:
     0: i_1751/O (LUT3)
      [E:/bob_full_v1/hw/src/clb/clb.sv:42]
     1: i_1751/O (LUT3)
Found timing loop:
     0: i_1750/O (LUT3)
      [E:/bob_full_v1/hw/src/clb/clb.sv:42]
     1: i_1750/O (LUT3)
Found timing loop:
     0: i_1749/O (LUT3)
      [E:/bob_full_v1/hw/src/clb/clb.sv:42]
     1: i_1749/O (LUT3)
Found timing loop:
     0: i_1951/O (LUT3)
      [E:/bob_full_v1/hw/src/clb/clb.sv:42]
     1: i_1951/O (LUT3)
Found timing loop:
     0: i_1955/O (LUT2)
      [E:/bob_full_v1/hw/src/clb/clb.sv:42]
     1: i_1955/O (LUT2)
Found timing loop:
     0: i_2529/O (LUT3)
      [E:/bob_full_v1/hw/src/clb/mux_bank.v:35]
     1: i_2529/O (LUT3)
Found timing loop:
     0: i_2530/O (LUT3)
      [E:/bob_full_v1/hw/src/clb/mux_bank.v:35]
     1: i_2530/O (LUT3)
Found timing loop:
     0: i_2531/O (LUT3)
      [E:/bob_full_v1/hw/src/clb/mux_bank.v:35]
     1: i_2531/O (LUT3)
Found timing loop:
     0: i_2532/O (LUT3)
      [E:/bob_full_v1/hw/src/clb/mux_bank.v:35]
     1: i_2532/O (LUT3)
Found timing loop:
     0: i_2121/O (LUT3)
      [E:/bob_full_v1/hw/src/clb/mux_bank.v:35]
     1: i_2121/O (LUT3)
Found timing loop:
     0: i_2122/O (LUT3)
      [E:/bob_full_v1/hw/src/clb/mux_bank.v:35]
     1: i_2122/O (LUT3)
Found timing loop:
     0: i_2123/O (LUT3)
      [E:/bob_full_v1/hw/src/clb/mux_bank.v:35]
     1: i_2123/O (LUT3)
Found timing loop:
     0: i_2124/O (LUT3)
      [E:/bob_full_v1/hw/src/clb/mux_bank.v:35]
     1: i_2124/O (LUT3)
Found timing loop:
     0: i_1209/O (LUT3)
      [E:/bob_full_v1/hw/src/clb/clb.sv:42]
     1: i_1209/O (LUT3)
Found timing loop:
     0: i_1208/O (LUT3)
      [E:/bob_full_v1/hw/src/clb/clb.sv:42]
     1: i_1208/I1 (LUT3)
     2: i_1073/O (LUT6)
      [E:/bob_full_v1/hw/src/clb/clb.sv:42]
     3: i_1073/I3 (LUT6)
     4: i_1177/O (LUT6)
      [E:/bob_full_v1/hw/src/clb/clb.sv:42]
     5: i_1177/I5 (LUT6)
     6: i_1965/O (LUT3)
      [E:/bob_full_v1/hw/src/clb/clb.sv:42]
     7: i_1965/O (LUT3)
Inferred a: "set_disable_timing -from I1 -to O i_1208"
Found timing loop:
     0: i_988/O (LUT3)
      [E:/bob_full_v1/hw/src/clb/clb.sv:42]
     1: i_988/O (LUT3)
Found timing loop:
     0: i_987/O (LUT3)
      [E:/bob_full_v1/hw/src/clb/clb.sv:42]
     1: i_987/O (LUT3)
Found timing loop:
     0: i_986/O (LUT3)
      [E:/bob_full_v1/hw/src/clb/clb.sv:42]
     1: i_986/O (LUT3)
Found timing loop:
     0: i_985/O (LUT3)
      [E:/bob_full_v1/hw/src/clb/clb.sv:42]
     1: i_985/O (LUT3)
Found timing loop:
     0: i_1187/O (LUT3)
      [E:/bob_full_v1/hw/src/clb/clb.sv:42]
     1: i_1187/O (LUT3)
Found timing loop:
     0: i_1191/O (LUT2)
      [E:/bob_full_v1/hw/src/clb/clb.sv:42]
     1: i_1191/O (LUT2)
Found timing loop:
     0: i_1965/O (LUT3)
      [E:/bob_full_v1/hw/src/clb/clb.sv:42]
     1: i_1965/O (LUT3)
Found timing loop:
     0: i_1964/O (LUT3)
      [E:/bob_full_v1/hw/src/clb/clb.sv:42]
     1: i_1964/O (LUT3)
Found timing loop:
     0: i_1963/O (LUT3)
      [E:/bob_full_v1/hw/src/clb/clb.sv:42]
     1: i_1963/I1 (LUT3)
     2: i_1819/O (LUT6)
      [E:/bob_full_v1/hw/src/clb/clb.sv:42]
     3: i_1819/I0 (LUT6)
     4: i_1898/O (LUT6)
      [E:/bob_full_v1/hw/src/clb/clb.sv:42]
     5: i_1898/I5 (LUT6)
     6: i_1209/O (LUT3)
      [E:/bob_full_v1/hw/src/clb/clb.sv:42]
     7: i_1209/O (LUT3)
Inferred a: "set_disable_timing -from I1 -to O i_1963"
Found timing loop:
     0: i_1752/O (LUT3)
      [E:/bob_full_v1/hw/src/clb/clb.sv:42]
     1: i_1752/O (LUT3)
Found timing loop:
     0: i_1751/O (LUT3)
      [E:/bob_full_v1/hw/src/clb/clb.sv:42]
     1: i_1751/O (LUT3)
Found timing loop:
     0: i_1750/O (LUT3)
      [E:/bob_full_v1/hw/src/clb/clb.sv:42]
     1: i_1750/O (LUT3)
Found timing loop:
     0: i_1749/O (LUT3)
      [E:/bob_full_v1/hw/src/clb/clb.sv:42]
     1: i_1749/O (LUT3)
Found timing loop:
     0: i_1951/O (LUT3)
      [E:/bob_full_v1/hw/src/clb/clb.sv:42]
     1: i_1951/O (LUT3)
Found timing loop:
     0: i_1955/O (LUT2)
      [E:/bob_full_v1/hw/src/clb/clb.sv:42]
     1: i_1955/O (LUT2)
Found timing loop:
     0: i_2529/O (LUT3)
      [E:/bob_full_v1/hw/src/clb/mux_bank.v:35]
     1: i_2529/O (LUT3)
Found timing loop:
     0: i_2530/O (LUT3)
      [E:/bob_full_v1/hw/src/clb/mux_bank.v:35]
     1: i_2530/O (LUT3)
Found timing loop:
     0: i_2531/O (LUT3)
      [E:/bob_full_v1/hw/src/clb/mux_bank.v:35]
     1: i_2531/O (LUT3)
Found timing loop:
     0: i_2532/O (LUT3)
      [E:/bob_full_v1/hw/src/clb/mux_bank.v:35]
     1: i_2532/O (LUT3)
Found timing loop:
     0: i_2121/O (LUT3)
      [E:/bob_full_v1/hw/src/clb/mux_bank.v:35]
     1: i_2121/O (LUT3)
Found timing loop:
     0: i_2122/O (LUT3)
      [E:/bob_full_v1/hw/src/clb/mux_bank.v:35]
     1: i_2122/O (LUT3)
Found timing loop:
     0: i_2123/O (LUT3)
      [E:/bob_full_v1/hw/src/clb/mux_bank.v:35]
     1: i_2123/O (LUT3)
Found timing loop:
     0: i_2124/O (LUT3)
      [E:/bob_full_v1/hw/src/clb/mux_bank.v:35]
     1: i_2124/O (LUT3)
Found timing loop:
     0: i_1209/O (LUT3)
      [E:/bob_full_v1/hw/src/clb/clb.sv:42]
     1: i_1209/O (LUT3)
Found timing loop:
     0: i_1208/O (LUT3)
      [E:/bob_full_v1/hw/src/clb/clb.sv:42]
     1: i_1208/O (LUT3)
Found timing loop:
     0: i_1207/O (LUT3)
      [E:/bob_full_v1/hw/src/clb/clb.sv:42]
     1: i_1207/I1 (LUT3)
     2: i_1071/O (LUT6)
      [E:/bob_full_v1/hw/src/clb/clb.sv:42]
     3: i_1071/I3 (LUT6)
     4: i_1172/O (LUT6)
      [E:/bob_full_v1/hw/src/clb/clb.sv:42]
     5: i_1172/I5 (LUT6)
     6: i_1965/O (LUT3)
      [E:/bob_full_v1/hw/src/clb/clb.sv:42]
     7: i_1965/O (LUT3)
Inferred a: "set_disable_timing -from I1 -to O i_1207"
Found timing loop:
     0: i_988/O (LUT3)
      [E:/bob_full_v1/hw/src/clb/clb.sv:42]
     1: i_988/O (LUT3)
Found timing loop:
     0: i_987/O (LUT3)
      [E:/bob_full_v1/hw/src/clb/clb.sv:42]
     1: i_987/O (LUT3)
Found timing loop:
     0: i_986/O (LUT3)
      [E:/bob_full_v1/hw/src/clb/clb.sv:42]
     1: i_986/O (LUT3)
Found timing loop:
     0: i_985/O (LUT3)
      [E:/bob_full_v1/hw/src/clb/clb.sv:42]
     1: i_985/O (LUT3)
Found timing loop:
     0: i_1187/O (LUT3)
      [E:/bob_full_v1/hw/src/clb/clb.sv:42]
     1: i_1187/O (LUT3)
Found timing loop:
     0: i_1191/O (LUT2)
      [E:/bob_full_v1/hw/src/clb/clb.sv:42]
     1: i_1191/O (LUT2)
Found timing loop:
     0: i_1965/O (LUT3)
      [E:/bob_full_v1/hw/src/clb/clb.sv:42]
     1: i_1965/O (LUT3)
Found timing loop:
     0: i_1964/O (LUT3)
      [E:/bob_full_v1/hw/src/clb/clb.sv:42]
     1: i_1964/O (LUT3)
Found timing loop:
     0: i_1963/O (LUT3)
      [E:/bob_full_v1/hw/src/clb/clb.sv:42]
     1: i_1963/O (LUT3)
Found timing loop:
     0: i_1962/O (LUT3)
      [E:/bob_full_v1/hw/src/clb/clb.sv:42]
     1: i_1962/I1 (LUT3)
     2: i_1817/O (LUT6)
      [E:/bob_full_v1/hw/src/clb/clb.sv:42]
     3: i_1817/I0 (LUT6)
     4: i_1893/O (LUT6)
      [E:/bob_full_v1/hw/src/clb/clb.sv:42]
     5: i_1893/I5 (LUT6)
     6: i_1209/O (LUT3)
      [E:/bob_full_v1/hw/src/clb/clb.sv:42]
     7: i_1209/O (LUT3)
Inferred a: "set_disable_timing -from I1 -to O i_1962"
Found timing loop:
     0: i_1356/O (LUT3)
      [E:/bob_full_v1/hw/src/clb/mux_bank.v:35]
     1: i_1356/I2 (LUT3)
     2: i_6148/O (LUT3)
      [E:/bob_full_v1/hw/src/top/fpga4x4_top.v:13]
     3: i_6148/I1 (LUT3)
     4: i_1326/O (LUT6)
      [E:/bob_full_v1/hw/src/clb/mux_bank.v:35]
     5: i_1326/I5 (LUT6)
     6: i_1205/O (LUT3)
      [E:/bob_full_v1/hw/src/clb/clb.sv:42]
     7: i_1205/I1 (LUT3)
     8: i_1067/O (LUT6)
      [E:/bob_full_v1/hw/src/clb/clb.sv:42]
     9: i_1067/I5 (LUT6)
    10: i_1068/O (LUT4)
      [E:/bob_full_v1/hw/src/clb/clb.sv:42]
    11: i_1068/I1 (LUT4)
    12: i_1187/O (LUT3)
      [E:/bob_full_v1/hw/src/clb/clb.sv:42]
    13: i_1187/O (LUT3)
Inferred a: "set_disable_timing -from I2 -to O i_1356"
Found timing loop:
     0: i_1205/O (LUT3)
      [E:/bob_full_v1/hw/src/clb/clb.sv:42]
     1: i_1205/I1 (LUT3)
     2: i_1067/O (LUT6)
      [E:/bob_full_v1/hw/src/clb/clb.sv:42]
     3: i_1067/I5 (LUT6)
     4: i_1068/O (LUT4)
      [E:/bob_full_v1/hw/src/clb/clb.sv:42]
     5: i_1068/I1 (LUT4)
     6: i_1187/O (LUT3)
      [E:/bob_full_v1/hw/src/clb/clb.sv:42]
     7: i_1187/O (LUT3)
Inferred a: "set_disable_timing -from I1 -to O i_1205"
Found timing loop:
     0: i_988/O (LUT3)
      [E:/bob_full_v1/hw/src/clb/clb.sv:42]
     1: i_988/O (LUT3)
Found timing loop:
     0: i_987/O (LUT3)
      [E:/bob_full_v1/hw/src/clb/clb.sv:42]
     1: i_987/O (LUT3)
Found timing loop:
     0: i_986/O (LUT3)
      [E:/bob_full_v1/hw/src/clb/clb.sv:42]
     1: i_986/O (LUT3)
Found timing loop:
     0: i_985/O (LUT3)
      [E:/bob_full_v1/hw/src/clb/clb.sv:42]
     1: i_985/O (LUT3)
Found timing loop:
     0: i_1187/O (LUT3)
      [E:/bob_full_v1/hw/src/clb/clb.sv:42]
     1: i_1187/O (LUT3)
Found timing loop:
     0: i_1191/O (LUT2)
      [E:/bob_full_v1/hw/src/clb/clb.sv:42]
     1: i_1191/O (LUT2)
Found timing loop:
     0: i_1965/O (LUT3)
      [E:/bob_full_v1/hw/src/clb/clb.sv:42]
     1: i_1965/O (LUT3)
Found timing loop:
     0: i_1964/O (LUT3)
      [E:/bob_full_v1/hw/src/clb/clb.sv:42]
     1: i_1964/O (LUT3)
Found timing loop:
     0: i_1963/O (LUT3)
      [E:/bob_full_v1/hw/src/clb/clb.sv:42]
     1: i_1963/O (LUT3)
Found timing loop:
     0: i_1962/O (LUT3)
      [E:/bob_full_v1/hw/src/clb/clb.sv:42]
     1: i_1962/O (LUT3)
Found timing loop:
     0: i_1356/O (LUT3)
      [E:/bob_full_v1/hw/src/clb/mux_bank.v:35]
     1: i_1356/O (LUT3)
Found timing loop:
     0: i_1357/O (LUT3)
      [E:/bob_full_v1/hw/src/clb/mux_bank.v:35]
     1: i_1357/I2 (LUT3)
     2: i_6149/O (LUT3)
      [E:/bob_full_v1/hw/src/top/fpga4x4_top.v:13]
     3: i_6149/I1 (LUT3)
     4: i_1331/O (LUT6)
      [E:/bob_full_v1/hw/src/clb/mux_bank.v:35]
     5: i_1331/I5 (LUT6)
     6: i_1205/O (LUT3)
      [E:/bob_full_v1/hw/src/clb/clb.sv:42]
     7: i_1205/O (LUT3)
Inferred a: "set_disable_timing -from I2 -to O i_1357"
Found timing loop:
     0: i_1205/O (LUT3)
      [E:/bob_full_v1/hw/src/clb/clb.sv:42]
     1: i_1205/O (LUT3)
Found timing loop:
     0: i_1204/O (LUT3)
      [E:/bob_full_v1/hw/src/clb/clb.sv:42]
     1: i_1204/I1 (LUT3)
     2: i_1065/O (LUT6)
      [E:/bob_full_v1/hw/src/clb/clb.sv:42]
     3: i_1065/I1 (LUT6)
     4: i_1158/O (LUT6)
      [E:/bob_full_v1/hw/src/clb/clb.sv:42]
     5: i_1158/I5 (LUT6)
     6: i_1356/O (LUT3)
      [E:/bob_full_v1/hw/src/clb/mux_bank.v:35]
     7: i_1356/O (LUT3)
Inferred a: "set_disable_timing -from I1 -to O i_1204"
Found timing loop:
     0: i_988/O (LUT3)
      [E:/bob_full_v1/hw/src/clb/clb.sv:42]
     1: i_988/O (LUT3)
Found timing loop:
     0: i_987/O (LUT3)
      [E:/bob_full_v1/hw/src/clb/clb.sv:42]
     1: i_987/O (LUT3)
Found timing loop:
     0: i_986/O (LUT3)
      [E:/bob_full_v1/hw/src/clb/clb.sv:42]
     1: i_986/O (LUT3)
Found timing loop:
     0: i_985/O (LUT3)
      [E:/bob_full_v1/hw/src/clb/clb.sv:42]
     1: i_985/O (LUT3)
Found timing loop:
     0: i_1187/O (LUT3)
      [E:/bob_full_v1/hw/src/clb/clb.sv:42]
     1: i_1187/O (LUT3)
Found timing loop:
     0: i_1191/O (LUT2)
      [E:/bob_full_v1/hw/src/clb/clb.sv:42]
     1: i_1191/O (LUT2)
Found timing loop:
     0: i_1965/O (LUT3)
      [E:/bob_full_v1/hw/src/clb/clb.sv:42]
     1: i_1965/O (LUT3)
Found timing loop:
     0: i_1964/O (LUT3)
      [E:/bob_full_v1/hw/src/clb/clb.sv:42]
     1: i_1964/O (LUT3)
Found timing loop:
     0: i_1963/O (LUT3)
      [E:/bob_full_v1/hw/src/clb/clb.sv:42]
     1: i_1963/O (LUT3)
Found timing loop:
     0: i_1962/O (LUT3)
      [E:/bob_full_v1/hw/src/clb/clb.sv:42]
     1: i_1962/O (LUT3)
Found timing loop:
     0: i_1356/O (LUT3)
      [E:/bob_full_v1/hw/src/clb/mux_bank.v:35]
     1: i_1356/O (LUT3)
Found timing loop:
     0: i_1357/O (LUT3)
      [E:/bob_full_v1/hw/src/clb/mux_bank.v:35]
     1: i_1357/O (LUT3)
Found timing loop:
     0: i_1358/O (LUT3)
      [E:/bob_full_v1/hw/src/clb/mux_bank.v:35]
     1: i_1358/I2 (LUT3)
     2: i_6150/O (LUT3)
      [E:/bob_full_v1/hw/src/top/fpga4x4_top.v:13]
     3: i_6150/I1 (LUT3)
     4: i_1336/O (LUT6)
      [E:/bob_full_v1/hw/src/clb/mux_bank.v:35]
     5: i_1336/I5 (LUT6)
     6: i_1205/O (LUT3)
      [E:/bob_full_v1/hw/src/clb/clb.sv:42]
     7: i_1205/O (LUT3)
Inferred a: "set_disable_timing -from I2 -to O i_1358"
Found timing loop:
     0: i_1205/O (LUT3)
      [E:/bob_full_v1/hw/src/clb/clb.sv:42]
     1: i_1205/O (LUT3)
Found timing loop:
     0: i_1204/O (LUT3)
      [E:/bob_full_v1/hw/src/clb/clb.sv:42]
     1: i_1204/O (LUT3)
Found timing loop:
     0: i_1203/O (LUT3)
      [E:/bob_full_v1/hw/src/clb/clb.sv:42]
     1: i_1203/I1 (LUT3)
     2: i_1063/O (LUT6)
      [E:/bob_full_v1/hw/src/clb/clb.sv:42]
     3: i_1063/I1 (LUT6)
     4: i_1153/O (LUT6)
      [E:/bob_full_v1/hw/src/clb/clb.sv:42]
     5: i_1153/I5 (LUT6)
     6: i_1356/O (LUT3)
      [E:/bob_full_v1/hw/src/clb/mux_bank.v:35]
     7: i_1356/O (LUT3)
Inferred a: "set_disable_timing -from I1 -to O i_1203"
Found timing loop:
     0: i_988/O (LUT3)
      [E:/bob_full_v1/hw/src/clb/clb.sv:42]
     1: i_988/O (LUT3)
Found timing loop:
     0: i_987/O (LUT3)
      [E:/bob_full_v1/hw/src/clb/clb.sv:42]
     1: i_987/O (LUT3)
Found timing loop:
     0: i_986/O (LUT3)
      [E:/bob_full_v1/hw/src/clb/clb.sv:42]
     1: i_986/O (LUT3)
Found timing loop:
     0: i_985/O (LUT3)
      [E:/bob_full_v1/hw/src/clb/clb.sv:42]
     1: i_985/O (LUT3)
Found timing loop:
     0: i_1187/O (LUT3)
      [E:/bob_full_v1/hw/src/clb/clb.sv:42]
     1: i_1187/O (LUT3)
Found timing loop:
     0: i_1191/O (LUT2)
      [E:/bob_full_v1/hw/src/clb/clb.sv:42]
     1: i_1191/O (LUT2)
Found timing loop:
     0: i_1965/O (LUT3)
      [E:/bob_full_v1/hw/src/clb/clb.sv:42]
     1: i_1965/O (LUT3)
Found timing loop:
     0: i_1964/O (LUT3)
      [E:/bob_full_v1/hw/src/clb/clb.sv:42]
     1: i_1964/O (LUT3)
Found timing loop:
     0: i_1963/O (LUT3)
      [E:/bob_full_v1/hw/src/clb/clb.sv:42]
     1: i_1963/O (LUT3)
Found timing loop:
     0: i_1962/O (LUT3)
      [E:/bob_full_v1/hw/src/clb/clb.sv:42]
     1: i_1962/O (LUT3)
Found timing loop:
     0: i_1356/O (LUT3)
      [E:/bob_full_v1/hw/src/clb/mux_bank.v:35]
     1: i_1356/O (LUT3)
Found timing loop:
     0: i_1357/O (LUT3)
      [E:/bob_full_v1/hw/src/clb/mux_bank.v:35]
     1: i_1357/O (LUT3)
Found timing loop:
     0: i_1358/O (LUT3)
      [E:/bob_full_v1/hw/src/clb/mux_bank.v:35]
     1: i_1358/O (LUT3)
Found timing loop:
     0: i_1359/O (LUT3)
      [E:/bob_full_v1/hw/src/clb/mux_bank.v:35]
     1: i_1359/I2 (LUT3)
     2: i_6151/O (LUT3)
      [E:/bob_full_v1/hw/src/top/fpga4x4_top.v:13]
     3: i_6151/I1 (LUT3)
     4: i_1341/O (LUT6)
      [E:/bob_full_v1/hw/src/clb/mux_bank.v:35]
     5: i_1341/I5 (LUT6)
     6: i_1205/O (LUT3)
      [E:/bob_full_v1/hw/src/clb/clb.sv:42]
     7: i_1205/O (LUT3)
Inferred a: "set_disable_timing -from I2 -to O i_1359"
Found timing loop:
     0: i_299/O (LUT3)
      [E:/bob_full_v1/hw/src/clb/mux_bank.v:35]
     1: i_299/O (LUT3)
Found timing loop:
     0: i_300/O (LUT3)
      [E:/bob_full_v1/hw/src/clb/mux_bank.v:35]
     1: i_300/O (LUT3)
Found timing loop:
     0: i_301/O (LUT3)
      [E:/bob_full_v1/hw/src/clb/mux_bank.v:35]
     1: i_301/O (LUT3)
Found timing loop:
     0: i_591/O (LUT3)
      [E:/bob_full_v1/hw/src/clb/mux_bank.v:35]
     1: i_591/O (LUT3)
Found timing loop:
     0: i_592/O (LUT3)
      [E:/bob_full_v1/hw/src/clb/mux_bank.v:35]
     1: i_592/O (LUT3)
Found timing loop:
     0: i_593/O (LUT3)
      [E:/bob_full_v1/hw/src/clb/mux_bank.v:35]
     1: i_593/O (LUT3)
Found timing loop:
     0: i_594/O (LUT3)
      [E:/bob_full_v1/hw/src/clb/mux_bank.v:35]
     1: i_594/O (LUT3)
Found timing loop:
     0: i_453/O (LUT3)
      [E:/bob_full_v1/hw/src/clb/clb.sv:77]
     1: i_453/O (LUT3)
Found timing loop:
     0: i_457/O (LUT3)
      [E:/bob_full_v1/hw/src/clb/lutk.sv:41]
     1: i_457/O (LUT3)
Found timing loop:
     0: i_1201/O (LUT3)
      [E:/bob_full_v1/hw/src/clb/clb.sv:42]
     1: i_1201/I1 (LUT3)
     2: i_1059/O (LUT6)
      [E:/bob_full_v1/hw/src/clb/clb.sv:42]
     3: i_1059/I5 (LUT6)
     4: i_1060/O (LUT4)
      [E:/bob_full_v1/hw/src/clb/clb.sv:42]
     5: i_1060/I1 (LUT4)
     6: i_1187/O (LUT3)
      [E:/bob_full_v1/hw/src/clb/clb.sv:42]
     7: i_1187/O (LUT3)
Inferred a: "set_disable_timing -from I1 -to O i_1201"
Found timing loop:
     0: i_988/O (LUT3)
      [E:/bob_full_v1/hw/src/clb/clb.sv:42]
     1: i_988/O (LUT3)
Found timing loop:
     0: i_987/O (LUT3)
      [E:/bob_full_v1/hw/src/clb/clb.sv:42]
     1: i_987/O (LUT3)
Found timing loop:
     0: i_986/O (LUT3)
      [E:/bob_full_v1/hw/src/clb/clb.sv:42]
     1: i_986/O (LUT3)
Found timing loop:
     0: i_985/O (LUT3)
      [E:/bob_full_v1/hw/src/clb/clb.sv:42]
     1: i_985/O (LUT3)
Found timing loop:
     0: i_1187/O (LUT3)
      [E:/bob_full_v1/hw/src/clb/clb.sv:42]
     1: i_1187/O (LUT3)
Found timing loop:
     0: i_1191/O (LUT2)
      [E:/bob_full_v1/hw/src/clb/clb.sv:42]
     1: i_1191/O (LUT2)
Found timing loop:
     0: i_1965/O (LUT3)
      [E:/bob_full_v1/hw/src/clb/clb.sv:42]
     1: i_1965/O (LUT3)
Found timing loop:
     0: i_1964/O (LUT3)
      [E:/bob_full_v1/hw/src/clb/clb.sv:42]
     1: i_1964/O (LUT3)
Found timing loop:
     0: i_1963/O (LUT3)
      [E:/bob_full_v1/hw/src/clb/clb.sv:42]
     1: i_1963/O (LUT3)
Found timing loop:
     0: i_1962/O (LUT3)
      [E:/bob_full_v1/hw/src/clb/clb.sv:42]
     1: i_1962/O (LUT3)
Found timing loop:
     0: i_1356/O (LUT3)
      [E:/bob_full_v1/hw/src/clb/mux_bank.v:35]
     1: i_1356/O (LUT3)
Found timing loop:
     0: i_1357/O (LUT3)
      [E:/bob_full_v1/hw/src/clb/mux_bank.v:35]
     1: i_1357/O (LUT3)
Found timing loop:
     0: i_1358/O (LUT3)
      [E:/bob_full_v1/hw/src/clb/mux_bank.v:35]
     1: i_1358/O (LUT3)
Found timing loop:
     0: i_1359/O (LUT3)
      [E:/bob_full_v1/hw/src/clb/mux_bank.v:35]
     1: i_1359/O (LUT3)
Found timing loop:
     0: i_459/O (LUT3)
      [E:/bob_full_v1/hw/src/clb/mux_bank.v:35]
     1: i_459/I1 (LUT3)
     2: i_381/O (MUXF7)
      [E:/bob_full_v1/hw/src/clb/mux_bank.v:35]
     3: i_381/I0 (MUXF7)
     4: i_382/O (LUT6)
      [E:/bob_full_v1/hw/src/clb/mux_bank.v:35]
     5: i_382/I3 (LUT6)
     6: i_453/O (LUT3)
      [E:/bob_full_v1/hw/src/clb/clb.sv:77]
     7: i_453/O (LUT3)
Inferred a: "set_disable_timing -from I1 -to O i_459"
Found timing loop:
     0: i_299/O (LUT3)
      [E:/bob_full_v1/hw/src/clb/mux_bank.v:35]
     1: i_299/O (LUT3)
Found timing loop:
     0: i_300/O (LUT3)
      [E:/bob_full_v1/hw/src/clb/mux_bank.v:35]
     1: i_300/O (LUT3)
Found timing loop:
     0: i_301/O (LUT3)
      [E:/bob_full_v1/hw/src/clb/mux_bank.v:35]
     1: i_301/O (LUT3)
Found timing loop:
     0: i_591/O (LUT3)
      [E:/bob_full_v1/hw/src/clb/mux_bank.v:35]
     1: i_591/O (LUT3)
Found timing loop:
     0: i_592/O (LUT3)
      [E:/bob_full_v1/hw/src/clb/mux_bank.v:35]
     1: i_592/O (LUT3)
Found timing loop:
     0: i_593/O (LUT3)
      [E:/bob_full_v1/hw/src/clb/mux_bank.v:35]
     1: i_593/O (LUT3)
Found timing loop:
     0: i_594/O (LUT3)
      [E:/bob_full_v1/hw/src/clb/mux_bank.v:35]
     1: i_594/O (LUT3)
Found timing loop:
     0: i_453/O (LUT3)
      [E:/bob_full_v1/hw/src/clb/clb.sv:77]
     1: i_453/O (LUT3)
Found timing loop:
     0: i_457/O (LUT3)
      [E:/bob_full_v1/hw/src/clb/lutk.sv:41]
     1: i_457/O (LUT3)
Found timing loop:
     0: i_1201/O (LUT3)
      [E:/bob_full_v1/hw/src/clb/clb.sv:42]
     1: i_1201/O (LUT3)
Found timing loop:
     0: i_1200/O (LUT3)
      [E:/bob_full_v1/hw/src/clb/clb.sv:42]
     1: i_1200/I1 (LUT3)
     2: i_1057/O (LUT6)
      [E:/bob_full_v1/hw/src/clb/clb.sv:42]
     3: i_1057/I0 (LUT6)
     4: i_1139/O (LUT6)
      [E:/bob_full_v1/hw/src/clb/clb.sv:42]
     5: i_1139/I5 (LUT6)
     6: i_459/O (LUT3)
      [E:/bob_full_v1/hw/src/clb/mux_bank.v:35]
     7: i_459/O (LUT3)
Inferred a: "set_disable_timing -from I1 -to O i_1200"
Found timing loop:
     0: i_988/O (LUT3)
      [E:/bob_full_v1/hw/src/clb/clb.sv:42]
     1: i_988/O (LUT3)
Found timing loop:
     0: i_987/O (LUT3)
      [E:/bob_full_v1/hw/src/clb/clb.sv:42]
     1: i_987/O (LUT3)
Found timing loop:
     0: i_986/O (LUT3)
      [E:/bob_full_v1/hw/src/clb/clb.sv:42]
     1: i_986/O (LUT3)
Found timing loop:
     0: i_985/O (LUT3)
      [E:/bob_full_v1/hw/src/clb/clb.sv:42]
     1: i_985/O (LUT3)
Found timing loop:
     0: i_1187/O (LUT3)
      [E:/bob_full_v1/hw/src/clb/clb.sv:42]
     1: i_1187/O (LUT3)
Found timing loop:
     0: i_1191/O (LUT2)
      [E:/bob_full_v1/hw/src/clb/clb.sv:42]
     1: i_1191/O (LUT2)
Found timing loop:
     0: i_1965/O (LUT3)
      [E:/bob_full_v1/hw/src/clb/clb.sv:42]
     1: i_1965/O (LUT3)
Found timing loop:
     0: i_1964/O (LUT3)
      [E:/bob_full_v1/hw/src/clb/clb.sv:42]
     1: i_1964/O (LUT3)
Found timing loop:
     0: i_1963/O (LUT3)
      [E:/bob_full_v1/hw/src/clb/clb.sv:42]
     1: i_1963/O (LUT3)
Found timing loop:
     0: i_1962/O (LUT3)
      [E:/bob_full_v1/hw/src/clb/clb.sv:42]
     1: i_1962/O (LUT3)
Found timing loop:
     0: i_1356/O (LUT3)
      [E:/bob_full_v1/hw/src/clb/mux_bank.v:35]
     1: i_1356/O (LUT3)
Found timing loop:
     0: i_1357/O (LUT3)
      [E:/bob_full_v1/hw/src/clb/mux_bank.v:35]
     1: i_1357/O (LUT3)
Found timing loop:
     0: i_1358/O (LUT3)
      [E:/bob_full_v1/hw/src/clb/mux_bank.v:35]
     1: i_1358/O (LUT3)
Found timing loop:
     0: i_1359/O (LUT3)
      [E:/bob_full_v1/hw/src/clb/mux_bank.v:35]
     1: i_1359/O (LUT3)
Found timing loop:
     0: i_459/O (LUT3)
      [E:/bob_full_v1/hw/src/clb/mux_bank.v:35]
     1: i_459/O (LUT3)
Found timing loop:
     0: i_460/O (LUT3)
      [E:/bob_full_v1/hw/src/clb/mux_bank.v:35]
     1: i_460/I1 (LUT3)
     2: i_387/O (MUXF7)
      [E:/bob_full_v1/hw/src/clb/mux_bank.v:35]
     3: i_387/I0 (MUXF7)
     4: i_388/O (LUT6)
      [E:/bob_full_v1/hw/src/clb/mux_bank.v:35]
     5: i_388/I3 (LUT6)
     6: i_453/O (LUT3)
      [E:/bob_full_v1/hw/src/clb/clb.sv:77]
     7: i_453/O (LUT3)
Inferred a: "set_disable_timing -from I1 -to O i_460"
Found timing loop:
     0: i_299/O (LUT3)
      [E:/bob_full_v1/hw/src/clb/mux_bank.v:35]
     1: i_299/O (LUT3)
Found timing loop:
     0: i_300/O (LUT3)
      [E:/bob_full_v1/hw/src/clb/mux_bank.v:35]
     1: i_300/O (LUT3)
Found timing loop:
     0: i_301/O (LUT3)
      [E:/bob_full_v1/hw/src/clb/mux_bank.v:35]
     1: i_301/O (LUT3)
Found timing loop:
     0: i_591/O (LUT3)
      [E:/bob_full_v1/hw/src/clb/mux_bank.v:35]
     1: i_591/O (LUT3)
Found timing loop:
     0: i_592/O (LUT3)
      [E:/bob_full_v1/hw/src/clb/mux_bank.v:35]
     1: i_592/O (LUT3)
Found timing loop:
     0: i_593/O (LUT3)
      [E:/bob_full_v1/hw/src/clb/mux_bank.v:35]
     1: i_593/O (LUT3)
Found timing loop:
     0: i_594/O (LUT3)
      [E:/bob_full_v1/hw/src/clb/mux_bank.v:35]
     1: i_594/O (LUT3)
Found timing loop:
     0: i_453/O (LUT3)
      [E:/bob_full_v1/hw/src/clb/clb.sv:77]
     1: i_453/O (LUT3)
Found timing loop:
     0: i_457/O (LUT3)
      [E:/bob_full_v1/hw/src/clb/lutk.sv:41]
     1: i_457/O (LUT3)
Found timing loop:
     0: i_1201/O (LUT3)
      [E:/bob_full_v1/hw/src/clb/clb.sv:42]
     1: i_1201/O (LUT3)
Found timing loop:
     0: i_1200/O (LUT3)
      [E:/bob_full_v1/hw/src/clb/clb.sv:42]
     1: i_1200/O (LUT3)
Found timing loop:
     0: i_1199/O (LUT3)
      [E:/bob_full_v1/hw/src/clb/clb.sv:42]
     1: i_1199/I1 (LUT3)
     2: i_1055/O (LUT6)
      [E:/bob_full_v1/hw/src/clb/clb.sv:42]
     3: i_1055/I0 (LUT6)
     4: i_1134/O (LUT6)
      [E:/bob_full_v1/hw/src/clb/clb.sv:42]
     5: i_1134/I5 (LUT6)
     6: i_459/O (LUT3)
      [E:/bob_full_v1/hw/src/clb/mux_bank.v:35]
     7: i_459/O (LUT3)
Inferred a: "set_disable_timing -from I1 -to O i_1199"
Found timing loop:
     0: i_988/O (LUT3)
      [E:/bob_full_v1/hw/src/clb/clb.sv:42]
     1: i_988/O (LUT3)
Found timing loop:
     0: i_987/O (LUT3)
      [E:/bob_full_v1/hw/src/clb/clb.sv:42]
     1: i_987/O (LUT3)
Found timing loop:
     0: i_986/O (LUT3)
      [E:/bob_full_v1/hw/src/clb/clb.sv:42]
     1: i_986/O (LUT3)
Found timing loop:
     0: i_985/O (LUT3)
      [E:/bob_full_v1/hw/src/clb/clb.sv:42]
     1: i_985/O (LUT3)
Found timing loop:
     0: i_1187/O (LUT3)
      [E:/bob_full_v1/hw/src/clb/clb.sv:42]
     1: i_1187/O (LUT3)
Found timing loop:
     0: i_1191/O (LUT2)
      [E:/bob_full_v1/hw/src/clb/clb.sv:42]
     1: i_1191/O (LUT2)
Found timing loop:
     0: i_1965/O (LUT3)
      [E:/bob_full_v1/hw/src/clb/clb.sv:42]
     1: i_1965/O (LUT3)
Found timing loop:
     0: i_1964/O (LUT3)
      [E:/bob_full_v1/hw/src/clb/clb.sv:42]
     1: i_1964/O (LUT3)
Found timing loop:
     0: i_1963/O (LUT3)
      [E:/bob_full_v1/hw/src/clb/clb.sv:42]
     1: i_1963/O (LUT3)
Found timing loop:
     0: i_1962/O (LUT3)
      [E:/bob_full_v1/hw/src/clb/clb.sv:42]
     1: i_1962/O (LUT3)
Found timing loop:
     0: i_1356/O (LUT3)
      [E:/bob_full_v1/hw/src/clb/mux_bank.v:35]
     1: i_1356/O (LUT3)
Found timing loop:
     0: i_1357/O (LUT3)
      [E:/bob_full_v1/hw/src/clb/mux_bank.v:35]
     1: i_1357/O (LUT3)
Found timing loop:
     0: i_1358/O (LUT3)
      [E:/bob_full_v1/hw/src/clb/mux_bank.v:35]
     1: i_1358/O (LUT3)
Found timing loop:
     0: i_1359/O (LUT3)
      [E:/bob_full_v1/hw/src/clb/mux_bank.v:35]
     1: i_1359/O (LUT3)
Found timing loop:
     0: i_459/O (LUT3)
      [E:/bob_full_v1/hw/src/clb/mux_bank.v:35]
     1: i_459/O (LUT3)
Found timing loop:
     0: i_460/O (LUT3)
      [E:/bob_full_v1/hw/src/clb/mux_bank.v:35]
     1: i_460/O (LUT3)
Found timing loop:
     0: i_461/O (LUT3)
      [E:/bob_full_v1/hw/src/clb/mux_bank.v:35]
     1: i_461/I1 (LUT3)
     2: i_393/O (MUXF7)
      [E:/bob_full_v1/hw/src/clb/mux_bank.v:35]
     3: i_393/I0 (MUXF7)
     4: i_394/O (LUT6)
      [E:/bob_full_v1/hw/src/clb/mux_bank.v:35]
     5: i_394/I3 (LUT6)
     6: i_453/O (LUT3)
      [E:/bob_full_v1/hw/src/clb/clb.sv:77]
     7: i_453/O (LUT3)
Inferred a: "set_disable_timing -from I1 -to O i_461"
Found timing loop:
     0: i_299/O (LUT3)
      [E:/bob_full_v1/hw/src/clb/mux_bank.v:35]
     1: i_299/O (LUT3)
Found timing loop:
     0: i_300/O (LUT3)
      [E:/bob_full_v1/hw/src/clb/mux_bank.v:35]
     1: i_300/O (LUT3)
Found timing loop:
     0: i_301/O (LUT3)
      [E:/bob_full_v1/hw/src/clb/mux_bank.v:35]
     1: i_301/O (LUT3)
Found timing loop:
     0: i_591/O (LUT3)
      [E:/bob_full_v1/hw/src/clb/mux_bank.v:35]
     1: i_591/O (LUT3)
Found timing loop:
     0: i_592/O (LUT3)
      [E:/bob_full_v1/hw/src/clb/mux_bank.v:35]
     1: i_592/O (LUT3)
Found timing loop:
     0: i_593/O (LUT3)
      [E:/bob_full_v1/hw/src/clb/mux_bank.v:35]
     1: i_593/O (LUT3)
Found timing loop:
     0: i_594/O (LUT3)
      [E:/bob_full_v1/hw/src/clb/mux_bank.v:35]
     1: i_594/O (LUT3)
Found timing loop:
     0: i_453/O (LUT3)
      [E:/bob_full_v1/hw/src/clb/clb.sv:77]
     1: i_453/O (LUT3)
Found timing loop:
     0: i_457/O (LUT3)
      [E:/bob_full_v1/hw/src/clb/lutk.sv:41]
     1: i_457/O (LUT3)
Found timing loop:
     0: i_1201/O (LUT3)
      [E:/bob_full_v1/hw/src/clb/clb.sv:42]
     1: i_1201/O (LUT3)
Found timing loop:
     0: i_1200/O (LUT3)
      [E:/bob_full_v1/hw/src/clb/clb.sv:42]
     1: i_1200/O (LUT3)
Found timing loop:
     0: i_1199/O (LUT3)
      [E:/bob_full_v1/hw/src/clb/clb.sv:42]
     1: i_1199/O (LUT3)
Found timing loop:
     0: i_1198/O (LUT3)
      [E:/bob_full_v1/hw/src/clb/clb.sv:42]
     1: i_1198/I1 (LUT3)
     2: i_1053/O (LUT6)
      [E:/bob_full_v1/hw/src/clb/clb.sv:42]
     3: i_1053/I0 (LUT6)
     4: i_1129/O (LUT6)
      [E:/bob_full_v1/hw/src/clb/clb.sv:42]
     5: i_1129/I5 (LUT6)
     6: i_459/O (LUT3)
      [E:/bob_full_v1/hw/src/clb/mux_bank.v:35]
     7: i_459/O (LUT3)
Inferred a: "set_disable_timing -from I1 -to O i_1198"
Found timing loop:
     0: i_1205/O (LUT3)
      [E:/bob_full_v1/hw/src/clb/clb.sv:42]
     1: i_1205/O (LUT3)
Found timing loop:
     0: i_1204/O (LUT3)
      [E:/bob_full_v1/hw/src/clb/clb.sv:42]
     1: i_1204/O (LUT3)
Found timing loop:
     0: i_1203/O (LUT3)
      [E:/bob_full_v1/hw/src/clb/clb.sv:42]
     1: i_1203/O (LUT3)
Found timing loop:
     0: i_1342/O (LUT3)
      [E:/bob_full_v1/hw/src/clb/clb.sv:77]
     1: i_1342/I1 (LUT3)
     2: i_1212/O (LUT5)
      [E:/bob_full_v1/hw/src/clb/clb.sv:60]
     3: i_1212/I4 (LUT5)
     4: i_1230/O (LUT5)
      [E:/bob_full_v1/hw/src/clb/lutk.sv:41]
     5: i_1230/I4 (LUT5)
     6: i_1346/O (LUT3)
      [E:/bob_full_v1/hw/src/clb/lutk.sv:41]
     7: i_1346/I2 (LUT3)
     8: i_1225/O (LUT6)
      [E:/bob_full_v1/hw/src/clb/lutk.sv:41]
     9: i_1225/I5 (LUT6)
    10: i_1226/O (LUT6)
      [E:/bob_full_v1/hw/src/clb/lutk.sv:41]
    11: i_1226/I4 (LUT6)
    12: i_1343/O (LUT3)
      [E:/bob_full_v1/hw/src/clb/mux_bank.v:35]
    13: i_1343/I1 (LUT3)
    14: i_1215/O (LUT5)
      [E:/bob_full_v1/hw/src/clb/mux_bank.v:35]
    15: i_1215/I4 (LUT5)
    16: i_1216/O (LUT4)
      [E:/bob_full_v1/hw/src/clb/mux_bank.v:35]
    17: i_1216/I1 (LUT4)
    18: i_1342/O (LUT3)
      [E:/bob_full_v1/hw/src/clb/clb.sv:77]
Inferred a: "set_disable_timing -from I1 -to O i_1342"
Found timing loop:
     0: i_1346/O (LUT3)
      [E:/bob_full_v1/hw/src/clb/lutk.sv:41]
     1: i_1346/I2 (LUT3)
     2: i_1225/O (LUT6)
      [E:/bob_full_v1/hw/src/clb/lutk.sv:41]
     3: i_1225/I5 (LUT6)
     4: i_1226/O (LUT6)
      [E:/bob_full_v1/hw/src/clb/lutk.sv:41]
     5: i_1226/I4 (LUT6)
     6: i_1343/O (LUT3)
      [E:/bob_full_v1/hw/src/clb/mux_bank.v:35]
     7: i_1343/I1 (LUT3)
     8: i_1215/O (LUT5)
      [E:/bob_full_v1/hw/src/clb/mux_bank.v:35]
     9: i_1215/I4 (LUT5)
    10: i_1216/O (LUT4)
      [E:/bob_full_v1/hw/src/clb/mux_bank.v:35]
    11: i_1216/I1 (LUT4)
    12: i_1342/O (LUT3)
      [E:/bob_full_v1/hw/src/clb/clb.sv:77]
    13: i_1342/O (LUT3)
Inferred a: "set_disable_timing -from I2 -to O i_1346"
Found timing loop:
     0: i_1969/O (LUT3)
      [E:/bob_full_v1/hw/src/clb/clb.sv:42]
     1: i_1969/O (LUT3)
Found timing loop:
     0: i_1968/O (LUT3)
      [E:/bob_full_v1/hw/src/clb/clb.sv:42]
     1: i_1968/O (LUT3)
Found timing loop:
     0: i_1967/O (LUT3)
      [E:/bob_full_v1/hw/src/clb/clb.sv:42]
     1: i_1967/O (LUT3)
Found timing loop:
     0: i_1966/O (LUT3)
      [E:/bob_full_v1/hw/src/clb/clb.sv:42]
     1: i_1966/I1 (LUT3)
     2: i_1825/O (LUT6)
      [E:/bob_full_v1/hw/src/clb/clb.sv:42]
     3: i_1825/I0 (LUT6)
     4: i_1913/O (LUT6)
      [E:/bob_full_v1/hw/src/clb/clb.sv:42]
     5: i_1913/I5 (LUT6)
     6: i_1209/O (LUT3)
      [E:/bob_full_v1/hw/src/clb/clb.sv:42]
     7: i_1209/O (LUT3)
Inferred a: "set_disable_timing -from I1 -to O i_1966"
Found timing loop:
     0: i_1969/O (LUT3)
      [E:/bob_full_v1/hw/src/clb/clb.sv:42]
     1: i_1969/O (LUT3)
Found timing loop:
     0: i_1968/O (LUT3)
      [E:/bob_full_v1/hw/src/clb/clb.sv:42]
     1: i_1968/O (LUT3)
Found timing loop:
     0: i_1967/O (LUT3)
      [E:/bob_full_v1/hw/src/clb/clb.sv:42]
     1: i_1967/O (LUT3)
Found timing loop:
     0: i_1966/O (LUT3)
      [E:/bob_full_v1/hw/src/clb/clb.sv:42]
     1: i_1966/O (LUT3)
Found timing loop:
     0: i_2107/O (LUT3)
      [E:/bob_full_v1/hw/src/clb/clb.sv:77]
     1: i_2107/I1 (LUT3)
     2: i_1976/O (LUT5)
      [E:/bob_full_v1/hw/src/clb/clb.sv:60]
     3: i_1976/I4 (LUT5)
     4: i_1994/O (LUT5)
      [E:/bob_full_v1/hw/src/clb/lutk.sv:41]
     5: i_1994/I4 (LUT5)
     6: i_2111/O (LUT3)
      [E:/bob_full_v1/hw/src/clb/lutk.sv:41]
     7: i_2111/I2 (LUT3)
     8: i_1989/O (LUT6)
      [E:/bob_full_v1/hw/src/clb/lutk.sv:41]
     9: i_1989/I5 (LUT6)
    10: i_1990/O (LUT6)
      [E:/bob_full_v1/hw/src/clb/lutk.sv:41]
    11: i_1990/I4 (LUT6)
    12: i_2108/O (LUT3)
      [E:/bob_full_v1/hw/src/clb/mux_bank.v:35]
    13: i_2108/I1 (LUT3)
    14: i_1979/O (LUT5)
      [E:/bob_full_v1/hw/src/clb/mux_bank.v:35]
    15: i_1979/I4 (LUT5)
    16: i_1980/O (LUT4)
      [E:/bob_full_v1/hw/src/clb/mux_bank.v:35]
    17: i_1980/I1 (LUT4)
    18: i_2107/O (LUT3)
      [E:/bob_full_v1/hw/src/clb/clb.sv:77]
Inferred a: "set_disable_timing -from I1 -to O i_2107"
Found timing loop:
     0: i_2111/O (LUT3)
      [E:/bob_full_v1/hw/src/clb/lutk.sv:41]
     1: i_2111/I2 (LUT3)
     2: i_1989/O (LUT6)
      [E:/bob_full_v1/hw/src/clb/lutk.sv:41]
     3: i_1989/I5 (LUT6)
     4: i_1990/O (LUT6)
      [E:/bob_full_v1/hw/src/clb/lutk.sv:41]
     5: i_1990/I4 (LUT6)
     6: i_2108/O (LUT3)
      [E:/bob_full_v1/hw/src/clb/mux_bank.v:35]
     7: i_2108/I1 (LUT3)
     8: i_1979/O (LUT5)
      [E:/bob_full_v1/hw/src/clb/mux_bank.v:35]
     9: i_1979/I4 (LUT5)
    10: i_1980/O (LUT4)
      [E:/bob_full_v1/hw/src/clb/mux_bank.v:35]
    11: i_1980/I1 (LUT4)
    12: i_2107/O (LUT3)
      [E:/bob_full_v1/hw/src/clb/clb.sv:77]
    13: i_2107/O (LUT3)
Inferred a: "set_disable_timing -from I2 -to O i_2111"
Found timing loop:
     0: i_2527/O (LUT3)
      [E:/bob_full_v1/hw/src/clb/mux_bank.v:35]
     1: i_2527/O (LUT3)
Found timing loop:
     0: i_2525/O (LUT3)
      [E:/bob_full_v1/hw/src/clb/mux_bank.v:35]
     1: i_2525/O (LUT3)
Found timing loop:
     0: i_2528/O (LUT3)
      [E:/bob_full_v1/hw/src/clb/mux_bank.v:35]
     1: i_2528/I1 (LUT3)
     2: i_2487/O (LUT5)
      [E:/bob_full_v1/hw/src/clb/mux_bank.v:35]
     3: i_2487/I2 (LUT5)
     4: i_2488/O (LUT6)
      [E:/bob_full_v1/hw/src/clb/mux_bank.v:35]
     5: i_2488/I5 (LUT6)
     6: i_2675/O (LUT2)
      [E:/bob_full_v1/hw/src/clb/clb.sv:42]
     7: i_2675/O (LUT2)
Inferred a: "set_disable_timing -from I1 -to O i_2528"
Found timing loop:
     0: i_2526/O (LUT3)
      [E:/bob_full_v1/hw/src/clb/mux_bank.v:35]
     1: i_2526/I1 (LUT3)
     2: i_2481/O (LUT5)
      [E:/bob_full_v1/hw/src/clb/mux_bank.v:35]
     3: i_2481/I0 (LUT5)
     4: i_2483/O (LUT6)
      [E:/bob_full_v1/hw/src/clb/mux_bank.v:35]
     5: i_2483/I5 (LUT6)
     6: i_1973/O (LUT3)
      [E:/bob_full_v1/hw/src/clb/clb.sv:42]
     7: i_1973/O (LUT3)
Inferred a: "set_disable_timing -from I1 -to O i_2526"
Found timing loop:
     0: i_2659/O (LUT3)
      [E:/bob_full_v1/hw/src/clb/clb.sv:42]
     1: i_2659/I2 (LUT3)
     2: i_2543/O (LUT6)
      [E:/bob_full_v1/hw/src/clb/clb.sv:42]
     3: i_2543/I5 (LUT6)
     4: i_2587/O (LUT6)
      [E:/bob_full_v1/hw/src/clb/clb.sv:42]
     5: i_2587/I3 (LUT6)
     6: i_2589/O (LUT4)
      [E:/bob_full_v1/hw/src/clb/clb.sv:42]
     7: i_2589/I3 (LUT4)
     8: i_2659/O (LUT3)
      [E:/bob_full_v1/hw/src/clb/clb.sv:42]
Inferred a: "set_disable_timing -from I2 -to O i_2659"
Found timing loop:
     0: i_463/O (LUT3)
      [E:/bob_full_v1/hw/src/clb/mux_bank.v:35]
     1: i_463/O (LUT3)
Found timing loop:
     0: i_464/O (LUT3)
      [E:/bob_full_v1/hw/src/clb/mux_bank.v:35]
     1: i_464/O (LUT3)
Found timing loop:
     0: i_465/O (LUT3)
      [E:/bob_full_v1/hw/src/clb/mux_bank.v:35]
     1: i_465/O (LUT3)
Found timing loop:
     0: i_466/O (LUT3)
      [E:/bob_full_v1/hw/src/clb/mux_bank.v:35]
     1: i_466/I1 (LUT3)
     2: i_423/O (MUXF7)
      [E:/bob_full_v1/hw/src/clb/mux_bank.v:35]
     3: i_423/I0 (MUXF7)
     4: i_424/O (LUT6)
      [E:/bob_full_v1/hw/src/clb/mux_bank.v:35]
     5: i_424/I3 (LUT6)
     6: i_453/O (LUT3)
      [E:/bob_full_v1/hw/src/clb/clb.sv:77]
     7: i_453/O (LUT3)
Inferred a: "set_disable_timing -from I1 -to O i_466"
Found timing loop:
     0: i_491/O (LUT5)
      [E:/bob_full_v1/hw/src/clb/lutk.sv:41]
     1: i_491/I4 (LUT5)
     2: i_585/O (LUT3)
      [E:/bob_full_v1/hw/src/clb/lutk.sv:41]
     3: i_585/I2 (LUT3)
     4: i_486/O (LUT6)
      [E:/bob_full_v1/hw/src/clb/lutk.sv:41]
     5: i_486/I5 (LUT6)
     6: i_487/O (LUT6)
      [E:/bob_full_v1/hw/src/clb/lutk.sv:41]
     7: i_487/I4 (LUT6)
     8: i_582/O (LUT3)
      [E:/bob_full_v1/hw/src/clb/mux_bank.v:35]
     9: i_582/I1 (LUT3)
    10: i_476/O (MUXF7)
      [E:/bob_full_v1/hw/src/clb/mux_bank.v:35]
    11: i_476/I0 (MUXF7)
    12: i_477/O (LUT6)
      [E:/bob_full_v1/hw/src/clb/mux_bank.v:35]
    13: i_477/I3 (LUT6)
    14: i_581/O (LUT3)
      [E:/bob_full_v1/hw/src/clb/clb.sv:77]
    15: i_581/I1 (LUT3)
    16: i_472/O (LUT5)
      [E:/bob_full_v1/hw/src/clb/clb.sv:60]
    17: i_472/I4 (LUT5)
    18: i_491/O (LUT5)
      [E:/bob_full_v1/hw/src/clb/lutk.sv:41]
Inferred a: "set_disable_timing -from I4 -to O i_491"
Found timing loop:
     0: i_585/O (LUT3)
      [E:/bob_full_v1/hw/src/clb/lutk.sv:41]
     1: i_585/I2 (LUT3)
     2: i_486/O (LUT6)
      [E:/bob_full_v1/hw/src/clb/lutk.sv:41]
     3: i_486/I5 (LUT6)
     4: i_487/O (LUT6)
      [E:/bob_full_v1/hw/src/clb/lutk.sv:41]
     5: i_487/I4 (LUT6)
     6: i_582/O (LUT3)
      [E:/bob_full_v1/hw/src/clb/mux_bank.v:35]
     7: i_582/I1 (LUT3)
     8: i_476/O (MUXF7)
      [E:/bob_full_v1/hw/src/clb/mux_bank.v:35]
     9: i_476/I0 (MUXF7)
    10: i_477/O (LUT6)
      [E:/bob_full_v1/hw/src/clb/mux_bank.v:35]
    11: i_477/I3 (LUT6)
    12: i_581/O (LUT3)
      [E:/bob_full_v1/hw/src/clb/clb.sv:77]
    13: i_581/I1 (LUT3)
    14: i_472/O (LUT5)
      [E:/bob_full_v1/hw/src/clb/clb.sv:60]
    15: i_472/I4 (LUT5)
    16: i_491/O (LUT5)
      [E:/bob_full_v1/hw/src/clb/lutk.sv:41]
    17: i_491/O (LUT5)
Inferred a: "set_disable_timing -from I2 -to O i_585"
Found timing loop:
     0: i_585/O (LUT3)
      [E:/bob_full_v1/hw/src/clb/lutk.sv:41]
     1: i_585/O (LUT3)
Found timing loop:
     0: i_1205/O (LUT3)
      [E:/bob_full_v1/hw/src/clb/clb.sv:42]
     1: i_1205/O (LUT3)
Found timing loop:
     0: i_1204/O (LUT3)
      [E:/bob_full_v1/hw/src/clb/clb.sv:42]
     1: i_1204/O (LUT3)
Found timing loop:
     0: i_1203/O (LUT3)
      [E:/bob_full_v1/hw/src/clb/clb.sv:42]
     1: i_1203/O (LUT3)
Found timing loop:
     0: i_1342/O (LUT3)
      [E:/bob_full_v1/hw/src/clb/clb.sv:77]
     1: i_1342/O (LUT3)
Found timing loop:
     0: i_1346/O (LUT3)
      [E:/bob_full_v1/hw/src/clb/lutk.sv:41]
     1: i_1346/O (LUT3)
Found timing loop:
     0: i_2117/O (LUT3)
      [E:/bob_full_v1/hw/src/clb/mux_bank.v:35]
     1: i_2117/I1 (LUT3)
     2: i_2067/O (LUT5)
      [E:/bob_full_v1/hw/src/clb/mux_bank.v:35]
     3: i_2067/I4 (LUT5)
     4: i_2068/O (LUT4)
      [E:/bob_full_v1/hw/src/clb/mux_bank.v:35]
     5: i_2068/I1 (LUT4)
     6: i_2107/O (LUT3)
      [E:/bob_full_v1/hw/src/clb/clb.sv:77]
     7: i_2107/O (LUT3)
Inferred a: "set_disable_timing -from I1 -to O i_2117"
Found timing loop:
     0: i_1969/O (LUT3)
      [E:/bob_full_v1/hw/src/clb/clb.sv:42]
     1: i_1969/O (LUT3)
Found timing loop:
     0: i_1968/O (LUT3)
      [E:/bob_full_v1/hw/src/clb/clb.sv:42]
     1: i_1968/O (LUT3)
Found timing loop:
     0: i_1967/O (LUT3)
      [E:/bob_full_v1/hw/src/clb/clb.sv:42]
     1: i_1967/O (LUT3)
Found timing loop:
     0: i_1966/O (LUT3)
      [E:/bob_full_v1/hw/src/clb/clb.sv:42]
     1: i_1966/O (LUT3)
Found timing loop:
     0: i_2107/O (LUT3)
      [E:/bob_full_v1/hw/src/clb/clb.sv:77]
     1: i_2107/O (LUT3)
Found timing loop:
     0: i_2111/O (LUT3)
      [E:/bob_full_v1/hw/src/clb/lutk.sv:41]
     1: i_2111/O (LUT3)
Found timing loop:
     0: i_2679/O (LUT2)
      [E:/bob_full_v1/hw/src/clb/clb.sv:42]
     1: i_2679/I1 (LUT2)
     2: i_2653/O (LUT5)
      [E:/bob_full_v1/hw/src/clb/clb.sv:42]
     3: i_2653/I2 (LUT5)
     4: i_2655/O (LUT4)
      [E:/bob_full_v1/hw/src/clb/clb.sv:42]
     5: i_2655/I3 (LUT4)
     6: i_2659/O (LUT3)
      [E:/bob_full_v1/hw/src/clb/clb.sv:42]
     7: i_2659/O (LUT3)
Inferred a: "set_disable_timing -from I1 -to O i_2679"
Found timing loop:
     0: i_2527/O (LUT3)
      [E:/bob_full_v1/hw/src/clb/mux_bank.v:35]
     1: i_2527/O (LUT3)
Found timing loop:
     0: i_2525/O (LUT3)
      [E:/bob_full_v1/hw/src/clb/mux_bank.v:35]
     1: i_2525/O (LUT3)
Found timing loop:
     0: i_2528/O (LUT3)
      [E:/bob_full_v1/hw/src/clb/mux_bank.v:35]
     1: i_2528/O (LUT3)
Found timing loop:
     0: i_2526/O (LUT3)
      [E:/bob_full_v1/hw/src/clb/mux_bank.v:35]
     1: i_2526/O (LUT3)
Found timing loop:
     0: i_2659/O (LUT3)
      [E:/bob_full_v1/hw/src/clb/clb.sv:42]
     1: i_2659/O (LUT3)
Found timing loop:
     0: i_2658/O (LUT3)
      [E:/bob_full_v1/hw/src/clb/clb.sv:42]
     1: i_2658/I1 (LUT3)
     2: i_2542/O (LUT5)
      [E:/bob_full_v1/hw/src/clb/clb.sv:42]
     3: i_2542/I4 (LUT5)
     4: i_1975/O (LUT6)
      [E:/bob_full_v1/hw/src/clb/clb.sv:42]
     5: i_1975/I5 (LUT6)
     6: i_1211/O (LUT6)
      [E:/bob_full_v1/hw/src/clb/clb.sv:42]
     7: i_1211/I5 (LUT6)
     8: i_475/O (LUT6)
      [E:/bob_full_v1/hw/src/clb/clb.sv:42]
     9: i_475/I4 (LUT6)
    10: i_491/O (LUT5)
      [E:/bob_full_v1/hw/src/clb/lutk.sv:41]
    11: i_491/O (LUT5)
Inferred a: "set_disable_timing -from I1 -to O i_2658"
Found timing loop:
     0: i_1969/O (LUT3)
      [E:/bob_full_v1/hw/src/clb/clb.sv:42]
     1: i_1969/O (LUT3)
Found timing loop:
     0: i_1968/O (LUT3)
      [E:/bob_full_v1/hw/src/clb/clb.sv:42]
     1: i_1968/O (LUT3)
Found timing loop:
     0: i_1967/O (LUT3)
      [E:/bob_full_v1/hw/src/clb/clb.sv:42]
     1: i_1967/O (LUT3)
Found timing loop:
     0: i_1966/O (LUT3)
      [E:/bob_full_v1/hw/src/clb/clb.sv:42]
     1: i_1966/O (LUT3)
Found timing loop:
     0: i_2107/O (LUT3)
      [E:/bob_full_v1/hw/src/clb/clb.sv:77]
     1: i_2107/O (LUT3)
Found timing loop:
     0: i_2111/O (LUT3)
      [E:/bob_full_v1/hw/src/clb/lutk.sv:41]
     1: i_2111/O (LUT3)
Found timing loop:
     0: i_2679/O (LUT2)
      [E:/bob_full_v1/hw/src/clb/clb.sv:42]
     1: i_2679/O (LUT2)
Found timing loop:
     0: i_2678/O (LUT2)
      [E:/bob_full_v1/hw/src/clb/clb.sv:42]
     1: i_2678/I0 (LUT2)
     2: i_2651/O (LUT4)
      [E:/bob_full_v1/hw/src/clb/clb.sv:42]
     3: i_2651/I3 (LUT4)
     4: i_2652/O (LUT6)
      [E:/bob_full_v1/hw/src/clb/clb.sv:42]
     5: i_2652/I5 (LUT6)
     6: i_2115/O (LUT3)
      [E:/bob_full_v1/hw/src/clb/mux_bank.v:35]
     7: i_2115/I1 (LUT3)
     8: i_2051/O (LUT5)
      [E:/bob_full_v1/hw/src/clb/mux_bank.v:35]
     9: i_2051/I2 (LUT5)
    10: i_2053/O (LUT6)
      [E:/bob_full_v1/hw/src/clb/mux_bank.v:35]
    11: i_2053/I5 (LUT6)
    12: i_2679/O (LUT2)
      [E:/bob_full_v1/hw/src/clb/clb.sv:42]
    13: i_2679/O (LUT2)
Inferred a: "set_disable_timing -from I0 -to O i_2678"
Found timing loop:
     0: i_2527/O (LUT3)
      [E:/bob_full_v1/hw/src/clb/mux_bank.v:35]
     1: i_2527/O (LUT3)
Found timing loop:
     0: i_2525/O (LUT3)
      [E:/bob_full_v1/hw/src/clb/mux_bank.v:35]
     1: i_2525/O (LUT3)
Found timing loop:
     0: i_2528/O (LUT3)
      [E:/bob_full_v1/hw/src/clb/mux_bank.v:35]
     1: i_2528/O (LUT3)
Found timing loop:
     0: i_2526/O (LUT3)
      [E:/bob_full_v1/hw/src/clb/mux_bank.v:35]
     1: i_2526/O (LUT3)
Found timing loop:
     0: i_2659/O (LUT3)
      [E:/bob_full_v1/hw/src/clb/clb.sv:42]
     1: i_2659/O (LUT3)
Found timing loop:
     0: i_2658/O (LUT3)
      [E:/bob_full_v1/hw/src/clb/clb.sv:42]
     1: i_2658/O (LUT3)
Found timing loop:
     0: i_2115/O (LUT3)
      [E:/bob_full_v1/hw/src/clb/mux_bank.v:35]
     1: i_2115/I1 (LUT3)
     2: i_2051/O (LUT5)
      [E:/bob_full_v1/hw/src/clb/mux_bank.v:35]
     3: i_2051/I2 (LUT5)
     4: i_2053/O (LUT6)
      [E:/bob_full_v1/hw/src/clb/mux_bank.v:35]
     5: i_2053/I5 (LUT6)
     6: i_2679/O (LUT2)
      [E:/bob_full_v1/hw/src/clb/clb.sv:42]
     7: i_2679/O (LUT2)
Inferred a: "set_disable_timing -from I1 -to O i_2115"
Found timing loop:
     0: i_1969/O (LUT3)
      [E:/bob_full_v1/hw/src/clb/clb.sv:42]
     1: i_1969/O (LUT3)
Found timing loop:
     0: i_1968/O (LUT3)
      [E:/bob_full_v1/hw/src/clb/clb.sv:42]
     1: i_1968/O (LUT3)
Found timing loop:
     0: i_1967/O (LUT3)
      [E:/bob_full_v1/hw/src/clb/clb.sv:42]
     1: i_1967/O (LUT3)
Found timing loop:
     0: i_1966/O (LUT3)
      [E:/bob_full_v1/hw/src/clb/clb.sv:42]
     1: i_1966/O (LUT3)
Found timing loop:
     0: i_2107/O (LUT3)
      [E:/bob_full_v1/hw/src/clb/clb.sv:77]
     1: i_2107/O (LUT3)
Found timing loop:
     0: i_2111/O (LUT3)
      [E:/bob_full_v1/hw/src/clb/lutk.sv:41]
     1: i_2111/O (LUT3)
Found timing loop:
     0: i_2679/O (LUT2)
      [E:/bob_full_v1/hw/src/clb/clb.sv:42]
     1: i_2679/O (LUT2)
Found timing loop:
     0: i_2678/O (LUT2)
      [E:/bob_full_v1/hw/src/clb/clb.sv:42]
     1: i_2678/O (LUT2)
Found timing loop:
     0: i_2677/O (LUT2)
      [E:/bob_full_v1/hw/src/clb/clb.sv:42]
     1: i_2677/I0 (LUT2)
     2: i_2646/O (LUT4)
      [E:/bob_full_v1/hw/src/clb/clb.sv:42]
     3: i_2646/I3 (LUT4)
     4: i_2647/O (LUT6)
      [E:/bob_full_v1/hw/src/clb/clb.sv:42]
     5: i_2647/I5 (LUT6)
     6: i_2115/O (LUT3)
      [E:/bob_full_v1/hw/src/clb/mux_bank.v:35]
     7: i_2115/O (LUT3)
Inferred a: "set_disable_timing -from I0 -to O i_2677"
Found timing loop:
     0: i_2527/O (LUT3)
      [E:/bob_full_v1/hw/src/clb/mux_bank.v:35]
     1: i_2527/O (LUT3)
Found timing loop:
     0: i_2525/O (LUT3)
      [E:/bob_full_v1/hw/src/clb/mux_bank.v:35]
     1: i_2525/O (LUT3)
Found timing loop:
     0: i_2528/O (LUT3)
      [E:/bob_full_v1/hw/src/clb/mux_bank.v:35]
     1: i_2528/O (LUT3)
Found timing loop:
     0: i_2526/O (LUT3)
      [E:/bob_full_v1/hw/src/clb/mux_bank.v:35]
     1: i_2526/O (LUT3)
Found timing loop:
     0: i_2659/O (LUT3)
      [E:/bob_full_v1/hw/src/clb/clb.sv:42]
     1: i_2659/O (LUT3)
Found timing loop:
     0: i_2658/O (LUT3)
      [E:/bob_full_v1/hw/src/clb/clb.sv:42]
     1: i_2658/O (LUT3)
Found timing loop:
     0: i_2115/O (LUT3)
      [E:/bob_full_v1/hw/src/clb/mux_bank.v:35]
     1: i_2115/O (LUT3)
Found timing loop:
     0: i_2113/O (LUT3)
      [E:/bob_full_v1/hw/src/clb/mux_bank.v:35]
     1: i_2113/I1 (LUT3)
     2: i_2041/O (LUT5)
      [E:/bob_full_v1/hw/src/clb/mux_bank.v:35]
     3: i_2041/I2 (LUT5)
     4: i_2043/O (LUT6)
      [E:/bob_full_v1/hw/src/clb/mux_bank.v:35]
     5: i_2043/I5 (LUT6)
     6: i_2679/O (LUT2)
      [E:/bob_full_v1/hw/src/clb/clb.sv:42]
     7: i_2679/O (LUT2)
Inferred a: "set_disable_timing -from I1 -to O i_2113"
Found timing loop:
     0: i_1969/O (LUT3)
      [E:/bob_full_v1/hw/src/clb/clb.sv:42]
     1: i_1969/O (LUT3)
Found timing loop:
     0: i_1968/O (LUT3)
      [E:/bob_full_v1/hw/src/clb/clb.sv:42]
     1: i_1968/O (LUT3)
Found timing loop:
     0: i_1967/O (LUT3)
      [E:/bob_full_v1/hw/src/clb/clb.sv:42]
     1: i_1967/O (LUT3)
Found timing loop:
     0: i_1966/O (LUT3)
      [E:/bob_full_v1/hw/src/clb/clb.sv:42]
     1: i_1966/O (LUT3)
Found timing loop:
     0: i_2107/O (LUT3)
      [E:/bob_full_v1/hw/src/clb/clb.sv:77]
     1: i_2107/O (LUT3)
Found timing loop:
     0: i_2111/O (LUT3)
      [E:/bob_full_v1/hw/src/clb/lutk.sv:41]
     1: i_2111/O (LUT3)
Found timing loop:
     0: i_2679/O (LUT2)
      [E:/bob_full_v1/hw/src/clb/clb.sv:42]
     1: i_2679/O (LUT2)
Found timing loop:
     0: i_2678/O (LUT2)
      [E:/bob_full_v1/hw/src/clb/clb.sv:42]
     1: i_2678/O (LUT2)
Found timing loop:
     0: i_2677/O (LUT2)
      [E:/bob_full_v1/hw/src/clb/clb.sv:42]
     1: i_2677/O (LUT2)
Found timing loop:
     0: i_2676/O (LUT2)
      [E:/bob_full_v1/hw/src/clb/clb.sv:42]
     1: i_2676/I0 (LUT2)
     2: i_2641/O (LUT4)
      [E:/bob_full_v1/hw/src/clb/clb.sv:42]
     3: i_2641/I3 (LUT4)
     4: i_2642/O (LUT6)
      [E:/bob_full_v1/hw/src/clb/clb.sv:42]
     5: i_2642/I5 (LUT6)
     6: i_2115/O (LUT3)
      [E:/bob_full_v1/hw/src/clb/mux_bank.v:35]
     7: i_2115/O (LUT3)
Inferred a: "set_disable_timing -from I0 -to O i_2676"
Found timing loop:
     0: i_1205/O (LUT3)
      [E:/bob_full_v1/hw/src/clb/clb.sv:42]
     1: i_1205/O (LUT3)
Found timing loop:
     0: i_1204/O (LUT3)
      [E:/bob_full_v1/hw/src/clb/clb.sv:42]
     1: i_1204/O (LUT3)
Found timing loop:
     0: i_1203/O (LUT3)
      [E:/bob_full_v1/hw/src/clb/clb.sv:42]
     1: i_1203/O (LUT3)
Found timing loop:
     0: i_1342/O (LUT3)
      [E:/bob_full_v1/hw/src/clb/clb.sv:77]
     1: i_1342/O (LUT3)
Found timing loop:
     0: i_1346/O (LUT3)
      [E:/bob_full_v1/hw/src/clb/lutk.sv:41]
     1: i_1346/O (LUT3)
Found timing loop:
     0: i_2117/O (LUT3)
      [E:/bob_full_v1/hw/src/clb/mux_bank.v:35]
     1: i_2117/O (LUT3)
Found timing loop:
     0: i_2118/O (LUT3)
      [E:/bob_full_v1/hw/src/clb/mux_bank.v:35]
     1: i_2118/I1 (LUT3)
     2: i_2072/O (LUT5)
      [E:/bob_full_v1/hw/src/clb/mux_bank.v:35]
     3: i_2072/I2 (LUT5)
     4: i_2074/O (LUT6)
      [E:/bob_full_v1/hw/src/clb/mux_bank.v:35]
     5: i_2074/I5 (LUT6)
     6: i_2679/O (LUT2)
      [E:/bob_full_v1/hw/src/clb/clb.sv:42]
     7: i_2679/O (LUT2)
Inferred a: "set_disable_timing -from I1 -to O i_2118"
Found timing loop:
     0: i_1969/O (LUT3)
      [E:/bob_full_v1/hw/src/clb/clb.sv:42]
     1: i_1969/O (LUT3)
Found timing loop:
     0: i_1968/O (LUT3)
      [E:/bob_full_v1/hw/src/clb/clb.sv:42]
     1: i_1968/O (LUT3)
Found timing loop:
     0: i_1967/O (LUT3)
      [E:/bob_full_v1/hw/src/clb/clb.sv:42]
     1: i_1967/O (LUT3)
Found timing loop:
     0: i_1966/O (LUT3)
      [E:/bob_full_v1/hw/src/clb/clb.sv:42]
     1: i_1966/O (LUT3)
Found timing loop:
     0: i_2107/O (LUT3)
      [E:/bob_full_v1/hw/src/clb/clb.sv:77]
     1: i_2107/O (LUT3)
Found timing loop:
     0: i_2111/O (LUT3)
      [E:/bob_full_v1/hw/src/clb/lutk.sv:41]
     1: i_2111/O (LUT3)
Found timing loop:
     0: i_2679/O (LUT2)
      [E:/bob_full_v1/hw/src/clb/clb.sv:42]
     1: i_2679/O (LUT2)
Found timing loop:
     0: i_2678/O (LUT2)
      [E:/bob_full_v1/hw/src/clb/clb.sv:42]
     1: i_2678/O (LUT2)
Found timing loop:
     0: i_2677/O (LUT2)
      [E:/bob_full_v1/hw/src/clb/clb.sv:42]
     1: i_2677/O (LUT2)
Found timing loop:
     0: i_2676/O (LUT2)
      [E:/bob_full_v1/hw/src/clb/clb.sv:42]
     1: i_2676/O (LUT2)
Found timing loop:
     0: i_1348/O (LUT3)
      [E:/bob_full_v1/hw/src/clb/mux_bank.v:35]
     1: i_1348/I1 (LUT3)
     2: i_1277/O (LUT5)
      [E:/bob_full_v1/hw/src/clb/mux_bank.v:35]
     3: i_1277/I2 (LUT5)
     4: i_1279/O (LUT6)
      [E:/bob_full_v1/hw/src/clb/mux_bank.v:35]
     5: i_1279/I5 (LUT6)
     6: i_2117/O (LUT3)
      [E:/bob_full_v1/hw/src/clb/mux_bank.v:35]
     7: i_2117/O (LUT3)
Inferred a: "set_disable_timing -from I1 -to O i_1348"
Found timing loop:
     0: i_1205/O (LUT3)
      [E:/bob_full_v1/hw/src/clb/clb.sv:42]
     1: i_1205/O (LUT3)
Found timing loop:
     0: i_1204/O (LUT3)
      [E:/bob_full_v1/hw/src/clb/clb.sv:42]
     1: i_1204/O (LUT3)
Found timing loop:
     0: i_1203/O (LUT3)
      [E:/bob_full_v1/hw/src/clb/clb.sv:42]
     1: i_1203/O (LUT3)
Found timing loop:
     0: i_1342/O (LUT3)
      [E:/bob_full_v1/hw/src/clb/clb.sv:77]
     1: i_1342/O (LUT3)
Found timing loop:
     0: i_1346/O (LUT3)
      [E:/bob_full_v1/hw/src/clb/lutk.sv:41]
     1: i_1346/O (LUT3)
Found timing loop:
     0: i_2117/O (LUT3)
      [E:/bob_full_v1/hw/src/clb/mux_bank.v:35]
     1: i_2117/O (LUT3)
Found timing loop:
     0: i_2118/O (LUT3)
      [E:/bob_full_v1/hw/src/clb/mux_bank.v:35]
     1: i_2118/O (LUT3)
Found timing loop:
     0: i_2119/O (LUT3)
      [E:/bob_full_v1/hw/src/clb/mux_bank.v:35]
     1: i_2119/I1 (LUT3)
     2: i_2077/O (LUT5)
      [E:/bob_full_v1/hw/src/clb/mux_bank.v:35]
     3: i_2077/I0 (LUT5)
     4: i_2080/O (LUT6)
      [E:/bob_full_v1/hw/src/clb/mux_bank.v:35]
     5: i_2080/I5 (LUT6)
     6: i_1348/O (LUT3)
      [E:/bob_full_v1/hw/src/clb/mux_bank.v:35]
     7: i_1348/O (LUT3)
Inferred a: "set_disable_timing -from I1 -to O i_2119"
Found timing loop:
     0: i_1969/O (LUT3)
      [E:/bob_full_v1/hw/src/clb/clb.sv:42]
     1: i_1969/O (LUT3)
Found timing loop:
     0: i_1968/O (LUT3)
      [E:/bob_full_v1/hw/src/clb/clb.sv:42]
     1: i_1968/O (LUT3)
Found timing loop:
     0: i_1967/O (LUT3)
      [E:/bob_full_v1/hw/src/clb/clb.sv:42]
     1: i_1967/O (LUT3)
Found timing loop:
     0: i_1966/O (LUT3)
      [E:/bob_full_v1/hw/src/clb/clb.sv:42]
     1: i_1966/O (LUT3)
Found timing loop:
     0: i_2107/O (LUT3)
      [E:/bob_full_v1/hw/src/clb/clb.sv:77]
     1: i_2107/O (LUT3)
Found timing loop:
     0: i_2111/O (LUT3)
      [E:/bob_full_v1/hw/src/clb/lutk.sv:41]
     1: i_2111/O (LUT3)
Found timing loop:
     0: i_2679/O (LUT2)
      [E:/bob_full_v1/hw/src/clb/clb.sv:42]
     1: i_2679/O (LUT2)
Found timing loop:
     0: i_2678/O (LUT2)
      [E:/bob_full_v1/hw/src/clb/clb.sv:42]
     1: i_2678/O (LUT2)
Found timing loop:
     0: i_2677/O (LUT2)
      [E:/bob_full_v1/hw/src/clb/clb.sv:42]
     1: i_2677/O (LUT2)
Found timing loop:
     0: i_2676/O (LUT2)
      [E:/bob_full_v1/hw/src/clb/clb.sv:42]
     1: i_2676/O (LUT2)
Found timing loop:
     0: i_1348/O (LUT3)
      [E:/bob_full_v1/hw/src/clb/mux_bank.v:35]
     1: i_1348/O (LUT3)
Found timing loop:
     0: i_1349/O (LUT3)
      [E:/bob_full_v1/hw/src/clb/mux_bank.v:35]
     1: i_1349/I1 (LUT3)
     2: i_1282/O (LUT5)
      [E:/bob_full_v1/hw/src/clb/mux_bank.v:35]
     3: i_1282/I2 (LUT5)
     4: i_1284/O (LUT6)
      [E:/bob_full_v1/hw/src/clb/mux_bank.v:35]
     5: i_1284/I5 (LUT6)
     6: i_2117/O (LUT3)
      [E:/bob_full_v1/hw/src/clb/mux_bank.v:35]
     7: i_2117/O (LUT3)
Inferred a: "set_disable_timing -from I1 -to O i_1349"
Found timing loop:
     0: i_1205/O (LUT3)
      [E:/bob_full_v1/hw/src/clb/clb.sv:42]
     1: i_1205/O (LUT3)
Found timing loop:
     0: i_1204/O (LUT3)
      [E:/bob_full_v1/hw/src/clb/clb.sv:42]
     1: i_1204/O (LUT3)
Found timing loop:
     0: i_1203/O (LUT3)
      [E:/bob_full_v1/hw/src/clb/clb.sv:42]
     1: i_1203/O (LUT3)
Found timing loop:
     0: i_1342/O (LUT3)
      [E:/bob_full_v1/hw/src/clb/clb.sv:77]
     1: i_1342/O (LUT3)
Found timing loop:
     0: i_1346/O (LUT3)
      [E:/bob_full_v1/hw/src/clb/lutk.sv:41]
     1: i_1346/O (LUT3)
Found timing loop:
     0: i_2117/O (LUT3)
      [E:/bob_full_v1/hw/src/clb/mux_bank.v:35]
     1: i_2117/O (LUT3)
Found timing loop:
     0: i_2118/O (LUT3)
      [E:/bob_full_v1/hw/src/clb/mux_bank.v:35]
     1: i_2118/O (LUT3)
Found timing loop:
     0: i_2119/O (LUT3)
      [E:/bob_full_v1/hw/src/clb/mux_bank.v:35]
     1: i_2119/O (LUT3)
Found timing loop:
     0: i_2120/O (LUT3)
      [E:/bob_full_v1/hw/src/clb/mux_bank.v:35]
     1: i_2120/I1 (LUT3)
     2: i_2082/O (LUT5)
      [E:/bob_full_v1/hw/src/clb/mux_bank.v:35]
     3: i_2082/I0 (LUT5)
     4: i_2085/O (LUT6)
      [E:/bob_full_v1/hw/src/clb/mux_bank.v:35]
     5: i_2085/I5 (LUT6)
     6: i_1348/O (LUT3)
      [E:/bob_full_v1/hw/src/clb/mux_bank.v:35]
     7: i_1348/O (LUT3)
Inferred a: "set_disable_timing -from I1 -to O i_2120"
Found timing loop:
     0: i_463/O (LUT3)
      [E:/bob_full_v1/hw/src/clb/mux_bank.v:35]
     1: i_463/O (LUT3)
Found timing loop:
     0: i_464/O (LUT3)
      [E:/bob_full_v1/hw/src/clb/mux_bank.v:35]
     1: i_464/O (LUT3)
Found timing loop:
     0: i_465/O (LUT3)
      [E:/bob_full_v1/hw/src/clb/mux_bank.v:35]
     1: i_465/O (LUT3)
Found timing loop:
     0: i_466/O (LUT3)
      [E:/bob_full_v1/hw/src/clb/mux_bank.v:35]
     1: i_466/O (LUT3)
Found timing loop:
     0: i_585/O (LUT3)
      [E:/bob_full_v1/hw/src/clb/lutk.sv:41]
     1: i_585/O (LUT3)
Found timing loop:
     0: i_1352/O (LUT3)
      [E:/bob_full_v1/hw/src/clb/mux_bank.v:35]
     1: i_1352/I1 (LUT3)
     2: i_1302/O (LUT5)
      [E:/bob_full_v1/hw/src/clb/mux_bank.v:35]
     3: i_1302/I2 (LUT5)
     4: i_1304/O (LUT6)
      [E:/bob_full_v1/hw/src/clb/mux_bank.v:35]
     5: i_1304/I5 (LUT6)
     6: i_2117/O (LUT3)
      [E:/bob_full_v1/hw/src/clb/mux_bank.v:35]
     7: i_2117/O (LUT3)
Inferred a: "set_disable_timing -from I1 -to O i_1352"
Found timing loop:
     0: i_1205/O (LUT3)
      [E:/bob_full_v1/hw/src/clb/clb.sv:42]
     1: i_1205/O (LUT3)
Found timing loop:
     0: i_1204/O (LUT3)
      [E:/bob_full_v1/hw/src/clb/clb.sv:42]
     1: i_1204/O (LUT3)
Found timing loop:
     0: i_1203/O (LUT3)
      [E:/bob_full_v1/hw/src/clb/clb.sv:42]
     1: i_1203/O (LUT3)
Found timing loop:
     0: i_1342/O (LUT3)
      [E:/bob_full_v1/hw/src/clb/clb.sv:77]
     1: i_1342/O (LUT3)
Found timing loop:
     0: i_1346/O (LUT3)
      [E:/bob_full_v1/hw/src/clb/lutk.sv:41]
     1: i_1346/O (LUT3)
Found timing loop:
     0: i_2117/O (LUT3)
      [E:/bob_full_v1/hw/src/clb/mux_bank.v:35]
     1: i_2117/O (LUT3)
Found timing loop:
     0: i_2118/O (LUT3)
      [E:/bob_full_v1/hw/src/clb/mux_bank.v:35]
     1: i_2118/O (LUT3)
Found timing loop:
     0: i_2119/O (LUT3)
      [E:/bob_full_v1/hw/src/clb/mux_bank.v:35]
     1: i_2119/O (LUT3)
Found timing loop:
     0: i_2120/O (LUT3)
      [E:/bob_full_v1/hw/src/clb/mux_bank.v:35]
     1: i_2120/O (LUT3)
Found timing loop:
     0: i_587/O (LUT3)
      [E:/bob_full_v1/hw/src/clb/mux_bank.v:35]
     1: i_587/I1 (LUT3)
     2: i_537/O (MUXF7)
      [E:/bob_full_v1/hw/src/clb/mux_bank.v:35]
     3: i_537/I0 (MUXF7)
     4: i_538/O (LUT6)
      [E:/bob_full_v1/hw/src/clb/mux_bank.v:35]
     5: i_538/I2 (LUT6)
     6: i_585/O (LUT3)
      [E:/bob_full_v1/hw/src/clb/lutk.sv:41]
     7: i_585/O (LUT3)
Inferred a: "set_disable_timing -from I1 -to O i_587"
Found timing loop:
     0: i_463/O (LUT3)
      [E:/bob_full_v1/hw/src/clb/mux_bank.v:35]
     1: i_463/O (LUT3)
Found timing loop:
     0: i_464/O (LUT3)
      [E:/bob_full_v1/hw/src/clb/mux_bank.v:35]
     1: i_464/O (LUT3)
Found timing loop:
     0: i_465/O (LUT3)
      [E:/bob_full_v1/hw/src/clb/mux_bank.v:35]
     1: i_465/O (LUT3)
Found timing loop:
     0: i_466/O (LUT3)
      [E:/bob_full_v1/hw/src/clb/mux_bank.v:35]
     1: i_466/O (LUT3)
Found timing loop:
     0: i_585/O (LUT3)
      [E:/bob_full_v1/hw/src/clb/lutk.sv:41]
     1: i_585/O (LUT3)
Found timing loop:
     0: i_1352/O (LUT3)
      [E:/bob_full_v1/hw/src/clb/mux_bank.v:35]
     1: i_1352/O (LUT3)
Found timing loop:
     0: i_1353/O (LUT3)
      [E:/bob_full_v1/hw/src/clb/mux_bank.v:35]
     1: i_1353/I1 (LUT3)
     2: i_1307/O (LUT5)
      [E:/bob_full_v1/hw/src/clb/mux_bank.v:35]
     3: i_1307/I0 (LUT5)
     4: i_1310/O (LUT6)
      [E:/bob_full_v1/hw/src/clb/mux_bank.v:35]
     5: i_1310/I5 (LUT6)
     6: i_587/O (LUT3)
      [E:/bob_full_v1/hw/src/clb/mux_bank.v:35]
     7: i_587/O (LUT3)
Inferred a: "set_disable_timing -from I1 -to O i_1353"
Found timing loop:
     0: i_1205/O (LUT3)
      [E:/bob_full_v1/hw/src/clb/clb.sv:42]
     1: i_1205/O (LUT3)
Found timing loop:
     0: i_1204/O (LUT3)
      [E:/bob_full_v1/hw/src/clb/clb.sv:42]
     1: i_1204/O (LUT3)
Found timing loop:
     0: i_1203/O (LUT3)
      [E:/bob_full_v1/hw/src/clb/clb.sv:42]
     1: i_1203/O (LUT3)
Found timing loop:
     0: i_1342/O (LUT3)
      [E:/bob_full_v1/hw/src/clb/clb.sv:77]
     1: i_1342/O (LUT3)
Found timing loop:
     0: i_1346/O (LUT3)
      [E:/bob_full_v1/hw/src/clb/lutk.sv:41]
     1: i_1346/O (LUT3)
Found timing loop:
     0: i_2117/O (LUT3)
      [E:/bob_full_v1/hw/src/clb/mux_bank.v:35]
     1: i_2117/O (LUT3)
Found timing loop:
     0: i_2118/O (LUT3)
      [E:/bob_full_v1/hw/src/clb/mux_bank.v:35]
     1: i_2118/O (LUT3)
Found timing loop:
     0: i_2119/O (LUT3)
      [E:/bob_full_v1/hw/src/clb/mux_bank.v:35]
     1: i_2119/O (LUT3)
Found timing loop:
     0: i_2120/O (LUT3)
      [E:/bob_full_v1/hw/src/clb/mux_bank.v:35]
     1: i_2120/O (LUT3)
Found timing loop:
     0: i_587/O (LUT3)
      [E:/bob_full_v1/hw/src/clb/mux_bank.v:35]
     1: i_587/O (LUT3)
Found timing loop:
     0: i_588/O (LUT3)
      [E:/bob_full_v1/hw/src/clb/mux_bank.v:35]
     1: i_588/I1 (LUT3)
     2: i_542/O (MUXF7)
      [E:/bob_full_v1/hw/src/clb/mux_bank.v:35]
     3: i_542/I0 (MUXF7)
     4: i_543/O (LUT6)
      [E:/bob_full_v1/hw/src/clb/mux_bank.v:35]
     5: i_543/I2 (LUT6)
     6: i_585/O (LUT3)
      [E:/bob_full_v1/hw/src/clb/lutk.sv:41]
     7: i_585/O (LUT3)
Inferred a: "set_disable_timing -from I1 -to O i_588"
Found timing loop:
     0: i_463/O (LUT3)
      [E:/bob_full_v1/hw/src/clb/mux_bank.v:35]
     1: i_463/O (LUT3)
Found timing loop:
     0: i_464/O (LUT3)
      [E:/bob_full_v1/hw/src/clb/mux_bank.v:35]
     1: i_464/O (LUT3)
Found timing loop:
     0: i_465/O (LUT3)
      [E:/bob_full_v1/hw/src/clb/mux_bank.v:35]
     1: i_465/O (LUT3)
Found timing loop:
     0: i_466/O (LUT3)
      [E:/bob_full_v1/hw/src/clb/mux_bank.v:35]
     1: i_466/O (LUT3)
Found timing loop:
     0: i_585/O (LUT3)
      [E:/bob_full_v1/hw/src/clb/lutk.sv:41]
     1: i_585/O (LUT3)
Found timing loop:
     0: i_1352/O (LUT3)
      [E:/bob_full_v1/hw/src/clb/mux_bank.v:35]
     1: i_1352/O (LUT3)
Found timing loop:
     0: i_1353/O (LUT3)
      [E:/bob_full_v1/hw/src/clb/mux_bank.v:35]
     1: i_1353/O (LUT3)
Found timing loop:
     0: i_1354/O (LUT3)
      [E:/bob_full_v1/hw/src/clb/mux_bank.v:35]
     1: i_1354/I1 (LUT3)
     2: i_1312/O (LUT5)
      [E:/bob_full_v1/hw/src/clb/mux_bank.v:35]
     3: i_1312/I0 (LUT5)
     4: i_1315/O (LUT6)
      [E:/bob_full_v1/hw/src/clb/mux_bank.v:35]
     5: i_1315/I5 (LUT6)
     6: i_587/O (LUT3)
      [E:/bob_full_v1/hw/src/clb/mux_bank.v:35]
     7: i_587/O (LUT3)
Inferred a: "set_disable_timing -from I1 -to O i_1354"
Found timing loop:
     0: i_1205/O (LUT3)
      [E:/bob_full_v1/hw/src/clb/clb.sv:42]
     1: i_1205/O (LUT3)
Found timing loop:
     0: i_1204/O (LUT3)
      [E:/bob_full_v1/hw/src/clb/clb.sv:42]
     1: i_1204/O (LUT3)
Found timing loop:
     0: i_1203/O (LUT3)
      [E:/bob_full_v1/hw/src/clb/clb.sv:42]
     1: i_1203/O (LUT3)
Found timing loop:
     0: i_1342/O (LUT3)
      [E:/bob_full_v1/hw/src/clb/clb.sv:77]
     1: i_1342/O (LUT3)
Found timing loop:
     0: i_1346/O (LUT3)
      [E:/bob_full_v1/hw/src/clb/lutk.sv:41]
     1: i_1346/O (LUT3)
Found timing loop:
     0: i_2117/O (LUT3)
      [E:/bob_full_v1/hw/src/clb/mux_bank.v:35]
     1: i_2117/O (LUT3)
Found timing loop:
     0: i_2118/O (LUT3)
      [E:/bob_full_v1/hw/src/clb/mux_bank.v:35]
     1: i_2118/O (LUT3)
Found timing loop:
     0: i_2119/O (LUT3)
      [E:/bob_full_v1/hw/src/clb/mux_bank.v:35]
     1: i_2119/O (LUT3)
Found timing loop:
     0: i_2120/O (LUT3)
      [E:/bob_full_v1/hw/src/clb/mux_bank.v:35]
     1: i_2120/O (LUT3)
Found timing loop:
     0: i_587/O (LUT3)
      [E:/bob_full_v1/hw/src/clb/mux_bank.v:35]
     1: i_587/O (LUT3)
Found timing loop:
     0: i_588/O (LUT3)
      [E:/bob_full_v1/hw/src/clb/mux_bank.v:35]
     1: i_588/O (LUT3)
Found timing loop:
     0: i_589/O (LUT3)
      [E:/bob_full_v1/hw/src/clb/mux_bank.v:35]
     1: i_589/I1 (LUT3)
     2: i_547/O (MUXF7)
      [E:/bob_full_v1/hw/src/clb/mux_bank.v:35]
     3: i_547/I0 (MUXF7)
     4: i_548/O (LUT6)
      [E:/bob_full_v1/hw/src/clb/mux_bank.v:35]
     5: i_548/I2 (LUT6)
     6: i_585/O (LUT3)
      [E:/bob_full_v1/hw/src/clb/lutk.sv:41]
     7: i_585/O (LUT3)
Inferred a: "set_disable_timing -from I1 -to O i_589"
Found timing loop:
     0: i_463/O (LUT3)
      [E:/bob_full_v1/hw/src/clb/mux_bank.v:35]
     1: i_463/O (LUT3)
Found timing loop:
     0: i_464/O (LUT3)
      [E:/bob_full_v1/hw/src/clb/mux_bank.v:35]
     1: i_464/O (LUT3)
Found timing loop:
     0: i_465/O (LUT3)
      [E:/bob_full_v1/hw/src/clb/mux_bank.v:35]
     1: i_465/O (LUT3)
Found timing loop:
     0: i_466/O (LUT3)
      [E:/bob_full_v1/hw/src/clb/mux_bank.v:35]
     1: i_466/O (LUT3)
Found timing loop:
     0: i_585/O (LUT3)
      [E:/bob_full_v1/hw/src/clb/lutk.sv:41]
     1: i_585/O (LUT3)
Found timing loop:
     0: i_1352/O (LUT3)
      [E:/bob_full_v1/hw/src/clb/mux_bank.v:35]
     1: i_1352/O (LUT3)
Found timing loop:
     0: i_1353/O (LUT3)
      [E:/bob_full_v1/hw/src/clb/mux_bank.v:35]
     1: i_1353/O (LUT3)
Found timing loop:
     0: i_1354/O (LUT3)
      [E:/bob_full_v1/hw/src/clb/mux_bank.v:35]
     1: i_1354/O (LUT3)
Found timing loop:
     0: i_1355/O (LUT3)
      [E:/bob_full_v1/hw/src/clb/mux_bank.v:35]
     1: i_1355/I1 (LUT3)
     2: i_1317/O (LUT5)
      [E:/bob_full_v1/hw/src/clb/mux_bank.v:35]
     3: i_1317/I0 (LUT5)
     4: i_1320/O (LUT6)
      [E:/bob_full_v1/hw/src/clb/mux_bank.v:35]
     5: i_1320/I5 (LUT6)
     6: i_587/O (LUT3)
      [E:/bob_full_v1/hw/src/clb/mux_bank.v:35]
     7: i_587/O (LUT3)
Inferred a: "set_disable_timing -from I1 -to O i_1355"
Found timing loop:
     0: i_1205/O (LUT3)
      [E:/bob_full_v1/hw/src/clb/clb.sv:42]
     1: i_1205/O (LUT3)
Found timing loop:
     0: i_1204/O (LUT3)
      [E:/bob_full_v1/hw/src/clb/clb.sv:42]
     1: i_1204/O (LUT3)
Found timing loop:
     0: i_1203/O (LUT3)
      [E:/bob_full_v1/hw/src/clb/clb.sv:42]
     1: i_1203/O (LUT3)
Found timing loop:
     0: i_1342/O (LUT3)
      [E:/bob_full_v1/hw/src/clb/clb.sv:77]
     1: i_1342/O (LUT3)
Found timing loop:
     0: i_1346/O (LUT3)
      [E:/bob_full_v1/hw/src/clb/lutk.sv:41]
     1: i_1346/O (LUT3)
Found timing loop:
     0: i_2117/O (LUT3)
      [E:/bob_full_v1/hw/src/clb/mux_bank.v:35]
     1: i_2117/O (LUT3)
Found timing loop:
     0: i_2118/O (LUT3)
      [E:/bob_full_v1/hw/src/clb/mux_bank.v:35]
     1: i_2118/O (LUT3)
Found timing loop:
     0: i_2119/O (LUT3)
      [E:/bob_full_v1/hw/src/clb/mux_bank.v:35]
     1: i_2119/O (LUT3)
Found timing loop:
     0: i_2120/O (LUT3)
      [E:/bob_full_v1/hw/src/clb/mux_bank.v:35]
     1: i_2120/O (LUT3)
Found timing loop:
     0: i_1969/O (LUT3)
      [E:/bob_full_v1/hw/src/clb/clb.sv:42]
     1: i_1969/O (LUT3)
Found timing loop:
     0: i_1968/O (LUT3)
      [E:/bob_full_v1/hw/src/clb/clb.sv:42]
     1: i_1968/O (LUT3)
Found timing loop:
     0: i_1967/O (LUT3)
      [E:/bob_full_v1/hw/src/clb/clb.sv:42]
     1: i_1967/O (LUT3)
Found timing loop:
     0: i_1966/O (LUT3)
      [E:/bob_full_v1/hw/src/clb/clb.sv:42]
     1: i_1966/O (LUT3)
Found timing loop:
     0: i_2107/O (LUT3)
      [E:/bob_full_v1/hw/src/clb/clb.sv:77]
     1: i_2107/O (LUT3)
Found timing loop:
     0: i_2111/O (LUT3)
      [E:/bob_full_v1/hw/src/clb/lutk.sv:41]
     1: i_2111/O (LUT3)
Found timing loop:
     0: i_2679/O (LUT2)
      [E:/bob_full_v1/hw/src/clb/clb.sv:42]
     1: i_2679/O (LUT2)
Found timing loop:
     0: i_2678/O (LUT2)
      [E:/bob_full_v1/hw/src/clb/clb.sv:42]
     1: i_2678/O (LUT2)
Found timing loop:
     0: i_2677/O (LUT2)
      [E:/bob_full_v1/hw/src/clb/clb.sv:42]
     1: i_2677/O (LUT2)
Found timing loop:
     0: i_2676/O (LUT2)
      [E:/bob_full_v1/hw/src/clb/clb.sv:42]
     1: i_2676/O (LUT2)
Found timing loop:
     0: i_585/O (LUT3)
      [E:/bob_full_v1/hw/src/clb/lutk.sv:41]
     1: i_585/O (LUT3)
Found timing loop:
     0: i_463/O (LUT3)
      [E:/bob_full_v1/hw/src/clb/mux_bank.v:35]
     1: i_463/O (LUT3)
Found timing loop:
     0: i_464/O (LUT3)
      [E:/bob_full_v1/hw/src/clb/mux_bank.v:35]
     1: i_464/O (LUT3)
Found timing loop:
     0: i_465/O (LUT3)
      [E:/bob_full_v1/hw/src/clb/mux_bank.v:35]
     1: i_465/O (LUT3)
Found timing loop:
     0: i_466/O (LUT3)
      [E:/bob_full_v1/hw/src/clb/mux_bank.v:35]
     1: i_466/O (LUT3)
Found timing loop:
     0: i_585/O (LUT3)
      [E:/bob_full_v1/hw/src/clb/lutk.sv:41]
     1: i_585/O (LUT3)
Found timing loop:
     0: i_463/O (LUT3)
      [E:/bob_full_v1/hw/src/clb/mux_bank.v:35]
     1: i_463/O (LUT3)
Found timing loop:
     0: i_464/O (LUT3)
      [E:/bob_full_v1/hw/src/clb/mux_bank.v:35]
     1: i_464/O (LUT3)
Found timing loop:
     0: i_465/O (LUT3)
      [E:/bob_full_v1/hw/src/clb/mux_bank.v:35]
     1: i_465/O (LUT3)
Found timing loop:
     0: i_466/O (LUT3)
      [E:/bob_full_v1/hw/src/clb/mux_bank.v:35]
     1: i_466/O (LUT3)
Found timing loop:
     0: i_585/O (LUT3)
      [E:/bob_full_v1/hw/src/clb/lutk.sv:41]
     1: i_585/O (LUT3)
Found timing loop:
     0: i_463/O (LUT3)
      [E:/bob_full_v1/hw/src/clb/mux_bank.v:35]
     1: i_463/O (LUT3)
Found timing loop:
     0: i_464/O (LUT3)
      [E:/bob_full_v1/hw/src/clb/mux_bank.v:35]
     1: i_464/O (LUT3)
Found timing loop:
     0: i_465/O (LUT3)
      [E:/bob_full_v1/hw/src/clb/mux_bank.v:35]
     1: i_465/O (LUT3)
Found timing loop:
     0: i_466/O (LUT3)
      [E:/bob_full_v1/hw/src/clb/mux_bank.v:35]
     1: i_466/O (LUT3)
Found timing loop:
     0: i_585/O (LUT3)
      [E:/bob_full_v1/hw/src/clb/lutk.sv:41]
     1: i_585/I0 (LUT3)
     2: i_518/O (LUT6)
      [E:/bob_full_v1/hw/src/clb/mux_bank.v:35]
     3: i_518/I5 (LUT6)
     4: i_519/O (LUT6)
      [E:/bob_full_v1/hw/src/clb/mux_bank.v:35]
     5: i_519/I2 (LUT6)
     6: i_585/O (LUT3)
      [E:/bob_full_v1/hw/src/clb/lutk.sv:41]
Inferred a: "set_disable_timing -from I0 -to O i_585"
Found timing loop:
     0: i_463/O (LUT3)
      [E:/bob_full_v1/hw/src/clb/mux_bank.v:35]
     1: i_463/O (LUT3)
Found timing loop:
     0: i_464/O (LUT3)
      [E:/bob_full_v1/hw/src/clb/mux_bank.v:35]
     1: i_464/O (LUT3)
Found timing loop:
     0: i_465/O (LUT3)
      [E:/bob_full_v1/hw/src/clb/mux_bank.v:35]
     1: i_465/O (LUT3)
Found timing loop:
     0: i_466/O (LUT3)
      [E:/bob_full_v1/hw/src/clb/mux_bank.v:35]
     1: i_466/O (LUT3)
Found timing loop:
     0: i_463/O (LUT3)
      [E:/bob_full_v1/hw/src/clb/mux_bank.v:35]
     1: i_463/O (LUT3)
Found timing loop:
     0: i_464/O (LUT3)
      [E:/bob_full_v1/hw/src/clb/mux_bank.v:35]
     1: i_464/O (LUT3)
Found timing loop:
     0: i_465/O (LUT3)
      [E:/bob_full_v1/hw/src/clb/mux_bank.v:35]
     1: i_465/O (LUT3)
Found timing loop:
     0: i_466/O (LUT3)
      [E:/bob_full_v1/hw/src/clb/mux_bank.v:35]
     1: i_466/O (LUT3)
Found timing loop:
     0: i_1230/O (LUT5)
      [E:/bob_full_v1/hw/src/clb/lutk.sv:41]
     1: i_1230/I4 (LUT5)
     2: i_1346/O (LUT3)
      [E:/bob_full_v1/hw/src/clb/lutk.sv:41]
     3: i_1346/O (LUT3)
Inferred a: "set_disable_timing -from I4 -to O i_1230"
Found timing loop:
     0: i_1346/O (LUT3)
      [E:/bob_full_v1/hw/src/clb/lutk.sv:41]
     1: i_1346/O (LUT3)
Found timing loop:
     0: i_1343/O (LUT3)
      [E:/bob_full_v1/hw/src/clb/mux_bank.v:35]
     1: i_1343/I1 (LUT3)
     2: i_1215/O (LUT5)
      [E:/bob_full_v1/hw/src/clb/mux_bank.v:35]
     3: i_1215/I2 (LUT5)
     4: i_1217/O (LUT6)
      [E:/bob_full_v1/hw/src/clb/mux_bank.v:35]
     5: i_1217/I5 (LUT6)
     6: i_2117/O (LUT3)
      [E:/bob_full_v1/hw/src/clb/mux_bank.v:35]
     7: i_2117/O (LUT3)
Inferred a: "set_disable_timing -from I1 -to O i_1343"
Found timing loop:
     0: i_1994/O (LUT5)
      [E:/bob_full_v1/hw/src/clb/lutk.sv:41]
     1: i_1994/I4 (LUT5)
     2: i_2111/O (LUT3)
      [E:/bob_full_v1/hw/src/clb/lutk.sv:41]
     3: i_2111/O (LUT3)
Inferred a: "set_disable_timing -from I4 -to O i_1994"
Found timing loop:
     0: i_2111/O (LUT3)
      [E:/bob_full_v1/hw/src/clb/lutk.sv:41]
     1: i_2111/O (LUT3)
Found timing loop:
     0: i_2108/O (LUT3)
      [E:/bob_full_v1/hw/src/clb/mux_bank.v:35]
     1: i_2108/I1 (LUT3)
     2: i_1979/O (LUT5)
      [E:/bob_full_v1/hw/src/clb/mux_bank.v:35]
     3: i_1979/I2 (LUT5)
     4: i_1981/O (LUT6)
      [E:/bob_full_v1/hw/src/clb/mux_bank.v:35]
     5: i_1981/I5 (LUT6)
     6: i_2679/O (LUT2)
      [E:/bob_full_v1/hw/src/clb/clb.sv:42]
     7: i_2679/O (LUT2)
Inferred a: "set_disable_timing -from I1 -to O i_2108"
Found timing loop:
     0: i_2659/O (LUT3)
      [E:/bob_full_v1/hw/src/clb/clb.sv:42]
     1: i_2659/I0 (LUT3)
     2: i_2595/O (LUT6)
      [E:/bob_full_v1/hw/src/clb/clb.sv:42]
     3: i_2595/I3 (LUT6)
     4: i_2597/O (LUT4)
      [E:/bob_full_v1/hw/src/clb/clb.sv:42]
     5: i_2597/I3 (LUT4)
     6: i_2659/O (LUT3)
      [E:/bob_full_v1/hw/src/clb/clb.sv:42]
Inferred a: "set_disable_timing -from I0 -to O i_2659"
Found timing loop:
     0: i_2658/O (LUT3)
      [E:/bob_full_v1/hw/src/clb/clb.sv:42]
     1: i_2658/O (LUT3)
Found timing loop:
     0: i_2527/O (LUT3)
      [E:/bob_full_v1/hw/src/clb/mux_bank.v:35]
     1: i_2527/O (LUT3)
Found timing loop:
     0: i_2525/O (LUT3)
      [E:/bob_full_v1/hw/src/clb/mux_bank.v:35]
     1: i_2525/O (LUT3)
Found timing loop:
     0: i_2528/O (LUT3)
      [E:/bob_full_v1/hw/src/clb/mux_bank.v:35]
     1: i_2528/O (LUT3)
Found timing loop:
     0: i_2526/O (LUT3)
      [E:/bob_full_v1/hw/src/clb/mux_bank.v:35]
     1: i_2526/O (LUT3)
Found timing loop:
     0: i_2659/O (LUT3)
      [E:/bob_full_v1/hw/src/clb/clb.sv:42]
     1: i_2659/O (LUT3)
Found timing loop:
     0: i_2658/O (LUT3)
      [E:/bob_full_v1/hw/src/clb/clb.sv:42]
     1: i_2658/O (LUT3)
Found timing loop:
     0: i_2527/O (LUT3)
      [E:/bob_full_v1/hw/src/clb/mux_bank.v:35]
     1: i_2527/O (LUT3)
Found timing loop:
     0: i_2525/O (LUT3)
      [E:/bob_full_v1/hw/src/clb/mux_bank.v:35]
     1: i_2525/O (LUT3)
Found timing loop:
     0: i_2528/O (LUT3)
      [E:/bob_full_v1/hw/src/clb/mux_bank.v:35]
     1: i_2528/O (LUT3)
Found timing loop:
     0: i_2526/O (LUT3)
      [E:/bob_full_v1/hw/src/clb/mux_bank.v:35]
     1: i_2526/O (LUT3)
Found timing loop:
     0: i_2659/O (LUT3)
      [E:/bob_full_v1/hw/src/clb/clb.sv:42]
     1: i_2659/O (LUT3)
Found timing loop:
     0: i_2658/O (LUT3)
      [E:/bob_full_v1/hw/src/clb/clb.sv:42]
     1: i_2658/O (LUT3)
Found timing loop:
     0: i_2527/O (LUT3)
      [E:/bob_full_v1/hw/src/clb/mux_bank.v:35]
     1: i_2527/O (LUT3)
Found timing loop:
     0: i_2525/O (LUT3)
      [E:/bob_full_v1/hw/src/clb/mux_bank.v:35]
     1: i_2525/O (LUT3)
Found timing loop:
     0: i_2528/O (LUT3)
      [E:/bob_full_v1/hw/src/clb/mux_bank.v:35]
     1: i_2528/O (LUT3)
Found timing loop:
     0: i_2526/O (LUT3)
      [E:/bob_full_v1/hw/src/clb/mux_bank.v:35]
     1: i_2526/O (LUT3)
Found timing loop:
     0: i_2659/O (LUT3)
      [E:/bob_full_v1/hw/src/clb/clb.sv:42]
     1: i_2659/O (LUT3)
Found timing loop:
     0: i_2658/O (LUT3)
      [E:/bob_full_v1/hw/src/clb/clb.sv:42]
     1: i_2658/O (LUT3)
Found timing loop:
     0: i_2527/O (LUT3)
      [E:/bob_full_v1/hw/src/clb/mux_bank.v:35]
     1: i_2527/O (LUT3)
Found timing loop:
     0: i_2525/O (LUT3)
      [E:/bob_full_v1/hw/src/clb/mux_bank.v:35]
     1: i_2525/O (LUT3)
Found timing loop:
     0: i_2528/O (LUT3)
      [E:/bob_full_v1/hw/src/clb/mux_bank.v:35]
     1: i_2528/O (LUT3)
Found timing loop:
     0: i_2526/O (LUT3)
      [E:/bob_full_v1/hw/src/clb/mux_bank.v:35]
     1: i_2526/O (LUT3)
Found timing loop:
     0: i_2659/O (LUT3)
      [E:/bob_full_v1/hw/src/clb/clb.sv:42]
     1: i_2659/O (LUT3)
Found timing loop:
     0: i_2658/O (LUT3)
      [E:/bob_full_v1/hw/src/clb/clb.sv:42]
     1: i_2658/O (LUT3)
Found timing loop:
     0: i_2527/O (LUT3)
      [E:/bob_full_v1/hw/src/clb/mux_bank.v:35]
     1: i_2527/O (LUT3)
Found timing loop:
     0: i_2525/O (LUT3)
      [E:/bob_full_v1/hw/src/clb/mux_bank.v:35]
     1: i_2525/O (LUT3)
Found timing loop:
     0: i_2528/O (LUT3)
      [E:/bob_full_v1/hw/src/clb/mux_bank.v:35]
     1: i_2528/O (LUT3)
Found timing loop:
     0: i_2526/O (LUT3)
      [E:/bob_full_v1/hw/src/clb/mux_bank.v:35]
     1: i_2526/O (LUT3)
Found timing loop:
     0: i_2587/O (LUT6)
      [E:/bob_full_v1/hw/src/clb/clb.sv:42]
     1: i_2587/I3 (LUT6)
     2: i_2589/O (LUT4)
      [E:/bob_full_v1/hw/src/clb/clb.sv:42]
     3: i_2589/I3 (LUT4)
     4: i_2659/O (LUT3)
      [E:/bob_full_v1/hw/src/clb/clb.sv:42]
     5: i_2659/O (LUT3)
Inferred a: "set_disable_timing -from I3 -to O i_2587"
Found timing loop:
     0: i_2587/O (LUT6)
      [E:/bob_full_v1/hw/src/clb/clb.sv:42]
     1: i_2587/O (LUT6)
Found timing loop:
     0: i_2659/O (LUT3)
      [E:/bob_full_v1/hw/src/clb/clb.sv:42]
     1: i_2659/O (LUT3)
Found timing loop:
     0: i_2659/O (LUT3)
      [E:/bob_full_v1/hw/src/clb/clb.sv:42]
     1: i_2659/O (LUT3)
Found timing loop:
     0: i_2527/O (LUT3)
      [E:/bob_full_v1/hw/src/clb/mux_bank.v:35]
     1: i_2527/O (LUT3)
Found timing loop:
     0: i_2525/O (LUT3)
      [E:/bob_full_v1/hw/src/clb/mux_bank.v:35]
     1: i_2525/O (LUT3)
Found timing loop:
     0: i_2528/O (LUT3)
      [E:/bob_full_v1/hw/src/clb/mux_bank.v:35]
     1: i_2528/O (LUT3)
Found timing loop:
     0: i_2526/O (LUT3)
      [E:/bob_full_v1/hw/src/clb/mux_bank.v:35]
     1: i_2526/O (LUT3)
Found timing loop:
     0: i_2107/O (LUT3)
      [E:/bob_full_v1/hw/src/clb/clb.sv:77]
     1: i_2107/O (LUT3)
Found timing loop:
     0: i_2111/O (LUT3)
      [E:/bob_full_v1/hw/src/clb/lutk.sv:41]
     1: i_2111/O (LUT3)
Found timing loop:
     0: i_1969/O (LUT3)
      [E:/bob_full_v1/hw/src/clb/clb.sv:42]
     1: i_1969/O (LUT3)
Found timing loop:
     0: i_1968/O (LUT3)
      [E:/bob_full_v1/hw/src/clb/clb.sv:42]
     1: i_1968/O (LUT3)
Found timing loop:
     0: i_1967/O (LUT3)
      [E:/bob_full_v1/hw/src/clb/clb.sv:42]
     1: i_1967/O (LUT3)
Found timing loop:
     0: i_1966/O (LUT3)
      [E:/bob_full_v1/hw/src/clb/clb.sv:42]
     1: i_1966/O (LUT3)
Found timing loop:
     0: i_2107/O (LUT3)
      [E:/bob_full_v1/hw/src/clb/clb.sv:77]
     1: i_2107/O (LUT3)
Found timing loop:
     0: i_2111/O (LUT3)
      [E:/bob_full_v1/hw/src/clb/lutk.sv:41]
     1: i_2111/O (LUT3)
Found timing loop:
     0: i_1969/O (LUT3)
      [E:/bob_full_v1/hw/src/clb/clb.sv:42]
     1: i_1969/O (LUT3)
Found timing loop:
     0: i_1968/O (LUT3)
      [E:/bob_full_v1/hw/src/clb/clb.sv:42]
     1: i_1968/O (LUT3)
Found timing loop:
     0: i_1967/O (LUT3)
      [E:/bob_full_v1/hw/src/clb/clb.sv:42]
     1: i_1967/O (LUT3)
Found timing loop:
     0: i_1966/O (LUT3)
      [E:/bob_full_v1/hw/src/clb/clb.sv:42]
     1: i_1966/O (LUT3)
Found timing loop:
     0: i_2107/O (LUT3)
      [E:/bob_full_v1/hw/src/clb/clb.sv:77]
     1: i_2107/O (LUT3)
Found timing loop:
     0: i_2111/O (LUT3)
      [E:/bob_full_v1/hw/src/clb/lutk.sv:41]
     1: i_2111/O (LUT3)
Found timing loop:
     0: i_1969/O (LUT3)
      [E:/bob_full_v1/hw/src/clb/clb.sv:42]
     1: i_1969/O (LUT3)
Found timing loop:
     0: i_1968/O (LUT3)
      [E:/bob_full_v1/hw/src/clb/clb.sv:42]
     1: i_1968/O (LUT3)
Found timing loop:
     0: i_1967/O (LUT3)
      [E:/bob_full_v1/hw/src/clb/clb.sv:42]
     1: i_1967/O (LUT3)
Found timing loop:
     0: i_1966/O (LUT3)
      [E:/bob_full_v1/hw/src/clb/clb.sv:42]
     1: i_1966/O (LUT3)
Found timing loop:
     0: i_2107/O (LUT3)
      [E:/bob_full_v1/hw/src/clb/clb.sv:77]
     1: i_2107/O (LUT3)
Found timing loop:
     0: i_2111/O (LUT3)
      [E:/bob_full_v1/hw/src/clb/lutk.sv:41]
     1: i_2111/I0 (LUT3)
     2: i_2021/O (LUT6)
      [E:/bob_full_v1/hw/src/clb/mux_bank.v:35]
     3: i_2021/I5 (LUT6)
     4: i_2022/O (LUT6)
      [E:/bob_full_v1/hw/src/clb/mux_bank.v:35]
     5: i_2022/I3 (LUT6)
     6: i_2107/O (LUT3)
      [E:/bob_full_v1/hw/src/clb/clb.sv:77]
     7: i_2107/O (LUT3)
Inferred a: "set_disable_timing -from I0 -to O i_2111"
Found timing loop:
     0: i_1969/O (LUT3)
      [E:/bob_full_v1/hw/src/clb/clb.sv:42]
     1: i_1969/O (LUT3)
Found timing loop:
     0: i_1968/O (LUT3)
      [E:/bob_full_v1/hw/src/clb/clb.sv:42]
     1: i_1968/O (LUT3)
Found timing loop:
     0: i_1967/O (LUT3)
      [E:/bob_full_v1/hw/src/clb/clb.sv:42]
     1: i_1967/O (LUT3)
Found timing loop:
     0: i_1966/O (LUT3)
      [E:/bob_full_v1/hw/src/clb/clb.sv:42]
     1: i_1966/O (LUT3)
Found timing loop:
     0: i_2107/O (LUT3)
      [E:/bob_full_v1/hw/src/clb/clb.sv:77]
     1: i_2107/O (LUT3)
Found timing loop:
     0: i_1969/O (LUT3)
      [E:/bob_full_v1/hw/src/clb/clb.sv:42]
     1: i_1969/O (LUT3)
Found timing loop:
     0: i_1968/O (LUT3)
      [E:/bob_full_v1/hw/src/clb/clb.sv:42]
     1: i_1968/O (LUT3)
Found timing loop:
     0: i_1967/O (LUT3)
      [E:/bob_full_v1/hw/src/clb/clb.sv:42]
     1: i_1967/O (LUT3)
Found timing loop:
     0: i_1966/O (LUT3)
      [E:/bob_full_v1/hw/src/clb/clb.sv:42]
     1: i_1966/O (LUT3)
Found timing loop:
     0: i_1342/O (LUT3)
      [E:/bob_full_v1/hw/src/clb/clb.sv:77]
     1: i_1342/O (LUT3)
Found timing loop:
     0: i_1346/O (LUT3)
      [E:/bob_full_v1/hw/src/clb/lutk.sv:41]
     1: i_1346/O (LUT3)
Found timing loop:
     0: i_1205/O (LUT3)
      [E:/bob_full_v1/hw/src/clb/clb.sv:42]
     1: i_1205/O (LUT3)
Found timing loop:
     0: i_1204/O (LUT3)
      [E:/bob_full_v1/hw/src/clb/clb.sv:42]
     1: i_1204/O (LUT3)
Found timing loop:
     0: i_1203/O (LUT3)
      [E:/bob_full_v1/hw/src/clb/clb.sv:42]
     1: i_1203/O (LUT3)
Found timing loop:
     0: i_1342/O (LUT3)
      [E:/bob_full_v1/hw/src/clb/clb.sv:77]
     1: i_1342/O (LUT3)
Found timing loop:
     0: i_1346/O (LUT3)
      [E:/bob_full_v1/hw/src/clb/lutk.sv:41]
     1: i_1346/O (LUT3)
Found timing loop:
     0: i_1205/O (LUT3)
      [E:/bob_full_v1/hw/src/clb/clb.sv:42]
     1: i_1205/O (LUT3)
Found timing loop:
     0: i_1204/O (LUT3)
      [E:/bob_full_v1/hw/src/clb/clb.sv:42]
     1: i_1204/O (LUT3)
Found timing loop:
     0: i_1203/O (LUT3)
      [E:/bob_full_v1/hw/src/clb/clb.sv:42]
     1: i_1203/O (LUT3)
Found timing loop:
     0: i_1342/O (LUT3)
      [E:/bob_full_v1/hw/src/clb/clb.sv:77]
     1: i_1342/O (LUT3)
Found timing loop:
     0: i_1346/O (LUT3)
      [E:/bob_full_v1/hw/src/clb/lutk.sv:41]
     1: i_1346/O (LUT3)
Found timing loop:
     0: i_1205/O (LUT3)
      [E:/bob_full_v1/hw/src/clb/clb.sv:42]
     1: i_1205/O (LUT3)
Found timing loop:
     0: i_1204/O (LUT3)
      [E:/bob_full_v1/hw/src/clb/clb.sv:42]
     1: i_1204/O (LUT3)
Found timing loop:
     0: i_1203/O (LUT3)
      [E:/bob_full_v1/hw/src/clb/clb.sv:42]
     1: i_1203/O (LUT3)
Found timing loop:
     0: i_1342/O (LUT3)
      [E:/bob_full_v1/hw/src/clb/clb.sv:77]
     1: i_1342/O (LUT3)
Found timing loop:
     0: i_1346/O (LUT3)
      [E:/bob_full_v1/hw/src/clb/lutk.sv:41]
     1: i_1346/I0 (LUT3)
     2: i_1257/O (LUT6)
      [E:/bob_full_v1/hw/src/clb/mux_bank.v:35]
     3: i_1257/I5 (LUT6)
     4: i_1258/O (LUT6)
      [E:/bob_full_v1/hw/src/clb/mux_bank.v:35]
     5: i_1258/I3 (LUT6)
     6: i_1342/O (LUT3)
      [E:/bob_full_v1/hw/src/clb/clb.sv:77]
     7: i_1342/O (LUT3)
Inferred a: "set_disable_timing -from I0 -to O i_1346"
Found timing loop:
     0: i_1205/O (LUT3)
      [E:/bob_full_v1/hw/src/clb/clb.sv:42]
     1: i_1205/O (LUT3)
Found timing loop:
     0: i_1204/O (LUT3)
      [E:/bob_full_v1/hw/src/clb/clb.sv:42]
     1: i_1204/O (LUT3)
Found timing loop:
     0: i_1203/O (LUT3)
      [E:/bob_full_v1/hw/src/clb/clb.sv:42]
     1: i_1203/O (LUT3)
Found timing loop:
     0: i_1342/O (LUT3)
      [E:/bob_full_v1/hw/src/clb/clb.sv:77]
     1: i_1342/O (LUT3)
Found timing loop:
     0: i_1205/O (LUT3)
      [E:/bob_full_v1/hw/src/clb/clb.sv:42]
     1: i_1205/O (LUT3)
Found timing loop:
     0: i_1204/O (LUT3)
      [E:/bob_full_v1/hw/src/clb/clb.sv:42]
     1: i_1204/O (LUT3)
Found timing loop:
     0: i_1203/O (LUT3)
      [E:/bob_full_v1/hw/src/clb/clb.sv:42]
     1: i_1203/O (LUT3)
Found timing loop:
     0: i_1356/O (LUT3)
      [E:/bob_full_v1/hw/src/clb/mux_bank.v:35]
     1: i_1356/O (LUT3)
Found timing loop:
     0: i_1356/O (LUT3)
      [E:/bob_full_v1/hw/src/clb/mux_bank.v:35]
     1: i_1356/O (LUT3)
Found timing loop:
     0: i_1356/O (LUT3)
      [E:/bob_full_v1/hw/src/clb/mux_bank.v:35]
     1: i_1356/O (LUT3)
Found timing loop:
     0: i_2121/O (LUT3)
      [E:/bob_full_v1/hw/src/clb/mux_bank.v:35]
     1: i_2121/O (LUT3)
Found timing loop:
     0: i_2528/O (LUT3)
      [E:/bob_full_v1/hw/src/clb/mux_bank.v:35]
     1: i_2528/O (LUT3)
Found timing loop:
     0: i_2525/O (LUT3)
      [E:/bob_full_v1/hw/src/clb/mux_bank.v:35]
     1: i_2525/O (LUT3)
Found timing loop:
     0: i_2527/O (LUT3)
      [E:/bob_full_v1/hw/src/clb/mux_bank.v:35]
     1: i_2527/O (LUT3)
Found timing loop:
     0: i_1973/O (LUT3)
      [E:/bob_full_v1/hw/src/clb/clb.sv:42]
     1: i_1973/O (LUT3)
Found timing loop:
     0: i_1972/O (LUT3)
      [E:/bob_full_v1/hw/src/clb/clb.sv:42]
     1: i_1972/O (LUT3)
Found timing loop:
     0: i_1973/O (LUT3)
      [E:/bob_full_v1/hw/src/clb/clb.sv:42]
     1: i_1973/O (LUT3)
Found timing loop:
     0: i_1972/O (LUT3)
      [E:/bob_full_v1/hw/src/clb/clb.sv:42]
     1: i_1972/O (LUT3)
Found timing loop:
     0: i_2121/O (LUT3)
      [E:/bob_full_v1/hw/src/clb/mux_bank.v:35]
     1: i_2121/O (LUT3)
Found timing loop:
     0: i_2675/O (LUT2)
      [E:/bob_full_v1/hw/src/clb/clb.sv:42]
     1: i_2675/O (LUT2)
Found timing loop:
     0: i_2674/O (LUT2)
      [E:/bob_full_v1/hw/src/clb/clb.sv:42]
     1: i_2674/O (LUT2)
Found timing loop:
     0: i_2522/O (LUT3)
      [E:/bob_full_v1/hw/src/clb/lutk.sv:41]
     1: i_2522/O (LUT3)
Found timing loop:
     0: i_2514/O (LUT3)
      [E:/bob_full_v1/hw/src/clb/clb.sv:77]
     1: i_2514/O (LUT3)
Found timing loop:
     0: i_1973/O (LUT3)
      [E:/bob_full_v1/hw/src/clb/clb.sv:42]
     1: i_1973/O (LUT3)
Found timing loop:
     0: i_1973/O (LUT3)
      [E:/bob_full_v1/hw/src/clb/clb.sv:42]
     1: i_1973/O (LUT3)
Found timing loop:
     0: i_2121/O (LUT3)
      [E:/bob_full_v1/hw/src/clb/mux_bank.v:35]
     1: i_2121/O (LUT3)
Found timing loop:
     0: i_2282/O (LUT6)
      [E:/bob_full_v1/hw/src/clb/mux_bank.v:35]
     1: i_2282/O (LUT6)
Found timing loop:
     0: i_2368/O (LUT3)
      [E:/bob_full_v1/hw/src/clb/mux_bank.v:35]
     1: i_2368/O (LUT3)
Found timing loop:
     0: i_2369/O (LUT3)
      [E:/bob_full_v1/hw/src/clb/mux_bank.v:35]
     1: i_2369/O (LUT3)
Found timing loop:
     0: i_2370/O (LUT3)
      [E:/bob_full_v1/hw/src/clb/mux_bank.v:35]
     1: i_2370/O (LUT3)
Found timing loop:
     0: i_2515/O (LUT3)
      [E:/bob_full_v1/hw/src/clb/mux_bank.v:35]
     1: i_2515/I1 (LUT3)
     2: i_2428/O (LUT5)
      [E:/bob_full_v1/hw/src/clb/mux_bank.v:35]
     3: i_2428/I4 (LUT5)
     4: i_6222/O (LUT5)
      [E:/bob_full_v1/hw/src/top/fpga4x4_top.v:13]
     5: i_6222/I3 (LUT5)
     6: i_2522/O (LUT3)
      [E:/bob_full_v1/hw/src/clb/lutk.sv:41]
     7: i_2522/O (LUT3)
Inferred a: "set_disable_timing -from I1 -to O i_2515"
Found timing loop:
     0: i_2522/O (LUT3)
      [E:/bob_full_v1/hw/src/clb/lutk.sv:41]
     1: i_2522/O (LUT3)
Found timing loop:
     0: i_2514/O (LUT3)
      [E:/bob_full_v1/hw/src/clb/clb.sv:77]
     1: i_2514/O (LUT3)
Found timing loop:
     0: i_2369/O (LUT3)
      [E:/bob_full_v1/hw/src/clb/mux_bank.v:35]
     1: i_2369/O (LUT3)
Found timing loop:
     0: i_2370/O (LUT3)
      [E:/bob_full_v1/hw/src/clb/mux_bank.v:35]
     1: i_2370/O (LUT3)
Found timing loop:
     0: i_2534/O (LUT3)
      [E:/bob_full_v1/hw/src/clb/mux_bank.v:35]
     1: i_2534/O (LUT3)
Found timing loop:
     0: i_2536/O (LUT3)
      [E:/bob_full_v1/hw/src/clb/mux_bank.v:35]
     1: i_2536/O (LUT3)
Found timing loop:
     0: i_2538/O (LUT3)
      [E:/bob_full_v1/hw/src/clb/mux_bank.v:35]
     1: i_2538/O (LUT3)
Found timing loop:
     0: i_2540/O (LUT3)
      [E:/bob_full_v1/hw/src/clb/mux_bank.v:35]
     1: i_2540/O (LUT3)
Found timing loop:
     0: i_2323/O (LUT6)
      [E:/bob_full_v1/hw/src/clb/mux_bank.v:35]
     1: i_2323/I5 (LUT6)
     2: i_1756/O (LUT3)
      [E:/bob_full_v1/hw/src/clb/clb.sv:42]
     3: i_1756/O (LUT3)
Inferred a: "set_disable_timing -from I5 -to O i_2323"
Found timing loop:
     0: i_2228/O (LUT3)
      [E:/bob_full_v1/hw/src/clb/mux_bank.v:35]
     1: i_2228/O (LUT3)
Found timing loop:
     0: i_2229/O (LUT3)
      [E:/bob_full_v1/hw/src/clb/mux_bank.v:35]
     1: i_2229/O (LUT3)
Found timing loop:
     0: i_2227/O (LUT3)
      [E:/bob_full_v1/hw/src/clb/mux_bank.v:35]
     1: i_2227/O (LUT3)
Found timing loop:
     0: i_2180/O (LUT6)
      [E:/bob_full_v1/hw/src/clb/mux_bank.v:35]
     1: i_2180/O (LUT6)
Found timing loop:
     0: i_2368/O (LUT3)
      [E:/bob_full_v1/hw/src/clb/mux_bank.v:35]
     1: i_2368/O (LUT3)
Found timing loop:
     0: i_2515/O (LUT3)
      [E:/bob_full_v1/hw/src/clb/mux_bank.v:35]
     1: i_2515/O (LUT3)
Found timing loop:
     0: i_2522/O (LUT3)
      [E:/bob_full_v1/hw/src/clb/lutk.sv:41]
     1: i_2522/O (LUT3)
Found timing loop:
     0: i_2514/O (LUT3)
      [E:/bob_full_v1/hw/src/clb/clb.sv:77]
     1: i_2514/O (LUT3)
Found timing loop:
     0: i_2369/O (LUT3)
      [E:/bob_full_v1/hw/src/clb/mux_bank.v:35]
     1: i_2369/O (LUT3)
Found timing loop:
     0: i_2370/O (LUT3)
      [E:/bob_full_v1/hw/src/clb/mux_bank.v:35]
     1: i_2370/O (LUT3)
Found timing loop:
     0: i_2368/O (LUT3)
      [E:/bob_full_v1/hw/src/clb/mux_bank.v:35]
     1: i_2368/O (LUT3)
Found timing loop:
     0: i_2515/O (LUT3)
      [E:/bob_full_v1/hw/src/clb/mux_bank.v:35]
     1: i_2515/O (LUT3)
Found timing loop:
     0: i_2515/O (LUT3)
      [E:/bob_full_v1/hw/src/clb/mux_bank.v:35]
     1: i_2515/O (LUT3)
Found timing loop:
     0: i_2515/O (LUT3)
      [E:/bob_full_v1/hw/src/clb/mux_bank.v:35]
     1: i_2515/O (LUT3)
Found timing loop:
     0: i_2515/O (LUT3)
      [E:/bob_full_v1/hw/src/clb/mux_bank.v:35]
     1: i_2515/O (LUT3)
Found timing loop:
     0: i_2515/O (LUT3)
      [E:/bob_full_v1/hw/src/clb/mux_bank.v:35]
     1: i_2515/O (LUT3)
Found timing loop:
     0: i_2515/O (LUT3)
      [E:/bob_full_v1/hw/src/clb/mux_bank.v:35]
     1: i_2515/O (LUT3)
Found timing loop:
     0: i_2522/O (LUT3)
      [E:/bob_full_v1/hw/src/clb/lutk.sv:41]
     1: i_2522/O (LUT3)
Found timing loop:
     0: i_2514/O (LUT3)
      [E:/bob_full_v1/hw/src/clb/clb.sv:77]
     1: i_2514/O (LUT3)
Found timing loop:
     0: i_2282/O (LUT6)
      [E:/bob_full_v1/hw/src/clb/mux_bank.v:35]
     1: i_2282/O (LUT6)
Found timing loop:
     0: i_2368/O (LUT3)
      [E:/bob_full_v1/hw/src/clb/mux_bank.v:35]
     1: i_2368/O (LUT3)
Found timing loop:
     0: i_2369/O (LUT3)
      [E:/bob_full_v1/hw/src/clb/mux_bank.v:35]
     1: i_2369/O (LUT3)
Found timing loop:
     0: i_2370/O (LUT3)
      [E:/bob_full_v1/hw/src/clb/mux_bank.v:35]
     1: i_2370/O (LUT3)
Found timing loop:
     0: i_2515/O (LUT3)
      [E:/bob_full_v1/hw/src/clb/mux_bank.v:35]
     1: i_2515/O (LUT3)
Found timing loop:
     0: i_2515/O (LUT3)
      [E:/bob_full_v1/hw/src/clb/mux_bank.v:35]
     1: i_2515/O (LUT3)
Found timing loop:
     0: i_2515/O (LUT3)
      [E:/bob_full_v1/hw/src/clb/mux_bank.v:35]
     1: i_2515/O (LUT3)
Found timing loop:
     0: i_2515/O (LUT3)
      [E:/bob_full_v1/hw/src/clb/mux_bank.v:35]
     1: i_2515/O (LUT3)
Found timing loop:
     0: i_2515/O (LUT3)
      [E:/bob_full_v1/hw/src/clb/mux_bank.v:35]
     1: i_2515/O (LUT3)
Found timing loop:
     0: i_2515/O (LUT3)
      [E:/bob_full_v1/hw/src/clb/mux_bank.v:35]
     1: i_2515/O (LUT3)
Found timing loop:
     0: i_2515/O (LUT3)
      [E:/bob_full_v1/hw/src/clb/mux_bank.v:35]
     1: i_2515/O (LUT3)
Found timing loop:
     0: i_2515/O (LUT3)
      [E:/bob_full_v1/hw/src/clb/mux_bank.v:35]
     1: i_2515/O (LUT3)
Found timing loop:
     0: i_2522/O (LUT3)
      [E:/bob_full_v1/hw/src/clb/lutk.sv:41]
     1: i_2522/I0 (LUT3)
     2: i_2419/O (LUT6)
      [E:/bob_full_v1/hw/src/clb/mux_bank.v:35]
     3: i_2419/I5 (LUT6)
     4: i_6226/O (LUT5)
      [E:/bob_full_v1/hw/src/top/fpga4x4_top.v:13]
     5: i_6226/I3 (LUT5)
     6: i_2522/O (LUT3)
      [E:/bob_full_v1/hw/src/clb/lutk.sv:41]
Inferred a: "set_disable_timing -from I0 -to O i_2522"
Found timing loop:
     0: i_2514/O (LUT3)
      [E:/bob_full_v1/hw/src/clb/clb.sv:77]
     1: i_2514/O (LUT3)
Found timing loop:
     0: i_2282/O (LUT6)
      [E:/bob_full_v1/hw/src/clb/mux_bank.v:35]
     1: i_2282/O (LUT6)
Found timing loop:
     0: i_2368/O (LUT3)
      [E:/bob_full_v1/hw/src/clb/mux_bank.v:35]
     1: i_2368/O (LUT3)
Found timing loop:
     0: i_2369/O (LUT3)
      [E:/bob_full_v1/hw/src/clb/mux_bank.v:35]
     1: i_2369/O (LUT3)
Found timing loop:
     0: i_2370/O (LUT3)
      [E:/bob_full_v1/hw/src/clb/mux_bank.v:35]
     1: i_2370/O (LUT3)
Found timing loop:
     0: i_328/O (LUT5)
      [E:/bob_full_v1/hw/src/clb/lutk.sv:41]
     1: i_328/I4 (LUT5)
     2: i_457/O (LUT3)
      [E:/bob_full_v1/hw/src/clb/lutk.sv:41]
     3: i_457/O (LUT3)
Inferred a: "set_disable_timing -from I4 -to O i_328"
Found timing loop:
     0: i_457/O (LUT3)
      [E:/bob_full_v1/hw/src/clb/lutk.sv:41]
     1: i_457/O (LUT3)
Found timing loop:
     0: i_454/O (LUT3)
      [E:/bob_full_v1/hw/src/clb/mux_bank.v:35]
     1: i_454/I1 (LUT3)
     2: i_312/O (MUXF7)
      [E:/bob_full_v1/hw/src/clb/mux_bank.v:35]
     3: i_312/I0 (MUXF7)
     4: i_313/O (LUT6)
      [E:/bob_full_v1/hw/src/clb/mux_bank.v:35]
     5: i_313/I3 (LUT6)
     6: i_453/O (LUT3)
      [E:/bob_full_v1/hw/src/clb/clb.sv:77]
     7: i_453/O (LUT3)
Inferred a: "set_disable_timing -from I1 -to O i_454"
Found timing loop:
     0: i_1004/O (LUT3)
      [E:/bob_full_v1/hw/src/clb/clb.sv:42]
     1: i_1004/I2 (LUT3)
     2: i_1005/O (LUT6)
      [E:/bob_full_v1/hw/src/clb/clb.sv:42]
     3: i_1005/I5 (LUT6)
     4: i_1015/O (MUXF7)
      [E:/bob_full_v1/hw/src/clb/clb.sv:42]
     5: i_1015/I1 (MUXF7)
     6: i_1016/O (LUT6)
      [E:/bob_full_v1/hw/src/clb/clb.sv:42]
     7: i_1016/I4 (LUT6)
     8: i_1020/O (LUT5)
      [E:/bob_full_v1/hw/src/clb/clb.sv:42]
     9: i_1020/I4 (LUT5)
    10: i_1021/O (LUT6)
      [E:/bob_full_v1/hw/src/clb/clb.sv:42]
    11: i_1021/I4 (LUT6)
    12: i_1022/O (LUT6)
      [E:/bob_full_v1/hw/src/clb/clb.sv:42]
    13: i_1022/I5 (LUT6)
    14: i_1356/O (LUT3)
      [E:/bob_full_v1/hw/src/clb/mux_bank.v:35]
    15: i_1356/O (LUT3)
Inferred a: "set_disable_timing -from I2 -to O i_1004"
Found timing loop:
     0: i_1191/O (LUT2)
      [E:/bob_full_v1/hw/src/clb/clb.sv:42]
     1: i_1191/O (LUT2)
Found timing loop:
     0: i_1020/O (LUT5)
      [E:/bob_full_v1/hw/src/clb/clb.sv:42]
     1: i_1020/I4 (LUT5)
     2: i_1021/O (LUT6)
      [E:/bob_full_v1/hw/src/clb/clb.sv:42]
     3: i_1021/I4 (LUT6)
     4: i_1022/O (LUT6)
      [E:/bob_full_v1/hw/src/clb/clb.sv:42]
     5: i_1022/I5 (LUT6)
     6: i_1356/O (LUT3)
      [E:/bob_full_v1/hw/src/clb/mux_bank.v:35]
     7: i_1356/O (LUT3)
Inferred a: "set_disable_timing -from I4 -to O i_1020"
Found timing loop:
     0: i_1768/O (LUT3)
      [E:/bob_full_v1/hw/src/clb/clb.sv:42]
     1: i_1768/I2 (LUT3)
     2: i_1769/O (LUT6)
      [E:/bob_full_v1/hw/src/clb/clb.sv:42]
     3: i_1769/I5 (LUT6)
     4: i_1779/O (MUXF7)
      [E:/bob_full_v1/hw/src/clb/clb.sv:42]
     5: i_1779/I1 (MUXF7)
     6: i_1780/O (LUT6)
      [E:/bob_full_v1/hw/src/clb/clb.sv:42]
     7: i_1780/I4 (LUT6)
     8: i_1784/O (LUT5)
      [E:/bob_full_v1/hw/src/clb/clb.sv:42]
     9: i_1784/I4 (LUT5)
    10: i_1785/O (LUT6)
      [E:/bob_full_v1/hw/src/clb/clb.sv:42]
    11: i_1785/I4 (LUT6)
    12: i_1786/O (LUT6)
      [E:/bob_full_v1/hw/src/clb/clb.sv:42]
    13: i_1786/I5 (LUT6)
    14: i_2121/O (LUT3)
      [E:/bob_full_v1/hw/src/clb/mux_bank.v:35]
    15: i_2121/O (LUT3)
Inferred a: "set_disable_timing -from I2 -to O i_1768"
Found timing loop:
     0: i_1955/O (LUT2)
      [E:/bob_full_v1/hw/src/clb/clb.sv:42]
     1: i_1955/O (LUT2)
Found timing loop:
     0: i_1784/O (LUT5)
      [E:/bob_full_v1/hw/src/clb/clb.sv:42]
     1: i_1784/I4 (LUT5)
     2: i_1785/O (LUT6)
      [E:/bob_full_v1/hw/src/clb/clb.sv:42]
     3: i_1785/I4 (LUT6)
     4: i_1786/O (LUT6)
      [E:/bob_full_v1/hw/src/clb/clb.sv:42]
     5: i_1786/I5 (LUT6)
     6: i_2121/O (LUT3)
      [E:/bob_full_v1/hw/src/clb/mux_bank.v:35]
     7: i_2121/O (LUT3)
Inferred a: "set_disable_timing -from I4 -to O i_1784"
Found timing loop:
     0: i_1951/O (LUT3)
      [E:/bob_full_v1/hw/src/clb/clb.sv:42]
     1: i_1951/O (LUT3)
Found timing loop:
     0: i_1955/O (LUT2)
      [E:/bob_full_v1/hw/src/clb/clb.sv:42]
     1: i_1955/O (LUT2)
Found timing loop:
     0: i_2121/O (LUT3)
      [E:/bob_full_v1/hw/src/clb/mux_bank.v:35]
     1: i_2121/O (LUT3)
Found timing loop:
     0: i_1752/O (LUT3)
      [E:/bob_full_v1/hw/src/clb/clb.sv:42]
     1: i_1752/O (LUT3)
Found timing loop:
     0: i_1751/O (LUT3)
      [E:/bob_full_v1/hw/src/clb/clb.sv:42]
     1: i_1751/O (LUT3)
Found timing loop:
     0: i_1750/O (LUT3)
      [E:/bob_full_v1/hw/src/clb/clb.sv:42]
     1: i_1750/O (LUT3)
Found timing loop:
     0: i_1749/O (LUT3)
      [E:/bob_full_v1/hw/src/clb/clb.sv:42]
     1: i_1749/O (LUT3)
Found timing loop:
     0: i_1784/O (LUT5)
      [E:/bob_full_v1/hw/src/clb/clb.sv:42]
     1: i_1784/O (LUT5)
Found timing loop:
     0: i_1955/O (LUT2)
      [E:/bob_full_v1/hw/src/clb/clb.sv:42]
     1: i_1955/O (LUT2)
Found timing loop:
     0: i_1951/O (LUT3)
      [E:/bob_full_v1/hw/src/clb/clb.sv:42]
     1: i_1951/O (LUT3)
Found timing loop:
     0: i_2121/O (LUT3)
      [E:/bob_full_v1/hw/src/clb/mux_bank.v:35]
     1: i_2121/O (LUT3)
Found timing loop:
     0: i_1752/O (LUT3)
      [E:/bob_full_v1/hw/src/clb/clb.sv:42]
     1: i_1752/O (LUT3)
Found timing loop:
     0: i_1751/O (LUT3)
      [E:/bob_full_v1/hw/src/clb/clb.sv:42]
     1: i_1751/O (LUT3)
Found timing loop:
     0: i_1750/O (LUT3)
      [E:/bob_full_v1/hw/src/clb/clb.sv:42]
     1: i_1750/O (LUT3)
Found timing loop:
     0: i_1749/O (LUT3)
      [E:/bob_full_v1/hw/src/clb/clb.sv:42]
     1: i_1749/O (LUT3)
Found timing loop:
     0: i_1784/O (LUT5)
      [E:/bob_full_v1/hw/src/clb/clb.sv:42]
     1: i_1784/O (LUT5)
Found timing loop:
     0: i_1752/O (LUT3)
      [E:/bob_full_v1/hw/src/clb/clb.sv:42]
     1: i_1752/O (LUT3)
Found timing loop:
     0: i_1751/O (LUT3)
      [E:/bob_full_v1/hw/src/clb/clb.sv:42]
     1: i_1751/O (LUT3)
Found timing loop:
     0: i_1750/O (LUT3)
      [E:/bob_full_v1/hw/src/clb/clb.sv:42]
     1: i_1750/O (LUT3)
Found timing loop:
     0: i_1749/O (LUT3)
      [E:/bob_full_v1/hw/src/clb/clb.sv:42]
     1: i_1749/O (LUT3)
Found timing loop:
     0: i_1955/O (LUT2)
      [E:/bob_full_v1/hw/src/clb/clb.sv:42]
     1: i_1955/O (LUT2)
Found timing loop:
     0: i_1951/O (LUT3)
      [E:/bob_full_v1/hw/src/clb/clb.sv:42]
     1: i_1951/O (LUT3)
Found timing loop:
     0: i_2121/O (LUT3)
      [E:/bob_full_v1/hw/src/clb/mux_bank.v:35]
     1: i_2121/O (LUT3)
Found timing loop:
     0: i_1752/O (LUT3)
      [E:/bob_full_v1/hw/src/clb/clb.sv:42]
     1: i_1752/O (LUT3)
Found timing loop:
     0: i_1751/O (LUT3)
      [E:/bob_full_v1/hw/src/clb/clb.sv:42]
     1: i_1751/O (LUT3)
Found timing loop:
     0: i_1750/O (LUT3)
      [E:/bob_full_v1/hw/src/clb/clb.sv:42]
     1: i_1750/O (LUT3)
Found timing loop:
     0: i_1749/O (LUT3)
      [E:/bob_full_v1/hw/src/clb/clb.sv:42]
     1: i_1749/O (LUT3)
Found timing loop:
     0: i_2121/O (LUT3)
      [E:/bob_full_v1/hw/src/clb/mux_bank.v:35]
     1: i_2121/O (LUT3)
Found timing loop:
     0: i_1951/O (LUT3)
      [E:/bob_full_v1/hw/src/clb/clb.sv:42]
     1: i_1951/O (LUT3)
Found timing loop:
     0: i_1955/O (LUT2)
      [E:/bob_full_v1/hw/src/clb/clb.sv:42]
     1: i_1955/O (LUT2)
Found timing loop:
     0: i_1784/O (LUT5)
      [E:/bob_full_v1/hw/src/clb/clb.sv:42]
     1: i_1784/O (LUT5)
Found timing loop:
     0: i_1784/O (LUT5)
      [E:/bob_full_v1/hw/src/clb/clb.sv:42]
     1: i_1784/O (LUT5)
Found timing loop:
     0: i_1784/O (LUT5)
      [E:/bob_full_v1/hw/src/clb/clb.sv:42]
     1: i_1784/O (LUT5)
Found timing loop:
     0: i_1784/O (LUT5)
      [E:/bob_full_v1/hw/src/clb/clb.sv:42]
     1: i_1784/O (LUT5)
Found timing loop:
     0: i_1784/O (LUT5)
      [E:/bob_full_v1/hw/src/clb/clb.sv:42]
     1: i_1784/O (LUT5)
Found timing loop:
     0: i_1784/O (LUT5)
      [E:/bob_full_v1/hw/src/clb/clb.sv:42]
     1: i_1784/O (LUT5)
Found timing loop:
     0: i_1784/O (LUT5)
      [E:/bob_full_v1/hw/src/clb/clb.sv:42]
     1: i_1784/O (LUT5)
Found timing loop:
     0: i_2121/O (LUT3)
      [E:/bob_full_v1/hw/src/clb/mux_bank.v:35]
     1: i_2121/O (LUT3)
Found timing loop:
     0: i_1951/O (LUT3)
      [E:/bob_full_v1/hw/src/clb/clb.sv:42]
     1: i_1951/O (LUT3)
Found timing loop:
     0: i_1752/O (LUT3)
      [E:/bob_full_v1/hw/src/clb/clb.sv:42]
     1: i_1752/O (LUT3)
Found timing loop:
     0: i_1751/O (LUT3)
      [E:/bob_full_v1/hw/src/clb/clb.sv:42]
     1: i_1751/O (LUT3)
Found timing loop:
     0: i_1750/O (LUT3)
      [E:/bob_full_v1/hw/src/clb/clb.sv:42]
     1: i_1750/O (LUT3)
Found timing loop:
     0: i_1749/O (LUT3)
      [E:/bob_full_v1/hw/src/clb/clb.sv:42]
     1: i_1749/O (LUT3)
Found timing loop:
     0: i_1951/O (LUT3)
      [E:/bob_full_v1/hw/src/clb/clb.sv:42]
     1: i_1951/O (LUT3)
Found timing loop:
     0: i_1752/O (LUT3)
      [E:/bob_full_v1/hw/src/clb/clb.sv:42]
     1: i_1752/O (LUT3)
Found timing loop:
     0: i_1751/O (LUT3)
      [E:/bob_full_v1/hw/src/clb/clb.sv:42]
     1: i_1751/O (LUT3)
Found timing loop:
     0: i_1750/O (LUT3)
      [E:/bob_full_v1/hw/src/clb/clb.sv:42]
     1: i_1750/O (LUT3)
Found timing loop:
     0: i_1749/O (LUT3)
      [E:/bob_full_v1/hw/src/clb/clb.sv:42]
     1: i_1749/O (LUT3)
Found timing loop:
     0: i_1187/O (LUT3)
      [E:/bob_full_v1/hw/src/clb/clb.sv:42]
     1: i_1187/O (LUT3)
Found timing loop:
     0: i_1191/O (LUT2)
      [E:/bob_full_v1/hw/src/clb/clb.sv:42]
     1: i_1191/O (LUT2)
Found timing loop:
     0: i_1356/O (LUT3)
      [E:/bob_full_v1/hw/src/clb/mux_bank.v:35]
     1: i_1356/O (LUT3)
Found timing loop:
     0: i_988/O (LUT3)
      [E:/bob_full_v1/hw/src/clb/clb.sv:42]
     1: i_988/O (LUT3)
Found timing loop:
     0: i_987/O (LUT3)
      [E:/bob_full_v1/hw/src/clb/clb.sv:42]
     1: i_987/O (LUT3)
Found timing loop:
     0: i_986/O (LUT3)
      [E:/bob_full_v1/hw/src/clb/clb.sv:42]
     1: i_986/O (LUT3)
Found timing loop:
     0: i_985/O (LUT3)
      [E:/bob_full_v1/hw/src/clb/clb.sv:42]
     1: i_985/O (LUT3)
Found timing loop:
     0: i_1020/O (LUT5)
      [E:/bob_full_v1/hw/src/clb/clb.sv:42]
     1: i_1020/O (LUT5)
Found timing loop:
     0: i_1191/O (LUT2)
      [E:/bob_full_v1/hw/src/clb/clb.sv:42]
     1: i_1191/O (LUT2)
Found timing loop:
     0: i_1187/O (LUT3)
      [E:/bob_full_v1/hw/src/clb/clb.sv:42]
     1: i_1187/O (LUT3)
Found timing loop:
     0: i_1356/O (LUT3)
      [E:/bob_full_v1/hw/src/clb/mux_bank.v:35]
     1: i_1356/O (LUT3)
Found timing loop:
     0: i_988/O (LUT3)
      [E:/bob_full_v1/hw/src/clb/clb.sv:42]
     1: i_988/O (LUT3)
Found timing loop:
     0: i_987/O (LUT3)
      [E:/bob_full_v1/hw/src/clb/clb.sv:42]
     1: i_987/O (LUT3)
Found timing loop:
     0: i_986/O (LUT3)
      [E:/bob_full_v1/hw/src/clb/clb.sv:42]
     1: i_986/O (LUT3)
Found timing loop:
     0: i_985/O (LUT3)
      [E:/bob_full_v1/hw/src/clb/clb.sv:42]
     1: i_985/O (LUT3)
Found timing loop:
     0: i_1020/O (LUT5)
      [E:/bob_full_v1/hw/src/clb/clb.sv:42]
     1: i_1020/O (LUT5)
Found timing loop:
     0: i_988/O (LUT3)
      [E:/bob_full_v1/hw/src/clb/clb.sv:42]
     1: i_988/O (LUT3)
Found timing loop:
     0: i_987/O (LUT3)
      [E:/bob_full_v1/hw/src/clb/clb.sv:42]
     1: i_987/O (LUT3)
Found timing loop:
     0: i_986/O (LUT3)
      [E:/bob_full_v1/hw/src/clb/clb.sv:42]
     1: i_986/O (LUT3)
Found timing loop:
     0: i_985/O (LUT3)
      [E:/bob_full_v1/hw/src/clb/clb.sv:42]
     1: i_985/O (LUT3)
Found timing loop:
     0: i_1191/O (LUT2)
      [E:/bob_full_v1/hw/src/clb/clb.sv:42]
     1: i_1191/O (LUT2)
Found timing loop:
     0: i_1187/O (LUT3)
      [E:/bob_full_v1/hw/src/clb/clb.sv:42]
     1: i_1187/O (LUT3)
Found timing loop:
     0: i_1356/O (LUT3)
      [E:/bob_full_v1/hw/src/clb/mux_bank.v:35]
     1: i_1356/O (LUT3)
Found timing loop:
     0: i_988/O (LUT3)
      [E:/bob_full_v1/hw/src/clb/clb.sv:42]
     1: i_988/O (LUT3)
Found timing loop:
     0: i_987/O (LUT3)
      [E:/bob_full_v1/hw/src/clb/clb.sv:42]
     1: i_987/O (LUT3)
Found timing loop:
     0: i_986/O (LUT3)
      [E:/bob_full_v1/hw/src/clb/clb.sv:42]
     1: i_986/O (LUT3)
Found timing loop:
     0: i_985/O (LUT3)
      [E:/bob_full_v1/hw/src/clb/clb.sv:42]
     1: i_985/O (LUT3)
Found timing loop:
     0: i_1356/O (LUT3)
      [E:/bob_full_v1/hw/src/clb/mux_bank.v:35]
     1: i_1356/O (LUT3)
Found timing loop:
     0: i_1187/O (LUT3)
      [E:/bob_full_v1/hw/src/clb/clb.sv:42]
     1: i_1187/O (LUT3)
Found timing loop:
     0: i_1191/O (LUT2)
      [E:/bob_full_v1/hw/src/clb/clb.sv:42]
     1: i_1191/O (LUT2)
Found timing loop:
     0: i_1020/O (LUT5)
      [E:/bob_full_v1/hw/src/clb/clb.sv:42]
     1: i_1020/O (LUT5)
Found timing loop:
     0: i_1020/O (LUT5)
      [E:/bob_full_v1/hw/src/clb/clb.sv:42]
     1: i_1020/O (LUT5)
Found timing loop:
     0: i_1020/O (LUT5)
      [E:/bob_full_v1/hw/src/clb/clb.sv:42]
     1: i_1020/O (LUT5)
Found timing loop:
     0: i_1020/O (LUT5)
      [E:/bob_full_v1/hw/src/clb/clb.sv:42]
     1: i_1020/O (LUT5)
Found timing loop:
     0: i_1020/O (LUT5)
      [E:/bob_full_v1/hw/src/clb/clb.sv:42]
     1: i_1020/O (LUT5)
Found timing loop:
     0: i_1020/O (LUT5)
      [E:/bob_full_v1/hw/src/clb/clb.sv:42]
     1: i_1020/O (LUT5)
Found timing loop:
     0: i_1020/O (LUT5)
      [E:/bob_full_v1/hw/src/clb/clb.sv:42]
     1: i_1020/O (LUT5)
Found timing loop:
     0: i_1356/O (LUT3)
      [E:/bob_full_v1/hw/src/clb/mux_bank.v:35]
     1: i_1356/O (LUT3)
Found timing loop:
     0: i_1187/O (LUT3)
      [E:/bob_full_v1/hw/src/clb/clb.sv:42]
     1: i_1187/O (LUT3)
Found timing loop:
     0: i_988/O (LUT3)
      [E:/bob_full_v1/hw/src/clb/clb.sv:42]
     1: i_988/O (LUT3)
Found timing loop:
     0: i_987/O (LUT3)
      [E:/bob_full_v1/hw/src/clb/clb.sv:42]
     1: i_987/O (LUT3)
Found timing loop:
     0: i_986/O (LUT3)
      [E:/bob_full_v1/hw/src/clb/clb.sv:42]
     1: i_986/O (LUT3)
Found timing loop:
     0: i_985/O (LUT3)
      [E:/bob_full_v1/hw/src/clb/clb.sv:42]
     1: i_985/O (LUT3)
Found timing loop:
     0: i_1187/O (LUT3)
      [E:/bob_full_v1/hw/src/clb/clb.sv:42]
     1: i_1187/O (LUT3)
Found timing loop:
     0: i_988/O (LUT3)
      [E:/bob_full_v1/hw/src/clb/clb.sv:42]
     1: i_988/O (LUT3)
Found timing loop:
     0: i_987/O (LUT3)
      [E:/bob_full_v1/hw/src/clb/clb.sv:42]
     1: i_987/O (LUT3)
Found timing loop:
     0: i_986/O (LUT3)
      [E:/bob_full_v1/hw/src/clb/clb.sv:42]
     1: i_986/O (LUT3)
Found timing loop:
     0: i_985/O (LUT3)
      [E:/bob_full_v1/hw/src/clb/clb.sv:42]
     1: i_985/O (LUT3)
Found timing loop:
     0: i_453/O (LUT3)
      [E:/bob_full_v1/hw/src/clb/clb.sv:77]
     1: i_453/O (LUT3)
Found timing loop:
     0: i_457/O (LUT3)
      [E:/bob_full_v1/hw/src/clb/lutk.sv:41]
     1: i_457/O (LUT3)
Found timing loop:
     0: i_591/O (LUT3)
      [E:/bob_full_v1/hw/src/clb/mux_bank.v:35]
     1: i_591/O (LUT3)
Found timing loop:
     0: i_592/O (LUT3)
      [E:/bob_full_v1/hw/src/clb/mux_bank.v:35]
     1: i_592/O (LUT3)
Found timing loop:
     0: i_593/O (LUT3)
      [E:/bob_full_v1/hw/src/clb/mux_bank.v:35]
     1: i_593/O (LUT3)
Found timing loop:
     0: i_594/O (LUT3)
      [E:/bob_full_v1/hw/src/clb/mux_bank.v:35]
     1: i_594/O (LUT3)
Found timing loop:
     0: i_299/O (LUT3)
      [E:/bob_full_v1/hw/src/clb/mux_bank.v:35]
     1: i_299/O (LUT3)
Found timing loop:
     0: i_300/O (LUT3)
      [E:/bob_full_v1/hw/src/clb/mux_bank.v:35]
     1: i_300/O (LUT3)
Found timing loop:
     0: i_301/O (LUT3)
      [E:/bob_full_v1/hw/src/clb/mux_bank.v:35]
     1: i_301/O (LUT3)
Found timing loop:
     0: i_453/O (LUT3)
      [E:/bob_full_v1/hw/src/clb/clb.sv:77]
     1: i_453/O (LUT3)
Found timing loop:
     0: i_457/O (LUT3)
      [E:/bob_full_v1/hw/src/clb/lutk.sv:41]
     1: i_457/O (LUT3)
Found timing loop:
     0: i_591/O (LUT3)
      [E:/bob_full_v1/hw/src/clb/mux_bank.v:35]
     1: i_591/O (LUT3)
Found timing loop:
     0: i_592/O (LUT3)
      [E:/bob_full_v1/hw/src/clb/mux_bank.v:35]
     1: i_592/O (LUT3)
Found timing loop:
     0: i_593/O (LUT3)
      [E:/bob_full_v1/hw/src/clb/mux_bank.v:35]
     1: i_593/O (LUT3)
Found timing loop:
     0: i_594/O (LUT3)
      [E:/bob_full_v1/hw/src/clb/mux_bank.v:35]
     1: i_594/O (LUT3)
Found timing loop:
     0: i_299/O (LUT3)
      [E:/bob_full_v1/hw/src/clb/mux_bank.v:35]
     1: i_299/O (LUT3)
Found timing loop:
     0: i_300/O (LUT3)
      [E:/bob_full_v1/hw/src/clb/mux_bank.v:35]
     1: i_300/O (LUT3)
Found timing loop:
     0: i_301/O (LUT3)
      [E:/bob_full_v1/hw/src/clb/mux_bank.v:35]
     1: i_301/O (LUT3)
Found timing loop:
     0: i_453/O (LUT3)
      [E:/bob_full_v1/hw/src/clb/clb.sv:77]
     1: i_453/O (LUT3)
Found timing loop:
     0: i_457/O (LUT3)
      [E:/bob_full_v1/hw/src/clb/lutk.sv:41]
     1: i_457/O (LUT3)
Found timing loop:
     0: i_591/O (LUT3)
      [E:/bob_full_v1/hw/src/clb/mux_bank.v:35]
     1: i_591/O (LUT3)
Found timing loop:
     0: i_592/O (LUT3)
      [E:/bob_full_v1/hw/src/clb/mux_bank.v:35]
     1: i_592/O (LUT3)
Found timing loop:
     0: i_593/O (LUT3)
      [E:/bob_full_v1/hw/src/clb/mux_bank.v:35]
     1: i_593/O (LUT3)
Found timing loop:
     0: i_594/O (LUT3)
      [E:/bob_full_v1/hw/src/clb/mux_bank.v:35]
     1: i_594/O (LUT3)
Found timing loop:
     0: i_299/O (LUT3)
      [E:/bob_full_v1/hw/src/clb/mux_bank.v:35]
     1: i_299/O (LUT3)
Found timing loop:
     0: i_300/O (LUT3)
      [E:/bob_full_v1/hw/src/clb/mux_bank.v:35]
     1: i_300/O (LUT3)
Found timing loop:
     0: i_301/O (LUT3)
      [E:/bob_full_v1/hw/src/clb/mux_bank.v:35]
     1: i_301/O (LUT3)
Found timing loop:
     0: i_453/O (LUT3)
      [E:/bob_full_v1/hw/src/clb/clb.sv:77]
     1: i_453/O (LUT3)
Found timing loop:
     0: i_457/O (LUT3)
      [E:/bob_full_v1/hw/src/clb/lutk.sv:41]
     1: i_457/I0 (LUT3)
     2: i_358/O (LUT6)
      [E:/bob_full_v1/hw/src/clb/mux_bank.v:35]
     3: i_358/I5 (LUT6)
     4: i_359/O (LUT6)
      [E:/bob_full_v1/hw/src/clb/mux_bank.v:35]
     5: i_359/I3 (LUT6)
     6: i_453/O (LUT3)
      [E:/bob_full_v1/hw/src/clb/clb.sv:77]
     7: i_453/O (LUT3)
Inferred a: "set_disable_timing -from I0 -to O i_457"
Found timing loop:
     0: i_591/O (LUT3)
      [E:/bob_full_v1/hw/src/clb/mux_bank.v:35]
     1: i_591/O (LUT3)
Found timing loop:
     0: i_592/O (LUT3)
      [E:/bob_full_v1/hw/src/clb/mux_bank.v:35]
     1: i_592/O (LUT3)
Found timing loop:
     0: i_593/O (LUT3)
      [E:/bob_full_v1/hw/src/clb/mux_bank.v:35]
     1: i_593/O (LUT3)
Found timing loop:
     0: i_594/O (LUT3)
      [E:/bob_full_v1/hw/src/clb/mux_bank.v:35]
     1: i_594/O (LUT3)
Found timing loop:
     0: i_299/O (LUT3)
      [E:/bob_full_v1/hw/src/clb/mux_bank.v:35]
     1: i_299/O (LUT3)
Found timing loop:
     0: i_300/O (LUT3)
      [E:/bob_full_v1/hw/src/clb/mux_bank.v:35]
     1: i_300/O (LUT3)
Found timing loop:
     0: i_301/O (LUT3)
      [E:/bob_full_v1/hw/src/clb/mux_bank.v:35]
     1: i_301/O (LUT3)
Found timing loop:
     0: i_453/O (LUT3)
      [E:/bob_full_v1/hw/src/clb/clb.sv:77]
     1: i_453/O (LUT3)
Found timing loop:
     0: i_591/O (LUT3)
      [E:/bob_full_v1/hw/src/clb/mux_bank.v:35]
     1: i_591/O (LUT3)
Found timing loop:
     0: i_592/O (LUT3)
      [E:/bob_full_v1/hw/src/clb/mux_bank.v:35]
     1: i_592/O (LUT3)
Found timing loop:
     0: i_593/O (LUT3)
      [E:/bob_full_v1/hw/src/clb/mux_bank.v:35]
     1: i_593/O (LUT3)
Found timing loop:
     0: i_594/O (LUT3)
      [E:/bob_full_v1/hw/src/clb/mux_bank.v:35]
     1: i_594/O (LUT3)
Found timing loop:
     0: i_299/O (LUT3)
      [E:/bob_full_v1/hw/src/clb/mux_bank.v:35]
     1: i_299/O (LUT3)
Found timing loop:
     0: i_300/O (LUT3)
      [E:/bob_full_v1/hw/src/clb/mux_bank.v:35]
     1: i_300/O (LUT3)
Found timing loop:
     0: i_301/O (LUT3)
      [E:/bob_full_v1/hw/src/clb/mux_bank.v:35]
     1: i_301/O (LUT3)
Found timing loop:
     0: i_1197/O (LUT3)
      [E:/bob_full_v1/hw/src/clb/clb.sv:42]
     1: i_1197/O (LUT3)
Found timing loop:
     0: i_1197/O (LUT3)
      [E:/bob_full_v1/hw/src/clb/clb.sv:42]
     1: i_1197/O (LUT3)
Found timing loop:
     0: i_1197/O (LUT3)
      [E:/bob_full_v1/hw/src/clb/clb.sv:42]
     1: i_1197/O (LUT3)
Found timing loop:
     0: i_1961/O (LUT3)
      [E:/bob_full_v1/hw/src/clb/clb.sv:42]
     1: i_1961/O (LUT3)
Found timing loop:
     0: i_1756/O (LUT3)
      [E:/bob_full_v1/hw/src/clb/clb.sv:42]
     1: i_1756/O (LUT3)
Found timing loop:
     0: i_1755/O (LUT3)
      [E:/bob_full_v1/hw/src/clb/clb.sv:42]
     1: i_1755/O (LUT3)
Found timing loop:
     0: i_1756/O (LUT3)
      [E:/bob_full_v1/hw/src/clb/clb.sv:42]
     1: i_1756/O (LUT3)
Found timing loop:
     0: i_1755/O (LUT3)
      [E:/bob_full_v1/hw/src/clb/clb.sv:42]
     1: i_1755/O (LUT3)
Found timing loop:
     0: i_1756/O (LUT3)
      [E:/bob_full_v1/hw/src/clb/clb.sv:42]
     1: i_1756/O (LUT3)
Found timing loop:
     0: i_1755/O (LUT3)
      [E:/bob_full_v1/hw/src/clb/clb.sv:42]
     1: i_1755/O (LUT3)
Found timing loop:
     0: i_1961/O (LUT3)
      [E:/bob_full_v1/hw/src/clb/clb.sv:42]
     1: i_1961/O (LUT3)
Found timing loop:
     0: i_2180/O (LUT6)
      [E:/bob_full_v1/hw/src/clb/mux_bank.v:35]
     1: i_2180/O (LUT6)
Found timing loop:
     0: i_2227/O (LUT3)
      [E:/bob_full_v1/hw/src/clb/mux_bank.v:35]
     1: i_2227/O (LUT3)
Found timing loop:
     0: i_2228/O (LUT3)
      [E:/bob_full_v1/hw/src/clb/mux_bank.v:35]
     1: i_2228/O (LUT3)
Found timing loop:
     0: i_2229/O (LUT3)
      [E:/bob_full_v1/hw/src/clb/mux_bank.v:35]
     1: i_2229/O (LUT3)
Found timing loop:
     0: i_1756/O (LUT3)
      [E:/bob_full_v1/hw/src/clb/clb.sv:42]
     1: i_1756/O (LUT3)
Found timing loop:
     0: i_1961/O (LUT3)
      [E:/bob_full_v1/hw/src/clb/clb.sv:42]
     1: i_1961/O (LUT3)
Found timing loop:
     0: i_2180/O (LUT6)
      [E:/bob_full_v1/hw/src/clb/mux_bank.v:35]
     1: i_2180/O (LUT6)
Found timing loop:
     0: i_2227/O (LUT3)
      [E:/bob_full_v1/hw/src/clb/mux_bank.v:35]
     1: i_2227/O (LUT3)
Found timing loop:
     0: i_2228/O (LUT3)
      [E:/bob_full_v1/hw/src/clb/mux_bank.v:35]
     1: i_2228/O (LUT3)
Found timing loop:
     0: i_2229/O (LUT3)
      [E:/bob_full_v1/hw/src/clb/mux_bank.v:35]
     1: i_2229/O (LUT3)
Found timing loop:
     0: i_2359/O (LUT3)
      [E:/bob_full_v1/hw/src/clb/mux_bank.v:35]
     1: i_2359/I1 (LUT3)
     2: i_2288/O (LUT5)
      [E:/bob_full_v1/hw/src/clb/mux_bank.v:35]
     3: i_2288/I4 (LUT5)
     4: i_6202/O (LUT5)
      [E:/bob_full_v1/hw/src/top/fpga4x4_top.v:13]
     5: i_6202/I3 (LUT5)
     6: i_2366/O (LUT3)
      [E:/bob_full_v1/hw/src/clb/lutk.sv:41]
     7: i_2366/O (LUT3)
Inferred a: "set_disable_timing -from I1 -to O i_2359"
Found timing loop:
     0: i_2366/O (LUT3)
      [E:/bob_full_v1/hw/src/clb/lutk.sv:41]
     1: i_2366/O (LUT3)
Found timing loop:
     0: i_2358/O (LUT3)
      [E:/bob_full_v1/hw/src/clb/clb.sv:77]
     1: i_2358/O (LUT3)
Found timing loop:
     0: i_2180/O (LUT6)
      [E:/bob_full_v1/hw/src/clb/mux_bank.v:35]
     1: i_2180/O (LUT6)
Found timing loop:
     0: i_2227/O (LUT3)
      [E:/bob_full_v1/hw/src/clb/mux_bank.v:35]
     1: i_2227/O (LUT3)
Found timing loop:
     0: i_2228/O (LUT3)
      [E:/bob_full_v1/hw/src/clb/mux_bank.v:35]
     1: i_2228/O (LUT3)
Found timing loop:
     0: i_2229/O (LUT3)
      [E:/bob_full_v1/hw/src/clb/mux_bank.v:35]
     1: i_2229/O (LUT3)
Found timing loop:
     0: i_2359/O (LUT3)
      [E:/bob_full_v1/hw/src/clb/mux_bank.v:35]
     1: i_2359/O (LUT3)
Found timing loop:
     0: i_2366/O (LUT3)
      [E:/bob_full_v1/hw/src/clb/lutk.sv:41]
     1: i_2366/O (LUT3)
Found timing loop:
     0: i_2358/O (LUT3)
      [E:/bob_full_v1/hw/src/clb/clb.sv:77]
     1: i_2358/O (LUT3)
Found timing loop:
     0: i_2180/O (LUT6)
      [E:/bob_full_v1/hw/src/clb/mux_bank.v:35]
     1: i_2180/O (LUT6)
Found timing loop:
     0: i_2227/O (LUT3)
      [E:/bob_full_v1/hw/src/clb/mux_bank.v:35]
     1: i_2227/O (LUT3)
Found timing loop:
     0: i_2228/O (LUT3)
      [E:/bob_full_v1/hw/src/clb/mux_bank.v:35]
     1: i_2228/O (LUT3)
Found timing loop:
     0: i_2229/O (LUT3)
      [E:/bob_full_v1/hw/src/clb/mux_bank.v:35]
     1: i_2229/O (LUT3)
Found timing loop:
     0: i_2359/O (LUT3)
      [E:/bob_full_v1/hw/src/clb/mux_bank.v:35]
     1: i_2359/O (LUT3)
Found timing loop:
     0: i_2359/O (LUT3)
      [E:/bob_full_v1/hw/src/clb/mux_bank.v:35]
     1: i_2359/O (LUT3)
Found timing loop:
     0: i_2366/O (LUT3)
      [E:/bob_full_v1/hw/src/clb/lutk.sv:41]
     1: i_2366/O (LUT3)
Found timing loop:
     0: i_2358/O (LUT3)
      [E:/bob_full_v1/hw/src/clb/clb.sv:77]
     1: i_2358/O (LUT3)
Found timing loop:
     0: i_2180/O (LUT6)
      [E:/bob_full_v1/hw/src/clb/mux_bank.v:35]
     1: i_2180/O (LUT6)
Found timing loop:
     0: i_2227/O (LUT3)
      [E:/bob_full_v1/hw/src/clb/mux_bank.v:35]
     1: i_2227/O (LUT3)
Found timing loop:
     0: i_2228/O (LUT3)
      [E:/bob_full_v1/hw/src/clb/mux_bank.v:35]
     1: i_2228/O (LUT3)
Found timing loop:
     0: i_2229/O (LUT3)
      [E:/bob_full_v1/hw/src/clb/mux_bank.v:35]
     1: i_2229/O (LUT3)
Found timing loop:
     0: i_2366/O (LUT3)
      [E:/bob_full_v1/hw/src/clb/lutk.sv:41]
     1: i_2366/I0 (LUT3)
     2: i_2278/O (LUT6)
      [E:/bob_full_v1/hw/src/clb/mux_bank.v:35]
     3: i_2278/I5 (LUT6)
     4: i_6206/O (LUT5)
      [E:/bob_full_v1/hw/src/top/fpga4x4_top.v:13]
     5: i_6206/I3 (LUT5)
     6: i_2366/O (LUT3)
      [E:/bob_full_v1/hw/src/clb/lutk.sv:41]
Inferred a: "set_disable_timing -from I0 -to O i_2366"
Found timing loop:
     0: i_2358/O (LUT3)
      [E:/bob_full_v1/hw/src/clb/clb.sv:77]
     1: i_2358/O (LUT3)
Found timing loop:
     0: i_2180/O (LUT6)
      [E:/bob_full_v1/hw/src/clb/mux_bank.v:35]
     1: i_2180/O (LUT6)
Found timing loop:
     0: i_2227/O (LUT3)
      [E:/bob_full_v1/hw/src/clb/mux_bank.v:35]
     1: i_2227/O (LUT3)
Found timing loop:
     0: i_2228/O (LUT3)
      [E:/bob_full_v1/hw/src/clb/mux_bank.v:35]
     1: i_2228/O (LUT3)
Found timing loop:
     0: i_2229/O (LUT3)
      [E:/bob_full_v1/hw/src/clb/mux_bank.v:35]
     1: i_2229/O (LUT3)
Found timing loop:
     0: i_2359/O (LUT3)
      [E:/bob_full_v1/hw/src/clb/mux_bank.v:35]
     1: i_2359/O (LUT3)
Found timing loop:
     0: i_2359/O (LUT3)
      [E:/bob_full_v1/hw/src/clb/mux_bank.v:35]
     1: i_2359/O (LUT3)
Found timing loop:
     0: i_2359/O (LUT3)
      [E:/bob_full_v1/hw/src/clb/mux_bank.v:35]
     1: i_2359/O (LUT3)
Found timing loop:
     0: i_2359/O (LUT3)
      [E:/bob_full_v1/hw/src/clb/mux_bank.v:35]
     1: i_2359/O (LUT3)
Found timing loop:
     0: i_2366/O (LUT3)
      [E:/bob_full_v1/hw/src/clb/lutk.sv:41]
     1: i_2366/O (LUT3)
Found timing loop:
     0: i_787/O (LUT3)
      [E:/bob_full_v1/hw/src/clb/clb.sv:42]
     1: i_787/I2 (LUT3)
     2: i_788/O (LUT6)
      [E:/bob_full_v1/hw/src/clb/clb.sv:42]
     3: i_788/I5 (LUT6)
     4: i_798/O (MUXF7)
      [E:/bob_full_v1/hw/src/clb/clb.sv:42]
     5: i_798/I1 (MUXF7)
     6: i_799/O (LUT6)
      [E:/bob_full_v1/hw/src/clb/clb.sv:42]
     7: i_799/I4 (LUT6)
     8: i_803/O (LUT5)
      [E:/bob_full_v1/hw/src/clb/clb.sv:42]
     9: i_803/I4 (LUT5)
    10: i_804/O (LUT6)
      [E:/bob_full_v1/hw/src/clb/clb.sv:42]
    11: i_804/I4 (LUT6)
    12: i_805/O (LUT6)
      [E:/bob_full_v1/hw/src/clb/clb.sv:42]
    13: i_805/I5 (LUT6)
    14: i_1197/O (LUT3)
      [E:/bob_full_v1/hw/src/clb/clb.sv:42]
    15: i_1197/O (LUT3)
Inferred a: "set_disable_timing -from I2 -to O i_787"
Found timing loop:
     0: i_974/O (LUT2)
      [E:/bob_full_v1/hw/src/clb/clb.sv:42]
     1: i_974/O (LUT2)
Found timing loop:
     0: i_803/O (LUT5)
      [E:/bob_full_v1/hw/src/clb/clb.sv:42]
     1: i_803/I4 (LUT5)
     2: i_804/O (LUT6)
      [E:/bob_full_v1/hw/src/clb/clb.sv:42]
     3: i_804/I4 (LUT6)
     4: i_805/O (LUT6)
      [E:/bob_full_v1/hw/src/clb/clb.sv:42]
     5: i_805/I5 (LUT6)
     6: i_1197/O (LUT3)
      [E:/bob_full_v1/hw/src/clb/clb.sv:42]
     7: i_1197/O (LUT3)
Inferred a: "set_disable_timing -from I4 -to O i_803"
Found timing loop:
     0: i_1551/O (LUT3)
      [E:/bob_full_v1/hw/src/clb/clb.sv:42]
     1: i_1551/I2 (LUT3)
     2: i_1552/O (LUT6)
      [E:/bob_full_v1/hw/src/clb/clb.sv:42]
     3: i_1552/I5 (LUT6)
     4: i_1562/O (MUXF7)
      [E:/bob_full_v1/hw/src/clb/clb.sv:42]
     5: i_1562/I1 (MUXF7)
     6: i_1563/O (LUT6)
      [E:/bob_full_v1/hw/src/clb/clb.sv:42]
     7: i_1563/I4 (LUT6)
     8: i_1567/O (LUT5)
      [E:/bob_full_v1/hw/src/clb/clb.sv:42]
     9: i_1567/I4 (LUT5)
    10: i_1568/O (LUT6)
      [E:/bob_full_v1/hw/src/clb/clb.sv:42]
    11: i_1568/I4 (LUT6)
    12: i_1569/O (LUT6)
      [E:/bob_full_v1/hw/src/clb/clb.sv:42]
    13: i_1569/I5 (LUT6)
    14: i_1961/O (LUT3)
      [E:/bob_full_v1/hw/src/clb/clb.sv:42]
    15: i_1961/O (LUT3)
Inferred a: "set_disable_timing -from I2 -to O i_1551"
Found timing loop:
     0: i_1738/O (LUT2)
      [E:/bob_full_v1/hw/src/clb/clb.sv:42]
     1: i_1738/O (LUT2)
Found timing loop:
     0: i_1567/O (LUT5)
      [E:/bob_full_v1/hw/src/clb/clb.sv:42]
     1: i_1567/I4 (LUT5)
     2: i_1568/O (LUT6)
      [E:/bob_full_v1/hw/src/clb/clb.sv:42]
     3: i_1568/I4 (LUT6)
     4: i_1569/O (LUT6)
      [E:/bob_full_v1/hw/src/clb/clb.sv:42]
     5: i_1569/I5 (LUT6)
     6: i_1961/O (LUT3)
      [E:/bob_full_v1/hw/src/clb/clb.sv:42]
     7: i_1961/O (LUT3)
Inferred a: "set_disable_timing -from I4 -to O i_1567"
Found timing loop:
     0: i_1734/O (LUT3)
      [E:/bob_full_v1/hw/src/clb/clb.sv:42]
     1: i_1734/O (LUT3)
Found timing loop:
     0: i_1738/O (LUT2)
      [E:/bob_full_v1/hw/src/clb/clb.sv:42]
     1: i_1738/O (LUT2)
Found timing loop:
     0: i_1961/O (LUT3)
      [E:/bob_full_v1/hw/src/clb/clb.sv:42]
     1: i_1961/O (LUT3)
Found timing loop:
     0: i_1536/O (LUT3)
      [E:/bob_full_v1/hw/src/clb/clb.sv:42]
     1: i_1536/O (LUT3)
Found timing loop:
     0: i_1535/O (LUT3)
      [E:/bob_full_v1/hw/src/clb/clb.sv:42]
     1: i_1535/O (LUT3)
Found timing loop:
     0: i_1534/O (LUT3)
      [E:/bob_full_v1/hw/src/clb/clb.sv:42]
     1: i_1534/O (LUT3)
Found timing loop:
     0: i_1533/O (LUT3)
      [E:/bob_full_v1/hw/src/clb/clb.sv:42]
     1: i_1533/O (LUT3)
Found timing loop:
     0: i_1567/O (LUT5)
      [E:/bob_full_v1/hw/src/clb/clb.sv:42]
     1: i_1567/O (LUT5)
Found timing loop:
     0: i_1738/O (LUT2)
      [E:/bob_full_v1/hw/src/clb/clb.sv:42]
     1: i_1738/O (LUT2)
Found timing loop:
     0: i_1734/O (LUT3)
      [E:/bob_full_v1/hw/src/clb/clb.sv:42]
     1: i_1734/O (LUT3)
Found timing loop:
     0: i_1961/O (LUT3)
      [E:/bob_full_v1/hw/src/clb/clb.sv:42]
     1: i_1961/O (LUT3)
Found timing loop:
     0: i_1536/O (LUT3)
      [E:/bob_full_v1/hw/src/clb/clb.sv:42]
     1: i_1536/O (LUT3)
Found timing loop:
     0: i_1535/O (LUT3)
      [E:/bob_full_v1/hw/src/clb/clb.sv:42]
     1: i_1535/O (LUT3)
Found timing loop:
     0: i_1534/O (LUT3)
      [E:/bob_full_v1/hw/src/clb/clb.sv:42]
     1: i_1534/O (LUT3)
Found timing loop:
     0: i_1533/O (LUT3)
      [E:/bob_full_v1/hw/src/clb/clb.sv:42]
     1: i_1533/O (LUT3)
Found timing loop:
     0: i_1567/O (LUT5)
      [E:/bob_full_v1/hw/src/clb/clb.sv:42]
     1: i_1567/O (LUT5)
Found timing loop:
     0: i_1536/O (LUT3)
      [E:/bob_full_v1/hw/src/clb/clb.sv:42]
     1: i_1536/O (LUT3)
Found timing loop:
     0: i_1535/O (LUT3)
      [E:/bob_full_v1/hw/src/clb/clb.sv:42]
     1: i_1535/O (LUT3)
Found timing loop:
     0: i_1534/O (LUT3)
      [E:/bob_full_v1/hw/src/clb/clb.sv:42]
     1: i_1534/O (LUT3)
Found timing loop:
     0: i_1533/O (LUT3)
      [E:/bob_full_v1/hw/src/clb/clb.sv:42]
     1: i_1533/O (LUT3)
Found timing loop:
     0: i_1738/O (LUT2)
      [E:/bob_full_v1/hw/src/clb/clb.sv:42]
     1: i_1738/O (LUT2)
Found timing loop:
     0: i_1734/O (LUT3)
      [E:/bob_full_v1/hw/src/clb/clb.sv:42]
     1: i_1734/O (LUT3)
Found timing loop:
     0: i_1961/O (LUT3)
      [E:/bob_full_v1/hw/src/clb/clb.sv:42]
     1: i_1961/O (LUT3)
Found timing loop:
     0: i_1536/O (LUT3)
      [E:/bob_full_v1/hw/src/clb/clb.sv:42]
     1: i_1536/O (LUT3)
Found timing loop:
     0: i_1535/O (LUT3)
      [E:/bob_full_v1/hw/src/clb/clb.sv:42]
     1: i_1535/O (LUT3)
Found timing loop:
     0: i_1534/O (LUT3)
      [E:/bob_full_v1/hw/src/clb/clb.sv:42]
     1: i_1534/O (LUT3)
Found timing loop:
     0: i_1533/O (LUT3)
      [E:/bob_full_v1/hw/src/clb/clb.sv:42]
     1: i_1533/O (LUT3)
Found timing loop:
     0: i_1961/O (LUT3)
      [E:/bob_full_v1/hw/src/clb/clb.sv:42]
     1: i_1961/O (LUT3)
Found timing loop:
     0: i_1734/O (LUT3)
      [E:/bob_full_v1/hw/src/clb/clb.sv:42]
     1: i_1734/O (LUT3)
Found timing loop:
     0: i_1738/O (LUT2)
      [E:/bob_full_v1/hw/src/clb/clb.sv:42]
     1: i_1738/O (LUT2)
Found timing loop:
     0: i_1567/O (LUT5)
      [E:/bob_full_v1/hw/src/clb/clb.sv:42]
     1: i_1567/O (LUT5)
Found timing loop:
     0: i_1567/O (LUT5)
      [E:/bob_full_v1/hw/src/clb/clb.sv:42]
     1: i_1567/O (LUT5)
Found timing loop:
     0: i_1567/O (LUT5)
      [E:/bob_full_v1/hw/src/clb/clb.sv:42]
     1: i_1567/O (LUT5)
Found timing loop:
     0: i_1567/O (LUT5)
      [E:/bob_full_v1/hw/src/clb/clb.sv:42]
     1: i_1567/O (LUT5)
Found timing loop:
     0: i_1567/O (LUT5)
      [E:/bob_full_v1/hw/src/clb/clb.sv:42]
     1: i_1567/O (LUT5)
Found timing loop:
     0: i_1567/O (LUT5)
      [E:/bob_full_v1/hw/src/clb/clb.sv:42]
     1: i_1567/O (LUT5)
Found timing loop:
     0: i_1567/O (LUT5)
      [E:/bob_full_v1/hw/src/clb/clb.sv:42]
     1: i_1567/O (LUT5)
Found timing loop:
     0: i_1961/O (LUT3)
      [E:/bob_full_v1/hw/src/clb/clb.sv:42]
     1: i_1961/O (LUT3)
Found timing loop:
     0: i_1734/O (LUT3)
      [E:/bob_full_v1/hw/src/clb/clb.sv:42]
     1: i_1734/O (LUT3)
Found timing loop:
     0: i_1536/O (LUT3)
      [E:/bob_full_v1/hw/src/clb/clb.sv:42]
     1: i_1536/O (LUT3)
Found timing loop:
     0: i_1535/O (LUT3)
      [E:/bob_full_v1/hw/src/clb/clb.sv:42]
     1: i_1535/O (LUT3)
Found timing loop:
     0: i_1534/O (LUT3)
      [E:/bob_full_v1/hw/src/clb/clb.sv:42]
     1: i_1534/O (LUT3)
Found timing loop:
     0: i_1533/O (LUT3)
      [E:/bob_full_v1/hw/src/clb/clb.sv:42]
     1: i_1533/O (LUT3)
Found timing loop:
     0: i_1734/O (LUT3)
      [E:/bob_full_v1/hw/src/clb/clb.sv:42]
     1: i_1734/O (LUT3)
Found timing loop:
     0: i_1536/O (LUT3)
      [E:/bob_full_v1/hw/src/clb/clb.sv:42]
     1: i_1536/O (LUT3)
Found timing loop:
     0: i_1535/O (LUT3)
      [E:/bob_full_v1/hw/src/clb/clb.sv:42]
     1: i_1535/O (LUT3)
Found timing loop:
     0: i_1534/O (LUT3)
      [E:/bob_full_v1/hw/src/clb/clb.sv:42]
     1: i_1534/O (LUT3)
Found timing loop:
     0: i_1533/O (LUT3)
      [E:/bob_full_v1/hw/src/clb/clb.sv:42]
     1: i_1533/O (LUT3)
Found timing loop:
     0: i_970/O (LUT3)
      [E:/bob_full_v1/hw/src/clb/clb.sv:42]
     1: i_970/O (LUT3)
Found timing loop:
     0: i_974/O (LUT2)
      [E:/bob_full_v1/hw/src/clb/clb.sv:42]
     1: i_974/O (LUT2)
Found timing loop:
     0: i_1197/O (LUT3)
      [E:/bob_full_v1/hw/src/clb/clb.sv:42]
     1: i_1197/O (LUT3)
Found timing loop:
     0: i_772/O (LUT3)
      [E:/bob_full_v1/hw/src/clb/clb.sv:42]
     1: i_772/O (LUT3)
Found timing loop:
     0: i_771/O (LUT3)
      [E:/bob_full_v1/hw/src/clb/clb.sv:42]
     1: i_771/O (LUT3)
Found timing loop:
     0: i_770/O (LUT3)
      [E:/bob_full_v1/hw/src/clb/clb.sv:42]
     1: i_770/O (LUT3)
Found timing loop:
     0: i_803/O (LUT5)
      [E:/bob_full_v1/hw/src/clb/clb.sv:42]
     1: i_803/O (LUT5)
Found timing loop:
     0: i_974/O (LUT2)
      [E:/bob_full_v1/hw/src/clb/clb.sv:42]
     1: i_974/O (LUT2)
Found timing loop:
     0: i_970/O (LUT3)
      [E:/bob_full_v1/hw/src/clb/clb.sv:42]
     1: i_970/O (LUT3)
Found timing loop:
     0: i_1197/O (LUT3)
      [E:/bob_full_v1/hw/src/clb/clb.sv:42]
     1: i_1197/O (LUT3)
Found timing loop:
     0: i_772/O (LUT3)
      [E:/bob_full_v1/hw/src/clb/clb.sv:42]
     1: i_772/O (LUT3)
Found timing loop:
     0: i_771/O (LUT3)
      [E:/bob_full_v1/hw/src/clb/clb.sv:42]
     1: i_771/O (LUT3)
Found timing loop:
     0: i_770/O (LUT3)
      [E:/bob_full_v1/hw/src/clb/clb.sv:42]
     1: i_770/O (LUT3)
Found timing loop:
     0: i_803/O (LUT5)
      [E:/bob_full_v1/hw/src/clb/clb.sv:42]
     1: i_803/O (LUT5)
Found timing loop:
     0: i_772/O (LUT3)
      [E:/bob_full_v1/hw/src/clb/clb.sv:42]
     1: i_772/O (LUT3)
Found timing loop:
     0: i_771/O (LUT3)
      [E:/bob_full_v1/hw/src/clb/clb.sv:42]
     1: i_771/O (LUT3)
Found timing loop:
     0: i_770/O (LUT3)
      [E:/bob_full_v1/hw/src/clb/clb.sv:42]
     1: i_770/O (LUT3)
Found timing loop:
     0: i_974/O (LUT2)
      [E:/bob_full_v1/hw/src/clb/clb.sv:42]
     1: i_974/O (LUT2)
Found timing loop:
     0: i_970/O (LUT3)
      [E:/bob_full_v1/hw/src/clb/clb.sv:42]
     1: i_970/O (LUT3)
Found timing loop:
     0: i_1197/O (LUT3)
      [E:/bob_full_v1/hw/src/clb/clb.sv:42]
     1: i_1197/O (LUT3)
Found timing loop:
     0: i_772/O (LUT3)
      [E:/bob_full_v1/hw/src/clb/clb.sv:42]
     1: i_772/O (LUT3)
Found timing loop:
     0: i_771/O (LUT3)
      [E:/bob_full_v1/hw/src/clb/clb.sv:42]
     1: i_771/O (LUT3)
Found timing loop:
     0: i_770/O (LUT3)
      [E:/bob_full_v1/hw/src/clb/clb.sv:42]
     1: i_770/O (LUT3)
Found timing loop:
     0: i_1197/O (LUT3)
      [E:/bob_full_v1/hw/src/clb/clb.sv:42]
     1: i_1197/O (LUT3)
Found timing loop:
     0: i_970/O (LUT3)
      [E:/bob_full_v1/hw/src/clb/clb.sv:42]
     1: i_970/O (LUT3)
Found timing loop:
     0: i_974/O (LUT2)
      [E:/bob_full_v1/hw/src/clb/clb.sv:42]
     1: i_974/O (LUT2)
Found timing loop:
     0: i_803/O (LUT5)
      [E:/bob_full_v1/hw/src/clb/clb.sv:42]
     1: i_803/O (LUT5)
Found timing loop:
     0: i_803/O (LUT5)
      [E:/bob_full_v1/hw/src/clb/clb.sv:42]
     1: i_803/O (LUT5)
Found timing loop:
     0: i_803/O (LUT5)
      [E:/bob_full_v1/hw/src/clb/clb.sv:42]
     1: i_803/O (LUT5)
Found timing loop:
     0: i_803/O (LUT5)
      [E:/bob_full_v1/hw/src/clb/clb.sv:42]
     1: i_803/O (LUT5)
Found timing loop:
     0: i_803/O (LUT5)
      [E:/bob_full_v1/hw/src/clb/clb.sv:42]
     1: i_803/O (LUT5)
Found timing loop:
     0: i_803/O (LUT5)
      [E:/bob_full_v1/hw/src/clb/clb.sv:42]
     1: i_803/O (LUT5)
Found timing loop:
     0: i_803/O (LUT5)
      [E:/bob_full_v1/hw/src/clb/clb.sv:42]
     1: i_803/O (LUT5)
Found timing loop:
     0: i_1197/O (LUT3)
      [E:/bob_full_v1/hw/src/clb/clb.sv:42]
     1: i_1197/O (LUT3)
Found timing loop:
     0: i_970/O (LUT3)
      [E:/bob_full_v1/hw/src/clb/clb.sv:42]
     1: i_970/O (LUT3)
Found timing loop:
     0: i_772/O (LUT3)
      [E:/bob_full_v1/hw/src/clb/clb.sv:42]
     1: i_772/O (LUT3)
Found timing loop:
     0: i_771/O (LUT3)
      [E:/bob_full_v1/hw/src/clb/clb.sv:42]
     1: i_771/O (LUT3)
Found timing loop:
     0: i_770/O (LUT3)
      [E:/bob_full_v1/hw/src/clb/clb.sv:42]
     1: i_770/O (LUT3)
Found timing loop:
     0: i_970/O (LUT3)
      [E:/bob_full_v1/hw/src/clb/clb.sv:42]
     1: i_970/O (LUT3)
Found timing loop:
     0: i_772/O (LUT3)
      [E:/bob_full_v1/hw/src/clb/clb.sv:42]
     1: i_772/O (LUT3)
Found timing loop:
     0: i_771/O (LUT3)
      [E:/bob_full_v1/hw/src/clb/clb.sv:42]
     1: i_771/O (LUT3)
Found timing loop:
     0: i_770/O (LUT3)
      [E:/bob_full_v1/hw/src/clb/clb.sv:42]
     1: i_770/O (LUT3)
Found timing loop:
     0: i_980/O (LUT3)
      [E:/bob_full_v1/hw/src/clb/clb.sv:42]
     1: i_980/O (LUT3)
Found timing loop:
     0: i_980/O (LUT3)
      [E:/bob_full_v1/hw/src/clb/clb.sv:42]
     1: i_980/O (LUT3)
Found timing loop:
     0: i_980/O (LUT3)
      [E:/bob_full_v1/hw/src/clb/clb.sv:42]
     1: i_980/O (LUT3)
Found timing loop:
     0: i_1744/O (LUT3)
      [E:/bob_full_v1/hw/src/clb/clb.sv:42]
     1: i_1744/O (LUT3)
Found timing loop:
     0: i_1428/O (LUT6)
      [E:/bob_full_v1/hw/src/clb/clb.sv:42]
     1: i_1428/O (LUT6)
Found timing loop:
     0: i_1539/O (LUT3)
      [E:/bob_full_v1/hw/src/clb/clb.sv:42]
     1: i_1539/O (LUT3)
Found timing loop:
     0: i_1428/O (LUT6)
      [E:/bob_full_v1/hw/src/clb/clb.sv:42]
     1: i_1428/O (LUT6)
Found timing loop:
     0: i_1539/O (LUT3)
      [E:/bob_full_v1/hw/src/clb/clb.sv:42]
     1: i_1539/O (LUT3)
Found timing loop:
     0: i_1428/O (LUT6)
      [E:/bob_full_v1/hw/src/clb/clb.sv:42]
     1: i_1428/O (LUT6)
Found timing loop:
     0: i_1539/O (LUT3)
      [E:/bob_full_v1/hw/src/clb/clb.sv:42]
     1: i_1539/O (LUT3)
Found timing loop:
     0: i_1744/O (LUT3)
      [E:/bob_full_v1/hw/src/clb/clb.sv:42]
     1: i_1744/O (LUT3)
Found timing loop:
     0: i_2376/O (LUT3)
      [E:/bob_full_v1/hw/src/clb/mux_bank.v:35]
     1: i_2376/O (LUT3)
Found timing loop:
     0: i_1428/O (LUT6)
      [E:/bob_full_v1/hw/src/clb/clb.sv:42]
     1: i_1428/O (LUT6)
Found timing loop:
     0: i_1744/O (LUT3)
      [E:/bob_full_v1/hw/src/clb/clb.sv:42]
     1: i_1744/O (LUT3)
Found timing loop:
     0: i_2222/O (LUT3)
      [E:/bob_full_v1/hw/src/clb/mux_bank.v:35]
     1: i_2222/I1 (LUT3)
     2: i_2169/O (LUT5)
      [E:/bob_full_v1/hw/src/clb/mux_bank.v:35]
     3: i_2169/I4 (LUT5)
     4: i_6178/O (LUT5)
      [E:/bob_full_v1/hw/src/top/fpga4x4_top.v:13]
     5: i_6178/I3 (LUT5)
     6: i_2225/O (LUT3)
      [E:/bob_full_v1/hw/src/clb/lutk.sv:41]
     7: i_2225/O (LUT3)
Inferred a: "set_disable_timing -from I1 -to O i_2222"
Found timing loop:
     0: i_2225/O (LUT3)
      [E:/bob_full_v1/hw/src/clb/lutk.sv:41]
     1: i_2225/O (LUT3)
Found timing loop:
     0: i_2221/O (LUT3)
      [E:/bob_full_v1/hw/src/clb/clb.sv:77]
     1: i_2221/O (LUT3)
Found timing loop:
     0: i_2225/O (LUT3)
      [E:/bob_full_v1/hw/src/clb/lutk.sv:41]
     1: i_2225/O (LUT3)
Found timing loop:
     0: i_2221/O (LUT3)
      [E:/bob_full_v1/hw/src/clb/clb.sv:77]
     1: i_2221/O (LUT3)
Found timing loop:
     0: i_2222/O (LUT3)
      [E:/bob_full_v1/hw/src/clb/mux_bank.v:35]
     1: i_2222/O (LUT3)
Found timing loop:
     0: i_2225/O (LUT3)
      [E:/bob_full_v1/hw/src/clb/lutk.sv:41]
     1: i_2225/O (LUT3)
Found timing loop:
     0: i_2221/O (LUT3)
      [E:/bob_full_v1/hw/src/clb/clb.sv:77]
     1: i_2221/O (LUT3)
Found timing loop:
     0: i_2222/O (LUT3)
      [E:/bob_full_v1/hw/src/clb/mux_bank.v:35]
     1: i_2222/O (LUT3)
Found timing loop:
     0: i_2222/O (LUT3)
      [E:/bob_full_v1/hw/src/clb/mux_bank.v:35]
     1: i_2222/O (LUT3)
Found timing loop:
     0: i_2225/O (LUT3)
      [E:/bob_full_v1/hw/src/clb/lutk.sv:41]
     1: i_2225/I0 (LUT3)
     2: i_2174/O (LUT6)
      [E:/bob_full_v1/hw/src/clb/mux_bank.v:35]
     3: i_2174/I5 (LUT6)
     4: i_6183/O (LUT5)
      [E:/bob_full_v1/hw/src/top/fpga4x4_top.v:13]
     5: i_6183/I3 (LUT5)
     6: i_2225/O (LUT3)
      [E:/bob_full_v1/hw/src/clb/lutk.sv:41]
Inferred a: "set_disable_timing -from I0 -to O i_2225"
Found timing loop:
     0: i_2221/O (LUT3)
      [E:/bob_full_v1/hw/src/clb/clb.sv:77]
     1: i_2221/O (LUT3)
Found timing loop:
     0: i_2222/O (LUT3)
      [E:/bob_full_v1/hw/src/clb/mux_bank.v:35]
     1: i_2222/O (LUT3)
Found timing loop:
     0: i_2222/O (LUT3)
      [E:/bob_full_v1/hw/src/clb/mux_bank.v:35]
     1: i_2222/O (LUT3)
Found timing loop:
     0: i_2222/O (LUT3)
      [E:/bob_full_v1/hw/src/clb/mux_bank.v:35]
     1: i_2222/O (LUT3)
Found timing loop:
     0: i_2222/O (LUT3)
      [E:/bob_full_v1/hw/src/clb/mux_bank.v:35]
     1: i_2222/O (LUT3)
Found timing loop:
     0: i_2225/O (LUT3)
      [E:/bob_full_v1/hw/src/clb/lutk.sv:41]
     1: i_2225/O (LUT3)
Found timing loop:
     0: i_134/O (LUT3)
      [E:/bob_full_v1/hw/src/clb/lutk.sv:41]
     1: i_134/I2 (LUT3)
     2: i_8/O (MUXF7)
      [E:/bob_full_v1/hw/src/clb/lutk.sv:41]
     3: i_8/I1 (MUXF7)
     4: i_9/O (LUT6)
      [E:/bob_full_v1/hw/src/clb/lutk.sv:41]
     5: i_9/I5 (LUT6)
     6: i_11/O (LUT6)
      [E:/bob_full_v1/hw/src/clb/lutk.sv:41]
     7: i_11/I4 (LUT6)
     8: i_128/O (LUT3)
      [E:/bob_full_v1/hw/src/clb/mux_bank.v:35]
     9: i_128/O (LUT3)
Inferred a: "set_disable_timing -from I2 -to O i_134"
Found timing loop:
     0: i_131/O (LUT3)
      [E:/bob_full_v1/hw/src/clb/lutk.sv:41]
     1: i_131/O (LUT3)
Found timing loop:
     0: i_128/O (LUT3)
      [E:/bob_full_v1/hw/src/clb/mux_bank.v:35]
     1: i_128/O (LUT3)
Found timing loop:
     0: i_614/O (LUT5)
      [E:/bob_full_v1/hw/src/clb/clb.sv:42]
     1: i_614/I4 (LUT5)
     2: i_620/O (LUT6)
      [E:/bob_full_v1/hw/src/clb/clb.sv:42]
     3: i_620/I5 (LUT6)
     4: i_624/O (LUT6)
      [E:/bob_full_v1/hw/src/clb/clb.sv:42]
     5: i_624/I4 (LUT6)
     6: i_626/O (LUT5)
      [E:/bob_full_v1/hw/src/clb/clb.sv:42]
     7: i_626/I4 (LUT5)
     8: i_627/O (LUT6)
      [E:/bob_full_v1/hw/src/clb/clb.sv:42]
     9: i_627/I4 (LUT6)
    10: i_667/O (LUT6)
      [E:/bob_full_v1/hw/src/clb/clb.sv:42]
    11: i_667/I5 (LUT6)
    12: i_980/O (LUT3)
      [E:/bob_full_v1/hw/src/clb/clb.sv:42]
    13: i_980/O (LUT3)
Inferred a: "set_disable_timing -from I4 -to O i_614"
Found timing loop:
     0: i_1532/O (LUT3)
      [E:/bob_full_v1/hw/src/clb/clb.sv:42]
     1: i_1532/O (LUT3)
Found timing loop:
     0: i_762/O (LUT2)
      [E:/bob_full_v1/hw/src/clb/clb.sv:42]
     1: i_762/I1 (LUT2)
     2: i_761/O (LUT2)
      [E:/bob_full_v1/hw/src/clb/clb.sv:42]
     3: i_761/I1 (LUT2)
     4: i_6046/O (LUT3)
      [E:/bob_full_v1/hw/src/top/fpga4x4_top.v:13]
     5: i_6046/I2 (LUT3)
     6: i_633/O (LUT6)
      [E:/bob_full_v1/hw/src/clb/clb.sv:42]
     7: i_633/I1 (LUT6)
     8: i_680/O (LUT6)
      [E:/bob_full_v1/hw/src/clb/clb.sv:42]
     9: i_680/I3 (LUT6)
    10: i_762/O (LUT2)
      [E:/bob_full_v1/hw/src/clb/clb.sv:42]
Inferred a: "set_disable_timing -from I1 -to O i_762"
Found timing loop:
     0: i_759/O (LUT3)
      [E:/bob_full_v1/hw/src/clb/clb.sv:42]
     1: i_759/O (LUT3)
Found timing loop:
     0: i_980/O (LUT3)
      [E:/bob_full_v1/hw/src/clb/clb.sv:42]
     1: i_980/O (LUT3)
Found timing loop:
     0: i_626/O (LUT5)
      [E:/bob_full_v1/hw/src/clb/clb.sv:42]
     1: i_626/I4 (LUT5)
     2: i_627/O (LUT6)
      [E:/bob_full_v1/hw/src/clb/clb.sv:42]
     3: i_627/I4 (LUT6)
     4: i_667/O (LUT6)
      [E:/bob_full_v1/hw/src/clb/clb.sv:42]
     5: i_667/I5 (LUT6)
     6: i_980/O (LUT3)
      [E:/bob_full_v1/hw/src/clb/clb.sv:42]
     7: i_980/O (LUT3)
Inferred a: "set_disable_timing -from I4 -to O i_626"
Found timing loop:
     0: i_762/O (LUT2)
      [E:/bob_full_v1/hw/src/clb/clb.sv:42]
     1: i_762/O (LUT2)
Found timing loop:
     0: i_759/O (LUT3)
      [E:/bob_full_v1/hw/src/clb/clb.sv:42]
     1: i_759/O (LUT3)
Found timing loop:
     0: i_1532/O (LUT3)
      [E:/bob_full_v1/hw/src/clb/clb.sv:42]
     1: i_1532/O (LUT3)
Found timing loop:
     0: i_980/O (LUT3)
      [E:/bob_full_v1/hw/src/clb/clb.sv:42]
     1: i_980/O (LUT3)
Found timing loop:
     0: i_626/O (LUT5)
      [E:/bob_full_v1/hw/src/clb/clb.sv:42]
     1: i_626/O (LUT5)
Found timing loop:
     0: i_1532/O (LUT3)
      [E:/bob_full_v1/hw/src/clb/clb.sv:42]
     1: i_1532/O (LUT3)
Found timing loop:
     0: i_762/O (LUT2)
      [E:/bob_full_v1/hw/src/clb/clb.sv:42]
     1: i_762/O (LUT2)
Found timing loop:
     0: i_759/O (LUT3)
      [E:/bob_full_v1/hw/src/clb/clb.sv:42]
     1: i_759/O (LUT3)
Found timing loop:
     0: i_980/O (LUT3)
      [E:/bob_full_v1/hw/src/clb/clb.sv:42]
     1: i_980/O (LUT3)
Found timing loop:
     0: i_980/O (LUT3)
      [E:/bob_full_v1/hw/src/clb/clb.sv:42]
     1: i_980/O (LUT3)
Found timing loop:
     0: i_1532/O (LUT3)
      [E:/bob_full_v1/hw/src/clb/clb.sv:42]
     1: i_1532/O (LUT3)
Found timing loop:
     0: i_759/O (LUT3)
      [E:/bob_full_v1/hw/src/clb/clb.sv:42]
     1: i_759/O (LUT3)
Found timing loop:
     0: i_626/O (LUT5)
      [E:/bob_full_v1/hw/src/clb/clb.sv:42]
     1: i_626/O (LUT5)
Found timing loop:
     0: i_626/O (LUT5)
      [E:/bob_full_v1/hw/src/clb/clb.sv:42]
     1: i_626/O (LUT5)
Found timing loop:
     0: i_626/O (LUT5)
      [E:/bob_full_v1/hw/src/clb/clb.sv:42]
     1: i_626/O (LUT5)
Found timing loop:
     0: i_626/O (LUT5)
      [E:/bob_full_v1/hw/src/clb/clb.sv:42]
     1: i_626/O (LUT5)
Found timing loop:
     0: i_626/O (LUT5)
      [E:/bob_full_v1/hw/src/clb/clb.sv:42]
     1: i_626/O (LUT5)
Found timing loop:
     0: i_626/O (LUT5)
      [E:/bob_full_v1/hw/src/clb/clb.sv:42]
     1: i_626/O (LUT5)
Found timing loop:
     0: i_626/O (LUT5)
      [E:/bob_full_v1/hw/src/clb/clb.sv:42]
     1: i_626/O (LUT5)
Found timing loop:
     0: i_1377/O (LUT5)
      [E:/bob_full_v1/hw/src/clb/clb.sv:42]
     1: i_1377/I4 (LUT5)
     2: i_1383/O (LUT6)
      [E:/bob_full_v1/hw/src/clb/clb.sv:42]
     3: i_1383/I5 (LUT6)
     4: i_1387/O (LUT6)
      [E:/bob_full_v1/hw/src/clb/clb.sv:42]
     5: i_1387/I4 (LUT6)
     6: i_1389/O (LUT5)
      [E:/bob_full_v1/hw/src/clb/clb.sv:42]
     7: i_1389/I4 (LUT5)
     8: i_1390/O (LUT6)
      [E:/bob_full_v1/hw/src/clb/clb.sv:42]
     9: i_1390/I4 (LUT6)
    10: i_1431/O (LUT6)
      [E:/bob_full_v1/hw/src/clb/clb.sv:42]
    11: i_1431/I5 (LUT6)
    12: i_1744/O (LUT3)
      [E:/bob_full_v1/hw/src/clb/clb.sv:42]
    13: i_1744/O (LUT3)
Inferred a: "set_disable_timing -from I4 -to O i_1377"
Found timing loop:
     0: i_2230/O (LUT3)
      [E:/bob_full_v1/hw/src/clb/mux_bank.v:35]
     1: i_2230/O (LUT3)
Found timing loop:
     0: i_1526/O (LUT2)
      [E:/bob_full_v1/hw/src/clb/clb.sv:42]
     1: i_1526/I1 (LUT2)
     2: i_1525/O (LUT2)
      [E:/bob_full_v1/hw/src/clb/clb.sv:42]
     3: i_1525/I1 (LUT2)
     4: i_6051/O (LUT3)
      [E:/bob_full_v1/hw/src/top/fpga4x4_top.v:13]
     5: i_6051/I2 (LUT3)
     6: i_1396/O (LUT6)
      [E:/bob_full_v1/hw/src/clb/clb.sv:42]
     7: i_1396/I1 (LUT6)
     8: i_1444/O (LUT6)
      [E:/bob_full_v1/hw/src/clb/clb.sv:42]
     9: i_1444/I3 (LUT6)
    10: i_1526/O (LUT2)
      [E:/bob_full_v1/hw/src/clb/clb.sv:42]
Inferred a: "set_disable_timing -from I1 -to O i_1526"
Found timing loop:
     0: i_1523/O (LUT3)
      [E:/bob_full_v1/hw/src/clb/clb.sv:42]
     1: i_1523/O (LUT3)
Found timing loop:
     0: i_1744/O (LUT3)
      [E:/bob_full_v1/hw/src/clb/clb.sv:42]
     1: i_1744/O (LUT3)
Found timing loop:
     0: i_1389/O (LUT5)
      [E:/bob_full_v1/hw/src/clb/clb.sv:42]
     1: i_1389/I4 (LUT5)
     2: i_1390/O (LUT6)
      [E:/bob_full_v1/hw/src/clb/clb.sv:42]
     3: i_1390/I4 (LUT6)
     4: i_1431/O (LUT6)
      [E:/bob_full_v1/hw/src/clb/clb.sv:42]
     5: i_1431/I5 (LUT6)
     6: i_1744/O (LUT3)
      [E:/bob_full_v1/hw/src/clb/clb.sv:42]
     7: i_1744/O (LUT3)
Inferred a: "set_disable_timing -from I4 -to O i_1389"
Found timing loop:
     0: i_1526/O (LUT2)
      [E:/bob_full_v1/hw/src/clb/clb.sv:42]
     1: i_1526/O (LUT2)
Found timing loop:
     0: i_1523/O (LUT3)
      [E:/bob_full_v1/hw/src/clb/clb.sv:42]
     1: i_1523/O (LUT3)
Found timing loop:
     0: i_2230/O (LUT3)
      [E:/bob_full_v1/hw/src/clb/mux_bank.v:35]
     1: i_2230/O (LUT3)
Found timing loop:
     0: i_1744/O (LUT3)
      [E:/bob_full_v1/hw/src/clb/clb.sv:42]
     1: i_1744/O (LUT3)
Found timing loop:
     0: i_1389/O (LUT5)
      [E:/bob_full_v1/hw/src/clb/clb.sv:42]
     1: i_1389/O (LUT5)
Found timing loop:
     0: i_2230/O (LUT3)
      [E:/bob_full_v1/hw/src/clb/mux_bank.v:35]
     1: i_2230/O (LUT3)
Found timing loop:
     0: i_1526/O (LUT2)
      [E:/bob_full_v1/hw/src/clb/clb.sv:42]
     1: i_1526/O (LUT2)
Found timing loop:
     0: i_1523/O (LUT3)
      [E:/bob_full_v1/hw/src/clb/clb.sv:42]
     1: i_1523/O (LUT3)
Found timing loop:
     0: i_1744/O (LUT3)
      [E:/bob_full_v1/hw/src/clb/clb.sv:42]
     1: i_1744/O (LUT3)
Found timing loop:
     0: i_1744/O (LUT3)
      [E:/bob_full_v1/hw/src/clb/clb.sv:42]
     1: i_1744/O (LUT3)
Found timing loop:
     0: i_2230/O (LUT3)
      [E:/bob_full_v1/hw/src/clb/mux_bank.v:35]
     1: i_2230/O (LUT3)
Found timing loop:
     0: i_1523/O (LUT3)
      [E:/bob_full_v1/hw/src/clb/clb.sv:42]
     1: i_1523/O (LUT3)
Found timing loop:
     0: i_1389/O (LUT5)
      [E:/bob_full_v1/hw/src/clb/clb.sv:42]
     1: i_1389/O (LUT5)
Found timing loop:
     0: i_1389/O (LUT5)
      [E:/bob_full_v1/hw/src/clb/clb.sv:42]
     1: i_1389/O (LUT5)
Found timing loop:
     0: i_1389/O (LUT5)
      [E:/bob_full_v1/hw/src/clb/clb.sv:42]
     1: i_1389/O (LUT5)
Found timing loop:
     0: i_1389/O (LUT5)
      [E:/bob_full_v1/hw/src/clb/clb.sv:42]
     1: i_1389/O (LUT5)
Found timing loop:
     0: i_1389/O (LUT5)
      [E:/bob_full_v1/hw/src/clb/clb.sv:42]
     1: i_1389/O (LUT5)
Found timing loop:
     0: i_1389/O (LUT5)
      [E:/bob_full_v1/hw/src/clb/clb.sv:42]
     1: i_1389/O (LUT5)
Found timing loop:
     0: i_1389/O (LUT5)
      [E:/bob_full_v1/hw/src/clb/clb.sv:42]
     1: i_1389/O (LUT5)
Found timing loop:
     0: i_1744/O (LUT3)
      [E:/bob_full_v1/hw/src/clb/clb.sv:42]
     1: i_1744/O (LUT3)
Found timing loop:
     0: i_1523/O (LUT3)
      [E:/bob_full_v1/hw/src/clb/clb.sv:42]
     1: i_1523/O (LUT3)
Found timing loop:
     0: i_1523/O (LUT3)
      [E:/bob_full_v1/hw/src/clb/clb.sv:42]
     1: i_1523/O (LUT3)
Found timing loop:
     0: i_980/O (LUT3)
      [E:/bob_full_v1/hw/src/clb/clb.sv:42]
     1: i_980/O (LUT3)
Found timing loop:
     0: i_759/O (LUT3)
      [E:/bob_full_v1/hw/src/clb/clb.sv:42]
     1: i_759/O (LUT3)
Found timing loop:
     0: i_759/O (LUT3)
      [E:/bob_full_v1/hw/src/clb/clb.sv:42]
     1: i_759/O (LUT3)
Found timing loop:
     0: i_303/O (LUT3)
      [E:/bob_full_v1/hw/src/clb/mux_bank.v:35]
     1: i_303/O (LUT3)
Found timing loop:
     0: i_304/O (LUT3)
      [E:/bob_full_v1/hw/src/clb/mux_bank.v:35]
     1: i_304/O (LUT3)
Found timing loop:
     0: i_305/O (LUT3)
      [E:/bob_full_v1/hw/src/clb/mux_bank.v:35]
     1: i_305/O (LUT3)
Found timing loop:
     0: i_306/O (LUT3)
      [E:/bob_full_v1/hw/src/clb/mux_bank.v:35]
     1: i_306/O (LUT3)
Found timing loop:
     0: i_131/O (LUT3)
      [E:/bob_full_v1/hw/src/clb/lutk.sv:41]
     1: i_131/O (LUT3)
Found timing loop:
     0: i_303/O (LUT3)
      [E:/bob_full_v1/hw/src/clb/mux_bank.v:35]
     1: i_303/O (LUT3)
Found timing loop:
     0: i_304/O (LUT3)
      [E:/bob_full_v1/hw/src/clb/mux_bank.v:35]
     1: i_304/O (LUT3)
Found timing loop:
     0: i_305/O (LUT3)
      [E:/bob_full_v1/hw/src/clb/mux_bank.v:35]
     1: i_305/O (LUT3)
Found timing loop:
     0: i_306/O (LUT3)
      [E:/bob_full_v1/hw/src/clb/mux_bank.v:35]
     1: i_306/O (LUT3)
Found timing loop:
     0: i_128/O (LUT3)
      [E:/bob_full_v1/hw/src/clb/mux_bank.v:35]
     1: i_128/O (LUT3)
Found timing loop:
     0: i_127/O (LUT3)
      [E:/bob_full_v1/hw/src/clb/clb.sv:60]
     1: i_127/O (LUT3)
Found timing loop:
     0: i_131/O (LUT3)
      [E:/bob_full_v1/hw/src/clb/lutk.sv:41]
     1: i_131/O (LUT3)
Found timing loop:
     0: i_303/O (LUT3)
      [E:/bob_full_v1/hw/src/clb/mux_bank.v:35]
     1: i_303/O (LUT3)
Found timing loop:
     0: i_304/O (LUT3)
      [E:/bob_full_v1/hw/src/clb/mux_bank.v:35]
     1: i_304/O (LUT3)
Found timing loop:
     0: i_305/O (LUT3)
      [E:/bob_full_v1/hw/src/clb/mux_bank.v:35]
     1: i_305/O (LUT3)
Found timing loop:
     0: i_306/O (LUT3)
      [E:/bob_full_v1/hw/src/clb/mux_bank.v:35]
     1: i_306/O (LUT3)
Found timing loop:
     0: i_128/O (LUT3)
      [E:/bob_full_v1/hw/src/clb/mux_bank.v:35]
     1: i_128/O (LUT3)
Found timing loop:
     0: i_128/O (LUT3)
      [E:/bob_full_v1/hw/src/clb/mux_bank.v:35]
     1: i_128/O (LUT3)
Found timing loop:
     0: i_128/O (LUT3)
      [E:/bob_full_v1/hw/src/clb/mux_bank.v:35]
     1: i_128/O (LUT3)
Found timing loop:
     0: i_128/O (LUT3)
      [E:/bob_full_v1/hw/src/clb/mux_bank.v:35]
     1: i_128/O (LUT3)
Found timing loop:
     0: i_128/O (LUT3)
      [E:/bob_full_v1/hw/src/clb/mux_bank.v:35]
     1: i_128/O (LUT3)
Found timing loop:
     0: i_128/O (LUT3)
      [E:/bob_full_v1/hw/src/clb/mux_bank.v:35]
     1: i_128/O (LUT3)
Found timing loop:
     0: i_131/O (LUT3)
      [E:/bob_full_v1/hw/src/clb/lutk.sv:41]
     1: i_131/I0 (LUT3)
     2: i_45/O (LUT6)
      [E:/bob_full_v1/hw/src/clb/mux_bank.v:35]
     3: i_45/I5 (LUT6)
     4: i_46/O (LUT6)
      [E:/bob_full_v1/hw/src/clb/mux_bank.v:35]
     5: i_46/I2 (LUT6)
     6: i_131/O (LUT3)
      [E:/bob_full_v1/hw/src/clb/lutk.sv:41]
Inferred a: "set_disable_timing -from I0 -to O i_131"
Found timing loop:
     0: i_303/O (LUT3)
      [E:/bob_full_v1/hw/src/clb/mux_bank.v:35]
     1: i_303/O (LUT3)
Found timing loop:
     0: i_304/O (LUT3)
      [E:/bob_full_v1/hw/src/clb/mux_bank.v:35]
     1: i_304/O (LUT3)
Found timing loop:
     0: i_305/O (LUT3)
      [E:/bob_full_v1/hw/src/clb/mux_bank.v:35]
     1: i_305/O (LUT3)
Found timing loop:
     0: i_306/O (LUT3)
      [E:/bob_full_v1/hw/src/clb/mux_bank.v:35]
     1: i_306/O (LUT3)
Found timing loop:
     0: i_127/O (LUT3)
      [E:/bob_full_v1/hw/src/clb/clb.sv:60]
     1: i_127/O (LUT3)
---------------------------------------------------------------------------------
Finished Technology Mapping : Time (s): cpu = 00:01:25 ; elapsed = 00:01:33 . Memory (MB): peak = 1839.883 ; gain = 971.754
---------------------------------------------------------------------------------
---------------------------------------------------------------------------------
Start IO Insertion
---------------------------------------------------------------------------------
---------------------------------------------------------------------------------
Start Flattening Before IO Insertion
---------------------------------------------------------------------------------
---------------------------------------------------------------------------------
Finished Flattening Before IO Insertion
---------------------------------------------------------------------------------
---------------------------------------------------------------------------------
Start Final Netlist Cleanup
---------------------------------------------------------------------------------
---------------------------------------------------------------------------------
Finished Final Netlist Cleanup
---------------------------------------------------------------------------------
---------------------------------------------------------------------------------
Finished IO Insertion : Time (s): cpu = 00:01:31 ; elapsed = 00:01:40 . Memory (MB): peak = 2049.691 ; gain = 1181.562
---------------------------------------------------------------------------------
---------------------------------------------------------------------------------
Start Renaming Generated Instances
---------------------------------------------------------------------------------
---------------------------------------------------------------------------------
Finished Renaming Generated Instances : Time (s): cpu = 00:01:31 ; elapsed = 00:01:40 . Memory (MB): peak = 2049.691 ; gain = 1181.562
---------------------------------------------------------------------------------
---------------------------------------------------------------------------------
Start Rebuilding User Hierarchy
---------------------------------------------------------------------------------
---------------------------------------------------------------------------------
Finished Rebuilding User Hierarchy : Time (s): cpu = 00:01:36 ; elapsed = 00:01:45 . Memory (MB): peak = 2049.691 ; gain = 1181.562
---------------------------------------------------------------------------------
---------------------------------------------------------------------------------
Start Renaming Generated Ports
---------------------------------------------------------------------------------
---------------------------------------------------------------------------------
Finished Renaming Generated Ports : Time (s): cpu = 00:01:37 ; elapsed = 00:01:45 . Memory (MB): peak = 2049.691 ; gain = 1181.562
---------------------------------------------------------------------------------
---------------------------------------------------------------------------------
Start Handling Custom Attributes
---------------------------------------------------------------------------------
---------------------------------------------------------------------------------
Finished Handling Custom Attributes : Time (s): cpu = 00:01:37 ; elapsed = 00:01:45 . Memory (MB): peak = 2049.691 ; gain = 1181.562
---------------------------------------------------------------------------------
---------------------------------------------------------------------------------
Start Renaming Generated Nets
---------------------------------------------------------------------------------
---------------------------------------------------------------------------------
Finished Renaming Generated Nets : Time (s): cpu = 00:01:37 ; elapsed = 00:01:45 . Memory (MB): peak = 2049.691 ; gain = 1181.562
---------------------------------------------------------------------------------
---------------------------------------------------------------------------------
Start ROM, RAM, DSP, Shift Register and Retiming Reporting
---------------------------------------------------------------------------------

Static Shift Register Report:
+------------+---------------------------------+--------+-------+--------------+--------------------+-------------------+--------+---------+
|Module Name | RTL Name                        | Length | Width | Reset Signal | Pull out first Reg | Pull out last Reg | SRL16E | SRLC32E | 
+------------+---------------------------------+--------+-------+--------------+--------------------+-------------------+--------+---------+
|fpga4x4_top | u_core/u_tap/idcode_dr_reg[8]   | 4      | 1     | YES          | NO                 | YES               | 1      | 0       | 
|fpga4x4_top | u_core/u_tap/usercode_dr_reg[3] | 28     | 1     | YES          | NO                 | YES               | 0      | 1       | 
+------------+---------------------------------+--------+-------+--------------+--------------------+-------------------+--------+---------+

---------------------------------------------------------------------------------
Finished ROM, RAM, DSP, Shift Register and Retiming Reporting
---------------------------------------------------------------------------------
---------------------------------------------------------------------------------
Start Writing Synthesis Report
---------------------------------------------------------------------------------

Report BlackBoxes: 
+-+--------------+----------+
| |BlackBox name |Instances |
+-+--------------+----------+
+-+--------------+----------+

Report Cell Usage: 
+------+--------+------+
|      |Cell    |Count |
+------+--------+------+
|1     |BUFG    |     2|
|2     |CARRY4  |    25|
|3     |LUT1    |     4|
|4     |LUT2    |    15|
|5     |LUT3    |  3277|
|6     |LUT4    |   169|
|7     |LUT5    |   470|
|8     |LUT6    |  1882|
|9     |MUXF7   |   129|
|10    |MUXF8   |     1|
|11    |SRL16E  |     1|
|12    |SRLC32E |     1|
|13    |FDRE    |  6453|
|14    |FDSE    |    57|
|15    |IBUF    |    10|
|16    |OBUF    |     5|
+------+--------+------+
---------------------------------------------------------------------------------
Finished Writing Synthesis Report : Time (s): cpu = 00:01:37 ; elapsed = 00:01:46 . Memory (MB): peak = 2049.691 ; gain = 1181.562
---------------------------------------------------------------------------------
Synthesis finished with 0 errors, 1991 critical warnings and 899 warnings.
Synthesis Optimization Runtime : Time (s): cpu = 00:01:18 ; elapsed = 00:01:40 . Memory (MB): peak = 2049.691 ; gain = 1101.754
Synthesis Optimization Complete : Time (s): cpu = 00:01:38 ; elapsed = 00:01:46 . Memory (MB): peak = 2049.691 ; gain = 1181.562
INFO: [Project 1-571] Translating synthesized netlist
Netlist sorting complete. Time (s): cpu = 00:00:00 ; elapsed = 00:00:00.158 . Memory (MB): peak = 2049.691 ; gain = 0.000
INFO: [Netlist 29-17] Analyzing 155 Unisim elements for replacement
INFO: [Netlist 29-28] Unisim Transformation completed in 0 CPU seconds
INFO: [Project 1-570] Preparing netlist for logic optimization
INFO: [Opt 31-138] Pushed 0 inverter(s) to 0 load pin(s).
Netlist sorting complete. Time (s): cpu = 00:00:00 ; elapsed = 00:00:00.003 . Memory (MB): peak = 2065.020 ; gain = 0.000
INFO: [Project 1-111] Unisim Transformation Summary:
No Unisim elements were transformed.

Synth Design complete | Checksum: a093bc41
INFO: [Common 17-83] Releasing license: Synthesis
60 Infos, 102 Warnings, 100 Critical Warnings and 0 Errors encountered.
synth_design completed successfully
synth_design: Time (s): cpu = 00:01:49 ; elapsed = 00:02:02 . Memory (MB): peak = 2065.020 ; gain = 1426.742
INFO: [runtcl-6] Synthesis results are not added to the cache due to CRITICAL_WARNING
Write ShapeDB Complete: Time (s): cpu = 00:00:00 ; elapsed = 00:00:00.037 . Memory (MB): peak = 2065.020 ; gain = 0.000
INFO: [Common 17-1381] The checkpoint 'E:/bob_full_v1/bob_vivado/bob.runs/synth_1/fpga4x4_top.dcp' has been generated.
INFO: [Vivado 12-24828] Executing command : report_utilization -file fpga4x4_top_utilization_synth.rpt -pb fpga4x4_top_utilization_synth.pb
INFO: [Common 17-206] Exiting Vivado at Mon Sep 14 07:39:44 2026...
