Copyright 1986-2022 Xilinx, Inc. All Rights Reserved. Copyright 2022-2025 Advanced Micro Devices, Inc. All Rights Reserved.
---------------------------------------------------------------------------------------------------------------------------------------------
| Tool Version : Vivado v.2025.2 (win64) Build 6299465 Fri Nov 14 19:35:11 GMT 2025
| Date         : Fri Sep 18 11:56:34 2026
| Host         : SARAVANB423 running 64-bit major release  (build 9200)
| Command      : report_timing_summary -file E:/bob_full_v1/timing.rpt
| Design       : bob_top
| Device       : 7z020-clg400
| Speed File   : -1  PRODUCTION 1.12 2019-11-22
| Design State : Routed
---------------------------------------------------------------------------------------------------------------------------------------------

Timing Summary Report

------------------------------------------------------------------------------------------------
| Timer Settings
| --------------
------------------------------------------------------------------------------------------------

  Enable Multi Corner Analysis               :  Yes
  Enable Pessimism Removal                   :  Yes
  Pessimism Removal Resolution               :  Nearest Common Node
  Enable Input Delay Default Clock           :  No
  Enable Preset / Clear Arcs                 :  No
  Disable Flight Delays                      :  No
  Ignore I/O Paths                           :  No
  Timing Early Launch at Borrowing Latches   :  No
  Borrow Time for Max Delay Exceptions       :  Yes
  Merge Timing Exceptions                    :  Yes
  Inter-SLR Compensation                     :  Conservative

  Corner  Analyze    Analyze    
  Name    Max Paths  Min Paths  
  ------  ---------  ---------  
  Slow    Yes        Yes        
  Fast    Yes        Yes        


------------------------------------------------------------------------------------------------
| Report Methodology
| ------------------
------------------------------------------------------------------------------------------------

No report available as report_methodology has not been run prior. Run report_methodology on the current design for the summary of methodology violations.



check_timing report

Table of Contents
-----------------
1. checking no_clock (0)
2. checking constant_clock (0)
3. checking pulse_width_clock (0)
4. checking unconstrained_internal_endpoints (0)
5. checking no_input_delay (6)
6. checking no_output_delay (4)
7. checking multiple_clock (0)
8. checking generated_clocks (0)
9. checking loops (7247)
10. checking partial_input_delay (0)
11. checking partial_output_delay (0)
12. checking latch_loops (0)

1. checking no_clock (0)
------------------------
 There are 0 register/latch pins with no clock.


2. checking constant_clock (0)
------------------------------
 There are 0 register/latch pins with constant_clock.


3. checking pulse_width_clock (0)
---------------------------------
 There are 0 register/latch pins which need pulse_width check


4. checking unconstrained_internal_endpoints (0)
------------------------------------------------
 There are 0 pins that are not constrained for maximum delay.

 There are 0 pins that are not constrained for maximum delay due to constant clock.


5. checking no_input_delay (6)
------------------------------
 There are 0 input ports with no input delay specified.

 There are 6 input ports with no input delay but user has a false path constraint. (MEDIUM)


6. checking no_output_delay (4)
-------------------------------
 There are 0 ports with no output delay specified.

 There are 4 ports with no output delay but user has a false path constraint (MEDIUM)

 There are 0 ports with no output delay but with a timing clock defined on it or propagating through it


7. checking multiple_clock (0)
------------------------------
 There are 0 register/latch pins with multiple clocks.


8. checking generated_clocks (0)
--------------------------------
 There are 0 generated clocks that are not connected to a clock source.


9. checking loops (7247)
------------------------
 There are 7247 combinational loops in the design. (HIGH)


10. checking partial_input_delay (0)
------------------------------------
 There are 0 input ports with partial input delay specified.


11. checking partial_output_delay (0)
-------------------------------------
 There are 0 ports with partial output delay specified.


12. checking latch_loops (0)
----------------------------
 There are 0 combinational latch loops in the design through latch input



------------------------------------------------------------------------------------------------
| Design Timing Summary
| ---------------------
------------------------------------------------------------------------------------------------

    WNS(ns)      TNS(ns)  TNS Failing Endpoints  TNS Total Endpoints      WHS(ns)      THS(ns)  THS Failing Endpoints  THS Total Endpoints     WPWS(ns)     TPWS(ns)  TPWS Failing Endpoints  TPWS Total Endpoints  
    -------      -------  ---------------------  -------------------      -------      -------  ---------------------  -------------------     --------     --------  ----------------------  --------------------  
      0.667        0.000                      0                62692        0.112        0.000                      0                62692        3.500        0.000                       0                 21520  


All user specified timing constraints are met.


------------------------------------------------------------------------------------------------
| Clock Summary
| -------------
------------------------------------------------------------------------------------------------

Clock   Waveform(ns)           Period(ns)      Frequency(MHz)
-----   ------------           ----------      --------------
sysclk  {0.000 4.000}          8.000           125.000         
tck     {0.000 5000.000}       10000.000       0.100           


------------------------------------------------------------------------------------------------
| Intra Clock Table
| -----------------
------------------------------------------------------------------------------------------------

Clock             WNS(ns)      TNS(ns)  TNS Failing Endpoints  TNS Total Endpoints      WHS(ns)      THS(ns)  THS Failing Endpoints  THS Total Endpoints     WPWS(ns)     TPWS(ns)  TPWS Failing Endpoints  TPWS Total Endpoints  
-----             -------      -------  ---------------------  -------------------      -------      -------  ---------------------  -------------------     --------     --------  ----------------------  --------------------  
sysclk              0.667        0.000                      0                 2604        0.119        0.000                      0                 2604        3.500        0.000                       0                  1113  
tck              1454.874        0.000                      0                60088        0.112        0.000                      0                60088     4999.020        0.000                       0                 20407  


------------------------------------------------------------------------------------------------
| Inter Clock Table
| -----------------
------------------------------------------------------------------------------------------------

From Clock    To Clock          WNS(ns)      TNS(ns)  TNS Failing Endpoints  TNS Total Endpoints      WHS(ns)      THS(ns)  THS Failing Endpoints  THS Total Endpoints  
----------    --------          -------      -------  ---------------------  -------------------      -------      -------  ---------------------  -------------------  


------------------------------------------------------------------------------------------------
| Other Path Groups Table
| -----------------------
------------------------------------------------------------------------------------------------

Path Group    From Clock    To Clock          WNS(ns)      TNS(ns)  TNS Failing Endpoints  TNS Total Endpoints      WHS(ns)      THS(ns)  THS Failing Endpoints  THS Total Endpoints  
----------    ----------    --------          -------      -------  ---------------------  -------------------      -------      -------  ---------------------  -------------------  


------------------------------------------------------------------------------------------------
| Timing Details
| --------------
------------------------------------------------------------------------------------------------


---------------------------------------------------------------------------------------------------
From Clock:  sysclk
  To Clock:  sysclk

Setup :            0  Failing Endpoints,  Worst Slack        0.667ns,  Total Violation        0.000ns
Hold  :            0  Failing Endpoints,  Worst Slack        0.119ns,  Total Violation        0.000ns
PW    :            0  Failing Endpoints,  Worst Slack        3.500ns,  Total Violation        0.000ns
---------------------------------------------------------------------------------------------------


Max Delay Paths
--------------------------------------------------------------------------------------
Slack (MET) :             0.667ns  (required time - arrival time)
  Source:                 u_core/u_fabric/u_bram0/u_core/mem_reg/CLKARDCLK
                            (rising edge-triggered cell RAMB18E1 clocked by sysclk  {rise@0.000ns fall@4.000ns period=8.000ns})
  Destination:            u_core/u_bram_jtag/bf_rdata_reg[2]/D
                            (rising edge-triggered cell FDRE clocked by sysclk  {rise@0.000ns fall@4.000ns period=8.000ns})
  Path Group:             sysclk
  Path Type:              Setup (Max at Slow Process Corner)
  Requirement:            8.000ns  (sysclk rise@8.000ns - sysclk rise@0.000ns)
  Data Path Delay:        6.983ns  (logic 3.212ns (45.998%)  route 3.771ns (54.002%))
  Logic Levels:           4  (LUT2=1 LUT5=2 MUXF7=1)
  Clock Path Skew:        -0.027ns (DCD - SCD + CPR)
    Destination Clock Delay (DCD):    5.457ns = ( 13.457 - 8.000 ) 
    Source Clock Delay      (SCD):    5.908ns
    Clock Pessimism Removal (CPR):    0.424ns
  Clock Uncertainty:      0.035ns  ((TSJ^2 + TIJ^2)^1/2 + DJ) / 2 + PE
    Total System Jitter     (TSJ):    0.071ns
    Total Input Jitter      (TIJ):    0.000ns
    Discrete Jitter          (DJ):    0.000ns
    Phase Error              (PE):    0.000ns
  Timing Exception:       MultiCycle Path   Setup -end   1

    Location             Delay type                Incr(ns)  Path(ns)    Netlist Resource(s)
  -------------------------------------------------------------------    -------------------
                         (clock sysclk rise edge)     0.000     0.000 r  
    H16                                               0.000     0.000 r  sysclk (IN)
                         net (fo=0)                   0.000     0.000    sysclk
    H16                  IBUF (Prop_ibuf_I_O)         1.451     1.451 r  sysclk_IBUF_inst/O
                         net (fo=1, routed)           2.522     3.973    sysclk_IBUF
    BUFGCTRL_X0Y17       BUFG (Prop_bufg_I_O)         0.101     4.074 r  bufg_sysclk/O
                         net (fo=1112, routed)        1.834     5.908    u_core/u_fabric/u_bram0/u_core/sysclk_g
    RAMB18_X4Y12         RAMB18E1                                     r  u_core/u_fabric/u_bram0/u_core/mem_reg/CLKARDCLK
  -------------------------------------------------------------------    -------------------
    RAMB18_X4Y12         RAMB18E1 (Prop_ramb18e1_CLKARDCLK_DOADO[0])
                                                      2.454     8.362 r  u_core/u_fabric/u_bram0/u_core/mem_reg/DOADO[0]
                         net (fo=7, routed)           1.282     9.644    u_core/u_fabric/u_bram0/u_core/DOADO[0]
    SLICE_X87Y32         LUT5 (Prop_lut5_I0_O)        0.124     9.768 r  u_core/u_fabric/u_bram0/u_core/bf_rdata[64]_i_5/O
                         net (fo=2, routed)           0.690    10.458    u_core/u_bram_jtag/bf_rdata_reg[56]_i_2_0
    SLICE_X93Y33         LUT5 (Prop_lut5_I4_O)        0.124    10.582 r  u_core/u_bram_jtag/bf_rdata[56]_i_4/O
                         net (fo=1, routed)           0.000    10.582    u_core/u_bram_jtag/bf_rdata[56]_i_4_n_0
    SLICE_X93Y33         MUXF7 (Prop_muxf7_I1_O)      0.217    10.799 r  u_core/u_bram_jtag/bf_rdata_reg[56]_i_2/O
                         net (fo=2, routed)           1.173    11.972    u_core/u_bram_jtag/bf_rdata_reg[56]_i_2_n_0
    SLICE_X106Y32        LUT2 (Prop_lut2_I0_O)        0.293    12.265 r  u_core/u_bram_jtag/bf_rdata[38]_i_1/O
                         net (fo=2, routed)           0.626    12.891    u_core/u_bram_jtag/bf_rdata[38]_i_1_n_0
    SLICE_X107Y32        FDRE                                         r  u_core/u_bram_jtag/bf_rdata_reg[2]/D
  -------------------------------------------------------------------    -------------------

                         (clock sysclk rise edge)     8.000     8.000 r  
    H16                                               0.000     8.000 r  sysclk (IN)
                         net (fo=0)                   0.000     8.000    sysclk
    H16                  IBUF (Prop_ibuf_I_O)         1.380     9.380 r  sysclk_IBUF_inst/O
                         net (fo=1, routed)           2.293    11.673    sysclk_IBUF
    BUFGCTRL_X0Y17       BUFG (Prop_bufg_I_O)         0.091    11.764 r  bufg_sysclk/O
                         net (fo=1112, routed)        1.692    13.457    u_core/u_bram_jtag/sysclk_g
    SLICE_X107Y32        FDRE                                         r  u_core/u_bram_jtag/bf_rdata_reg[2]/C
                         clock pessimism              0.424    13.881    
                         clock uncertainty           -0.035    13.845    
    SLICE_X107Y32        FDRE (Setup_fdre_C_D)       -0.287    13.558    u_core/u_bram_jtag/bf_rdata_reg[2]
  -------------------------------------------------------------------
                         required time                         13.558    
                         arrival time                         -12.891    
  -------------------------------------------------------------------
                         slack                                  0.667    





Min Delay Paths
--------------------------------------------------------------------------------------
Slack (MET) :             0.119ns  (arrival time - required time)
  Source:                 u_core/u_clk/div_m0_reg[4]/C
                            (rising edge-triggered cell FDRE clocked by sysclk  {rise@0.000ns fall@4.000ns period=8.000ns})
  Destination:            u_core/u_clk/div_m1_reg[4]/D
                            (rising edge-triggered cell FDRE clocked by sysclk  {rise@0.000ns fall@4.000ns period=8.000ns})
  Path Group:             sysclk
  Path Type:              Hold (Min at Fast Process Corner)
  Requirement:            0.000ns  (sysclk rise@0.000ns - sysclk rise@0.000ns)
  Data Path Delay:        0.197ns  (logic 0.141ns (71.611%)  route 0.056ns (28.389%))
  Logic Levels:           0  
  Clock Path Skew:        0.000ns (DCD - SCD - CPR)
    Destination Clock Delay (DCD):    2.243ns
    Source Clock Delay      (SCD):    1.718ns
    Clock Pessimism Removal (CPR):    0.525ns
  Timing Exception:       MultiCycle Path   Setup -end   1    Hold  -start 0

    Location             Delay type                Incr(ns)  Path(ns)    Netlist Resource(s)
  -------------------------------------------------------------------    -------------------
                         (clock sysclk rise edge)     0.000     0.000 r  
    H16                                               0.000     0.000 r  sysclk (IN)
                         net (fo=0)                   0.000     0.000    sysclk
    H16                  IBUF (Prop_ibuf_I_O)         0.219     0.219 r  sysclk_IBUF_inst/O
                         net (fo=1, routed)           0.842     1.060    sysclk_IBUF
    BUFGCTRL_X0Y17       BUFG (Prop_bufg_I_O)         0.026     1.086 r  bufg_sysclk/O
                         net (fo=1112, routed)        0.632     1.718    u_core/u_clk/sysclk_g
    SLICE_X111Y21        FDRE                                         r  u_core/u_clk/div_m0_reg[4]/C
  -------------------------------------------------------------------    -------------------
    SLICE_X111Y21        FDRE (Prop_fdre_C_Q)         0.141     1.859 r  u_core/u_clk/div_m0_reg[4]/Q
                         net (fo=1, routed)           0.056     1.915    u_core/u_clk/div_m0[4]
    SLICE_X111Y21        FDRE                                         r  u_core/u_clk/div_m1_reg[4]/D
  -------------------------------------------------------------------    -------------------

                         (clock sysclk rise edge)     0.000     0.000 r  
    H16                                               0.000     0.000 r  sysclk (IN)
                         net (fo=0)                   0.000     0.000    sysclk
    H16                  IBUF (Prop_ibuf_I_O)         0.406     0.406 r  sysclk_IBUF_inst/O
                         net (fo=1, routed)           0.907     1.313    sysclk_IBUF
    BUFGCTRL_X0Y17       BUFG (Prop_bufg_I_O)         0.029     1.342 r  bufg_sysclk/O
                         net (fo=1112, routed)        0.901     2.243    u_core/u_clk/sysclk_g
    SLICE_X111Y21        FDRE                                         r  u_core/u_clk/div_m1_reg[4]/C
                         clock pessimism             -0.525     1.718    
    SLICE_X111Y21        FDRE (Hold_fdre_C_D)         0.078     1.796    u_core/u_clk/div_m1_reg[4]
  -------------------------------------------------------------------
                         required time                         -1.796    
                         arrival time                           1.915    
  -------------------------------------------------------------------
                         slack                                  0.119    





Pulse Width Checks
--------------------------------------------------------------------------------------
Clock Name:         sysclk
Waveform(ns):       { 0.000 4.000 }
Period(ns):         8.000
Sources:            { sysclk }

Check Type        Corner  Lib Pin             Reference Pin  Required(ns)  Actual(ns)  Slack(ns)  Location      Pin
Min Period        n/a     RAMB18E1/CLKARDCLK  n/a            2.944         8.000       5.056      RAMB18_X4Y12  u_core/u_fabric/u_bram0/u_core/mem_reg/CLKARDCLK
Low Pulse Width   Slow    FDRE/C              n/a            0.500         4.000       3.500      SLICE_X69Y29  hold_qb_reg[0]_i_4/C
High Pulse Width  Slow    FDRE/C              n/a            0.500         4.000       3.500      SLICE_X69Y29  hold_qb_reg[0]_i_4/C



---------------------------------------------------------------------------------------------------
From Clock:  tck
  To Clock:  tck

Setup :            0  Failing Endpoints,  Worst Slack     1454.874ns,  Total Violation        0.000ns
Hold  :            0  Failing Endpoints,  Worst Slack        0.112ns,  Total Violation        0.000ns
PW    :            0  Failing Endpoints,  Worst Slack     4999.020ns,  Total Violation        0.000ns
---------------------------------------------------------------------------------------------------


Max Delay Paths
--------------------------------------------------------------------------------------
Slack (MET) :             1454.874ns  (required time - arrival time)
  Source:                 u_core/u_tap/ir_reg[4]/C
                            (falling edge-triggered cell FDRE clocked by tck  {rise@0.000ns fall@5000.000ns period=10000.000ns})
  Destination:            u_core/u_cap/sr_reg[78]/D
                            (rising edge-triggered cell FDRE clocked by tck  {rise@0.000ns fall@5000.000ns period=10000.000ns})
  Path Group:             tck
  Path Type:              Setup (Max at Slow Process Corner)
  Requirement:            5000.000ns  (tck rise@10000.000ns - tck fall@5000.000ns)
  Data Path Delay:        3544.919ns  (logic 758.295ns (21.391%)  route 2786.420ns (78.603%))
  Logic Levels:           4229  (CARRY4=100 DSP48E1=29 LUT2=9 LUT3=313 LUT4=247 LUT5=1619 LUT6=1572 MUXF7=306 MUXF8=34)
  Clock Path Skew:        -0.202ns (DCD - SCD + CPR)
    Destination Clock Delay (DCD):    5.060ns = ( 10005.061 - 10000.000 ) 
    Source Clock Delay      (SCD):    5.657ns = ( 5005.657 - 5000.000 ) 
    Clock Pessimism Removal (CPR):    0.394ns
  Clock Uncertainty:      0.035ns  ((TSJ^2 + TIJ^2)^1/2 + DJ) / 2 + PE
    Total System Jitter     (TSJ):    0.071ns
    Total Input Jitter      (TIJ):    0.000ns
    Discrete Jitter          (DJ):    0.000ns
    Phase Error              (PE):    0.000ns

    Location             Delay type                Incr(ns)  Path(ns)    Netlist Resource(s)
  -------------------------------------------------------------------    -------------------
                         (clock tck fall edge)     5000.000  5000.000 f  
    U18                                               0.000  5000.000 f  tck (IN)
                         net (fo=0)                   0.000  5000.000    tck
    U18                  IBUF (Prop_ibuf_I_O)         1.498  5001.499 f  tck_IBUF_inst/O
                         net (fo=1, routed)           2.205  5003.704    tck_IBUF
    BUFGCTRL_X0Y16       BUFG (Prop_bufg_I_O)         0.101  5003.805 f  bufg_tck/O
                         net (fo=20407, routed)       1.852  5005.657    u_core/u_tap/tck_g
    SLICE_X108Y68        FDRE                                         r  u_core/u_tap/ir_reg[4]/C  (IS_INVERTED)
  -------------------------------------------------------------------    -------------------
    SLICE_X108Y68        FDRE (Prop_fdre_C_Q)         0.484  5006.141 f  u_core/u_tap/ir_reg[4]/Q
                         net (fo=15, routed)          1.203  5007.344    u_core/u_tap/ir_reg_n_0_[4]
    SLICE_X106Y64        LUT6 (Prop_lut6_I5_O)        0.295  5007.639 r  u_core/u_tap/led_OBUF[2]_inst_i_2/O
                         net (fo=82, routed)          2.190  5009.828    u_core/g_bsr[60].u_cell/bsr_mode
    SLICE_X85Y36         LUT3 (Prop_lut3_I1_O)        0.124  5009.952 r  u_core/g_bsr[60].u_cell/i___421_1_i_4/O
                         net (fo=3, routed)           1.680  5011.632    u_core/u_fabric/fab_pad_in[4]
    SLICE_X95Y5          LUT6 (Prop_lut6_I5_O)        0.124  5011.756 r  u_core/u_fabric/i___421_1_i_1__0/O
                         net (fo=1, routed)           0.716  5012.472    u_core/u_fabric/i___421_1_i_1__0_n_0
    SLICE_X95Y7          LUT6 (Prop_lut6_I2_O)        0.124  5012.596 r  u_core/u_fabric/i___421_1__0/O
                         net (fo=1, routed)           0.426  5013.022    u_core/u_store/user_dr[14]_i_4
    SLICE_X98Y7          LUT5 (Prop_lut5_I1_O)        0.124  5013.146 r  u_core/u_store/user_dr[14]_i_5/O
                         net (fo=1, routed)           0.303  5013.449    u_core/u_fabric/u_clb_x2y10/t_111
    SLICE_X98Y6          LUT5 (Prop_lut5_I0_O)        0.124  5013.573 r  u_core/u_fabric/u_clb_x2y10/user_dr[14]_i_4/O
                         net (fo=1, routed)           0.579  5014.152    u_core/u_fabric/u_clb_x2y10/u_clb_x1y2/t_123
    SLICE_X97Y6          LUT5 (Prop_lut5_I0_O)        0.124  5014.276 r  u_core/u_fabric/u_clb_x2y10/user_dr[14]_i_3/O
                         net (fo=2, routed)           0.878  5015.154    u_core/u_fabric/u_clb_x1y2/lut_o6_8
    SLICE_X94Y9          LUT6 (Prop_lut6_I3_O)        0.124  5015.278 r  u_core/u_fabric/u_clb_x1y2/user_dr[14]_i_2/O
                         net (fo=4, routed)           0.878  5016.156    u_core/u_fabric/clb_o[6]
    SLICE_X84Y9          LUT6 (Prop_lut6_I5_O)        0.124  5016.280 r  u_core/u_fabric/i___115_i_15/O
                         net (fo=2, routed)           0.765  5017.045    u_core/u_fabric/i___115_i_15_n_0
    SLICE_X87Y11         LUT5 (Prop_lut5_I4_O)        0.124  5017.169 r  u_core/u_fabric/i___115_i_9/O
                         net (fo=1, routed)           0.578  5017.747    u_core/u_fabric/i___115_i_9_n_0
    SLICE_X88Y15         LUT5 (Prop_lut5_I2_O)        0.124  5017.871 r  u_core/u_fabric/i___115_i_4/O
                         net (fo=9, routed)           2.312  5020.183    u_core/u_fabric/r4284
    SLICE_X22Y26         LUT4 (Prop_lut4_I3_O)        0.124  5020.307 r  u_core/u_fabric/i___182_i_3/O
                         net (fo=6, routed)           0.978  5021.284    u_core/u_fabric/r5848
    SLICE_X20Y15         LUT6 (Prop_lut6_I4_O)        0.124  5021.408 r  u_core/u_fabric/i___182/O
                         net (fo=2, routed)           0.510  5021.918    u_core/u_fabric/i___182_n_0
    SLICE_X20Y16         LUT3 (Prop_lut3_I0_O)        0.124  5022.042 r  u_core/u_fabric/i___193_i_2/O
                         net (fo=13, routed)          0.941  5022.984    u_core/u_fabric/r5856
    SLICE_X22Y29         LUT6 (Prop_lut6_I5_O)        0.124  5023.108 r  u_core/u_fabric/i___40_i_31/O
                         net (fo=1, routed)           0.689  5023.797    u_core/u_fabric/i___40_i_31_n_0
    SLICE_X22Y29         LUT5 (Prop_lut5_I4_O)        0.124  5023.921 r  u_core/u_fabric/i___40_i_23/O
                         net (fo=2, routed)           0.455  5024.376    u_core/u_fabric/i___40_i_23_n_0
    SLICE_X22Y31         LUT5 (Prop_lut5_I2_O)        0.124  5024.500 r  u_core/u_fabric/i___199_i_18/O
                         net (fo=1, routed)           0.923  5025.423    u_core/u_fabric/i___199_i_18_n_0
    SLICE_X33Y31         LUT5 (Prop_lut5_I2_O)        0.124  5025.547 r  u_core/u_fabric/i___199_i_15/O
                         net (fo=1, routed)           0.151  5025.699    u_core/u_fabric/i___199_i_15_n_0
    SLICE_X33Y31         LUT6 (Prop_lut6_I0_O)        0.124  5025.823 r  u_core/u_fabric/i___199_i_10/O
                         net (fo=1, routed)           0.809  5026.632    u_core/u_store/r4757
    SLICE_X20Y31         LUT6 (Prop_lut6_I4_O)        0.124  5026.756 r  u_core/u_store/i___199_i_6/O
                         net (fo=1, routed)           0.466  5027.222    u_core/u_fabric/i___171_i_17
    SLICE_X20Y31         LUT5 (Prop_lut5_I2_O)        0.124  5027.346 r  u_core/u_fabric/i___199_i_2/O
                         net (fo=15, routed)          0.674  5028.020    u_core/u_fabric/r5913
    SLICE_X16Y31         LUT4 (Prop_lut4_I3_O)        0.124  5028.144 r  u_core/u_fabric/q_i_33__6__0/O
                         net (fo=1, routed)           0.165  5028.309    u_core/u_fabric/q_i_33__6__0_n_0
    SLICE_X16Y31         LUT6 (Prop_lut6_I5_O)        0.124  5028.433 r  u_core/u_fabric/q_i_18__14/O
                         net (fo=17, routed)          1.100  5029.533    u_core/u_store/r1748
    SLICE_X27Y39         LUT6 (Prop_lut6_I4_O)        0.124  5029.657 r  u_core/u_store/q_i_46__16/O
                         net (fo=1, routed)           0.000  5029.657    u_core/u_store/u_fabric/u_clb_x7y4/t_109
    SLICE_X27Y39         MUXF7 (Prop_muxf7_I1_O)      0.217  5029.874 r  u_core/u_store/q_reg_i_37__4/O
                         net (fo=1, routed)           0.299  5030.173    u_core/u_fabric/u_dsp1/u_core/t_118_224
    SLICE_X27Y38         LUT6 (Prop_lut6_I5_O)        0.299  5030.472 r  u_core/u_fabric/u_dsp1/u_core/q_i_18__11/O
                         net (fo=1, routed)           0.403  5030.875    u_core/u_fabric/u_dsp1/u_core/u_clb_x7y4/t_123
    SLICE_X27Y38         LUT5 (Prop_lut5_I0_O)        0.124  5030.999 r  u_core/u_fabric/u_dsp1/u_core/q_i_8__25/O
                         net (fo=3, routed)           0.466  5031.465    u_core/u_fabric/u_dsp1/u_core/lut_o6_26
    SLICE_X30Y39         LUT5 (Prop_lut5_I1_O)        0.124  5031.589 r  u_core/u_fabric/u_dsp1/u_core/q_i_6__31/O
                         net (fo=2, routed)           0.454  5032.042    u_core/u_fabric/u_clb_x7y5/cy_sum_38
    SLICE_X28Y37         LUT5 (Prop_lut5_I2_O)        0.124  5032.167 r  u_core/u_fabric/u_clb_x7y5/sr[45]_i_2/O
                         net (fo=3, routed)           1.207  5033.374    u_core/u_fabric/clb_o[17]
    SLICE_X53Y38         LUT5 (Prop_lut5_I1_O)        0.124  5033.498 r  u_core/u_fabric/i___212_i_6/O
                         net (fo=1, routed)           0.000  5033.498    u_core/u_fabric/i___212_i_6_n_0
    SLICE_X53Y38         MUXF7 (Prop_muxf7_I0_O)      0.212  5033.710 r  u_core/u_fabric/i___212_i_5/O
                         net (fo=1, routed)           0.559  5034.269    u_core/u_fabric/i___212_i_5_n_0
    SLICE_X54Y40         LUT6 (Prop_lut6_I5_O)        0.299  5034.568 r  u_core/u_fabric/i___212_i_3/O
                         net (fo=19, routed)          1.194  5035.762    u_core/u_fabric/u_clb_x7y6/c_q[40]_i_2_0
    SLICE_X62Y57         LUT6 (Prop_lut6_I3_O)        0.124  5035.886 r  u_core/u_fabric/u_clb_x7y6/c_q[40]_i_5/O
                         net (fo=1, routed)           0.303  5036.189    u_core/u_fabric/u_clb_x7y6_n_1
    SLICE_X62Y58         LUT5 (Prop_lut5_I2_O)        0.124  5036.313 r  u_core/u_fabric/c_q[40]_i_2/O
                         net (fo=16, routed)          0.497  5036.810    u_core/u_fabric/u_dsp1/u_core/d_q[22]_i_2__0
    SLICE_X56Y59         LUT6 (Prop_lut6_I5_O)        0.124  5036.934 r  u_core/u_fabric/u_dsp1/u_core/d_q[22]_i_4/O
                         net (fo=1, routed)           0.158  5037.092    u_core/u_fabric/u_dsp1_n_84
    SLICE_X56Y59         LUT5 (Prop_lut5_I2_O)        0.124  5037.216 r  u_core/u_fabric/d_q[22]_i_2__0/O
                         net (fo=15, routed)          0.509  5037.725    u_core/u_fabric/u_dsp1/u_core/d_q[23]_i_2__0
    SLICE_X64Y61         LUT6 (Prop_lut6_I0_O)        0.124  5037.849 r  u_core/u_fabric/u_dsp1/u_core/d_q[23]_i_5__0/O
                         net (fo=1, routed)           0.279  5038.128    u_core/u_fabric/u_dsp1_n_79
    SLICE_X64Y61         LUT5 (Prop_lut5_I2_O)        0.124  5038.252 r  u_core/u_fabric/d_q[23]_i_2__0/O
                         net (fo=16, routed)          1.329  5039.582    u_core/u_fabric/u_dsp1/u_core/i___345
    SLICE_X43Y64         LUT6 (Prop_lut6_I3_O)        0.124  5039.706 r  u_core/u_fabric/u_dsp1/u_core/i___345_i_2/O
                         net (fo=2, routed)           0.433  5040.139    u_core/u_fabric/u_dsp1_n_81
    SLICE_X43Y64         LUT6 (Prop_lut6_I2_O)        0.124  5040.263 r  u_core/u_fabric/i___345/O
                         net (fo=2, routed)           1.032  5041.294    u_core/u_store/q_i_16__24
    SLICE_X43Y83         LUT6 (Prop_lut6_I1_O)        0.124  5041.418 r  u_core/u_store/q_i_26__31/O
                         net (fo=2, routed)           0.000  5041.418    u_core/u_store/t_78_487
    SLICE_X43Y83         MUXF7 (Prop_muxf7_I0_O)      0.212  5041.630 r  u_core/u_store/i___388_1_i_10/O
                         net (fo=1, routed)           0.436  5042.067    u_core/u_store/u_fabric/u_clb_x9y8/t_103
    SLICE_X43Y83         LUT5 (Prop_lut5_I0_O)        0.299  5042.366 r  u_core/u_store/i___388_1_i_9/O
                         net (fo=1, routed)           0.777  5043.143    u_core/u_fabric/t_121_563
    SLICE_X42Y75         LUT6 (Prop_lut6_I5_O)        0.124  5043.267 r  u_core/u_fabric/i___388_1_i_8/O
                         net (fo=1, routed)           0.503  5043.770    u_core/u_fabric/i___388_1_i_8_n_0
    SLICE_X42Y75         LUT5 (Prop_lut5_I4_O)        0.124  5043.894 r  u_core/u_fabric/i___388_1_i_6/O
                         net (fo=2, routed)           0.875  5044.769    u_core/u_fabric/r5193
    SLICE_X50Y65         LUT5 (Prop_lut5_I1_O)        0.124  5044.893 r  u_core/u_fabric/i___388_1_i_5/O
                         net (fo=1, routed)           0.162  5045.055    u_core/u_fabric/i___388_1_i_5_n_0
    SLICE_X50Y65         LUT5 (Prop_lut5_I4_O)        0.124  5045.179 r  u_core/u_fabric/i___388_1_i_2/O
                         net (fo=9, routed)           1.110  5046.289    u_core/u_fabric/r6132
    SLICE_X58Y56         LUT5 (Prop_lut5_I4_O)        0.124  5046.413 r  u_core/u_fabric/c_q[2]_i_5/O
                         net (fo=1, routed)           0.452  5046.865    u_core/u_fabric/c_q[2]_i_5_n_0
    SLICE_X58Y56         LUT5 (Prop_lut5_I0_O)        0.124  5046.989 r  u_core/u_fabric/c_q[2]_i_3/O
                         net (fo=5, routed)           0.604  5047.593    u_core/u_fabric/r6134
    SLICE_X62Y54         LUT5 (Prop_lut5_I4_O)        0.124  5047.717 r  u_core/u_fabric/i___453_0_i_6/O
                         net (fo=1, routed)           0.519  5048.236    u_core/u_fabric/i___453_0_i_6_n_0
    SLICE_X64Y54         LUT5 (Prop_lut5_I0_O)        0.124  5048.360 r  u_core/u_fabric/i___453_0_i_2/O
                         net (fo=13, routed)          1.173  5049.533    u_core/u_fabric/r5393
    SLICE_X47Y43         LUT6 (Prop_lut6_I5_O)        0.124  5049.657 r  u_core/u_fabric/i___453_1/O
                         net (fo=1, routed)           0.606  5050.263    u_core/u_fabric/i___453_1_n_0
    SLICE_X50Y42         LUT6 (Prop_lut6_I2_O)        0.124  5050.387 r  u_core/u_fabric/i___235_i_2/O
                         net (fo=14, routed)          0.857  5051.244    u_core/u_fabric/r5959
    SLICE_X42Y49         LUT6 (Prop_lut6_I5_O)        0.124  5051.368 r  u_core/u_fabric/i___451_1_i_8/O
                         net (fo=9, routed)           0.823  5052.191    u_core/u_fabric/u_dsp1/u_core/r3830
    SLICE_X55Y53         MUXF8 (Prop_muxf8_S_O)       0.273  5052.464 r  u_core/u_fabric/u_dsp1/u_core/i___451_1_i_3/O
                         net (fo=1, routed)           0.512  5052.976    u_core/u_fabric/u_dsp1/u_core/u_clb_x7y9/t_115
    SLICE_X52Y53         LUT5 (Prop_lut5_I0_O)        0.316  5053.292 r  u_core/u_fabric/u_dsp1/u_core/i___451_1_i_2/O
                         net (fo=6, routed)           0.517  5053.809    u_core/u_fabric/u_dsp1/u_core/g_frame[82].cfg_reg[10546]
    SLICE_X49Y57         LUT5 (Prop_lut5_I4_O)        0.124  5053.933 r  u_core/u_fabric/u_dsp1/u_core/q_i_9__20/O
                         net (fo=2, routed)           0.443  5054.375    u_core/u_fabric/u_dsp1/u_core/lut_o6_67
    SLICE_X49Y54         LUT5 (Prop_lut5_I4_O)        0.124  5054.499 r  u_core/u_fabric/u_dsp1/u_core/q_i_3__71/O
                         net (fo=3, routed)           0.445  5054.944    u_core/u_fabric/u_clb_x7y9/comb_66
    SLICE_X49Y54         LUT3 (Prop_lut3_I2_O)        0.150  5055.094 r  u_core/u_fabric/u_clb_x7y9/sr[85]_i_2/O
                         net (fo=3, routed)           0.967  5056.061    u_core/u_fabric/clb_o[25]
    SLICE_X53Y47         LUT5 (Prop_lut5_I1_O)        0.326  5056.387 r  u_core/u_fabric/i___33_i_5/O
                         net (fo=1, routed)           0.719  5057.106    u_core/u_fabric/i___33_i_5_n_0
    SLICE_X53Y43         LUT5 (Prop_lut5_I4_O)        0.124  5057.230 r  u_core/u_fabric/i___33_i_2/O
                         net (fo=18, routed)          0.970  5058.200    u_core/u_fabric/r6035
    SLICE_X40Y37         LUT6 (Prop_lut6_I5_O)        0.124  5058.324 r  u_core/u_fabric/i___261_i_1/O
                         net (fo=1, routed)           1.110  5059.434    u_core/u_fabric/i___261_i_1_n_0
    SLICE_X47Y17         LUT6 (Prop_lut6_I0_O)        0.124  5059.558 r  u_core/u_fabric/i___261/O
                         net (fo=1, routed)           0.000  5059.558    u_core/u_fabric/i___261_n_0
    SLICE_X47Y17         MUXF7 (Prop_muxf7_I1_O)      0.217  5059.775 r  u_core/u_fabric/i___17_i_3/O
                         net (fo=15, routed)          0.973  5060.748    u_core/u_fabric/r5797
    SLICE_X46Y15         LUT6 (Prop_lut6_I4_O)        0.299  5061.046 r  u_core/u_fabric/i___217/O
                         net (fo=1, routed)           0.000  5061.046    u_core/u_fabric/i___217_n_0
    SLICE_X46Y15         MUXF7 (Prop_muxf7_I1_O)      0.214  5061.260 r  u_core/u_fabric/i___112_i_2/O
                         net (fo=15, routed)          0.681  5061.941    u_core/u_fabric/r5783
    SLICE_X46Y9          LUT6 (Prop_lut6_I5_O)        0.297  5062.238 r  u_core/u_fabric/q_i_14__25__0/O
                         net (fo=3, routed)           0.776  5063.014    u_core/u_store/r2404
    SLICE_X54Y9          MUXF7 (Prop_muxf7_S_O)       0.292  5063.306 r  u_core/u_store/q_reg_i_11__3/O
                         net (fo=1, routed)           0.731  5064.037    u_core/u_store/u_fabric/u_clb_x4y6/t_125
    SLICE_X46Y8          LUT6 (Prop_lut6_I0_O)        0.297  5064.333 r  u_core/u_store/q_i_6__38/O
                         net (fo=5, routed)           0.454  5064.788    u_core/u_store/u_fabric/u_clb_x4y6/lut_o6
    SLICE_X46Y9          LUT5 (Prop_lut5_I4_O)        0.124  5064.912 r  u_core/u_store/sr[52]_i_3/O
                         net (fo=1, routed)           0.571  5065.482    u_core/u_store/sr[52]_i_3_n_0
    SLICE_X47Y10         LUT6 (Prop_lut6_I5_O)        0.124  5065.606 r  u_core/u_store/sr[52]_i_2__1/O
                         net (fo=3, routed)           0.669  5066.275    u_core/u_fabric/i___8_i_10_0[33]
    SLICE_X44Y18         LUT6 (Prop_lut6_I5_O)        0.124  5066.399 r  u_core/u_fabric/i___326_i_17/O
                         net (fo=1, routed)           0.951  5067.350    u_core/u_store/i___326_i_15_0
    SLICE_X29Y17         LUT6 (Prop_lut6_I2_O)        0.124  5067.474 r  u_core/u_store/i___326_i_16/O
                         net (fo=1, routed)           0.319  5067.793    u_core/u_store/i___326_i_16_n_0
    SLICE_X26Y17         LUT5 (Prop_lut5_I3_O)        0.124  5067.917 r  u_core/u_store/i___326_i_15/O
                         net (fo=1, routed)           0.282  5068.200    u_core/u_store/u_fabric/u_clb_x5y7/t_102
    SLICE_X26Y17         LUT5 (Prop_lut5_I2_O)        0.124  5068.324 r  u_core/u_store/i___326_i_14/O
                         net (fo=1, routed)           0.316  5068.640    u_core/u_fabric/t_121_499
    SLICE_X29Y16         LUT6 (Prop_lut6_I5_O)        0.124  5068.764 r  u_core/u_fabric/i___326_i_11/O
                         net (fo=1, routed)           0.536  5069.300    u_core/u_fabric/i___326_i_11_n_0
    SLICE_X31Y13         LUT5 (Prop_lut5_I4_O)        0.124  5069.424 r  u_core/u_fabric/i___326_i_5/O
                         net (fo=10, routed)          1.771  5071.195    u_core/u_fabric/u_dsp1/u_core/r5060
    SLICE_X43Y46         LUT6 (Prop_lut6_I5_O)        0.124  5071.319 r  u_core/u_fabric/u_dsp1/u_core/c_q[7]_i_6/O
                         net (fo=1, routed)           0.363  5071.682    u_core/u_fabric/u_dsp1_n_82
    SLICE_X43Y46         LUT5 (Prop_lut5_I2_O)        0.124  5071.806 r  u_core/u_fabric/c_q[7]_i_3__0/O
                         net (fo=13, routed)          0.496  5072.302    u_core/u_fabric/r6046
    SLICE_X44Y44         LUT6 (Prop_lut6_I5_O)        0.124  5072.426 r  u_core/u_fabric/i___315_i_16/O
                         net (fo=1, routed)           1.478  5073.904    u_core/u_fabric/i___315_i_16_n_0
    SLICE_X39Y15         LUT6 (Prop_lut6_I2_O)        0.124  5074.028 r  u_core/u_fabric/i___315_i_15/O
                         net (fo=1, routed)           0.264  5074.292    u_core/u_fabric/i___315_i_15_n_0
    SLICE_X39Y15         LUT5 (Prop_lut5_I2_O)        0.124  5074.417 r  u_core/u_fabric/i___315_i_14/O
                         net (fo=1, routed)           0.603  5075.020    u_core/u_fabric/i___315_i_14_n_0
    SLICE_X49Y16         LUT5 (Prop_lut5_I0_O)        0.124  5075.144 r  u_core/u_fabric/i___315_i_13/O
                         net (fo=1, routed)           0.708  5075.851    u_core/u_fabric/i___315_i_13_n_0
    SLICE_X54Y16         LUT6 (Prop_lut6_I4_O)        0.124  5075.975 r  u_core/u_fabric/i___315_i_10/O
                         net (fo=1, routed)           0.645  5076.621    u_core/u_fabric/i___315_i_10_n_0
    SLICE_X64Y13         LUT6 (Prop_lut6_I3_O)        0.124  5076.745 r  u_core/u_fabric/i___315_i_5/O
                         net (fo=1, routed)           0.568  5077.313    u_core/u_fabric/i___315_i_5_n_0
    SLICE_X68Y14         LUT6 (Prop_lut6_I5_O)        0.124  5077.437 r  u_core/u_fabric/i___315_i_1/O
                         net (fo=2, routed)           0.623  5078.060    u_core/u_fabric/i___315_i_1_n_0
    SLICE_X63Y15         LUT5 (Prop_lut5_I4_O)        0.124  5078.184 r  u_core/u_fabric/i___453_0_i_10/O
                         net (fo=1, routed)           0.604  5078.788    u_core/u_fabric/r5590
    SLICE_X64Y18         LUT6 (Prop_lut6_I2_O)        0.124  5078.912 r  u_core/u_fabric/i___453_0_i_5/O
                         net (fo=8, routed)           1.024  5079.937    u_core/u_fabric/r5372
    SLICE_X46Y21         LUT6 (Prop_lut6_I5_O)        0.124  5080.061 r  u_core/u_fabric/i___453_0_i_1/O
                         net (fo=10, routed)          1.788  5081.849    u_core/u_fabric/r5394
    SLICE_X64Y47         LUT6 (Prop_lut6_I5_O)        0.124  5081.973 r  u_core/u_fabric/i___355_i_8/O
                         net (fo=1, routed)           0.159  5082.131    u_core/u_fabric/i___355_i_8_n_0
    SLICE_X64Y47         LUT6 (Prop_lut6_I0_O)        0.124  5082.255 r  u_core/u_fabric/i___355_i_4/O
                         net (fo=1, routed)           0.000  5082.255    u_core/u_fabric/i___355_i_4_n_0
    SLICE_X64Y47         MUXF7 (Prop_muxf7_I0_O)      0.212  5082.467 r  u_core/u_fabric/i___355_i_2/O
                         net (fo=11, routed)          1.197  5083.664    u_core/u_fabric/r5404
    SLICE_X80Y65         LUT6 (Prop_lut6_I5_O)        0.299  5083.963 r  u_core/u_fabric/i___35_i_8/O
                         net (fo=1, routed)           0.000  5083.963    u_core/u_fabric/i___35_i_8_n_0
    SLICE_X80Y65         MUXF7 (Prop_muxf7_I1_O)      0.217  5084.180 r  u_core/u_fabric/i___35_i_3/O
                         net (fo=16, routed)          0.992  5085.171    u_core/u_fabric/r6273
    SLICE_X101Y69        LUT6 (Prop_lut6_I4_O)        0.299  5085.470 r  u_core/u_fabric/i___35/O
                         net (fo=2, routed)           0.405  5085.875    u_core/u_fabric/i___35_n_0
    SLICE_X101Y68        LUT5 (Prop_lut5_I2_O)        0.124  5086.000 r  u_core/u_fabric/i___396_1_i_4__3/O
                         net (fo=1, routed)           0.298  5086.298    u_core/u_fabric/i___396_1_i_4__3_n_0
    SLICE_X101Y66        LUT5 (Prop_lut5_I2_O)        0.124  5086.422 r  u_core/u_fabric/i___396_1_i_1__2/O
                         net (fo=1, routed)           0.542  5086.964    u_core/u_fabric/i___396_1_i_1__2_n_0
    SLICE_X101Y68        LUT6 (Prop_lut6_I3_O)        0.124  5087.088 r  u_core/u_fabric/i___396_1__7/O
                         net (fo=1, routed)           1.027  5088.115    u_core/u_fabric/u_clb_x12y8/r5219
    SLICE_X90Y78         LUT6 (Prop_lut6_I4_O)        0.124  5088.239 r  u_core/u_fabric/u_clb_x12y8/i___372_i_8/O
                         net (fo=1, routed)           0.306  5088.545    u_core/u_fabric/u_clb_x12y8_n_7
    SLICE_X92Y78         LUT5 (Prop_lut5_I2_O)        0.124  5088.669 r  u_core/u_fabric/i___372_i_7/O
                         net (fo=7, routed)           0.934  5089.604    u_core/u_fabric/u_clb_x12y8/r6286
    SLICE_X92Y66         LUT6 (Prop_lut6_I4_O)        0.124  5089.728 r  u_core/u_fabric/u_clb_x12y8/i___396_0_i_4/O
                         net (fo=3, routed)           0.515  5090.243    u_core/u_fabric/u_clb_x12y8_n_9
    SLICE_X97Y66         LUT6 (Prop_lut6_I3_O)        0.124  5090.367 r  u_core/u_fabric/i___466_0_i_5/O
                         net (fo=1, routed)           0.589  5090.956    u_core/u_fabric/i___466_0_i_5_n_0
    SLICE_X97Y61         LUT5 (Prop_lut5_I0_O)        0.124  5091.080 r  u_core/u_fabric/i___466_0_i_2/O
                         net (fo=10, routed)          0.925  5092.005    u_core/u_fabric/r6415
    SLICE_X88Y59         LUT6 (Prop_lut6_I5_O)        0.124  5092.129 r  u_core/u_fabric/q_i_17__1/O
                         net (fo=5, routed)           0.422  5092.550    u_core/u_fabric/r3392
    SLICE_X87Y60         LUT6 (Prop_lut6_I4_O)        0.124  5092.674 r  u_core/u_fabric/i___348_i_17/O
                         net (fo=13, routed)          1.614  5094.288    u_core/u_fabric/r5085
    SLICE_X48Y72         LUT5 (Prop_lut5_I4_O)        0.124  5094.412 r  u_core/u_fabric/i___68_i_28/O
                         net (fo=1, routed)           0.000  5094.412    u_core/u_fabric/i___68_i_28_n_0
    SLICE_X48Y72         MUXF7 (Prop_muxf7_I0_O)      0.212  5094.624 r  u_core/u_fabric/i___68_i_22/O
                         net (fo=1, routed)           0.441  5095.065    u_core/u_fabric/i___68_i_22_n_0
    SLICE_X48Y72         LUT6 (Prop_lut6_I5_O)        0.299  5095.364 r  u_core/u_fabric/i___68_i_13/O
                         net (fo=2, routed)           0.947  5096.311    u_core/u_fabric/r5095
    SLICE_X55Y62         LUT6 (Prop_lut6_I5_O)        0.124  5096.435 r  u_core/u_fabric/i___68_i_9/O
                         net (fo=1, routed)           0.000  5096.435    u_core/u_fabric/i___68_i_9_n_0
    SLICE_X55Y62         MUXF7 (Prop_muxf7_I1_O)      0.217  5096.652 r  u_core/u_fabric/i___68_i_4/O
                         net (fo=2, routed)           0.342  5096.994    u_core/u_fabric/i___68_i_4_n_0
    SLICE_X56Y63         LUT6 (Prop_lut6_I5_O)        0.299  5097.292 r  u_core/u_fabric/i___68_i_1/O
                         net (fo=15, routed)          0.735  5098.027    u_core/u_fabric/r6103
    SLICE_X52Y63         LUT5 (Prop_lut5_I4_O)        0.124  5098.151 r  u_core/u_fabric/d_q[22]_i_6/O
                         net (fo=1, routed)           0.280  5098.431    u_core/u_fabric/d_q[22]_i_6_n_0
    SLICE_X52Y63         LUT5 (Prop_lut5_I0_O)        0.124  5098.555 r  u_core/u_fabric/d_q[22]_i_3__0/O
                         net (fo=16, routed)          1.159  5099.714    u_core/u_fabric/u_clb_x12y8/i___318_i_9
    SLICE_X41Y79         LUT6 (Prop_lut6_I4_O)        0.124  5099.838 r  u_core/u_fabric/u_clb_x12y8/i___318_i_21/O
                         net (fo=1, routed)           0.433  5100.271    u_core/u_fabric/u_clb_x12y8_n_4
    SLICE_X41Y79         LUT5 (Prop_lut5_I2_O)        0.124  5100.396 r  u_core/u_fabric/i___318_i_9/O
                         net (fo=13, routed)          1.670  5102.065    u_core/u_fabric/u_dsp1/u_core/r4870
    SLICE_X92Y85         LUT6 (Prop_lut6_I5_O)        0.124  5102.189 r  u_core/u_fabric/u_dsp1/u_core/i___331_i_5/O
                         net (fo=1, routed)           0.503  5102.692    u_core/u_fabric/u_dsp1_n_89
    SLICE_X92Y85         LUT5 (Prop_lut5_I2_O)        0.124  5102.816 r  u_core/u_fabric/i___331_i_2/O
                         net (fo=16, routed)          0.615  5103.431    u_core/u_fabric/r6323
    SLICE_X94Y85         LUT6 (Prop_lut6_I5_O)        0.124  5103.555 r  u_core/u_fabric/i___255_i_22/O
                         net (fo=1, routed)           0.445  5104.000    u_core/u_fabric/i___255_i_22_n_0
    SLICE_X94Y87         LUT5 (Prop_lut5_I0_O)        0.124  5104.124 r  u_core/u_fabric/i___255_i_15/O
                         net (fo=8, routed)           2.028  5106.152    u_core/u_fabric/r4667
    SLICE_X40Y77         LUT6 (Prop_lut6_I5_O)        0.124  5106.276 r  u_core/u_fabric/i___72_i_25/O
                         net (fo=1, routed)           0.418  5106.694    u_core/u_fabric/i___72_i_25_n_0
    SLICE_X37Y77         LUT5 (Prop_lut5_I2_O)        0.124  5106.818 r  u_core/u_fabric/i___72_i_16/O
                         net (fo=7, routed)           1.036  5107.854    u_core/u_fabric/r4649
    SLICE_X50Y74         LUT5 (Prop_lut5_I4_O)        0.124  5107.978 r  u_core/u_fabric/i___223_i_17/O
                         net (fo=2, routed)           0.904  5108.881    u_core/u_fabric/i___223_i_17_n_0
    SLICE_X54Y68         LUT6 (Prop_lut6_I2_O)        0.124  5109.005 r  u_core/u_fabric/i___223_i_10/O
                         net (fo=2, routed)           0.604  5109.609    u_core/u_fabric/i___223_i_10_n_0
    SLICE_X54Y67         LUT5 (Prop_lut5_I4_O)        0.124  5109.733 r  u_core/u_fabric/i___223_i_4/O
                         net (fo=1, routed)           0.867  5110.601    u_core/u_fabric/i___223_i_4_n_0
    SLICE_X51Y63         LUT6 (Prop_lut6_I0_O)        0.124  5110.725 r  u_core/u_fabric/i___223_i_1/O
                         net (fo=2, routed)           0.533  5111.258    u_core/u_fabric/i___223_i_1_n_0
    SLICE_X54Y63         LUT5 (Prop_lut5_I4_O)        0.124  5111.382 r  u_core/u_fabric/i___414_0_i_1/O
                         net (fo=16, routed)          1.005  5112.387    u_core/u_fabric/r6102
    SLICE_X47Y74         LUT6 (Prop_lut6_I5_O)        0.124  5112.511 r  u_core/u_fabric/i___318_i_24/O
                         net (fo=1, routed)           0.264  5112.775    u_core/u_fabric/i___318_i_24_n_0
    SLICE_X47Y74         LUT5 (Prop_lut5_I4_O)        0.124  5112.899 r  u_core/u_fabric/i___318_i_12/O
                         net (fo=1, routed)           0.149  5113.048    u_core/u_fabric/i___318_i_12_n_0
    SLICE_X47Y74         LUT5 (Prop_lut5_I0_O)        0.124  5113.172 r  u_core/u_fabric/i___318_i_4/O
                         net (fo=13, routed)          1.543  5114.715    u_core/u_fabric/r4868
    SLICE_X86Y64         LUT5 (Prop_lut5_I4_O)        0.124  5114.839 r  u_core/u_fabric/i___79_i_11/O
                         net (fo=1, routed)           0.371  5115.210    u_core/u_fabric/i___79_i_11_n_0
    SLICE_X86Y64         LUT5 (Prop_lut5_I4_O)        0.124  5115.334 r  u_core/u_fabric/i___79_i_4/O
                         net (fo=9, routed)           1.186  5116.520    u_core/u_fabric/r6403
    SLICE_X90Y49         LUT6 (Prop_lut6_I5_O)        0.124  5116.644 r  u_core/u_fabric/q_i_15__38/O
                         net (fo=3, routed)           0.606  5117.250    u_core/u_store/r2116
    SLICE_X95Y48         LUT6 (Prop_lut6_I2_O)        0.124  5117.374 r  u_core/u_store/q_i_13__13/O
                         net (fo=1, routed)           0.287  5117.661    u_core/u_store/u_fabric/u_clb_x12y5/t_125
    SLICE_X97Y48         LUT6 (Prop_lut6_I0_O)        0.124  5117.785 r  u_core/u_store/q_i_7__43/O
                         net (fo=4, routed)           0.791  5118.576    u_core/u_store/u_fabric/u_clb_x12y5/lut_o6
    SLICE_X97Y57         LUT5 (Prop_lut5_I4_O)        0.124  5118.700 r  u_core/u_store/sr[49]_i_3/O
                         net (fo=1, routed)           0.645  5119.345    u_core/u_store/sr[49]_i_3_n_0
    SLICE_X97Y57         LUT6 (Prop_lut6_I5_O)        0.124  5119.469 r  u_core/u_store/sr[49]_i_2__1/O
                         net (fo=3, routed)           0.710  5120.179    u_core/u_fabric/i___8_i_10_0[30]
    SLICE_X94Y62         LUT6 (Prop_lut6_I5_O)        0.124  5120.303 r  u_core/u_fabric/i___347_i_4/O
                         net (fo=1, routed)           0.286  5120.589    u_core/u_store/i___347
    SLICE_X94Y62         LUT6 (Prop_lut6_I2_O)        0.124  5120.713 r  u_core/u_store/i___347_i_1/O
                         net (fo=1, routed)           0.331  5121.044    u_core/u_fabric/r5115
    SLICE_X92Y62         LUT6 (Prop_lut6_I0_O)        0.124  5121.168 r  u_core/u_fabric/i___347/O
                         net (fo=1, routed)           0.447  5121.616    u_core/u_store/q_i_14__22_0
    SLICE_X92Y59         LUT6 (Prop_lut6_I3_O)        0.124  5121.740 r  u_core/u_store/q_i_27__50/O
                         net (fo=1, routed)           0.658  5122.398    u_core/u_store/q_i_27__50_n_0
    SLICE_X96Y53         LUT5 (Prop_lut5_I1_O)        0.124  5122.522 r  u_core/u_store/q_i_14__22/O
                         net (fo=1, routed)           0.453  5122.976    u_core/u_store/u_fabric/u_clb_x12y8/t_114
    SLICE_X98Y53         LUT5 (Prop_lut5_I2_O)        0.124  5123.100 r  u_core/u_store/q_i_7__65/O
                         net (fo=5, routed)           0.631  5123.731    u_core/u_store/r3655
    SLICE_X97Y58         LUT5 (Prop_lut5_I2_O)        0.124  5123.855 r  u_core/u_store/q_i_3__66/O
                         net (fo=2, routed)           0.873  5124.729    u_core/u_store/u_fabric/u_clb_x12y8/comb
    SLICE_X87Y58         LUT3 (Prop_lut3_I2_O)        0.124  5124.853 r  u_core/u_store/sr[79]_i_2/O
                         net (fo=3, routed)           1.258  5126.110    u_core/u_fabric/i___8_i_10_0[52]
    SLICE_X98Y49         LUT5 (Prop_lut5_I4_O)        0.124  5126.234 r  u_core/u_fabric/i___466_1_i_12/O
                         net (fo=1, routed)           0.466  5126.700    u_core/u_fabric/i___466_1_i_12_n_0
    SLICE_X98Y49         LUT5 (Prop_lut5_I4_O)        0.124  5126.824 r  u_core/u_fabric/i___466_1_i_6/O
                         net (fo=10, routed)          0.827  5127.651    u_core/u_fabric/r6419
    SLICE_X90Y52         LUT4 (Prop_lut4_I3_O)        0.124  5127.775 r  u_core/u_fabric/q_i_17__24__0/O
                         net (fo=3, routed)           1.462  5129.237    u_core/u_fabric/r4889
    SLICE_X88Y84         LUT6 (Prop_lut6_I3_O)        0.124  5129.361 r  u_core/u_fabric/i___399_1_i_11/O
                         net (fo=1, routed)           0.514  5129.876    u_core/u_fabric/i___399_1_i_11_n_0
    SLICE_X88Y86         LUT5 (Prop_lut5_I4_O)        0.124  5130.000 r  u_core/u_fabric/i___399_1_i_8/O
                         net (fo=1, routed)           0.444  5130.444    u_core/u_fabric/i___399_1_i_8_n_0
    SLICE_X88Y86         LUT5 (Prop_lut5_I0_O)        0.124  5130.568 r  u_core/u_fabric/i___399_1_i_7/O
                         net (fo=16, routed)          0.912  5131.480    u_core/u_fabric/u_clb_x12y2/i___80_i_11_0
    SLICE_X87Y76         LUT6 (Prop_lut6_I4_O)        0.124  5131.604 r  u_core/u_fabric/u_clb_x12y2/i___80_i_14/O
                         net (fo=1, routed)           0.149  5131.753    u_core/u_fabric/u_clb_x12y2_n_9
    SLICE_X87Y76         LUT5 (Prop_lut5_I2_O)        0.124  5131.877 r  u_core/u_fabric/i___80_i_11/O
                         net (fo=9, routed)           1.311  5133.188    u_core/u_fabric/u_clb_x12y2/r4545
    SLICE_X53Y67         LUT6 (Prop_lut6_I4_O)        0.124  5133.312 r  u_core/u_fabric/u_clb_x12y2/i___428_1_i_3/O
                         net (fo=1, routed)           0.301  5133.613    u_core/u_fabric/u_clb_x12y2_n_3
    SLICE_X53Y66         LUT5 (Prop_lut5_I2_O)        0.124  5133.737 r  u_core/u_fabric/i___428_1_i_1/O
                         net (fo=8, routed)           0.675  5134.412    u_core/u_fabric/u_dsp0/u_core/r6143
    SLICE_X52Y57         LUT6 (Prop_lut6_I2_O)        0.124  5134.536 r  u_core/u_fabric/u_dsp0/u_core/i___108_i_10/O
                         net (fo=2, routed)           0.822  5135.358    u_core/u_fabric/g_frame[94].cfg_reg[12042]
    SLICE_X51Y44         LUT3 (Prop_lut3_I0_O)        0.124  5135.482 r  u_core/u_fabric/i___108_i_4/O
                         net (fo=9, routed)           0.865  5136.348    u_core/u_fabric/r4309
    SLICE_X42Y41         LUT6 (Prop_lut6_I5_O)        0.124  5136.472 r  u_core/u_fabric/i___458_1_i_1/O
                         net (fo=9, routed)           0.862  5137.333    u_core/u_fabric/r5996
    SLICE_X52Y31         LUT6 (Prop_lut6_I5_O)        0.124  5137.458 r  u_core/u_fabric/i___458_1/O
                         net (fo=1, routed)           0.786  5138.243    u_core/u_store/i___435_1_i_4__0_0
    SLICE_X43Y26         LUT6 (Prop_lut6_I4_O)        0.124  5138.367 r  u_core/u_store/i___435_1_i_7/O
                         net (fo=1, routed)           0.424  5138.792    u_core/u_fabric/i___435_1_i_1__0_0
    SLICE_X45Y27         LUT5 (Prop_lut5_I2_O)        0.124  5138.916 r  u_core/u_fabric/i___435_1_i_4__0/O
                         net (fo=1, routed)           1.091  5140.007    u_core/u_fabric/i___435_1_i_4__0_n_0
    SLICE_X58Y21         LUT5 (Prop_lut5_I2_O)        0.124  5140.131 r  u_core/u_fabric/i___435_1_i_1__0/O
                         net (fo=1, routed)           0.654  5140.785    u_core/u_fabric/i___435_1_i_1__0_n_0
    SLICE_X55Y17         LUT6 (Prop_lut6_I2_O)        0.124  5140.909 r  u_core/u_fabric/i___435_1__0/O
                         net (fo=1, routed)           0.422  5141.331    u_core/u_store/sr[32]_i_4_0
    SLICE_X54Y17         LUT5 (Prop_lut5_I2_O)        0.124  5141.455 r  u_core/u_store/sr[32]_i_5/O
                         net (fo=1, routed)           0.590  5142.045    u_core/u_store/u_fabric/u_clb_x4y1/di
    SLICE_X54Y18         LUT6 (Prop_lut6_I1_O)        0.124  5142.169 r  u_core/u_store/sr[32]_i_4/O
                         net (fo=1, routed)           0.621  5142.790    u_core/u_store/u_fabric/u_clb_x4y2/cy_mux
    SLICE_X53Y18         LUT5 (Prop_lut5_I3_O)        0.124  5142.914 r  u_core/u_store/sr[32]_i_3/O
                         net (fo=2, routed)           0.675  5143.588    u_core/u_store/r1394
    SLICE_X52Y12         LUT6 (Prop_lut6_I2_O)        0.124  5143.712 r  u_core/u_store/sr[32]_i_2/O
                         net (fo=3, routed)           0.977  5144.689    u_core/u_fabric/i___8_i_10_0[20]
    SLICE_X33Y11         LUT6 (Prop_lut6_I5_O)        0.124  5144.813 r  u_core/u_fabric/i___445_1_i_1/O
                         net (fo=1, routed)           0.523  5145.336    u_core/u_fabric/i___445_1_i_1_n_0
    SLICE_X29Y11         LUT6 (Prop_lut6_I2_O)        0.124  5145.460 r  u_core/u_fabric/i___445_1/O
                         net (fo=1, routed)           0.574  5146.035    u_core/u_store/q_i_7__46
    SLICE_X24Y13         LUT5 (Prop_lut5_I1_O)        0.124  5146.159 r  u_core/u_store/q_i_14__13/O
                         net (fo=1, routed)           0.159  5146.317    u_core/u_fabric/u_dsp1/u_core/t_114_301
    SLICE_X24Y13         LUT5 (Prop_lut5_I2_O)        0.124  5146.441 r  u_core/u_fabric/u_dsp1/u_core/q_i_7__46/O
                         net (fo=4, routed)           0.309  5146.750    u_core/u_fabric/r2425
    SLICE_X24Y12         LUT6 (Prop_lut6_I5_O)        0.124  5146.875 r  u_core/u_fabric/i___40_i_34/O
                         net (fo=1, routed)           0.283  5147.158    u_core/u_fabric/i___40_i_34_n_0
    SLICE_X27Y12         LUT5 (Prop_lut5_I4_O)        0.124  5147.282 r  u_core/u_fabric/i___40_i_33/O
                         net (fo=1, routed)           0.505  5147.787    u_core/u_fabric/i___40_i_33_n_0
    SLICE_X28Y17         LUT5 (Prop_lut5_I0_O)        0.124  5147.911 r  u_core/u_fabric/i___40_i_26/O
                         net (fo=1, routed)           0.375  5148.286    u_core/u_fabric/i___40_i_26_n_0
    SLICE_X28Y17         LUT5 (Prop_lut5_I4_O)        0.124  5148.410 r  u_core/u_fabric/i___40_i_18/O
                         net (fo=1, routed)           1.145  5149.555    u_core/u_fabric/i___40_i_18_n_0
    SLICE_X34Y32         LUT6 (Prop_lut6_I0_O)        0.124  5149.679 r  u_core/u_fabric/i___40_i_10/O
                         net (fo=5, routed)           0.856  5150.535    u_core/u_fabric/r5068
    SLICE_X44Y39         LUT6 (Prop_lut6_I5_O)        0.124  5150.659 r  u_core/u_fabric/i___120_i_6/O
                         net (fo=1, routed)           0.420  5151.079    u_core/u_fabric/i___120_i_6_n_0
    SLICE_X44Y39         LUT5 (Prop_lut5_I2_O)        0.124  5151.203 r  u_core/u_fabric/i___120_i_3/O
                         net (fo=14, routed)          0.664  5151.867    u_core/u_fabric/r5947
    SLICE_X52Y44         LUT6 (Prop_lut6_I5_O)        0.124  5151.991 r  u_core/u_fabric/q_i_19__4/O
                         net (fo=8, routed)           1.290  5153.280    u_core/u_store/r3294
    SLICE_X35Y32         MUXF7 (Prop_muxf7_S_O)       0.276  5153.556 r  u_core/u_store/q_reg_i_29__8/O
                         net (fo=1, routed)           0.652  5154.208    u_core/u_store/u_fabric/u_clb_x7y7/t_116
    SLICE_X42Y34         LUT6 (Prop_lut6_I5_O)        0.299  5154.507 r  u_core/u_store/q_i_15__14/O
                         net (fo=1, routed)           0.629  5155.136    u_core/u_store/u_fabric/u_clb_x7y7/t_125
    SLICE_X45Y40         LUT6 (Prop_lut6_I0_O)        0.124  5155.260 r  u_core/u_store/q_i_8__53/O
                         net (fo=4, routed)           0.633  5155.893    u_core/u_store/u_fabric/u_clb_x7y7/lut_o6
    SLICE_X43Y40         LUT5 (Prop_lut5_I4_O)        0.124  5156.017 r  u_core/u_store/sr[65]_i_3/O
                         net (fo=1, routed)           0.151  5156.168    u_core/u_store/sr[65]_i_3_n_0
    SLICE_X43Y40         LUT5 (Prop_lut5_I4_O)        0.124  5156.292 r  u_core/u_store/sr[65]_i_2/O
                         net (fo=3, routed)           0.665  5156.957    u_core/u_fabric/i___8_i_10_0[44]
    SLICE_X41Y46         LUT5 (Prop_lut5_I1_O)        0.124  5157.081 r  u_core/u_fabric/i___40_i_5/O
                         net (fo=1, routed)           0.407  5157.488    u_core/u_fabric/i___40_i_5_n_0
    SLICE_X41Y46         LUT5 (Prop_lut5_I4_O)        0.124  5157.612 r  u_core/u_fabric/i___40_i_1/O
                         net (fo=20, routed)          0.867  5158.479    u_core/u_fabric/r6023
    SLICE_X36Y36         LUT6 (Prop_lut6_I3_O)        0.124  5158.604 r  u_core/u_fabric/i___282_i_9/O
                         net (fo=1, routed)           0.429  5159.032    u_core/u_fabric/i___282_i_9_n_0
    SLICE_X36Y38         LUT5 (Prop_lut5_I4_O)        0.124  5159.156 r  u_core/u_fabric/i___282_i_6/O
                         net (fo=1, routed)           0.513  5159.669    u_core/u_fabric/i___282_i_6_n_0
    SLICE_X37Y38         LUT5 (Prop_lut5_I4_O)        0.124  5159.793 r  u_core/u_fabric/i___282_i_4/O
                         net (fo=2, routed)           0.585  5160.379    u_core/u_fabric/i___282_i_4_n_0
    SLICE_X37Y40         LUT5 (Prop_lut5_I0_O)        0.124  5160.503 r  u_core/u_fabric/i___391_0_i_4/O
                         net (fo=1, routed)           0.789  5161.292    u_core/u_fabric/i___391_0_i_4_n_0
    SLICE_X50Y38         LUT6 (Prop_lut6_I0_O)        0.124  5161.416 r  u_core/u_fabric/i___391_0_i_2/O
                         net (fo=12, routed)          0.690  5162.106    u_core/u_fabric/r5970
    SLICE_X51Y44         LUT6 (Prop_lut6_I5_O)        0.124  5162.230 r  u_core/u_fabric/i___359_i_13/O
                         net (fo=1, routed)           0.000  5162.230    u_core/u_fabric/i___359_i_13_n_0
    SLICE_X51Y44         MUXF7 (Prop_muxf7_I0_O)      0.212  5162.442 r  u_core/u_fabric/i___359_i_8/O
                         net (fo=2, routed)           0.464  5162.907    u_core/u_fabric/i___359_i_8_n_0
    SLICE_X52Y46         LUT3 (Prop_lut3_I0_O)        0.299  5163.206 r  u_core/u_fabric/i___359_i_6/O
                         net (fo=3, routed)           0.674  5163.879    u_core/u_fabric/r5300
    SLICE_X52Y46         LUT5 (Prop_lut5_I2_O)        0.124  5164.003 r  u_core/u_fabric/i___359_i_3/O
                         net (fo=1, routed)           0.721  5164.725    u_core/u_fabric/i___359_i_3_n_0
    SLICE_X52Y47         LUT5 (Prop_lut5_I2_O)        0.124  5164.849 r  u_core/u_fabric/i___359_i_1/O
                         net (fo=15, routed)          0.771  5165.621    u_core/u_fabric/r6037
    SLICE_X46Y48         LUT6 (Prop_lut6_I5_O)        0.124  5165.745 r  u_core/u_fabric/d_q[8]_i_2/O
                         net (fo=1, routed)           1.319  5167.063    u_core/u_store/r2995
    SLICE_X23Y46         LUT3 (Prop_lut3_I2_O)        0.124  5167.188 r  u_core/u_store/d_q[8]_i_1__0/O
                         net (fo=3, routed)           0.683  5167.871    u_core/u_store/drive_reg[239][7]
    SLICE_X20Y45         LUT5 (Prop_lut5_I2_O)        0.124  5167.995 r  u_core/u_store/i__carry__1_i_8__2/O
                         net (fo=1, routed)           0.000  5167.995    u_core/u_fabric/u_dsp1/u_core/m_c_6[0]
    SLICE_X20Y45         CARRY4 (Prop_carry4_S[0]_O[3])
                                                      0.608  5168.603 r  u_core/u_fabric/u_dsp1/u_core/__5/i__carry__1/O[3]
                         net (fo=1, routed)           0.583  5169.186    u_core/u_store/m_c_7[3]
    SLICE_X19Y47         LUT3 (Prop_lut3_I0_O)        0.307  5169.493 r  u_core/u_store/m_c_i_32__0/O
                         net (fo=1, routed)           0.552  5170.045    u_core/u_fabric/u_dsp1/u_core/m_c_2[11]
    DSP48_X1Y19          DSP48E1 (Prop_dsp48e1_A[11]_P[0])
                                                      3.841  5173.886 r  u_core/u_fabric/u_dsp1/u_core/m_c/P[0]
                         net (fo=2, routed)           0.812  5174.697    u_core/u_fabric/u_dsp1/u_core/m_c__0[0]
    SLICE_X22Y47         LUT3 (Prop_lut3_I2_O)        0.124  5174.821 r  u_core/u_fabric/u_dsp1/u_core/i__carry_i_4__1/O
                         net (fo=2, routed)           0.728  5175.550    u_core/u_fabric/u_dsp1/u_core/m_x[0]
    SLICE_X28Y49         CARRY4 (Prop_carry4_DI[0]_O[3])
                                                      0.633  5176.183 r  u_core/u_fabric/u_dsp1/u_core/__10/i__carry/O[3]
                         net (fo=2, routed)           0.346  5176.529    u_core/u_fabric/u_dsp1/u_core/__10/i__carry_n_4
    SLICE_X29Y49         LUT3 (Prop_lut3_I2_O)        0.306  5176.835 r  u_core/u_fabric/u_dsp1/u_core/i___345_i_5/O
                         net (fo=3, routed)           1.267  5178.102    u_core/u_fabric/dsp_p[51]
    SLICE_X39Y64         LUT5 (Prop_lut5_I4_O)        0.124  5178.226 r  u_core/u_fabric/i___345_i_1/O
                         net (fo=2, routed)           0.307  5178.534    u_core/u_fabric/i___345_i_1_n_0
    SLICE_X43Y64         LUT5 (Prop_lut5_I4_O)        0.124  5178.658 r  u_core/u_fabric/d_q[24]_i_2__0/O
                         net (fo=13, routed)          0.747  5179.404    u_core/u_fabric/r6122
    SLICE_X53Y72         LUT6 (Prop_lut6_I2_O)        0.124  5179.528 r  u_core/u_fabric/i___354_i_34/O
                         net (fo=17, routed)          0.867  5180.396    u_core/u_store/r3855
    SLICE_X42Y78         LUT6 (Prop_lut6_I2_O)        0.124  5180.520 r  u_core/u_store/q_i_41__50/O
                         net (fo=1, routed)           0.161  5180.681    u_core/u_store/u_fabric/u_clb_x9y9/t_103
    SLICE_X42Y78         LUT5 (Prop_lut5_I0_O)        0.124  5180.805 r  u_core/u_store/q_i_21__22/O
                         net (fo=1, routed)           0.590  5181.395    u_core/u_store/u_fabric/u_clb_x9y9/t_121
    SLICE_X42Y76         LUT5 (Prop_lut5_I0_O)        0.124  5181.519 r  u_core/u_store/q_i_11__43/O
                         net (fo=1, routed)           0.574  5182.093    u_core/u_fabric/u_clb_x12y8/di_435
    SLICE_X47Y76         LUT5 (Prop_lut5_I2_O)        0.124  5182.217 r  u_core/u_fabric/u_clb_x12y8/q_i_6__58/O
                         net (fo=1, routed)           0.621  5182.839    u_core/u_fabric/u_clb_x12y8/u_clb_x9y10/cy_sum
    SLICE_X48Y73         LUT5 (Prop_lut5_I0_O)        0.124  5182.963 r  u_core/u_fabric/u_clb_x12y8/q_i_3__77/O
                         net (fo=4, routed)           0.732  5183.695    u_core/u_fabric/u_clb_x9y10/comb_0
    SLICE_X50Y75         LUT4 (Prop_lut4_I2_O)        0.124  5183.819 r  u_core/u_fabric/u_clb_x9y10/i___317_i_5/O
                         net (fo=1, routed)           0.502  5184.321    u_core/u_fabric/u_clb_x9y10_n_1
    SLICE_X50Y75         LUT5 (Prop_lut5_I4_O)        0.124  5184.445 r  u_core/u_fabric/i___317_i_4/O
                         net (fo=17, routed)          0.823  5185.268    u_core/u_fabric/u_dsp1/u_core/r6195
    SLICE_X57Y70         LUT6 (Prop_lut6_I3_O)        0.124  5185.392 r  u_core/u_fabric/u_dsp1/u_core/i___68_i_18/O
                         net (fo=1, routed)           0.264  5185.656    u_core/u_fabric/u_dsp1_n_95
    SLICE_X57Y70         LUT5 (Prop_lut5_I2_O)        0.124  5185.780 r  u_core/u_fabric/i___68_i_12/O
                         net (fo=3, routed)           0.638  5186.419    u_core/u_fabric/r5307
    SLICE_X59Y65         LUT5 (Prop_lut5_I1_O)        0.124  5186.543 r  u_core/u_fabric/i___68_i_7/O
                         net (fo=2, routed)           0.474  5187.017    u_core/u_fabric/i___68_i_7_n_0
    SLICE_X59Y65         LUT5 (Prop_lut5_I4_O)        0.124  5187.141 r  u_core/u_fabric/i___68_i_2/O
                         net (fo=18, routed)          0.495  5187.636    u_core/u_fabric/u_dsp0/u_core/c_q[46]_i_4__0
    SLICE_X60Y64         LUT6 (Prop_lut6_I3_O)        0.124  5187.760 r  u_core/u_fabric/u_dsp0/u_core/c_q[46]_i_8/O
                         net (fo=1, routed)           0.420  5188.179    u_core/u_fabric/u_dsp0_n_34
    SLICE_X60Y64         LUT5 (Prop_lut5_I2_O)        0.124  5188.303 r  u_core/u_fabric/c_q[46]_i_4__0/O
                         net (fo=15, routed)          0.729  5189.032    u_core/u_fabric/r6097
    SLICE_X54Y73         LUT6 (Prop_lut6_I5_O)        0.124  5189.156 r  u_core/u_fabric/i___290_i_26/O
                         net (fo=5, routed)           0.794  5189.950    u_core/u_store/r3052
    SLICE_X51Y75         MUXF7 (Prop_muxf7_S_O)       0.276  5190.226 r  u_core/u_store/i___290_i_29/O
                         net (fo=1, routed)           0.630  5190.856    u_core/u_store/u_fabric/u_clb_x9y6/t_115
    SLICE_X44Y78         LUT5 (Prop_lut5_I0_O)        0.299  5191.155 r  u_core/u_store/i___290_i_18/O
                         net (fo=2, routed)           0.734  5191.889    u_core/u_store/t_121_359
    SLICE_X48Y80         LUT3 (Prop_lut3_I0_O)        0.124  5192.013 r  u_core/u_store/q_i_13__17/O
                         net (fo=4, routed)           0.708  5192.721    u_core/u_store/r3041
    SLICE_X51Y82         LUT6 (Prop_lut6_I5_O)        0.124  5192.845 r  u_core/u_store/q_i_7__48/O
                         net (fo=4, routed)           0.954  5193.798    u_core/u_store/lut_o6_356
    SLICE_X55Y82         LUT6 (Prop_lut6_I4_O)        0.124  5193.922 r  u_core/u_store/q_i_11__32/O
                         net (fo=2, routed)           0.715  5194.637    u_core/u_store/r3042
    SLICE_X45Y83         LUT6 (Prop_lut6_I5_O)        0.124  5194.761 r  u_core/u_store/q_i_8__54/O
                         net (fo=2, routed)           0.660  5195.421    u_core/u_store/u_fabric/r3310
    SLICE_X44Y76         LUT6 (Prop_lut6_I5_O)        0.124  5195.545 r  u_core/u_store/q_i_6__55/O
                         net (fo=3, routed)           0.644  5196.189    u_core/u_store/r3578
    SLICE_X47Y76         LUT6 (Prop_lut6_I0_O)        0.124  5196.313 r  u_core/u_store/sr[86]_i_2__0/O
                         net (fo=2, routed)           0.758  5197.072    u_core/u_fabric/i___8_i_10_0[58]
    SLICE_X52Y76         LUT6 (Prop_lut6_I5_O)        0.124  5197.196 r  u_core/u_fabric/i___222_i_8/O
                         net (fo=1, routed)           0.659  5197.855    u_core/u_fabric/i___222_i_8_n_0
    SLICE_X54Y76         LUT5 (Prop_lut5_I4_O)        0.124  5197.979 r  u_core/u_fabric/i___222_i_5/O
                         net (fo=1, routed)           0.487  5198.466    u_core/u_fabric/i___222_i_5_n_0
    SLICE_X54Y74         LUT5 (Prop_lut5_I0_O)        0.124  5198.590 r  u_core/u_fabric/i___222_i_4/O
                         net (fo=9, routed)           1.499  5200.089    u_core/u_fabric/r5401
    SLICE_X57Y46         LUT6 (Prop_lut6_I5_O)        0.124  5200.213 r  u_core/u_fabric/i___404_0_i_14/O
                         net (fo=1, routed)           0.000  5200.213    u_core/u_fabric/i___404_0_i_14_n_0
    SLICE_X57Y46         MUXF7 (Prop_muxf7_I1_O)      0.217  5200.430 r  u_core/u_fabric/i___404_0_i_7/O
                         net (fo=2, routed)           0.448  5200.878    u_core/u_fabric/i___404_0_i_7_n_0
    SLICE_X57Y46         LUT6 (Prop_lut6_I5_O)        0.299  5201.177 r  u_core/u_fabric/i___404_0_i_2/O
                         net (fo=9, routed)           1.936  5203.113    u_core/u_fabric/r5387
    SLICE_X36Y7          LUT4 (Prop_lut4_I3_O)        0.124  5203.237 r  u_core/u_fabric/i___97_i_1/O
                         net (fo=12, routed)          0.860  5204.097    u_core/u_fabric/r5813
    SLICE_X37Y20         LUT6 (Prop_lut6_I3_O)        0.124  5204.221 r  u_core/u_fabric/i___291_i_47/O
                         net (fo=1, routed)           0.637  5204.857    u_core/u_fabric/i___291_i_47_n_0
    SLICE_X37Y21         LUT6 (Prop_lut6_I2_O)        0.124  5204.981 r  u_core/u_fabric/i___291_i_44/O
                         net (fo=1, routed)           0.406  5205.388    u_core/u_fabric/i___291_i_44_n_0
    SLICE_X37Y23         LUT5 (Prop_lut5_I0_O)        0.124  5205.512 r  u_core/u_fabric/i___291_i_35/O
                         net (fo=1, routed)           0.294  5205.806    u_core/u_fabric/i___291_i_35_n_0
    SLICE_X37Y24         LUT5 (Prop_lut5_I4_O)        0.124  5205.930 r  u_core/u_fabric/i___291_i_22/O
                         net (fo=1, routed)           0.722  5206.652    u_core/u_fabric/i___291_i_22_n_0
    SLICE_X41Y28         LUT6 (Prop_lut6_I2_O)        0.124  5206.776 r  u_core/u_fabric/i___291_i_9/O
                         net (fo=5, routed)           0.965  5207.741    u_core/u_fabric/u_dsp1/u_core/r5070
    SLICE_X43Y45         LUT6 (Prop_lut6_I5_O)        0.124  5207.865 r  u_core/u_fabric/u_dsp1/u_core/i___291_i_2/O
                         net (fo=2, routed)           0.313  5208.178    u_core/u_fabric/u_dsp1_n_90
    SLICE_X43Y44         LUT5 (Prop_lut5_I2_O)        0.124  5208.302 r  u_core/u_fabric/i___33_i_1/O
                         net (fo=17, routed)          0.632  5208.934    u_core/u_fabric/r6025
    SLICE_X47Y44         LUT6 (Prop_lut6_I5_O)        0.124  5209.058 r  u_core/u_fabric/d_q[6]_i_2__0/O
                         net (fo=1, routed)           1.300  5210.357    u_core/u_store/r2953
    SLICE_X22Y45         LUT3 (Prop_lut3_I2_O)        0.124  5210.481 r  u_core/u_store/d_q[6]_i_1__0/O
                         net (fo=3, routed)           0.632  5211.113    u_core/u_store/drive_reg[239][5]
    SLICE_X20Y44         LUT3 (Prop_lut3_I2_O)        0.117  5211.230 r  u_core/u_store/i__carry__0_i_2__2/O
                         net (fo=1, routed)           0.000  5211.230    u_core/u_fabric/u_dsp1/u_core/m_c_3[5]
    SLICE_X20Y44         CARRY4 (Prop_carry4_DI[2]_O[3])
                                                      0.395  5211.625 r  u_core/u_fabric/u_dsp1/u_core/__5/i__carry__0/O[3]
                         net (fo=1, routed)           0.644  5212.270    u_core/u_store/m_c_3[3]
    SLICE_X21Y44         LUT3 (Prop_lut3_I0_O)        0.307  5212.577 r  u_core/u_store/m_c_i_36__0/O
                         net (fo=1, routed)           0.534  5213.111    u_core/u_fabric/u_dsp1/u_core/m_c_2[7]
    DSP48_X1Y19          DSP48E1 (Prop_dsp48e1_A[7]_P[1])
                                                      3.841  5216.952 r  u_core/u_fabric/u_dsp1/u_core/m_c/P[1]
                         net (fo=2, routed)           0.656  5217.607    u_core/u_fabric/u_dsp1/u_core/m_c__0[1]
    SLICE_X22Y47         LUT3 (Prop_lut3_I2_O)        0.124  5217.731 r  u_core/u_fabric/u_dsp1/u_core/i__carry_i_3__1/O
                         net (fo=2, routed)           0.782  5218.514    u_core/u_fabric/u_dsp1/u_core/m_x[1]
    SLICE_X28Y49         CARRY4 (Prop_carry4_DI[1]_O[2])
                                                      0.554  5219.068 r  u_core/u_fabric/u_dsp1/u_core/__10/i__carry/O[2]
                         net (fo=2, routed)           0.346  5219.414    u_core/u_fabric/u_dsp1/u_core/__10/i__carry_n_5
    SLICE_X29Y49         LUT3 (Prop_lut3_I2_O)        0.302  5219.716 r  u_core/u_fabric/u_dsp1/u_core/sr[50]_i_2__0/O
                         net (fo=3, routed)           1.165  5220.881    u_core/u_fabric/dsp_p[50]
    SLICE_X46Y59         LUT5 (Prop_lut5_I4_O)        0.124  5221.005 r  u_core/u_fabric/d_q[23]_i_9/O
                         net (fo=2, routed)           0.477  5221.482    u_core/u_fabric/d_q[23]_i_9_n_0
    SLICE_X46Y59         LUT5 (Prop_lut5_I4_O)        0.124  5221.606 r  u_core/u_fabric/i___93_i_22/O
                         net (fo=1, routed)           0.404  5222.010    u_core/u_fabric/i___93_i_22_n_0
    SLICE_X47Y57         LUT5 (Prop_lut5_I4_O)        0.124  5222.134 r  u_core/u_fabric/i___93_i_19/O
                         net (fo=1, routed)           0.761  5222.896    u_core/u_fabric/i___93_i_19_n_0
    SLICE_X49Y50         LUT5 (Prop_lut5_I4_O)        0.124  5223.020 r  u_core/u_fabric/i___93_i_13/O
                         net (fo=1, routed)           1.163  5224.182    u_core/u_fabric/i___93_i_13_n_0
    SLICE_X49Y28         LUT5 (Prop_lut5_I2_O)        0.124  5224.306 r  u_core/u_fabric/i___93_i_5/O
                         net (fo=1, routed)           0.919  5225.225    u_core/u_fabric/i___93_i_5_n_0
    SLICE_X42Y18         LUT6 (Prop_lut6_I0_O)        0.124  5225.349 r  u_core/u_fabric/i___93_i_2/O
                         net (fo=15, routed)          0.491  5225.840    u_core/u_fabric/r5800
    SLICE_X42Y18         LUT6 (Prop_lut6_I5_O)        0.124  5225.964 r  u_core/u_fabric/mem_reg_i_218/O
                         net (fo=1, routed)           0.520  5226.484    u_core/u_fabric/mem_reg_i_218_n_0
    SLICE_X42Y17         LUT5 (Prop_lut5_I4_O)        0.124  5226.608 r  u_core/u_fabric/mem_reg_i_206__0/O
                         net (fo=1, routed)           0.162  5226.770    u_core/u_fabric/mem_reg_i_206__0_n_0
    SLICE_X42Y17         LUT5 (Prop_lut5_I0_O)        0.124  5226.894 r  u_core/u_fabric/mem_reg_i_181__0/O
                         net (fo=3, routed)           0.736  5227.630    u_core/u_fabric/r5151
    SLICE_X40Y18         LUT5 (Prop_lut5_I1_O)        0.124  5227.754 r  u_core/u_fabric/mem_reg_i_136__0/O
                         net (fo=1, routed)           0.433  5228.188    u_core/u_fabric/mem_reg_i_136__0_n_0
    SLICE_X40Y18         LUT5 (Prop_lut5_I4_O)        0.124  5228.312 r  u_core/u_fabric/mem_reg_i_82__0/O
                         net (fo=14, routed)          1.018  5229.330    u_core/u_fabric/r5717
    SLICE_X65Y17         LUT6 (Prop_lut6_I1_O)        0.124  5229.454 r  u_core/u_fabric/mem_reg_i_181/O
                         net (fo=1, routed)           0.469  5229.923    u_core/u_fabric/mem_reg_i_181_n_0
    SLICE_X65Y17         LUT6 (Prop_lut6_I5_O)        0.124  5230.047 r  u_core/u_fabric/mem_reg_i_156/O
                         net (fo=1, routed)           0.402  5230.449    u_core/u_fabric/mem_reg_i_156_n_0
    SLICE_X65Y17         LUT5 (Prop_lut5_I0_O)        0.124  5230.573 r  u_core/u_fabric/mem_reg_i_100/O
                         net (fo=10, routed)          1.033  5231.606    u_core/u_fabric/r4815
    SLICE_X87Y20         LUT6 (Prop_lut6_I3_O)        0.124  5231.730 r  u_core/u_fabric/i___446_0_i_10/O
                         net (fo=1, routed)           0.000  5231.730    u_core/u_fabric/i___446_0_i_10_n_0
    SLICE_X87Y20         MUXF7 (Prop_muxf7_I1_O)      0.217  5231.947 r  u_core/u_fabric/i___446_0_i_5/O
                         net (fo=2, routed)           0.587  5232.534    u_core/u_fabric/i___446_0_i_5_n_0
    SLICE_X87Y19         LUT5 (Prop_lut5_I4_O)        0.299  5232.833 r  u_core/u_fabric/i___446_0_i_1/O
                         net (fo=13, routed)          0.643  5233.476    u_core/u_fabric/u_bram0/u_core/i___442_1_i_4
    SLICE_X78Y20         LUT6 (Prop_lut6_I0_O)        0.124  5233.600 r  u_core/u_fabric/u_bram0/u_core/i___442_1_i_7/O
                         net (fo=1, routed)           0.158  5233.758    u_core/u_fabric/u_bram0_n_37
    SLICE_X78Y20         LUT5 (Prop_lut5_I2_O)        0.124  5233.882 r  u_core/u_fabric/i___442_1_i_4/O
                         net (fo=8, routed)           0.924  5234.806    u_core/u_fabric/r5613
    SLICE_X92Y20         LUT5 (Prop_lut5_I4_O)        0.124  5234.930 r  u_core/u_fabric/i___442_1_i_2/O
                         net (fo=2, routed)           0.465  5235.395    u_core/u_fabric/i___442_1_i_2_n_0
    SLICE_X90Y21         LUT6 (Prop_lut6_I4_O)        0.124  5235.519 r  u_core/u_fabric/i___442_1__0/O
                         net (fo=1, routed)           0.161  5235.680    u_core/u_store/i___401_0_i_8
    SLICE_X90Y21         LUT5 (Prop_lut5_I1_O)        0.124  5235.804 r  u_core/u_store/i___401_0_i_9/O
                         net (fo=1, routed)           0.303  5236.107    u_core/u_fabric/t_120_534
    SLICE_X90Y22         LUT6 (Prop_lut6_I3_O)        0.124  5236.231 r  u_core/u_fabric/i___401_0_i_8/O
                         net (fo=1, routed)           0.625  5236.855    u_core/u_fabric/i___401_0_i_8_n_0
    SLICE_X89Y22         LUT5 (Prop_lut5_I4_O)        0.124  5236.979 r  u_core/u_fabric/i___401_0_i_7/O
                         net (fo=1, routed)           0.825  5237.804    u_core/u_fabric/r4370
    SLICE_X96Y27         LUT6 (Prop_lut6_I3_O)        0.124  5237.928 r  u_core/u_fabric/i___401_0_i_4/O
                         net (fo=1, routed)           0.171  5238.099    u_core/u_fabric/i___401_0_i_4_n_0
    SLICE_X96Y27         LUT5 (Prop_lut5_I2_O)        0.124  5238.223 r  u_core/u_fabric/i___401_0_i_1/O
                         net (fo=4, routed)           0.294  5238.517    u_core/u_fabric/u_bram0/u_core/r5611
    SLICE_X96Y27         LUT6 (Prop_lut6_I2_O)        0.124  5238.641 r  u_core/u_fabric/u_bram0/u_core/i___117_i_6/O
                         net (fo=3, routed)           0.727  5239.369    u_core/u_fabric/u_bram0/u_core/g_frame[16].cfg_reg[2055]
    SLICE_X99Y17         LUT4 (Prop_lut4_I0_O)        0.124  5239.493 r  u_core/u_fabric/u_bram0/u_core/i___117_i_2/O
                         net (fo=7, routed)           0.530  5240.023    u_core/u_fabric/r5520
    SLICE_X95Y23         LUT6 (Prop_lut6_I5_O)        0.124  5240.147 r  u_core/u_fabric/q_i_20__5/O
                         net (fo=5, routed)           0.532  5240.679    u_core/u_store/r102
    SLICE_X96Y26         MUXF7 (Prop_muxf7_S_O)       0.292  5240.971 r  u_core/u_store/q_reg_i_13/O
                         net (fo=2, routed)           0.699  5241.670    u_core/u_fabric/u_bram0/u_core/t_112_93
    SLICE_X90Y22         LUT5 (Prop_lut5_I4_O)        0.297  5241.967 r  u_core/u_fabric/u_bram0/u_core/q_i_6/O
                         net (fo=7, routed)           0.541  5242.508    u_core/u_fabric/r91
    SLICE_X89Y22         LUT6 (Prop_lut6_I5_O)        0.124  5242.632 r  u_core/u_fabric/i___313_i_12/O
                         net (fo=2, routed)           0.635  5243.268    u_core/u_fabric/i___313_i_12_n_0
    SLICE_X88Y22         LUT5 (Prop_lut5_I4_O)        0.124  5243.392 r  u_core/u_fabric/i___313_i_7/O
                         net (fo=1, routed)           0.785  5244.176    u_core/u_fabric/i___313_i_7_n_0
    SLICE_X86Y18         LUT5 (Prop_lut5_I0_O)        0.124  5244.300 r  u_core/u_fabric/i___313_i_2/O
                         net (fo=2, routed)           0.573  5244.873    u_core/u_fabric/i___313_i_2_n_0
    SLICE_X81Y18         LUT5 (Prop_lut5_I2_O)        0.124  5244.997 r  u_core/u_fabric/mem_reg_i_72__0/O
                         net (fo=16, routed)          0.613  5245.610    u_core/u_fabric/u_bram1/u_core/i___232_i_2_0
    SLICE_X86Y19         LUT6 (Prop_lut6_I2_O)        0.124  5245.734 r  u_core/u_fabric/u_bram1/u_core/i___232_i_7/O
                         net (fo=1, routed)           0.499  5246.232    u_core/u_fabric/u_bram1_n_40
    SLICE_X86Y19         LUT5 (Prop_lut5_I2_O)        0.124  5246.356 r  u_core/u_fabric/i___232_i_2/O
                         net (fo=14, routed)          1.079  5247.435    u_core/u_fabric/u_clb_x1y5/i___102_i_5_0
    SLICE_X92Y15         LUT4 (Prop_lut4_I2_O)        0.124  5247.559 r  u_core/u_fabric/u_clb_x1y5/i___102_i_10/O
                         net (fo=4, routed)           0.774  5248.333    u_core/u_fabric/r4911
    SLICE_X91Y10         LUT6 (Prop_lut6_I5_O)        0.124  5248.457 r  u_core/u_fabric/i___190_i_32/O
                         net (fo=1, routed)           0.000  5248.457    u_core/u_fabric/i___190_i_32_n_0
    SLICE_X91Y10         MUXF7 (Prop_muxf7_I1_O)      0.217  5248.674 r  u_core/u_fabric/i___190_i_27/O
                         net (fo=2, routed)           0.591  5249.265    u_core/u_fabric/i___190_i_27_n_0
    SLICE_X91Y11         LUT5 (Prop_lut5_I4_O)        0.299  5249.563 r  u_core/u_fabric/i___292_i_8/O
                         net (fo=2, routed)           0.769  5250.333    u_core/u_fabric/r4893
    SLICE_X97Y11         LUT5 (Prop_lut5_I4_O)        0.124  5250.457 r  u_core/u_fabric/i___292_i_4/O
                         net (fo=1, routed)           0.473  5250.930    u_core/u_fabric/i___292_i_4_n_0
    SLICE_X97Y11         LUT5 (Prop_lut5_I4_O)        0.124  5251.054 r  u_core/u_fabric/i___292_i_1/O
                         net (fo=10, routed)          0.786  5251.840    u_core/u_fabric/r5496
    SLICE_X93Y6          LUT6 (Prop_lut6_I2_O)        0.124  5251.964 r  u_core/u_fabric/i___194_i_8/O
                         net (fo=8, routed)           0.892  5252.857    u_core/u_fabric/u_bram1/u_core/r5498
    SLICE_X80Y4          LUT6 (Prop_lut6_I4_O)        0.124  5252.981 r  u_core/u_fabric/u_bram1/u_core/i___462_0_i_6/O
                         net (fo=1, routed)           0.158  5253.139    u_core/u_fabric/u_bram1_n_48
    SLICE_X80Y4          LUT5 (Prop_lut5_I2_O)        0.124  5253.263 r  u_core/u_fabric/i___462_0_i_3/O
                         net (fo=5, routed)           0.810  5254.074    u_core/u_fabric/r5504
    SLICE_X70Y7          LUT6 (Prop_lut6_I2_O)        0.124  5254.198 r  u_core/u_fabric/i___413_1_i_23/O
                         net (fo=16, routed)          1.493  5255.690    u_core/u_store/r3967
    SLICE_X95Y9          LUT6 (Prop_lut6_I2_O)        0.124  5255.814 r  u_core/u_store/q_i_29__48/O
                         net (fo=1, routed)           0.000  5255.814    u_core/u_store/u_fabric/u_clb_x1y10/t_105
    SLICE_X95Y9          MUXF7 (Prop_muxf7_I1_O)      0.217  5256.031 r  u_core/u_store/q_reg_i_19__10/O
                         net (fo=1, routed)           0.495  5256.526    u_core/u_store/u_fabric/u_clb_x1y10/t_116
    SLICE_X94Y7          LUT6 (Prop_lut6_I5_O)        0.299  5256.825 r  u_core/u_store/q_i_12__41/O
                         net (fo=1, routed)           0.590  5257.415    u_core/u_store/u_fabric/u_clb_x1y10/t_125
    SLICE_X93Y4          LUT6 (Prop_lut6_I2_O)        0.124  5257.539 r  u_core/u_store/q_i_8__82/O
                         net (fo=2, routed)           0.619  5258.158    u_core/u_store/u_fabric/u_clb_x1y10/lut_o6
    SLICE_X98Y4          LUT5 (Prop_lut5_I4_O)        0.124  5258.282 r  u_core/u_store/q_i_6__57/O
                         net (fo=1, routed)           0.606  5258.888    u_core/u_store/u_fabric/u_clb_x1y10/cy_sum
    SLICE_X92Y4          LUT5 (Prop_lut5_I0_O)        0.124  5259.012 r  u_core/u_store/q_i_3__72/O
                         net (fo=3, routed)           1.049  5260.061    u_core/u_store/comb_573
    SLICE_X79Y7          LUT3 (Prop_lut3_I2_O)        0.124  5260.185 r  u_core/u_store/sr[90]_i_2/O
                         net (fo=2, routed)           0.659  5260.844    u_core/u_fabric/i___8_i_10_0[61]
    SLICE_X80Y13         LUT5 (Prop_lut5_I4_O)        0.124  5260.968 r  u_core/u_fabric/mem_reg_i_204/O
                         net (fo=1, routed)           0.000  5260.968    u_core/u_fabric/mem_reg_i_204_n_0
    SLICE_X80Y13         MUXF7 (Prop_muxf7_I0_O)      0.212  5261.180 r  u_core/u_fabric/mem_reg_i_195/O
                         net (fo=1, routed)           0.441  5261.621    u_core/u_fabric/mem_reg_i_195_n_0
    SLICE_X80Y13         LUT6 (Prop_lut6_I5_O)        0.299  5261.919 r  u_core/u_fabric/mem_reg_i_175__0/O
                         net (fo=3, routed)           0.846  5262.766    u_core/u_fabric/r5588
    SLICE_X68Y7          LUT6 (Prop_lut6_I4_O)        0.124  5262.890 r  u_core/u_fabric/i___153_i_10/O
                         net (fo=5, routed)           0.652  5263.542    u_core/u_fabric/r5507
    SLICE_X79Y5          LUT6 (Prop_lut6_I3_O)        0.124  5263.666 r  u_core/u_fabric/i___195_i_16/O
                         net (fo=2, routed)           0.998  5264.664    u_core/u_fabric/i___195_i_16_n_0
    SLICE_X90Y4          LUT6 (Prop_lut6_I2_O)        0.124  5264.788 r  u_core/u_fabric/i___376_i_38/O
                         net (fo=1, routed)           0.443  5265.231    u_core/u_store/i___376_i_12_1
    SLICE_X91Y2          LUT6 (Prop_lut6_I4_O)        0.124  5265.355 r  u_core/u_store/i___376_i_31/O
                         net (fo=1, routed)           0.149  5265.504    u_core/u_store/i___376_i_31_n_0
    SLICE_X91Y2          LUT5 (Prop_lut5_I3_O)        0.124  5265.628 r  u_core/u_store/i___376_i_12/O
                         net (fo=2, routed)           0.712  5266.341    u_core/u_store/t_114_327
    SLICE_X83Y4          LUT5 (Prop_lut5_I2_O)        0.124  5266.465 r  u_core/u_store/q_i_8__37/O
                         net (fo=5, routed)           0.647  5267.112    u_core/u_store/r2145
    SLICE_X75Y4          LUT5 (Prop_lut5_I4_O)        0.124  5267.236 r  u_core/u_store/q_i_9__11/O
                         net (fo=4, routed)           0.506  5267.742    u_core/u_store/lut_o6_328
    SLICE_X74Y4          LUT5 (Prop_lut5_I4_O)        0.124  5267.866 r  u_core/u_store/q_i_3__43/O
                         net (fo=3, routed)           0.700  5268.566    u_core/u_fabric/comb_539
    SLICE_X82Y8          LUT6 (Prop_lut6_I3_O)        0.124  5268.690 r  u_core/u_fabric/i___186_i_5/O
                         net (fo=1, routed)           0.307  5268.997    u_core/u_fabric/i___186_i_5_n_0
    SLICE_X84Y7          LUT5 (Prop_lut5_I4_O)        0.124  5269.121 r  u_core/u_fabric/i___186_i_1/O
                         net (fo=17, routed)          1.142  5270.264    u_core/u_fabric/r5564
    SLICE_X68Y18         LUT6 (Prop_lut6_I5_O)        0.124  5270.388 r  u_core/u_fabric/i___293_i_11/O
                         net (fo=1, routed)           0.000  5270.388    u_core/u_fabric/i___293_i_11_n_0
    SLICE_X68Y18         MUXF7 (Prop_muxf7_I1_O)      0.217  5270.604 r  u_core/u_fabric/i___293_i_9/O
                         net (fo=2, routed)           0.608  5271.212    u_core/u_fabric/i___293_i_9_n_0
    SLICE_X69Y18         LUT5 (Prop_lut5_I2_O)        0.299  5271.511 r  u_core/u_fabric/i___449_1_i_8/O
                         net (fo=1, routed)           0.571  5272.082    u_core/u_fabric/i___449_1_i_8_n_0
    SLICE_X69Y17         LUT5 (Prop_lut5_I2_O)        0.124  5272.206 r  u_core/u_fabric/i___449_1_i_6/O
                         net (fo=1, routed)           0.407  5272.613    u_core/u_fabric/i___449_1_i_6_n_0
    SLICE_X70Y17         LUT6 (Prop_lut6_I4_O)        0.124  5272.737 r  u_core/u_fabric/i___449_1_i_2/O
                         net (fo=1, routed)           0.421  5273.158    u_core/u_fabric/i___449_1_i_2_n_0
    SLICE_X70Y16         LUT6 (Prop_lut6_I5_O)        0.124  5273.282 r  u_core/u_fabric/i___449_1__0/O
                         net (fo=6, routed)           0.640  5273.922    u_core/u_fabric/r5587
    SLICE_X72Y11         LUT6 (Prop_lut6_I4_O)        0.124  5274.046 r  u_core/u_fabric/i___314/O
                         net (fo=1, routed)           0.441  5274.487    u_core/u_store/i___84_i_15_0
    SLICE_X78Y11         LUT6 (Prop_lut6_I4_O)        0.124  5274.611 r  u_core/u_store/i___84_i_16/O
                         net (fo=2, routed)           0.492  5275.103    u_core/u_store/g_frame[10].cfg_reg[1404]_0
    SLICE_X89Y11         LUT5 (Prop_lut5_I3_O)        0.124  5275.227 r  u_core/u_store/q_i_20__24/O
                         net (fo=2, routed)           0.715  5275.942    u_core/u_store/r3153
    SLICE_X89Y1          LUT6 (Prop_lut6_I3_O)        0.124  5276.066 r  u_core/u_store/q_i_11__33/O
                         net (fo=2, routed)           0.727  5276.792    u_core/u_store/r3154
    SLICE_X97Y2          LUT6 (Prop_lut6_I5_O)        0.124  5276.917 r  u_core/u_store/q_i_6__50/O
                         net (fo=2, routed)           0.768  5277.685    u_core/u_store/u_fabric/r3422
    SLICE_X98Y5          LUT5 (Prop_lut5_I0_O)        0.124  5277.809 r  u_core/u_store/q_i_3__93/O
                         net (fo=3, routed)           1.039  5278.849    u_core/u_store/comb_12
    SLICE_X83Y9          LUT3 (Prop_lut3_I2_O)        0.124  5278.973 r  u_core/u_store/sr[80]_i_2/O
                         net (fo=2, routed)           0.964  5279.937    u_core/u_fabric/i___8_i_10_0[53]
    SLICE_X68Y6          LUT5 (Prop_lut5_I4_O)        0.124  5280.061 r  u_core/u_fabric/i___95_i_5/O
                         net (fo=1, routed)           0.667  5280.728    u_core/u_fabric/i___95_i_5_n_0
    SLICE_X68Y6          LUT5 (Prop_lut5_I4_O)        0.124  5280.852 r  u_core/u_fabric/i___95_i_1/O
                         net (fo=16, routed)          1.504  5282.356    u_core/u_fabric/r5565
    SLICE_X90Y17         LUT6 (Prop_lut6_I5_O)        0.124  5282.480 r  u_core/u_fabric/i___420_1_i_11/O
                         net (fo=1, routed)           0.311  5282.792    u_core/u_fabric/i___420_1_i_11_n_0
    SLICE_X92Y17         LUT5 (Prop_lut5_I0_O)        0.124  5282.916 r  u_core/u_fabric/i___420_1_i_10/O
                         net (fo=2, routed)           0.596  5283.512    u_core/u_store/r5034
    SLICE_X97Y15         LUT6 (Prop_lut6_I2_O)        0.124  5283.636 r  u_core/u_store/i___420_1_i_7/O
                         net (fo=1, routed)           0.462  5284.099    u_core/u_fabric/i___420_1_i_2_0
    SLICE_X98Y17         LUT5 (Prop_lut5_I4_O)        0.124  5284.223 r  u_core/u_fabric/i___420_1_i_4/O
                         net (fo=1, routed)           0.162  5284.385    u_core/u_fabric/i___420_1_i_4_n_0
    SLICE_X98Y17         LUT5 (Prop_lut5_I2_O)        0.124  5284.509 r  u_core/u_fabric/i___420_1_i_2/O
                         net (fo=16, routed)          0.816  5285.325    u_core/u_fabric/r5633
    SLICE_X86Y16         LUT6 (Prop_lut6_I5_O)        0.124  5285.449 r  u_core/u_fabric/i___420_1/O
                         net (fo=1, routed)           0.444  5285.894    u_core/u_fabric/i___420_1_n_0
    SLICE_X83Y14         LUT5 (Prop_lut5_I4_O)        0.124  5286.018 r  u_core/u_fabric/i___379_i_13/O
                         net (fo=1, routed)           0.472  5286.490    u_core/u_fabric/i___379_i_13_n_0
    SLICE_X78Y13         LUT5 (Prop_lut5_I0_O)        0.124  5286.614 r  u_core/u_fabric/i___379_i_7/O
                         net (fo=1, routed)           0.280  5286.894    u_core/u_fabric/i___379_i_7_n_0
    SLICE_X78Y13         LUT6 (Prop_lut6_I0_O)        0.124  5287.018 r  u_core/u_fabric/i___379_i_2/O
                         net (fo=8, routed)           0.690  5287.708    u_core/u_fabric/r5584
    SLICE_X68Y18         LUT6 (Prop_lut6_I2_O)        0.124  5287.832 r  u_core/u_fabric/i___379/O
                         net (fo=2, routed)           0.670  5288.501    u_core/u_fabric/i___379_n_0
    SLICE_X69Y18         LUT3 (Prop_lut3_I0_O)        0.124  5288.625 r  u_core/u_fabric/i___293_i_5/O
                         net (fo=2, routed)           0.447  5289.073    u_core/u_fabric/r5260
    SLICE_X69Y17         LUT5 (Prop_lut5_I2_O)        0.124  5289.197 r  u_core/u_fabric/i___408_1_i_7/O
                         net (fo=1, routed)           0.433  5289.630    u_core/u_fabric/i___408_1_i_7_n_0
    SLICE_X69Y17         LUT5 (Prop_lut5_I2_O)        0.124  5289.754 r  u_core/u_fabric/i___408_1_i_5/O
                         net (fo=3, routed)           0.448  5290.202    u_core/u_fabric/r5670
    SLICE_X70Y16         LUT6 (Prop_lut6_I2_O)        0.124  5290.326 r  u_core/u_fabric/i___449_1_i_1__0/O
                         net (fo=5, routed)           0.795  5291.122    u_core/u_fabric/r5351
    SLICE_X85Y17         LUT6 (Prop_lut6_I2_O)        0.124  5291.246 r  u_core/u_fabric/i___449_1/O
                         net (fo=1, routed)           0.000  5291.246    u_core/u_fabric/i___449_1_n_0
    SLICE_X85Y17         MUXF7 (Prop_muxf7_I1_O)      0.217  5291.462 r  u_core/u_fabric/i___153_i_13/O
                         net (fo=2, routed)           0.636  5292.098    u_core/u_fabric/i___153_i_13_n_0
    SLICE_X86Y18         LUT5 (Prop_lut5_I0_O)        0.299  5292.397 r  u_core/u_fabric/i___153_i_7/O
                         net (fo=2, routed)           0.796  5293.193    u_core/u_fabric/r5144
    SLICE_X77Y19         LUT6 (Prop_lut6_I3_O)        0.124  5293.317 r  u_core/u_fabric/i___153_i_2/O
                         net (fo=2, routed)           0.485  5293.803    u_core/u_fabric/i___153_i_2_n_0
    SLICE_X77Y19         LUT6 (Prop_lut6_I3_O)        0.124  5293.927 r  u_core/u_fabric/i___213_i_7/O
                         net (fo=12, routed)          1.162  5295.088    u_core/u_fabric/r5641
    SLICE_X97Y26         LUT5 (Prop_lut5_I4_O)        0.124  5295.212 r  u_core/u_fabric/din_qa[2]_i_5/O
                         net (fo=1, routed)           0.363  5295.576    u_core/u_fabric/din_qa[2]_i_5_n_0
    SLICE_X97Y26         LUT5 (Prop_lut5_I0_O)        0.124  5295.700 r  u_core/u_fabric/din_qa[2]_i_3__0/O
                         net (fo=14, routed)          0.825  5296.524    u_core/u_fabric/r5631
    SLICE_X91Y26         LUT4 (Prop_lut4_I3_O)        0.124  5296.648 r  u_core/u_fabric/q_i_28__20/O
                         net (fo=2, routed)           0.625  5297.273    u_core/u_fabric/g_frame[24].cfg_reg[3072]_0
    SLICE_X93Y22         LUT5 (Prop_lut5_I4_O)        0.124  5297.397 r  u_core/u_fabric/q_i_14__39/O
                         net (fo=4, routed)           0.815  5298.212    u_core/u_fabric/u_bram0/u_core/r3183
    SLICE_X80Y18         MUXF8 (Prop_muxf8_S_O)       0.273  5298.485 r  u_core/u_fabric/u_bram0/u_core/q_reg_i_12__13/O
                         net (fo=2, routed)           1.069  5299.555    u_core/u_fabric/u_bram0/u_core/t_121_1
    SLICE_X93Y22         LUT5 (Prop_lut5_I0_O)        0.316  5299.871 r  u_core/u_fabric/u_bram0/u_core/q_i_7__52/O
                         net (fo=5, routed)           1.046  5300.917    u_core/u_fabric/r3179
    SLICE_X98Y21         LUT6 (Prop_lut6_I5_O)        0.124  5301.041 r  u_core/u_fabric/q_i_21__48/O
                         net (fo=2, routed)           0.514  5301.554    u_core/u_fabric/q_i_21__48_n_0
    SLICE_X98Y21         LUT5 (Prop_lut5_I2_O)        0.124  5301.678 r  u_core/u_fabric/mem_reg_i_210/O
                         net (fo=1, routed)           0.658  5302.336    u_core/u_fabric/mem_reg_i_210_n_0
    SLICE_X98Y20         LUT5 (Prop_lut5_I4_O)        0.124  5302.460 r  u_core/u_fabric/mem_reg_i_187/O
                         net (fo=1, routed)           0.494  5302.955    u_core/u_fabric/mem_reg_i_187_n_0
    SLICE_X98Y20         LUT5 (Prop_lut5_I2_O)        0.124  5303.079 r  u_core/u_fabric/mem_reg_i_146__0/O
                         net (fo=12, routed)          0.798  5303.876    u_core/u_fabric/r5635
    SLICE_X94Y23         LUT5 (Prop_lut5_I4_O)        0.124  5304.000 r  u_core/u_fabric/din_qa[17]_i_3/O
                         net (fo=1, routed)           0.162  5304.163    u_core/u_fabric/din_qa[17]_i_3_n_0
    SLICE_X94Y23         LUT5 (Prop_lut5_I0_O)        0.124  5304.287 r  u_core/u_fabric/din_qa[17]_i_2__0/O
                         net (fo=13, routed)          1.247  5305.534    u_core/u_fabric/r5625
    SLICE_X78Y22         LUT4 (Prop_lut4_I3_O)        0.124  5305.658 r  u_core/u_fabric/q_i_29__17/O
                         net (fo=2, routed)           0.607  5306.265    u_core/u_fabric/g_frame[22].cfg_reg[2918]_0
    SLICE_X82Y22         LUT5 (Prop_lut5_I4_O)        0.124  5306.389 r  u_core/u_fabric/q_i_15__42/O
                         net (fo=4, routed)           0.884  5307.273    u_core/u_store/r2175
    SLICE_X95Y23         LUT5 (Prop_lut5_I3_O)        0.124  5307.397 r  u_core/u_store/q_i_7__44/O
                         net (fo=5, routed)           1.083  5308.480    u_core/u_store/r2171
    SLICE_X78Y24         LUT6 (Prop_lut6_I5_O)        0.124  5308.604 r  u_core/u_store/q_i_8__38/O
                         net (fo=3, routed)           0.570  5309.174    u_core/u_store/u_fabric/u_clb_x2y6/lut_o6
    SLICE_X79Y23         LUT6 (Prop_lut6_I4_O)        0.124  5309.298 r  u_core/u_store/q_i_6__37/O
                         net (fo=2, routed)           0.636  5309.934    u_core/u_store/u_fabric/u_clb_x2y6/cy_mux
    SLICE_X83Y25         LUT5 (Prop_lut5_I3_O)        0.124  5310.058 r  u_core/u_store/q_i_6__41/O
                         net (fo=4, routed)           0.407  5310.465    u_core/u_store/u_fabric/r3180
    SLICE_X85Y25         LUT4 (Prop_lut4_I3_O)        0.124  5310.589 r  u_core/u_store/q_i_6__51/O
                         net (fo=1, routed)           0.263  5310.852    u_core/u_store/u_fabric/r3448
    SLICE_X85Y25         LUT5 (Prop_lut5_I0_O)        0.124  5310.976 r  u_core/u_store/q_i_3__67/O
                         net (fo=3, routed)           0.862  5311.838    u_core/u_store/comb_519
    SLICE_X76Y21         LUT3 (Prop_lut3_I2_O)        0.124  5311.962 r  u_core/u_store/i___380_i_4/O
                         net (fo=2, routed)           0.661  5312.623    u_core/u_fabric/i___8_i_10_0[54]
    SLICE_X77Y21         LUT5 (Prop_lut5_I1_O)        0.124  5312.747 r  u_core/u_fabric/i___380_i_1/O
                         net (fo=2, routed)           0.568  5313.315    u_core/u_fabric/i___380_i_1_n_0
    SLICE_X81Y24         LUT5 (Prop_lut5_I4_O)        0.124  5313.439 r  u_core/u_fabric/i___386_i_7/O
                         net (fo=7, routed)           0.901  5314.340    u_core/u_fabric/r5660
    SLICE_X57Y23         LUT5 (Prop_lut5_I2_O)        0.124  5314.464 r  u_core/u_fabric/i___211_i_8/O
                         net (fo=1, routed)           0.263  5314.728    u_core/u_fabric/i___211_i_8_n_0
    SLICE_X57Y23         LUT5 (Prop_lut5_I0_O)        0.124  5314.852 r  u_core/u_fabric/i___211_i_4/O
                         net (fo=11, routed)          1.262  5316.113    u_core/u_fabric/r5378
    SLICE_X50Y43         LUT5 (Prop_lut5_I4_O)        0.124  5316.237 r  u_core/u_fabric/i___346_i_6/O
                         net (fo=2, routed)           0.426  5316.663    u_core/u_fabric/i___346_i_6_n_0
    SLICE_X50Y44         LUT6 (Prop_lut6_I3_O)        0.124  5316.787 r  u_core/u_fabric/i___346_i_2/O
                         net (fo=11, routed)          1.735  5318.521    u_core/u_fabric/r6201
    SLICE_X64Y77         LUT6 (Prop_lut6_I3_O)        0.124  5318.646 r  u_core/u_fabric/i___366_i_13/O
                         net (fo=1, routed)           0.158  5318.804    u_core/u_fabric/i___366_i_13_n_0
    SLICE_X64Y77         LUT5 (Prop_lut5_I4_O)        0.124  5318.928 r  u_core/u_fabric/i___366_i_10/O
                         net (fo=2, routed)           1.164  5320.092    u_core/u_fabric/i___366_i_10_n_0
    SLICE_X94Y76         LUT5 (Prop_lut5_I0_O)        0.124  5320.216 r  u_core/u_fabric/i___366_i_5/O
                         net (fo=11, routed)          1.032  5321.248    u_core/u_fabric/r5216
    SLICE_X96Y62         LUT6 (Prop_lut6_I3_O)        0.124  5321.372 r  u_core/u_fabric/i___334_i_8/O
                         net (fo=1, routed)           0.466  5321.838    u_core/u_fabric/i___334_i_8_n_0
    SLICE_X96Y62         LUT5 (Prop_lut5_I2_O)        0.124  5321.962 r  u_core/u_fabric/i___334_i_6/O
                         net (fo=7, routed)           0.688  5322.649    u_core/u_fabric/r6366
    SLICE_X102Y67        LUT6 (Prop_lut6_I2_O)        0.124  5322.773 r  u_core/u_fabric/q_i_21__1/O
                         net (fo=4, routed)           1.147  5323.920    u_core/u_store/r4169
    SLICE_X101Y47        MUXF8 (Prop_muxf8_S_O)       0.273  5324.193 r  u_core/u_store/q_reg_i_16__28/O
                         net (fo=1, routed)           0.640  5324.833    u_core/u_fabric/u_dsp1/u_core/t_122_473
    SLICE_X101Y54        LUT5 (Prop_lut5_I2_O)        0.316  5325.149 r  u_core/u_fabric/u_dsp1/u_core/q_i_8__79/O
                         net (fo=2, routed)           0.424  5325.573    u_core/u_store/lut_o6_693
    SLICE_X101Y53        LUT5 (Prop_lut5_I4_O)        0.124  5325.697 r  u_core/u_store/q_i_6__60/O
                         net (fo=1, routed)           0.667  5326.364    u_core/u_store/u_fabric/u_clb_x11y10/cy_sum
    SLICE_X101Y53        LUT5 (Prop_lut5_I0_O)        0.124  5326.488 r  u_core/u_store/q_i_3__79/O
                         net (fo=3, routed)           0.348  5326.836    u_core/u_store/comb_619
    SLICE_X96Y53         LUT3 (Prop_lut3_I2_O)        0.124  5326.960 r  u_core/u_store/i___367_i_5/O
                         net (fo=2, routed)           0.849  5327.809    u_core/u_fabric/i___8_i_10_0[67]
    SLICE_X87Y52         LUT5 (Prop_lut5_I4_O)        0.124  5327.933 r  u_core/u_fabric/i___367_i_1/O
                         net (fo=2, routed)           0.528  5328.461    u_core/u_fabric/i___367_i_1_n_0
    SLICE_X86Y52         LUT5 (Prop_lut5_I4_O)        0.124  5328.585 r  u_core/u_fabric/c_q[40]_i_4__0/O
                         net (fo=3, routed)           1.219  5329.804    u_core/u_fabric/r6368
    SLICE_X101Y55        LUT4 (Prop_lut4_I2_O)        0.124  5329.928 r  u_core/u_fabric/i___364_i_22/O
                         net (fo=2, routed)           0.594  5330.522    u_core/u_fabric/i___364_i_22_n_0
    SLICE_X98Y55         LUT6 (Prop_lut6_I3_O)        0.124  5330.646 r  u_core/u_fabric/i___369_i_26/O
                         net (fo=1, routed)           0.670  5331.317    u_core/u_fabric/i___369_i_26_n_0
    SLICE_X98Y55         LUT5 (Prop_lut5_I0_O)        0.124  5331.441 r  u_core/u_fabric/i___369_i_25/O
                         net (fo=1, routed)           0.878  5332.319    u_core/u_fabric/i___369_i_25_n_0
    SLICE_X97Y71         LUT5 (Prop_lut5_I2_O)        0.124  5332.443 r  u_core/u_fabric/i___369_i_22/O
                         net (fo=1, routed)           0.298  5332.742    u_core/u_fabric/i___369_i_22_n_0
    SLICE_X94Y71         LUT5 (Prop_lut5_I2_O)        0.124  5332.866 r  u_core/u_fabric/i___369_i_14/O
                         net (fo=1, routed)           0.658  5333.524    u_core/u_fabric/i___369_i_14_n_0
    SLICE_X94Y71         LUT5 (Prop_lut5_I4_O)        0.124  5333.648 r  u_core/u_fabric/i___369_i_5/O
                         net (fo=1, routed)           0.162  5333.810    u_core/u_fabric/i___369_i_5_n_0
    SLICE_X94Y71         LUT5 (Prop_lut5_I0_O)        0.124  5333.934 r  u_core/u_fabric/i___369_i_2/O
                         net (fo=2, routed)           0.849  5334.784    u_core/u_fabric/i___369_i_2_n_0
    SLICE_X97Y60         LUT6 (Prop_lut6_I3_O)        0.124  5334.908 f  u_core/u_fabric/i___369/O
                         net (fo=1, routed)           0.503  5335.410    u_core/u_fabric/i___369_n_0
    SLICE_X96Y65         LUT6 (Prop_lut6_I1_O)        0.124  5335.534 r  u_core/u_fabric/i___368/O
                         net (fo=1, routed)           0.000  5335.534    u_core/u_fabric/i___368_n_0
    SLICE_X96Y65         MUXF7 (Prop_muxf7_I1_O)      0.214  5335.748 r  u_core/u_fabric/i___18_i_3/O
                         net (fo=5, routed)           1.000  5336.748    u_core/u_fabric/r6283
    SLICE_X83Y69         LUT6 (Prop_lut6_I4_O)        0.297  5337.045 r  u_core/u_fabric/i___18/O
                         net (fo=2, routed)           0.314  5337.359    u_core/u_fabric/i___18_n_0
    SLICE_X82Y70         LUT5 (Prop_lut5_I2_O)        0.124  5337.483 r  u_core/u_fabric/i___5_i_20/O
                         net (fo=1, routed)           0.987  5338.470    u_core/u_fabric/i___5_i_20_n_0
    SLICE_X65Y80         LUT6 (Prop_lut6_I0_O)        0.124  5338.594 r  u_core/u_fabric/i___5_i_15/O
                         net (fo=4, routed)           1.027  5339.621    u_core/u_fabric/r4975
    SLICE_X60Y65         LUT5 (Prop_lut5_I0_O)        0.124  5339.745 r  u_core/u_fabric/i___345_i_19/O
                         net (fo=1, routed)           0.000  5339.745    u_core/u_fabric/i___345_i_19_n_0
    SLICE_X60Y65         MUXF7 (Prop_muxf7_I0_O)      0.212  5339.957 r  u_core/u_fabric/i___345_i_16/O
                         net (fo=1, routed)           0.441  5340.397    u_core/u_fabric/i___345_i_16_n_0
    SLICE_X60Y65         LUT6 (Prop_lut6_I5_O)        0.299  5340.696 r  u_core/u_fabric/i___345_i_9/O
                         net (fo=16, routed)          0.633  5341.330    u_core/u_fabric/r6118
    SLICE_X57Y68         LUT4 (Prop_lut4_I3_O)        0.124  5341.454 r  u_core/u_fabric/q_i_47__2/O
                         net (fo=1, routed)           0.407  5341.861    u_core/u_fabric/q_i_47__2_n_0
    SLICE_X57Y68         LUT6 (Prop_lut6_I5_O)        0.124  5341.985 r  u_core/u_fabric/q_i_42__0/O
                         net (fo=16, routed)          1.275  5343.260    u_core/u_store/r4123
    SLICE_X40Y80         LUT6 (Prop_lut6_I2_O)        0.124  5343.384 r  u_core/u_store/q_i_33__48/O
                         net (fo=1, routed)           0.000  5343.384    u_core/u_store/u_fabric/u_clb_x9y10/t_97
    SLICE_X40Y80         MUXF7 (Prop_muxf7_I1_O)      0.217  5343.601 r  u_core/u_store/q_reg_i_16__26/O
                         net (fo=2, routed)           0.666  5344.267    u_core/u_store/u_fabric/u_clb_x9y10/t_112
    SLICE_X49Y75         LUT5 (Prop_lut5_I4_O)        0.299  5344.566 r  u_core/u_store/q_i_7__79/O
                         net (fo=3, routed)           0.613  5345.179    u_core/u_fabric/r4113
    SLICE_X53Y73         LUT6 (Prop_lut6_I5_O)        0.124  5345.303 r  u_core/u_fabric/i___409_0_i_3/O
                         net (fo=1, routed)           0.000  5345.303    u_core/u_fabric/i___409_0_i_3_n_0
    SLICE_X53Y73         MUXF7 (Prop_muxf7_I0_O)      0.212  5345.515 r  u_core/u_fabric/i___409_0_i_2/O
                         net (fo=11, routed)          0.811  5346.327    u_core/u_fabric/r5399
    SLICE_X51Y64         LUT4 (Prop_lut4_I3_O)        0.299  5346.625 r  u_core/u_fabric/i___409_1__0/O
                         net (fo=3, routed)           0.911  5347.537    u_core/u_fabric/r6137
    SLICE_X58Y68         LUT5 (Prop_lut5_I0_O)        0.124  5347.661 r  u_core/u_fabric/i___372_i_6/O
                         net (fo=4, routed)           0.927  5348.588    u_core/u_fabric/r5310
    SLICE_X63Y78         LUT5 (Prop_lut5_I4_O)        0.124  5348.712 r  u_core/u_fabric/i___364_i_25/O
                         net (fo=1, routed)           0.000  5348.712    u_core/u_fabric/i___364_i_25_n_0
    SLICE_X63Y78         MUXF7 (Prop_muxf7_I0_O)      0.212  5348.924 r  u_core/u_fabric/i___364_i_14/O
                         net (fo=1, routed)           0.436  5349.360    u_core/u_fabric/i___364_i_14_n_0
    SLICE_X63Y78         LUT6 (Prop_lut6_I5_O)        0.299  5349.659 r  u_core/u_fabric/i___364_i_6/O
                         net (fo=8, routed)           1.409  5351.068    u_core/u_fabric/u_dsp1/u_core/i___364
    SLICE_X80Y58         LUT6 (Prop_lut6_I0_O)        0.124  5351.192 r  u_core/u_fabric/u_dsp1/u_core/i___364_i_2/O
                         net (fo=2, routed)           0.583  5351.776    u_core/u_fabric/u_dsp1_n_77
    SLICE_X80Y57         LUT5 (Prop_lut5_I2_O)        0.124  5351.900 r  u_core/u_fabric/i___67_i_5/O
                         net (fo=3, routed)           0.301  5352.201    u_core/u_fabric/r6372
    SLICE_X81Y57         LUT6 (Prop_lut6_I2_O)        0.124  5352.325 r  u_core/u_fabric/i___67_i_4/O
                         net (fo=10, routed)          0.598  5352.923    u_core/u_fabric/r5409
    SLICE_X81Y56         LUT6 (Prop_lut6_I5_O)        0.124  5353.047 r  u_core/u_fabric/i___44_i_10/O
                         net (fo=1, routed)           0.628  5353.675    u_core/u_fabric/i___44_i_10_n_0
    SLICE_X66Y53         LUT6 (Prop_lut6_I2_O)        0.124  5353.799 r  u_core/u_fabric/i___44_i_7/O
                         net (fo=1, routed)           0.000  5353.799    u_core/u_fabric/i___44_i_7_n_0
    SLICE_X66Y53         MUXF7 (Prop_muxf7_I0_O)      0.209  5354.008 r  u_core/u_fabric/i___44_i_5/O
                         net (fo=10, routed)          0.995  5355.003    u_core/u_fabric/r5395
    SLICE_X58Y36         LUT6 (Prop_lut6_I5_O)        0.297  5355.300 r  u_core/u_fabric/i___81_i_6/O
                         net (fo=2, routed)           0.458  5355.758    u_core/u_fabric/i___81_i_6_n_0
    SLICE_X60Y34         LUT3 (Prop_lut3_I2_O)        0.124  5355.882 r  u_core/u_fabric/i___83_i_18/O
                         net (fo=1, routed)           0.594  5356.476    u_core/u_fabric/i___83_i_18_n_0
    SLICE_X60Y28         LUT6 (Prop_lut6_I0_O)        0.124  5356.600 r  u_core/u_fabric/i___83_i_14/O
                         net (fo=2, routed)           1.606  5358.206    u_core/u_store/r5659
    SLICE_X91Y15         LUT6 (Prop_lut6_I2_O)        0.124  5358.330 r  u_core/u_store/q_i_47__45/O
                         net (fo=1, routed)           0.801  5359.131    u_core/u_fabric/q_i_18__22__0_0
    SLICE_X91Y7          LUT5 (Prop_lut5_I0_O)        0.124  5359.255 r  u_core/u_fabric/q_i_30__8/O
                         net (fo=1, routed)           0.917  5360.172    u_core/u_fabric/q_i_30__8_n_0
    SLICE_X75Y3          LUT6 (Prop_lut6_I0_O)        0.124  5360.296 r  u_core/u_fabric/q_i_18__22__0/O
                         net (fo=1, routed)           0.296  5360.593    u_core/u_store/q_i_7__35_0
    SLICE_X73Y2          LUT5 (Prop_lut5_I3_O)        0.124  5360.717 r  u_core/u_store/q_i_7__34/O
                         net (fo=4, routed)           0.773  5361.490    u_core/u_fabric/u_bram0/u_core/r1877
    SLICE_X85Y3          LUT5 (Prop_lut5_I4_O)        0.124  5361.614 r  u_core/u_fabric/u_bram0/u_core/sr[40]_i_3/O
                         net (fo=3, routed)           0.363  5361.978    u_core/u_fabric/u_bram0/u_core/lut_o6
    SLICE_X84Y3          LUT5 (Prop_lut5_I4_O)        0.124  5362.102 r  u_core/u_fabric/u_bram0/u_core/q_i_10__12/O
                         net (fo=2, routed)           0.951  5363.053    u_core/u_fabric/u_clb_x1y5/sr_reg[40]
    SLICE_X82Y2          LUT6 (Prop_lut6_I5_O)        0.124  5363.177 r  u_core/u_fabric/u_clb_x1y5/sr[40]_i_2/O
                         net (fo=4, routed)           0.891  5364.068    u_core/u_fabric/clb_o[14]
    SLICE_X82Y14         LUT6 (Prop_lut6_I5_O)        0.124  5364.192 r  u_core/u_fabric/i___432_1_i_1/O
                         net (fo=2, routed)           0.547  5364.738    u_core/u_fabric/i___432_1_i_1_n_0
    SLICE_X80Y15         LUT6 (Prop_lut6_I2_O)        0.124  5364.862 r  u_core/u_fabric/i___432_1__0/O
                         net (fo=1, routed)           0.628  5365.490    u_core/u_store/q_i_17__7
    SLICE_X82Y20         LUT5 (Prop_lut5_I1_O)        0.124  5365.614 r  u_core/u_store/q_i_33__14/O
                         net (fo=1, routed)           1.051  5366.665    u_core/u_fabric/u_clb_x2y6/t_111_195
    SLICE_X95Y26         LUT5 (Prop_lut5_I0_O)        0.124  5366.789 r  u_core/u_fabric/u_clb_x2y6/q_i_17__7/O
                         net (fo=1, routed)           0.510  5367.299    u_core/u_fabric/u_clb_x2y6/u_clb_x2y4/t_123
    SLICE_X95Y24         LUT5 (Prop_lut5_I0_O)        0.124  5367.423 r  u_core/u_fabric/u_clb_x2y6/q_i_8__21/O
                         net (fo=3, routed)           0.348  5367.771    u_core/u_fabric/u_bram0/u_core/lut_o6_21
    SLICE_X94Y26         LUT6 (Prop_lut6_I5_O)        0.124  5367.895 r  u_core/u_fabric/u_bram0/u_core/q_i_3__26/O
                         net (fo=3, routed)           0.887  5368.782    u_core/u_fabric/u_clb_x2y4/comb_20
    SLICE_X88Y26         LUT3 (Prop_lut3_I2_O)        0.124  5368.906 r  u_core/u_fabric/u_clb_x2y4/sr[31]_i_2/O
                         net (fo=2, routed)           0.464  5369.370    u_core/u_fabric/clb_o[10]
    SLICE_X83Y27         LUT5 (Prop_lut5_I1_O)        0.124  5369.494 r  u_core/u_fabric/i___100_i_14/O
                         net (fo=2, routed)           0.160  5369.653    u_core/u_fabric/i___100_i_14_n_0
    SLICE_X83Y27         LUT5 (Prop_lut5_I4_O)        0.124  5369.777 r  u_core/u_fabric/i___100_i_5/O
                         net (fo=14, routed)          0.612  5370.390    u_core/u_fabric/u_clb_x2y4/r5630
    SLICE_X86Y26         LUT6 (Prop_lut6_I4_O)        0.124  5370.514 r  u_core/u_fabric/u_clb_x2y4/i___382_i_16/O
                         net (fo=1, routed)           0.161  5370.675    u_core/u_fabric/u_clb_x2y4_n_1
    SLICE_X86Y26         LUT5 (Prop_lut5_I2_O)        0.124  5370.799 r  u_core/u_fabric/i___382_i_9/O
                         net (fo=14, routed)          0.906  5371.705    u_core/u_fabric/r5644
    SLICE_X98Y26         LUT6 (Prop_lut6_I5_O)        0.124  5371.829 r  u_core/u_fabric/q_i_16__14__0/O
                         net (fo=2, routed)           0.521  5372.351    u_core/u_store/r3720
    SLICE_X92Y28         LUT5 (Prop_lut5_I3_O)        0.124  5372.475 r  u_core/u_store/q_i_7__67/O
                         net (fo=5, routed)           0.462  5372.937    u_core/u_store/r3715
    SLICE_X92Y26         LUT5 (Prop_lut5_I4_O)        0.124  5373.061 r  u_core/u_store/q_i_8__67/O
                         net (fo=3, routed)           0.777  5373.838    u_core/u_store/u_fabric/u_clb_x2y9/lut_o6
    SLICE_X85Y24         LUT6 (Prop_lut6_I2_O)        0.124  5373.962 r  u_core/u_store/i___386_i_13/O
                         net (fo=1, routed)           0.442  5374.404    u_core/u_store/u_fabric/u_clb_x2y10/cy_sum
    SLICE_X85Y20         LUT5 (Prop_lut5_I2_O)        0.124  5374.528 r  u_core/u_store/i___386_i_5/O
                         net (fo=3, routed)           0.420  5374.949    u_core/u_fabric/i___8_i_10_0[62]
    SLICE_X85Y20         LUT5 (Prop_lut5_I4_O)        0.124  5375.073 r  u_core/u_fabric/mem_reg_i_71__0/O
                         net (fo=2, routed)           0.453  5375.526    u_core/u_fabric/r5667
    SLICE_X84Y17         LUT5 (Prop_lut5_I0_O)        0.124  5375.650 r  u_core/u_fabric/q_i_11__24__0/O
                         net (fo=8, routed)           0.727  5376.377    u_core/u_fabric/r5237
    SLICE_X79Y10         LUT5 (Prop_lut5_I4_O)        0.124  5376.501 r  u_core/u_fabric/i___190_i_30/O
                         net (fo=1, routed)           0.612  5377.113    u_core/u_fabric/i___190_i_30_n_0
    SLICE_X82Y12         LUT6 (Prop_lut6_I2_O)        0.124  5377.237 r  u_core/u_fabric/i___190_i_25/O
                         net (fo=1, routed)           0.569  5377.807    u_core/u_fabric/i___190_i_25_n_0
    SLICE_X84Y12         LUT5 (Prop_lut5_I2_O)        0.124  5377.931 r  u_core/u_fabric/i___190_i_16/O
                         net (fo=1, routed)           0.905  5378.836    u_core/u_fabric/i___190_i_16_n_0
    SLICE_X100Y12        LUT5 (Prop_lut5_I2_O)        0.124  5378.960 r  u_core/u_fabric/i___190_i_7/O
                         net (fo=10, routed)          1.240  5380.200    u_core/u_fabric/r5473
    SLICE_X86Y1          LUT4 (Prop_lut4_I3_O)        0.124  5380.324 r  u_core/u_fabric/i___107_i_10/O
                         net (fo=3, routed)           0.667  5380.991    u_core/u_fabric/r4816
    SLICE_X86Y7          LUT6 (Prop_lut6_I3_O)        0.124  5381.115 r  u_core/u_fabric/i___107_i_5/O
                         net (fo=1, routed)           0.670  5381.785    u_core/u_fabric/i___107_i_5_n_0
    SLICE_X86Y7          LUT5 (Prop_lut5_I2_O)        0.124  5381.909 r  u_core/u_fabric/i___107_i_3/O
                         net (fo=14, routed)          1.252  5383.161    u_core/u_fabric/r5568
    SLICE_X71Y21         LUT6 (Prop_lut6_I5_O)        0.124  5383.285 r  u_core/u_fabric/i___411_1_i_20/O
                         net (fo=1, routed)           0.416  5383.702    u_core/u_fabric/i___411_1_i_20_n_0
    SLICE_X70Y22         LUT5 (Prop_lut5_I2_O)        0.124  5383.826 r  u_core/u_fabric/i___411_1_i_13/O
                         net (fo=2, routed)           0.552  5384.377    u_core/u_fabric/r5262
    SLICE_X70Y22         LUT6 (Prop_lut6_I3_O)        0.124  5384.501 r  u_core/u_fabric/mem_reg_i_191/O
                         net (fo=1, routed)           0.000  5384.501    u_core/u_fabric/mem_reg_i_191_n_0
    SLICE_X70Y22         MUXF7 (Prop_muxf7_I1_O)      0.217  5384.718 r  u_core/u_fabric/mem_reg_i_171/O
                         net (fo=1, routed)           0.441  5385.159    u_core/u_fabric/mem_reg_i_171_n_0
    SLICE_X70Y22         LUT6 (Prop_lut6_I5_O)        0.299  5385.458 r  u_core/u_fabric/mem_reg_i_135/O
                         net (fo=3, routed)           0.589  5386.047    u_core/u_fabric/r5668
    SLICE_X61Y22         LUT6 (Prop_lut6_I0_O)        0.124  5386.171 r  u_core/u_fabric/i___90_i_8/O
                         net (fo=2, routed)           0.445  5386.616    u_core/u_fabric/g_frame[27].cfg_reg[3561]
    SLICE_X61Y22         LUT6 (Prop_lut6_I0_O)        0.124  5386.740 r  u_core/u_fabric/i___215_i_2/O
                         net (fo=7, routed)           0.977  5387.717    u_core/u_fabric/r5367
    SLICE_X69Y10         LUT6 (Prop_lut6_I5_O)        0.124  5387.841 r  u_core/u_fabric/i___95_i_19/O
                         net (fo=1, routed)           0.000  5387.841    u_core/u_fabric/i___95_i_19_n_0
    SLICE_X69Y10         MUXF7 (Prop_muxf7_I1_O)      0.217  5388.058 r  u_core/u_fabric/i___95_i_16/O
                         net (fo=2, routed)           0.449  5388.507    u_core/u_fabric/i___95_i_16_n_0
    SLICE_X69Y10         LUT6 (Prop_lut6_I5_O)        0.299  5388.806 r  u_core/u_fabric/i___95_i_14/O
                         net (fo=4, routed)           0.660  5389.465    u_core/u_fabric/r5349
    SLICE_X70Y4          LUT6 (Prop_lut6_I1_O)        0.124  5389.589 r  u_core/u_fabric/i___95_i_8/O
                         net (fo=7, routed)           0.812  5390.402    u_core/u_fabric/r5252
    SLICE_X70Y14         LUT6 (Prop_lut6_I3_O)        0.124  5390.526 r  u_core/u_fabric/i___293_i_3/O
                         net (fo=1, routed)           0.279  5390.805    u_core/u_fabric/i___293_i_3_n_0
    SLICE_X70Y14         LUT5 (Prop_lut5_I2_O)        0.124  5390.929 r  u_core/u_fabric/i___293_i_1/O
                         net (fo=15, routed)          1.072  5392.001    u_core/u_fabric/r5643
    SLICE_X91Y15         LUT6 (Prop_lut6_I5_O)        0.124  5392.125 r  u_core/u_fabric/i___90_i_1/O
                         net (fo=1, routed)           0.639  5392.764    u_core/u_fabric/i___90_i_1_n_0
    SLICE_X91Y6          LUT6 (Prop_lut6_I0_O)        0.124  5392.888 r  u_core/u_fabric/i___90/O
                         net (fo=2, routed)           0.310  5393.198    u_core/u_fabric/i___90_n_0
    SLICE_X91Y7          LUT5 (Prop_lut5_I0_O)        0.124  5393.322 r  u_core/u_fabric/i___195_i_10/O
                         net (fo=14, routed)          0.959  5394.282    u_core/u_fabric/r5557
    SLICE_X91Y21         LUT4 (Prop_lut4_I3_O)        0.124  5394.406 r  u_core/u_fabric/q_i_40__7/O
                         net (fo=1, routed)           0.154  5394.560    u_core/u_fabric/q_i_40__7_n_0
    SLICE_X91Y21         LUT6 (Prop_lut6_I5_O)        0.124  5394.684 r  u_core/u_fabric/q_i_24__4/O
                         net (fo=8, routed)           1.186  5395.870    u_core/u_store/r3190
    SLICE_X70Y19         MUXF7 (Prop_muxf7_S_O)       0.276  5396.146 r  u_core/u_store/q_reg_i_34__10/O
                         net (fo=1, routed)           0.000  5396.146    u_core/u_store/u_fabric/u_clb_x2y7/t_117
    SLICE_X70Y19         MUXF8 (Prop_muxf8_I1_O)      0.094  5396.240 r  u_core/u_store/q_reg_i_17__18/O
                         net (fo=1, routed)           0.975  5397.215    u_core/u_store/u_fabric/u_clb_x2y7/t_122
    SLICE_X83Y25         LUT5 (Prop_lut5_I2_O)        0.316  5397.531 r  u_core/u_store/q_i_8__49/O
                         net (fo=3, routed)           0.427  5397.958    u_core/u_store/u_fabric/u_clb_x2y7/lut_o6
    SLICE_X83Y25         LUT6 (Prop_lut6_I5_O)        0.124  5398.082 r  u_core/u_store/q_i_3__51/O
                         net (fo=3, routed)           0.570  5398.652    u_core/u_store/comb_391
    SLICE_X84Y26         LUT3 (Prop_lut3_I2_O)        0.124  5398.776 r  u_core/u_store/i___382_i_5/O
                         net (fo=2, routed)           0.680  5399.456    u_core/u_fabric/i___8_i_10_0[40]
    SLICE_X83Y20         LUT5 (Prop_lut5_I1_O)        0.124  5399.580 r  u_core/u_fabric/i___382_i_1/O
                         net (fo=2, routed)           0.589  5400.168    u_core/u_fabric/i___382_i_1_n_0
    SLICE_X81Y20         LUT5 (Prop_lut5_I4_O)        0.124  5400.292 r  u_core/u_fabric/i___383_i_1/O
                         net (fo=16, routed)          0.551  5400.844    u_core/u_fabric/r5648
    SLICE_X70Y20         LUT6 (Prop_lut6_I3_O)        0.124  5400.968 r  u_core/u_fabric/i___386_i_29/O
                         net (fo=1, routed)           0.650  5401.617    u_core/u_fabric/i___386_i_29_n_0
    SLICE_X70Y20         LUT6 (Prop_lut6_I0_O)        0.124  5401.741 r  u_core/u_fabric/i___386_i_24/O
                         net (fo=1, routed)           0.000  5401.741    u_core/u_fabric/i___386_i_24_n_0
    SLICE_X70Y20         MUXF7 (Prop_muxf7_I0_O)      0.212  5401.953 r  u_core/u_fabric/i___386_i_16/O
                         net (fo=5, routed)           0.739  5402.692    u_core/u_fabric/r5359
    SLICE_X69Y9          LUT6 (Prop_lut6_I3_O)        0.299  5402.991 r  u_core/u_fabric/i___90_i_25/O
                         net (fo=2, routed)           0.555  5403.546    u_core/u_fabric/i___90_i_25_n_0
    SLICE_X67Y9          LUT6 (Prop_lut6_I2_O)        0.124  5403.670 r  u_core/u_fabric/i___195_i_22/O
                         net (fo=1, routed)           0.915  5404.585    u_core/u_fabric/r5251
    SLICE_X79Y5          LUT5 (Prop_lut5_I0_O)        0.124  5404.709 r  u_core/u_fabric/i___195_i_17/O
                         net (fo=2, routed)           0.646  5405.354    u_core/u_fabric/i___195_i_17_n_0
    SLICE_X86Y4          LUT3 (Prop_lut3_I2_O)        0.124  5405.479 r  u_core/u_fabric/i___195_i_12/O
                         net (fo=9, routed)           0.186  5405.664    u_core/u_fabric/r5491
    SLICE_X86Y4          LUT4 (Prop_lut4_I3_O)        0.124  5405.788 r  u_core/u_fabric/q_i_46__0/O
                         net (fo=1, routed)           0.452  5406.240    u_core/u_fabric/q_i_46__0_n_0
    SLICE_X86Y4          LUT6 (Prop_lut6_I5_O)        0.124  5406.364 r  u_core/u_fabric/q_i_28__1/O
                         net (fo=8, routed)           0.360  5406.724    u_core/u_store/r3700
    SLICE_X86Y3          MUXF7 (Prop_muxf7_S_O)       0.292  5407.016 r  u_core/u_store/q_reg_i_27__13/O
                         net (fo=1, routed)           0.000  5407.016    u_core/u_store/u_fabric/u_clb_x1y9/t_115
    SLICE_X86Y3          MUXF8 (Prop_muxf8_I1_O)      0.088  5407.104 r  u_core/u_store/q_reg_i_15__19/O
                         net (fo=2, routed)           0.486  5407.590    u_core/u_fabric/u_bram1/u_core/t_121_409
    SLICE_X84Y5          LUT5 (Prop_lut5_I0_O)        0.319  5407.909 r  u_core/u_fabric/u_bram1/u_core/q_i_8__66/O
                         net (fo=5, routed)           0.453  5408.362    u_core/u_fabric/r3689
    SLICE_X83Y7          LUT2 (Prop_lut2_I0_O)        0.124  5408.486 r  u_core/u_fabric/q_i_22__28/O
                         net (fo=7, routed)           0.807  5409.292    u_core/u_fabric/r5234
    SLICE_X72Y10         LUT5 (Prop_lut5_I4_O)        0.124  5409.417 r  u_core/u_fabric/i___180_i_10/O
                         net (fo=1, routed)           0.000  5409.417    u_core/u_fabric/i___180_i_10_n_0
    SLICE_X72Y10         MUXF7 (Prop_muxf7_I0_O)      0.212  5409.628 r  u_core/u_fabric/i___180_i_7/O
                         net (fo=2, routed)           0.457  5410.085    u_core/u_fabric/g_frame[13].cfg_reg[1765]
    SLICE_X72Y10         LUT6 (Prop_lut6_I5_O)        0.299  5410.384 r  u_core/u_fabric/i___180_i_3/O
                         net (fo=14, routed)          1.286  5411.670    u_core/u_fabric/r5569
    SLICE_X98Y5          LUT6 (Prop_lut6_I4_O)        0.124  5411.794 r  u_core/u_fabric/i___180/O
                         net (fo=2, routed)           0.511  5412.305    u_core/u_fabric/u_bram1/u_core/q_i_15__8_2
    SLICE_X99Y5          LUT6 (Prop_lut6_I4_O)        0.124  5412.429 r  u_core/u_fabric/u_bram1/u_core/q_i_27__48/O
                         net (fo=1, routed)           0.154  5412.583    u_core/u_fabric/u_bram1/u_core/q_i_27__48_n_0
    SLICE_X99Y5          LUT5 (Prop_lut5_I3_O)        0.124  5412.707 r  u_core/u_fabric/u_bram1/u_core/q_i_15__8/O
                         net (fo=1, routed)           0.451  5413.157    u_core/u_fabric/u_bram1/u_core/u_clb_x1y4/t_125
    SLICE_X95Y6          LUT6 (Prop_lut6_I4_O)        0.124  5413.281 r  u_core/u_fabric/u_bram1/u_core/q_i_6__22/O
                         net (fo=4, routed)           0.917  5414.198    u_core/u_fabric/u_bram1/u_core/g_frame[7].cfg_reg[941]
    SLICE_X83Y2          LUT6 (Prop_lut6_I3_O)        0.124  5414.322 r  u_core/u_fabric/u_bram1/u_core/q_i_6__36/O
                         net (fo=1, routed)           0.444  5414.766    u_core/u_store/cy_mux_677
    SLICE_X86Y2          LUT5 (Prop_lut5_I0_O)        0.124  5414.890 r  u_core/u_store/q_i_3__50/O
                         net (fo=2, routed)           0.682  5415.572    u_core/u_fabric/comb_598
    SLICE_X90Y3          LUT6 (Prop_lut6_I3_O)        0.124  5415.696 r  u_core/u_fabric/i___218_i_6/O
                         net (fo=1, routed)           0.445  5416.141    u_core/u_fabric/i___218_i_6_n_0
    SLICE_X90Y5          LUT5 (Prop_lut5_I4_O)        0.124  5416.265 r  u_core/u_fabric/i___218_i_1/O
                         net (fo=15, routed)          1.244  5417.509    u_core/u_fabric/r5553
    SLICE_X93Y25         LUT4 (Prop_lut4_I3_O)        0.124  5417.633 r  u_core/u_fabric/q_i_38__0/O
                         net (fo=1, routed)           0.665  5418.298    u_core/u_fabric/q_i_38__0_n_0
    SLICE_X93Y25         LUT6 (Prop_lut6_I5_O)        0.124  5418.422 r  u_core/u_fabric/q_i_22__0/O
                         net (fo=17, routed)          0.532  5418.954    u_core/u_store/r3188
    SLICE_X100Y26        LUT6 (Prop_lut6_I4_O)        0.124  5419.078 r  u_core/u_store/q_i_30__30/O
                         net (fo=1, routed)           0.000  5419.078    u_core/u_store/u_fabric/u_clb_x2y7/t_97
    SLICE_X100Y26        MUXF7 (Prop_muxf7_I1_O)      0.214  5419.292 r  u_core/u_store/q_reg_i_15__11/O
                         net (fo=2, routed)           0.728  5420.021    u_core/u_store/t_112_388
    SLICE_X93Y22         LUT6 (Prop_lut6_I5_O)        0.297  5420.317 r  u_core/u_store/i___381_i_20/O
                         net (fo=1, routed)           0.433  5420.750    u_core/u_fabric/t_120_605
    SLICE_X93Y22         LUT6 (Prop_lut6_I3_O)        0.124  5420.875 r  u_core/u_fabric/i___381_i_14/O
                         net (fo=1, routed)           0.598  5421.473    u_core/u_fabric/i___381_i_14_n_0
    SLICE_X98Y21         LUT5 (Prop_lut5_I4_O)        0.124  5421.597 r  u_core/u_fabric/i___381_i_6/O
                         net (fo=1, routed)           0.939  5422.536    u_core/u_fabric/r5030
    SLICE_X79Y20         LUT5 (Prop_lut5_I2_O)        0.124  5422.660 r  u_core/u_fabric/i___381_i_2/O
                         net (fo=2, routed)           0.453  5423.113    u_core/u_fabric/i___381_i_2_n_0
    SLICE_X72Y20         LUT5 (Prop_lut5_I2_O)        0.124  5423.237 r  u_core/u_fabric/i___380_i_6/O
                         net (fo=12, routed)          0.752  5423.989    u_core/u_fabric/r5654
    SLICE_X74Y23         LUT6 (Prop_lut6_I5_O)        0.124  5424.113 r  u_core/u_fabric/i___408_1_i_3__0/O
                         net (fo=1, routed)           0.797  5424.910    u_core/u_fabric/i___408_1_i_3__0_n_0
    SLICE_X56Y21         LUT5 (Prop_lut5_I0_O)        0.124  5425.034 r  u_core/u_fabric/i___408_1_i_1__0/O
                         net (fo=1, routed)           0.925  5425.959    u_core/u_fabric/i___408_1_i_1__0_n_0
    SLICE_X50Y30         LUT6 (Prop_lut6_I3_O)        0.124  5426.083 r  u_core/u_fabric/i___408_1__1/O
                         net (fo=9, routed)           1.073  5427.156    u_core/u_fabric/r5967
    SLICE_X56Y41         LUT6 (Prop_lut6_I5_O)        0.124  5427.280 r  u_core/u_fabric/i___33_i_9/O
                         net (fo=1, routed)           0.161  5427.441    u_core/u_fabric/i___33_i_9_n_0
    SLICE_X56Y41         LUT5 (Prop_lut5_I0_O)        0.124  5427.565 r  u_core/u_fabric/i___33_i_6/O
                         net (fo=2, routed)           0.684  5428.249    u_core/u_fabric/u_dsp1/u_core/r5304
    SLICE_X54Y49         LUT6 (Prop_lut6_I2_O)        0.124  5428.373 r  u_core/u_fabric/u_dsp1/u_core/i___19_i_14/O
                         net (fo=1, routed)           0.582  5428.955    u_core/u_fabric/u_dsp1_n_71
    SLICE_X56Y49         LUT5 (Prop_lut5_I2_O)        0.124  5429.079 r  u_core/u_fabric/i___19_i_8/O
                         net (fo=4, routed)           0.665  5429.744    u_core/u_fabric/u_clb_x7y9/r6058
    SLICE_X61Y44         LUT6 (Prop_lut6_I3_O)        0.124  5429.868 r  u_core/u_fabric/u_clb_x7y9/i___98_i_6/O
                         net (fo=2, routed)           1.251  5431.119    u_core/u_fabric/u_clb_x7y9/g_frame[83].cfg_reg[10727]
    SLICE_X52Y29         LUT6 (Prop_lut6_I4_O)        0.124  5431.243 r  u_core/u_fabric/u_clb_x7y9/i___98_i_2/O
                         net (fo=7, routed)           1.466  5432.708    u_core/u_fabric/r5817
    SLICE_X32Y14         LUT6 (Prop_lut6_I4_O)        0.124  5432.833 r  u_core/u_fabric/i___98/O
                         net (fo=2, routed)           0.432  5433.265    u_core/u_fabric/i___98_n_0
    SLICE_X34Y14         LUT5 (Prop_lut5_I2_O)        0.124  5433.389 r  u_core/u_fabric/i___356_i_26/O
                         net (fo=1, routed)           1.543  5434.932    u_core/u_store/i___356_i_22_0
    SLICE_X44Y45         LUT6 (Prop_lut6_I4_O)        0.124  5435.056 r  u_core/u_store/i___356_i_25/O
                         net (fo=1, routed)           0.511  5435.567    u_core/u_fabric/i___356_i_13_0
    SLICE_X46Y45         LUT5 (Prop_lut5_I2_O)        0.124  5435.691 r  u_core/u_fabric/i___356_i_22/O
                         net (fo=1, routed)           0.326  5436.017    u_core/u_fabric/i___356_i_22_n_0
    SLICE_X48Y44         LUT5 (Prop_lut5_I2_O)        0.124  5436.141 r  u_core/u_fabric/i___356_i_13/O
                         net (fo=1, routed)           0.633  5436.774    u_core/u_store/i___356_i_2
    SLICE_X48Y44         LUT6 (Prop_lut6_I2_O)        0.124  5436.898 r  u_core/u_store/i___356_i_7/O
                         net (fo=1, routed)           0.571  5437.470    u_core/u_fabric/u_clb_x7y10/r5303
    SLICE_X50Y42         LUT6 (Prop_lut6_I4_O)        0.124  5437.594 r  u_core/u_fabric/u_clb_x7y10/i___356_i_2/O
                         net (fo=2, routed)           0.669  5438.263    u_core/u_fabric/u_clb_x7y10_n_1
    SLICE_X51Y42         LUT5 (Prop_lut5_I2_O)        0.124  5438.387 r  u_core/u_fabric/i___81_i_12/O
                         net (fo=3, routed)           0.912  5439.299    u_core/u_fabric/r5978
    SLICE_X58Y35         LUT4 (Prop_lut4_I2_O)        0.124  5439.423 r  u_core/u_fabric/i___81_i_5/O
                         net (fo=2, routed)           0.462  5439.884    u_core/u_fabric/i___81_i_5_n_0
    SLICE_X60Y34         LUT5 (Prop_lut5_I0_O)        0.124  5440.008 r  u_core/u_fabric/i___81_i_2/O
                         net (fo=15, routed)          1.516  5441.524    u_core/u_fabric/r5381
    SLICE_X36Y12         LUT4 (Prop_lut4_I3_O)        0.124  5441.648 r  u_core/u_fabric/mem_reg_i_168/O
                         net (fo=10, routed)          0.502  5442.150    u_core/u_fabric/r5735
    SLICE_X45Y16         LUT4 (Prop_lut4_I0_O)        0.124  5442.274 r  u_core/u_fabric/q_i_48__8/O
                         net (fo=1, routed)           0.154  5442.428    u_core/u_fabric/q_i_48__8_n_0
    SLICE_X45Y16         LUT6 (Prop_lut6_I5_O)        0.124  5442.552 r  u_core/u_fabric/q_i_32__4/O
                         net (fo=18, routed)          0.755  5443.308    u_core/u_store/r3750
    SLICE_X51Y15         LUT6 (Prop_lut6_I4_O)        0.124  5443.432 r  u_core/u_store/q_i_52__14/O
                         net (fo=1, routed)           0.000  5443.432    u_core/u_store/u_fabric/u_clb_x4y9/t_107
    SLICE_X51Y15         MUXF7 (Prop_muxf7_I1_O)      0.217  5443.648 r  u_core/u_store/q_reg_i_47/O
                         net (fo=1, routed)           0.000  5443.648    u_core/u_store/u_fabric/u_clb_x4y9/t_117
    SLICE_X51Y15         MUXF8 (Prop_muxf8_I1_O)      0.094  5443.743 r  u_core/u_store/q_reg_i_29__11/O
                         net (fo=1, routed)           0.594  5444.336    u_core/u_store/u_fabric/u_clb_x4y9/t_122
    SLICE_X45Y16         LUT5 (Prop_lut5_I4_O)        0.316  5444.652 r  u_core/u_store/q_i_16__27/O
                         net (fo=2, routed)           0.305  5444.957    u_core/u_store/u_fabric/u_clb_x4y9/t_125
    SLICE_X45Y17         LUT4 (Prop_lut4_I2_O)        0.124  5445.081 r  u_core/u_store/sr[82]_i_3/O
                         net (fo=1, routed)           0.667  5445.748    u_core/u_store/sr[82]_i_3_n_0
    SLICE_X45Y17         LUT6 (Prop_lut6_I5_O)        0.124  5445.872 r  u_core/u_store/sr[82]_i_2/O
                         net (fo=2, routed)           0.839  5446.710    u_core/u_fabric/i___8_i_10_0[55]
    SLICE_X43Y21         LUT6 (Prop_lut6_I5_O)        0.124  5446.834 r  u_core/u_fabric/i___280_i_27/O
                         net (fo=1, routed)           0.291  5447.126    u_core/u_fabric/i___280_i_27_n_0
    SLICE_X40Y21         LUT5 (Prop_lut5_I2_O)        0.124  5447.250 r  u_core/u_fabric/i___280_i_26/O
                         net (fo=1, routed)           0.457  5447.708    u_core/u_fabric/i___280_i_26_n_0
    SLICE_X36Y23         LUT5 (Prop_lut5_I0_O)        0.124  5447.832 r  u_core/u_fabric/i___280_i_24/O
                         net (fo=1, routed)           0.162  5447.994    u_core/u_fabric/i___280_i_24_n_0
    SLICE_X36Y23         LUT6 (Prop_lut6_I0_O)        0.124  5448.118 r  u_core/u_fabric/i___280_i_16/O
                         net (fo=2, routed)           0.919  5449.036    u_core/u_fabric/r5905
    SLICE_X48Y35         LUT6 (Prop_lut6_I0_O)        0.124  5449.160 r  u_core/u_fabric/i___356_i_11/O
                         net (fo=7, routed)           1.204  5450.365    u_core/u_fabric/u_dsp1/u_core/d_q[9]_i_3__0_1
    SLICE_X56Y53         LUT6 (Prop_lut6_I5_O)        0.124  5450.489 r  u_core/u_fabric/u_dsp1/u_core/d_q[9]_i_6/O
                         net (fo=1, routed)           0.421  5450.910    u_core/u_fabric/u_dsp1_n_78
    SLICE_X56Y54         LUT5 (Prop_lut5_I2_O)        0.124  5451.034 r  u_core/u_fabric/d_q[9]_i_3__0/O
                         net (fo=4, routed)           0.624  5451.657    u_core/u_fabric/r6060
    SLICE_X50Y50         LUT6 (Prop_lut6_I2_O)        0.124  5451.781 r  u_core/u_fabric/i___56_i_3/O
                         net (fo=9, routed)           1.561  5453.342    u_core/u_fabric/r5385
    SLICE_X50Y10         LUT5 (Prop_lut5_I4_O)        0.124  5453.466 r  u_core/u_fabric/mem_reg_i_167__0/O
                         net (fo=1, routed)           0.501  5453.967    u_core/u_fabric/mem_reg_i_167__0_n_0
    SLICE_X50Y8          LUT5 (Prop_lut5_I4_O)        0.124  5454.091 r  u_core/u_fabric/mem_reg_i_117/O
                         net (fo=11, routed)          1.053  5455.144    u_core/u_fabric/r5371
    SLICE_X57Y20         LUT5 (Prop_lut5_I2_O)        0.124  5455.268 r  u_core/u_fabric/i___194_i_9/O
                         net (fo=1, routed)           0.151  5455.419    u_core/u_fabric/i___194_i_9_n_0
    SLICE_X57Y20         LUT5 (Prop_lut5_I2_O)        0.124  5455.543 r  u_core/u_fabric/i___194_i_7/O
                         net (fo=7, routed)           0.929  5456.472    u_core/u_fabric/r5353
    SLICE_X71Y9          LUT4 (Prop_lut4_I3_O)        0.124  5456.596 r  u_core/u_fabric/i___194_i_3/O
                         net (fo=9, routed)           1.169  5457.766    u_core/u_fabric/r5581
    SLICE_X99Y9          LUT6 (Prop_lut6_I4_O)        0.124  5457.890 r  u_core/u_fabric/i___215/O
                         net (fo=1, routed)           0.000  5457.890    u_core/u_fabric/i___215_n_0
    SLICE_X99Y9          MUXF7 (Prop_muxf7_I1_O)      0.217  5458.106 r  u_core/u_fabric/i___191_i_18/O
                         net (fo=2, routed)           0.457  5458.564    u_core/u_store/r5015
    SLICE_X99Y11         LUT6 (Prop_lut6_I2_O)        0.299  5458.863 r  u_core/u_store/i___191_i_15/O
                         net (fo=1, routed)           0.571  5459.434    u_core/u_fabric/i___421_1_i_6_0
    SLICE_X103Y12        LUT5 (Prop_lut5_I4_O)        0.124  5459.558 r  u_core/u_fabric/i___191_i_7/O
                         net (fo=11, routed)          0.681  5460.239    u_core/u_fabric/r5475
    SLICE_X103Y12        LUT4 (Prop_lut4_I3_O)        0.124  5460.363 r  u_core/u_fabric/q_i_39__3/O
                         net (fo=1, routed)           0.149  5460.512    u_core/u_fabric/q_i_39__3_n_0
    SLICE_X103Y12        LUT6 (Prop_lut6_I5_O)        0.124  5460.636 r  u_core/u_fabric/q_i_19__12/O
                         net (fo=17, routed)          0.990  5461.626    u_core/u_store/r3162
    SLICE_X89Y8          LUT6 (Prop_lut6_I4_O)        0.124  5461.750 r  u_core/u_store/q_i_47__22/O
                         net (fo=1, routed)           0.000  5461.750    u_core/u_store/u_fabric/u_clb_x1y7/t_99
    SLICE_X89Y8          MUXF7 (Prop_muxf7_I1_O)      0.217  5461.967 r  u_core/u_store/q_reg_i_28__11/O
                         net (fo=1, routed)           0.000  5461.967    u_core/u_fabric/u_bram0/u_core/t_113_323
    SLICE_X89Y8          MUXF8 (Prop_muxf8_I1_O)      0.094  5462.061 r  u_core/u_fabric/u_bram0/u_core/q_reg_i_17__17/O
                         net (fo=5, routed)           0.480  5462.541    u_core/u_fabric/t_120_49
    SLICE_X89Y11         LUT6 (Prop_lut6_I1_O)        0.316  5462.857 r  u_core/u_fabric/i___84_i_15/O
                         net (fo=6, routed)           0.908  5463.765    u_core/u_fabric/r5006
    SLICE_X79Y6          LUT5 (Prop_lut5_I1_O)        0.124  5463.889 r  u_core/u_fabric/i___84_i_6/O
                         net (fo=1, routed)           0.407  5464.296    u_core/u_fabric/i___84_i_6_n_0
    SLICE_X79Y6          LUT6 (Prop_lut6_I5_O)        0.124  5464.420 r  u_core/u_fabric/i___84_i_1/O
                         net (fo=11, routed)          1.014  5465.434    u_core/u_fabric/r5576
    SLICE_X74Y17         LUT6 (Prop_lut6_I3_O)        0.124  5465.558 r  u_core/u_fabric/i___99_i_4/O
                         net (fo=2, routed)           0.658  5466.216    u_core/u_fabric/i___99_i_4_n_0
    SLICE_X58Y17         LUT3 (Prop_lut3_I0_O)        0.124  5466.340 r  u_core/u_fabric/i___99_i_2/O
                         net (fo=10, routed)          0.648  5466.988    u_core/u_fabric/r5376
    SLICE_X55Y14         LUT6 (Prop_lut6_I5_O)        0.124  5467.112 r  u_core/u_fabric/i___98_i_11/O
                         net (fo=2, routed)           0.444  5467.556    u_core/u_fabric/i___98_i_11_n_0
    SLICE_X55Y14         LUT6 (Prop_lut6_I3_O)        0.124  5467.680 r  u_core/u_fabric/i___462_1_i_9/O
                         net (fo=1, routed)           0.890  5468.570    u_core/u_fabric/i___462_1_i_9_n_0
    SLICE_X37Y13         LUT6 (Prop_lut6_I0_O)        0.124  5468.694 r  u_core/u_fabric/i___462_1_i_8__0/O
                         net (fo=1, routed)           0.433  5469.127    u_core/u_fabric/i___462_1_i_8__0_n_0
    SLICE_X37Y13         LUT5 (Prop_lut5_I2_O)        0.124  5469.251 r  u_core/u_fabric/i___462_1_i_7__0/O
                         net (fo=1, routed)           1.040  5470.291    u_core/u_fabric/i___462_1_i_7__0_n_0
    SLICE_X56Y12         LUT6 (Prop_lut6_I2_O)        0.124  5470.415 r  u_core/u_fabric/i___462_1_i_6__0/O
                         net (fo=1, routed)           0.457  5470.872    u_core/u_fabric/i___462_1_i_6__0_n_0
    SLICE_X58Y14         LUT6 (Prop_lut6_I4_O)        0.124  5470.996 r  u_core/u_fabric/i___462_1_i_2__0/O
                         net (fo=1, routed)           0.809  5471.805    u_core/u_fabric/i___462_1_i_2__0_n_0
    SLICE_X63Y14         LUT6 (Prop_lut6_I5_O)        0.124  5471.929 r  u_core/u_fabric/i___462_1__3/O
                         net (fo=2, routed)           0.627  5472.556    u_core/u_fabric/r5585
    SLICE_X72Y13         LUT6 (Prop_lut6_I0_O)        0.124  5472.680 r  u_core/u_fabric/i___213_i_15/O
                         net (fo=1, routed)           0.417  5473.097    u_core/u_fabric/i___213_i_15_n_0
    SLICE_X72Y15         LUT6 (Prop_lut6_I2_O)        0.124  5473.221 r  u_core/u_fabric/i___213_i_13/O
                         net (fo=2, routed)           0.588  5473.809    u_core/u_fabric/u_bram1/u_core/r5148
    SLICE_X66Y15         LUT6 (Prop_lut6_I4_O)        0.124  5473.933 r  u_core/u_fabric/u_bram1/u_core/i___213_i_11/O
                         net (fo=1, routed)           0.492  5474.425    u_core/u_fabric/u_bram1_n_38
    SLICE_X66Y15         LUT5 (Prop_lut5_I2_O)        0.124  5474.549 r  u_core/u_fabric/i___213_i_6/O
                         net (fo=15, routed)          1.055  5475.604    u_core/u_fabric/r5639
    SLICE_X64Y25         LUT6 (Prop_lut6_I5_O)        0.124  5475.728 r  u_core/u_fabric/i___107_i_17/O
                         net (fo=1, routed)           0.488  5476.216    u_core/u_fabric/i___107_i_17_n_0
    SLICE_X64Y25         LUT5 (Prop_lut5_I0_O)        0.124  5476.340 r  u_core/u_fabric/i___107_i_11/O
                         net (fo=5, routed)           1.103  5477.442    u_core/u_fabric/r4813
    SLICE_X76Y13         LUT3 (Prop_lut3_I2_O)        0.124  5477.566 r  u_core/u_fabric/i___233_i_14/O
                         net (fo=2, routed)           0.552  5478.118    u_core/u_fabric/i___233_i_14_n_0
    SLICE_X76Y13         LUT6 (Prop_lut6_I2_O)        0.124  5478.242 r  u_core/u_fabric/i___233_i_10/O
                         net (fo=9, routed)           0.863  5479.105    u_core/u_fabric/r5467
    SLICE_X77Y2          LUT4 (Prop_lut4_I3_O)        0.124  5479.229 r  u_core/u_fabric/q_i_52__1/O
                         net (fo=1, routed)           0.433  5479.662    u_core/u_fabric/q_i_52__1_n_0
    SLICE_X77Y2          LUT6 (Prop_lut6_I5_O)        0.124  5479.786 r  u_core/u_fabric/q_i_33__3/O
                         net (fo=8, routed)           1.182  5480.968    u_core/u_fabric/u_bram0/u_core/r1888
    SLICE_X99Y7          MUXF7 (Prop_muxf7_S_O)       0.276  5481.244 r  u_core/u_fabric/u_bram0/u_core/q_reg_i_29__2/O
                         net (fo=1, routed)           0.433  5481.677    u_core/u_fabric/u_bram0/u_core/u_clb_x1y5/t_115
    SLICE_X99Y7          LUT3 (Prop_lut3_I2_O)        0.299  5481.976 r  u_core/u_fabric/u_bram0/u_core/q_i_16__14/O
                         net (fo=5, routed)           1.149  5483.125    u_core/u_fabric/t_121_30
    SLICE_X70Y6          LUT6 (Prop_lut6_I5_O)        0.124  5483.250 r  u_core/u_fabric/i___421_0_i_10/O
                         net (fo=1, routed)           0.403  5483.653    u_core/u_fabric/i___421_0_i_10_n_0
    SLICE_X71Y6          LUT5 (Prop_lut5_I4_O)        0.124  5483.777 r  u_core/u_fabric/i___421_0_i_6/O
                         net (fo=3, routed)           0.706  5484.482    u_core/u_fabric/r4803
    SLICE_X84Y10         LUT6 (Prop_lut6_I5_O)        0.124  5484.606 r  u_core/u_fabric/i___153_i_12/O
                         net (fo=9, routed)           0.765  5485.372    u_core/u_fabric/r5490
    SLICE_X72Y9          LUT5 (Prop_lut5_I4_O)        0.124  5485.496 r  u_core/u_fabric/i___386_i_9/O
                         net (fo=6, routed)           0.933  5486.429    u_core/u_fabric/r5250
    SLICE_X71Y14         LUT6 (Prop_lut6_I5_O)        0.124  5486.553 r  u_core/u_fabric/i___386_i_22/O
                         net (fo=1, routed)           0.433  5486.986    u_core/u_fabric/i___386_i_22_n_0
    SLICE_X71Y14         LUT6 (Prop_lut6_I0_O)        0.124  5487.110 r  u_core/u_fabric/i___386_i_15/O
                         net (fo=2, routed)           0.555  5487.665    u_core/u_fabric/i___386_i_15_n_0
    SLICE_X71Y16         LUT3 (Prop_lut3_I2_O)        0.124  5487.789 r  u_core/u_fabric/i___386_i_8/O
                         net (fo=3, routed)           0.733  5488.522    u_core/u_fabric/r5258
    SLICE_X73Y20         LUT5 (Prop_lut5_I2_O)        0.124  5488.646 r  u_core/u_fabric/i___420_1_i_8/O
                         net (fo=1, routed)           0.289  5488.936    u_core/u_fabric/i___420_1_i_8_n_0
    SLICE_X73Y21         LUT5 (Prop_lut5_I2_O)        0.124  5489.060 r  u_core/u_fabric/i___420_1_i_6/O
                         net (fo=12, routed)          0.474  5489.534    u_core/u_fabric/r5647
    SLICE_X72Y18         LUT5 (Prop_lut5_I4_O)        0.124  5489.658 r  u_core/u_fabric/i___448_1_i_3/O
                         net (fo=1, routed)           0.444  5490.102    u_core/u_fabric/i___448_1_i_3_n_0
    SLICE_X72Y18         LUT5 (Prop_lut5_I0_O)        0.124  5490.226 r  u_core/u_fabric/i___448_1_i_1/O
                         net (fo=15, routed)          0.949  5491.175    u_core/u_fabric/r5637
    SLICE_X89Y15         LUT6 (Prop_lut6_I5_O)        0.124  5491.299 r  u_core/u_fabric/i___103_i_1/O
                         net (fo=1, routed)           0.440  5491.739    u_core/u_fabric/i___103_i_1_n_0
    SLICE_X86Y14         LUT6 (Prop_lut6_I0_O)        0.124  5491.863 r  u_core/u_fabric/i___103/O
                         net (fo=1, routed)           0.000  5491.863    u_core/u_fabric/i___103_n_0
    SLICE_X86Y14         MUXF7 (Prop_muxf7_I1_O)      0.214  5492.077 r  u_core/u_fabric/i___102_i_2/O
                         net (fo=15, routed)          1.250  5493.327    u_core/u_fabric/r5572
    SLICE_X62Y22         LUT6 (Prop_lut6_I5_O)        0.297  5493.624 r  u_core/u_fabric/q_i_52/O
                         net (fo=16, routed)          1.433  5495.057    u_core/u_store/r3993
    SLICE_X95Y28         LUT6 (Prop_lut6_I2_O)        0.124  5495.181 r  u_core/u_store/q_i_50__19/O
                         net (fo=1, routed)           0.000  5495.181    u_core/u_store/u_fabric/u_clb_x2y10/t_99
    SLICE_X95Y28         MUXF7 (Prop_muxf7_I1_O)      0.217  5495.397 r  u_core/u_store/q_reg_i_31__16/O
                         net (fo=1, routed)           0.607  5496.005    u_core/u_store/u_fabric/u_clb_x2y10/t_113
    SLICE_X90Y28         LUT3 (Prop_lut3_I2_O)        0.299  5496.304 r  u_core/u_store/q_i_18__28/O
                         net (fo=3, routed)           1.107  5497.410    u_core/u_store/u_fabric/u_clb_x2y10/t_120
    SLICE_X73Y22         LUT6 (Prop_lut6_I5_O)        0.124  5497.534 r  u_core/u_store/mem_reg_i_176/O
                         net (fo=3, routed)           0.629  5498.164    u_core/u_fabric/r3983
    SLICE_X65Y21         LUT5 (Prop_lut5_I4_O)        0.124  5498.288 r  u_core/u_fabric/mem_reg_i_151__0/O
                         net (fo=1, routed)           0.403  5498.690    u_core/u_fabric/mem_reg_i_151__0_n_0
    SLICE_X65Y22         LUT5 (Prop_lut5_I4_O)        0.124  5498.814 r  u_core/u_fabric/mem_reg_i_97__0/O
                         net (fo=9, routed)           1.051  5499.865    u_core/u_fabric/r5374
    SLICE_X58Y15         LUT4 (Prop_lut4_I3_O)        0.124  5499.989 r  u_core/u_fabric/mem_reg_i_101__0/O
                         net (fo=2, routed)           1.032  5501.021    u_core/u_fabric/r5745
    SLICE_X41Y13         LUT4 (Prop_lut4_I0_O)        0.124  5501.145 r  u_core/u_fabric/i___235_i_11/O
                         net (fo=10, routed)          0.763  5501.908    u_core/u_fabric/r5266
    SLICE_X48Y16         LUT5 (Prop_lut5_I4_O)        0.124  5502.032 r  u_core/u_fabric/i___81_i_9/O
                         net (fo=2, routed)           0.290  5502.322    u_core/u_fabric/i___81_i_9_n_0
    SLICE_X48Y16         LUT5 (Prop_lut5_I4_O)        0.124  5502.446 r  u_core/u_fabric/i___81_i_3/O
                         net (fo=3, routed)           0.692  5503.138    u_core/u_fabric/r5826
    SLICE_X54Y16         LUT6 (Prop_lut6_I2_O)        0.124  5503.262 r  u_core/u_fabric/i___81_i_1/O
                         net (fo=18, routed)          0.905  5504.167    u_core/u_fabric/r5355
    SLICE_X68Y22         LUT6 (Prop_lut6_I4_O)        0.124  5504.292 r  u_core/u_fabric/i___411_1_i_6__1/O
                         net (fo=1, routed)           0.488  5504.779    u_core/u_fabric/i___411_1_i_6__1_n_0
    SLICE_X68Y22         LUT5 (Prop_lut5_I0_O)        0.124  5504.903 r  u_core/u_fabric/i___411_1_i_2/O
                         net (fo=17, routed)          1.124  5506.027    u_core/u_fabric/r5645
    SLICE_X85Y9          LUT6 (Prop_lut6_I5_O)        0.124  5506.151 r  u_core/u_fabric/i___411_1/O
                         net (fo=1, routed)           0.293  5506.445    u_core/u_fabric/i___411_1_n_0
    SLICE_X85Y7          LUT5 (Prop_lut5_I2_O)        0.124  5506.569 r  u_core/u_fabric/i___90_i_21/O
                         net (fo=6, routed)           1.059  5507.628    u_core/u_fabric/r5502
    SLICE_X94Y4          LUT4 (Prop_lut4_I0_O)        0.124  5507.752 r  u_core/u_fabric/q_i_45__3/O
                         net (fo=1, routed)           0.447  5508.200    u_core/u_fabric/q_i_45__3_n_0
    SLICE_X94Y1          LUT6 (Prop_lut6_I0_O)        0.124  5508.324 r  u_core/u_fabric/q_i_27/O
                         net (fo=5, routed)           0.861  5509.184    u_core/u_store/r3432
    SLICE_X89Y6          MUXF7 (Prop_muxf7_S_O)       0.276  5509.460 r  u_core/u_store/q_reg_i_23__13/O
                         net (fo=2, routed)           0.748  5510.208    u_core/u_store/u_fabric/u_clb_x1y8/t_118
    SLICE_X93Y4          LUT6 (Prop_lut6_I5_O)        0.299  5510.506 r  u_core/u_store/q_i_16__22/O
                         net (fo=1, routed)           0.509  5511.015    u_core/u_fabric/u_clb_x2y10/t_123_367
    SLICE_X93Y0          LUT5 (Prop_lut5_I0_O)        0.124  5511.139 r  u_core/u_fabric/u_clb_x2y10/q_i_8__58/O
                         net (fo=2, routed)           0.598  5511.738    u_core/u_fabric/u_clb_x2y10/lut_o6_57
    SLICE_X97Y2          LUT5 (Prop_lut5_I4_O)        0.124  5511.862 r  u_core/u_fabric/u_clb_x2y10/q_i_3__58/O
                         net (fo=3, routed)           0.882  5512.743    u_core/u_fabric/comb_56
    SLICE_X88Y5          LUT6 (Prop_lut6_I3_O)        0.124  5512.867 r  u_core/u_fabric/i___377_i_1/O
                         net (fo=2, routed)           0.460  5513.327    u_core/u_fabric/i___377_i_1_n_0
    SLICE_X84Y4          LUT5 (Prop_lut5_I4_O)        0.124  5513.451 r  u_core/u_fabric/i___162_i_2/O
                         net (fo=15, routed)          0.874  5514.325    u_core/u_fabric/r5559
    SLICE_X79Y12         LUT5 (Prop_lut5_I4_O)        0.124  5514.449 r  u_core/u_fabric/i___381_i_22/O
                         net (fo=1, routed)           0.649  5515.099    u_core/u_fabric/i___381_i_22_n_0
    SLICE_X85Y15         LUT6 (Prop_lut6_I0_O)        0.124  5515.223 r  u_core/u_fabric/i___381_i_21/O
                         net (fo=2, routed)           0.439  5515.662    u_core/u_fabric/u_clb_x2y10/r4920
    SLICE_X87Y15         LUT6 (Prop_lut6_I4_O)        0.124  5515.786 r  u_core/u_fabric/u_clb_x2y10/i___381_i_16/O
                         net (fo=1, routed)           0.665  5516.451    u_core/u_fabric/u_clb_x2y10_n_3
    SLICE_X87Y15         LUT5 (Prop_lut5_I2_O)        0.124  5516.575 r  u_core/u_fabric/i___381_i_8/O
                         net (fo=14, routed)          0.832  5517.407    u_core/u_fabric/r5650
    SLICE_X93Y18         LUT4 (Prop_lut4_I3_O)        0.124  5517.531 r  u_core/u_fabric/i___83_i_15/O
                         net (fo=5, routed)           1.070  5518.601    u_core/u_fabric/r5017
    SLICE_X95Y3          LUT6 (Prop_lut6_I5_O)        0.124  5518.725 r  u_core/u_fabric/i___191_i_17/O
                         net (fo=1, routed)           0.786  5519.510    u_core/u_fabric/i___191_i_17_n_0
    SLICE_X92Y9          LUT6 (Prop_lut6_I2_O)        0.124  5519.634 r  u_core/u_fabric/i___191_i_9/O
                         net (fo=10, routed)          0.658  5520.292    u_core/u_fabric/r5479
    SLICE_X92Y6          LUT6 (Prop_lut6_I5_O)        0.124  5520.416 r  u_core/u_fabric/q_i_31__3/O
                         net (fo=8, routed)           0.730  5521.146    u_core/u_store/r3164
    SLICE_X87Y7          MUXF7 (Prop_muxf7_S_O)       0.276  5521.422 r  u_core/u_store/q_reg_i_26__8/O
                         net (fo=1, routed)           0.000  5521.422    u_core/u_store/u_fabric/u_clb_x1y7/t_115
    SLICE_X87Y7          MUXF8 (Prop_muxf8_I1_O)      0.094  5521.516 r  u_core/u_store/q_reg_i_15__10/O
                         net (fo=5, routed)           0.687  5522.203    u_core/u_store/t_121_378
    SLICE_X86Y2          LUT6 (Prop_lut6_I3_O)        0.316  5522.519 r  u_core/u_store/q_i_7__51/O
                         net (fo=4, routed)           0.686  5523.205    u_core/u_store/u_fabric/u_clb_x1y7/lut_o6
    SLICE_X86Y2          LUT5 (Prop_lut5_I4_O)        0.124  5523.329 r  u_core/u_store/q_i_8__48/O
                         net (fo=2, routed)           0.682  5524.011    u_core/u_store/q_i_8__48_n_0
    SLICE_X86Y2          LUT6 (Prop_lut6_I5_O)        0.124  5524.135 r  u_core/u_store/sr[60]_i_2/O
                         net (fo=2, routed)           0.827  5524.962    u_core/u_fabric/i___8_i_10_0[39]
    SLICE_X83Y13         LUT5 (Prop_lut5_I4_O)        0.124  5525.086 r  u_core/u_fabric/i___433_0_i_6/O
                         net (fo=1, routed)           0.000  5525.086    u_core/u_fabric/i___433_0_i_6_n_0
    SLICE_X83Y13         MUXF7 (Prop_muxf7_I0_O)      0.212  5525.298 r  u_core/u_fabric/i___433_0_i_4/O
                         net (fo=2, routed)           0.591  5525.889    u_core/u_fabric/i___433_0_i_4_n_0
    SLICE_X83Y14         LUT5 (Prop_lut5_I4_O)        0.299  5526.188 r  u_core/u_fabric/i___433_0_i_1/O
                         net (fo=14, routed)          1.004  5527.191    u_core/u_fabric/r5570
    SLICE_X95Y21         LUT6 (Prop_lut6_I5_O)        0.124  5527.315 r  u_core/u_fabric/i___380_i_17/O
                         net (fo=1, routed)           0.403  5527.719    u_core/u_fabric/i___380_i_17_n_0
    SLICE_X95Y21         LUT5 (Prop_lut5_I0_O)        0.124  5527.843 r  u_core/u_fabric/i___380_i_15/O
                         net (fo=2, routed)           1.092  5528.935    u_core/u_fabric/r5032
    SLICE_X75Y22         LUT6 (Prop_lut6_I3_O)        0.124  5529.059 r  u_core/u_fabric/i___380_i_11/O
                         net (fo=1, routed)           0.403  5529.462    u_core/u_fabric/i___380_i_11_n_0
    SLICE_X75Y22         LUT5 (Prop_lut5_I2_O)        0.124  5529.586 r  u_core/u_fabric/i___380_i_8/O
                         net (fo=10, routed)          0.801  5530.387    u_core/u_fabric/r5658
    SLICE_X78Y15         LUT4 (Prop_lut4_I0_O)        0.124  5530.511 r  u_core/u_fabric/i___377_i_14/O
                         net (fo=3, routed)           0.714  5531.225    u_core/u_fabric/r5147
    SLICE_X79Y7          LUT6 (Prop_lut6_I3_O)        0.124  5531.349 r  u_core/u_fabric/i___379_i_11/O
                         net (fo=1, routed)           0.458  5531.807    u_core/u_fabric/i___379_i_11_n_0
    SLICE_X74Y9          LUT5 (Prop_lut5_I4_O)        0.124  5531.931 r  u_core/u_fabric/i___379_i_4/O
                         net (fo=1, routed)           0.280  5532.210    u_core/u_fabric/i___379_i_4_n_0
    SLICE_X74Y9          LUT5 (Prop_lut5_I0_O)        0.124  5532.334 r  u_core/u_fabric/i___379_i_1/O
                         net (fo=8, routed)           0.503  5532.838    u_core/u_fabric/r5582
    SLICE_X70Y11         LUT5 (Prop_lut5_I4_O)        0.124  5532.962 r  u_core/u_fabric/capture_reg_i_7__0/O
                         net (fo=1, routed)           0.416  5533.378    u_core/u_fabric/capture_reg_i_7__0_n_0
    SLICE_X70Y9          LUT5 (Prop_lut5_I0_O)        0.124  5533.502 r  u_core/u_fabric/capture_reg_i_6/O
                         net (fo=1, routed)           0.674  5534.176    u_core/u_fabric/capture_reg_i_6_n_0
    SLICE_X70Y9          LUT4 (Prop_lut4_I3_O)        0.124  5534.300 r  u_core/u_fabric/capture_reg_i_3__0/O
                         net (fo=5, routed)           0.681  5534.981    u_core/u_fabric/r5505
    SLICE_X72Y1          LUT6 (Prop_lut6_I2_O)        0.124  5535.105 r  u_core/u_fabric/i___413_1_i_12/O
                         net (fo=8, routed)           1.318  5536.423    u_core/u_fabric/u_bram1/u_core/r3968
    SLICE_X99Y11         MUXF7 (Prop_muxf7_S_O)       0.276  5536.699 r  u_core/u_fabric/u_bram1/u_core/i___413_1_i_10/O
                         net (fo=1, routed)           0.752  5537.451    u_core/u_fabric/u_bram1/u_core/u_clb_x1y10/t_115
    SLICE_X93Y7          LUT3 (Prop_lut3_I2_O)        0.293  5537.744 r  u_core/u_fabric/u_bram1/u_core/i___413_1_i_3/O
                         net (fo=2, routed)           0.773  5538.518    u_core/u_fabric/t_121
    SLICE_X76Y7          LUT6 (Prop_lut6_I5_O)        0.326  5538.844 r  u_core/u_fabric/i___413_1/O
                         net (fo=9, routed)           0.594  5539.438    u_core/u_fabric/r5350
    SLICE_X78Y7          LUT4 (Prop_lut4_I3_O)        0.124  5539.562 r  u_core/u_fabric/i___90_i_10/O
                         net (fo=1, routed)           0.635  5540.197    u_core/u_fabric/i___90_i_10_n_0
    SLICE_X78Y7          LUT6 (Prop_lut6_I0_O)        0.124  5540.321 r  u_core/u_fabric/i___90_i_4/O
                         net (fo=16, routed)          0.762  5541.084    u_core/u_fabric/r5571
    SLICE_X79Y10         LUT6 (Prop_lut6_I1_O)        0.124  5541.208 r  u_core/u_fabric/i___448_0_i_12/O
                         net (fo=1, routed)           0.433  5541.641    u_core/u_fabric/i___448_0_i_12_n_0
    SLICE_X79Y10         LUT6 (Prop_lut6_I0_O)        0.124  5541.765 r  u_core/u_fabric/i___448_0_i_11/O
                         net (fo=2, routed)           0.424  5542.189    u_core/u_fabric/i___448_0_i_11_n_0
    SLICE_X75Y10         LUT5 (Prop_lut5_I2_O)        0.124  5542.313 r  u_core/u_fabric/i___448_0_i_7/O
                         net (fo=3, routed)           0.517  5542.830    u_core/u_fabric/i___448_0_i_7_n_0
    SLICE_X74Y10         LUT6 (Prop_lut6_I3_O)        0.124  5542.954 r  u_core/u_fabric/i___448_0_i_4/O
                         net (fo=7, routed)           1.189  5544.143    u_core/u_fabric/r5358
    SLICE_X82Y24         LUT4 (Prop_lut4_I3_O)        0.124  5544.267 r  u_core/u_fabric/i___448_0_i_2/O
                         net (fo=14, routed)          1.213  5545.480    u_core/u_fabric/r5651
    SLICE_X66Y13         LUT4 (Prop_lut4_I3_O)        0.124  5545.604 r  u_core/u_fabric/i___448_0/O
                         net (fo=5, routed)           0.778  5546.382    u_core/u_fabric/r5255
    SLICE_X81Y12         LUT6 (Prop_lut6_I3_O)        0.124  5546.506 r  u_core/u_fabric/i___209_i_13/O
                         net (fo=2, routed)           0.319  5546.825    u_core/u_fabric/i___209_i_13_n_0
    SLICE_X82Y12         LUT5 (Prop_lut5_I2_O)        0.124  5546.949 r  u_core/u_fabric/i___209_i_9/O
                         net (fo=10, routed)          1.187  5548.136    u_core/u_fabric/r5487
    SLICE_X90Y9          LUT4 (Prop_lut4_I3_O)        0.124  5548.260 r  u_core/u_fabric/q_i_21__32/O
                         net (fo=1, routed)           0.670  5548.931    u_core/u_fabric/q_i_21__32_n_0
    SLICE_X90Y9          LUT6 (Prop_lut6_I5_O)        0.124  5549.055 r  u_core/u_fabric/q_i_15__12/O
                         net (fo=17, routed)          1.141  5550.196    u_core/u_store/r3698
    SLICE_X67Y5          LUT6 (Prop_lut6_I4_O)        0.124  5550.320 r  u_core/u_store/q_i_33__37/O
                         net (fo=1, routed)           0.000  5550.320    u_core/u_store/u_fabric/u_clb_x1y9/t_97
    SLICE_X67Y5          MUXF7 (Prop_muxf7_I1_O)      0.217  5550.537 r  u_core/u_store/q_reg_i_18__19/O
                         net (fo=2, routed)           0.976  5551.513    u_core/u_store/t_112_512
    SLICE_X84Y5          LUT5 (Prop_lut5_I4_O)        0.299  5551.812 r  u_core/u_store/i___378_i_11/O
                         net (fo=1, routed)           0.312  5552.124    u_core/u_fabric/t_120_599
    SLICE_X82Y6          LUT6 (Prop_lut6_I3_O)        0.124  5552.248 r  u_core/u_fabric/i___378_i_8/O
                         net (fo=1, routed)           0.297  5552.545    u_core/u_fabric/i___378_i_8_n_0
    SLICE_X81Y6          LUT5 (Prop_lut5_I4_O)        0.124  5552.669 r  u_core/u_fabric/i___378_i_4/O
                         net (fo=3, routed)           0.490  5553.159    u_core/u_fabric/r5235
    SLICE_X78Y8          LUT6 (Prop_lut6_I5_O)        0.124  5553.283 r  u_core/u_fabric/i___378_i_1/O
                         net (fo=5, routed)           0.949  5554.232    u_core/u_fabric/r5514
    SLICE_X92Y4          LUT5 (Prop_lut5_I3_O)        0.124  5554.356 r  u_core/u_fabric/i___194_i_4/O
                         net (fo=11, routed)          0.684  5555.040    u_core/u_fabric/r5577
    SLICE_X93Y4          LUT5 (Prop_lut5_I1_O)        0.124  5555.164 r  u_core/u_fabric/q_i_22__26/O
                         net (fo=4, routed)           0.984  5556.148    u_core/u_store/r3425
    SLICE_X75Y1          LUT6 (Prop_lut6_I2_O)        0.124  5556.272 r  u_core/u_store/q_i_15__17/O
                         net (fo=2, routed)           0.910  5557.183    u_core/u_store/t_120_445
    SLICE_X90Y2          LUT3 (Prop_lut3_I2_O)        0.124  5557.307 r  u_core/u_store/q_i_7__59/O
                         net (fo=5, routed)           0.873  5558.180    u_core/u_fabric/r3421
    SLICE_X97Y2          LUT2 (Prop_lut2_I0_O)        0.124  5558.304 r  u_core/u_fabric/i___101_i_15/O
                         net (fo=8, routed)           1.304  5559.608    u_core/u_fabric/r5120
    SLICE_X73Y7          LUT6 (Prop_lut6_I5_O)        0.124  5559.732 r  u_core/u_fabric/sr[50]_i_6/O
                         net (fo=1, routed)           0.627  5560.359    u_core/u_fabric/sr[50]_i_6_n_0
    SLICE_X74Y6          LUT6 (Prop_lut6_I0_O)        0.124  5560.483 r  u_core/u_fabric/sr[50]_i_5/O
                         net (fo=1, routed)           0.404  5560.888    u_core/u_store/sr[50]_i_3_1
    SLICE_X75Y4          LUT5 (Prop_lut5_I3_O)        0.124  5561.012 r  u_core/u_store/sr[50]_i_4/O
                         net (fo=1, routed)           0.433  5561.445    u_core/u_store/u_fabric/u_clb_x1y6/t_125
    SLICE_X75Y4          LUT4 (Prop_lut4_I2_O)        0.124  5561.569 r  u_core/u_store/sr[50]_i_3/O
                         net (fo=1, routed)           0.665  5562.234    u_core/u_store/sr[50]_i_3_n_0
    SLICE_X75Y4          LUT6 (Prop_lut6_I5_O)        0.124  5562.358 r  u_core/u_store/sr[50]_i_2/O
                         net (fo=2, routed)           0.791  5563.149    u_core/u_fabric/i___8_i_10_0[31]
    SLICE_X84Y7          LUT6 (Prop_lut6_I5_O)        0.124  5563.273 r  u_core/u_fabric/i___462_1_i_5__0/O
                         net (fo=1, routed)           0.645  5563.919    u_core/u_fabric/i___462_1_i_5__0_n_0
    SLICE_X84Y7          LUT5 (Prop_lut5_I2_O)        0.124  5564.043 r  u_core/u_fabric/i___462_1_i_2/O
                         net (fo=1, routed)           0.416  5564.459    u_core/u_fabric/i___462_1_i_2_n_0
    SLICE_X84Y6          LUT6 (Prop_lut6_I0_O)        0.124  5564.583 r  u_core/u_fabric/i___462_1_i_1__0/O
                         net (fo=7, routed)           0.680  5565.263    u_core/u_fabric/r5586
    SLICE_X77Y10         LUT6 (Prop_lut6_I2_O)        0.124  5565.387 r  u_core/u_fabric/i___462_1__0/O
                         net (fo=1, routed)           0.475  5565.861    u_core/u_fabric/i___462_1__0_n_0
    SLICE_X77Y10         LUT6 (Prop_lut6_I0_O)        0.124  5565.985 r  u_core/u_fabric/i___96/O
                         net (fo=2, routed)           0.446  5566.431    u_core/u_fabric/i___96_n_0
    SLICE_X77Y10         LUT5 (Prop_lut5_I0_O)        0.124  5566.555 r  u_core/u_fabric/din_qa[17]_i_7/O
                         net (fo=2, routed)           0.631  5567.187    u_core/u_store/r5243
    SLICE_X68Y9          LUT6 (Prop_lut6_I2_O)        0.124  5567.311 r  u_core/u_store/din_qa[17]_i_5/O
                         net (fo=2, routed)           0.455  5567.766    u_core/u_fabric/i___413_1_i_26_0
    SLICE_X68Y9          LUT6 (Prop_lut6_I1_O)        0.124  5567.890 r  u_core/u_fabric/din_qa[17]_i_3__0/O
                         net (fo=4, routed)           1.229  5569.119    u_core/u_fabric/r5368
    SLICE_X76Y23         LUT5 (Prop_lut5_I0_O)        0.124  5569.243 r  u_core/u_fabric/din_qa[17]_i_2/O
                         net (fo=10, routed)          0.734  5569.977    u_core/u_fabric/r5655
    SLICE_X67Y14         LUT6 (Prop_lut6_I5_O)        0.124  5570.101 r  u_core/u_fabric/i___83_i_1/O
                         net (fo=1, routed)           0.263  5570.364    u_core/u_fabric/i___83_i_1_n_0
    SLICE_X67Y14         LUT6 (Prop_lut6_I0_O)        0.124  5570.488 r  u_core/u_fabric/i___83/O
                         net (fo=4, routed)           0.748  5571.235    u_core/u_fabric/i___83_n_0
    SLICE_X63Y15         LUT6 (Prop_lut6_I5_O)        0.124  5571.359 f  u_core/u_fabric/i___315/O
                         net (fo=1, routed)           0.726  5572.086    u_core/u_fabric/i___315_n_0
    SLICE_X59Y14         LUT6 (Prop_lut6_I3_O)        0.124  5572.210 r  u_core/u_fabric/i___98_i_17/O
                         net (fo=1, routed)           0.000  5572.210    u_core/u_fabric/i___98_i_17_n_0
    SLICE_X59Y14         MUXF7 (Prop_muxf7_I1_O)      0.217  5572.427 r  u_core/u_fabric/i___98_i_12/O
                         net (fo=2, routed)           0.600  5573.027    u_core/u_fabric/i___98_i_12_n_0
    SLICE_X55Y14         LUT5 (Prop_lut5_I4_O)        0.299  5573.326 r  u_core/u_fabric/i___98_i_4/O
                         net (fo=9, routed)           1.355  5574.680    u_core/u_fabric/r5386
    SLICE_X44Y39         LUT4 (Prop_lut4_I3_O)        0.124  5574.804 r  u_core/u_fabric/i___43_i_5/O
                         net (fo=15, routed)          0.926  5575.730    u_core/u_fabric/r5963
    SLICE_X50Y33         LUT6 (Prop_lut6_I5_O)        0.124  5575.854 r  u_core/u_fabric/q_i_15__0/O
                         net (fo=4, routed)           0.740  5576.595    u_core/u_fabric/r4066
    SLICE_X54Y36         LUT6 (Prop_lut6_I4_O)        0.124  5576.719 r  u_core/u_fabric/a_q[21]_i_7/O
                         net (fo=1, routed)           0.161  5576.880    u_core/u_fabric/a_q[21]_i_7_n_0
    SLICE_X54Y36         LUT5 (Prop_lut5_I4_O)        0.124  5577.004 r  u_core/u_fabric/a_q[21]_i_4/O
                         net (fo=10, routed)          1.115  5578.119    u_core/u_fabric/r5398
    SLICE_X60Y55         LUT6 (Prop_lut6_I5_O)        0.124  5578.243 r  u_core/u_fabric/i___10_i_14/O
                         net (fo=1, routed)           0.670  5578.913    u_core/u_fabric/i___10_i_14_n_0
    SLICE_X60Y55         LUT5 (Prop_lut5_I2_O)        0.124  5579.037 r  u_core/u_fabric/i___10_i_5/O
                         net (fo=13, routed)          1.398  5580.436    u_core/u_fabric/r5410
    SLICE_X80Y79         LUT6 (Prop_lut6_I3_O)        0.124  5580.560 r  u_core/u_fabric/i___290_i_12/O
                         net (fo=1, routed)           0.490  5581.049    u_core/u_fabric/i___290_i_12_n_0
    SLICE_X81Y85         LUT6 (Prop_lut6_I2_O)        0.124  5581.173 r  u_core/u_fabric/i___290_i_7/O
                         net (fo=5, routed)           1.341  5582.515    u_core/u_fabric/r4983
    SLICE_X47Y80         LUT6 (Prop_lut6_I5_O)        0.124  5582.639 r  u_core/u_fabric/i___290_i_9/O
                         net (fo=1, routed)           0.149  5582.788    u_core/u_fabric/i___290_i_9_n_0
    SLICE_X47Y80         LUT5 (Prop_lut5_I2_O)        0.124  5582.912 r  u_core/u_fabric/i___290_i_5/O
                         net (fo=3, routed)           1.404  5584.316    u_core/u_fabric/r4965
    SLICE_X57Y62         LUT5 (Prop_lut5_I1_O)        0.124  5584.440 r  u_core/u_fabric/i___345_i_21/O
                         net (fo=1, routed)           0.000  5584.440    u_core/u_fabric/i___345_i_21_n_0
    SLICE_X57Y62         MUXF7 (Prop_muxf7_I0_O)      0.212  5584.652 r  u_core/u_fabric/i___345_i_17/O
                         net (fo=2, routed)           0.853  5585.505    u_core/u_fabric/i___345_i_17_n_0
    SLICE_X57Y51         LUT6 (Prop_lut6_I5_O)        0.299  5585.804 r  u_core/u_fabric/i___345_i_10/O
                         net (fo=14, routed)          0.499  5586.303    u_core/u_fabric/r6120
    SLICE_X55Y48         LUT6 (Prop_lut6_I5_O)        0.124  5586.427 r  u_core/u_fabric/d_q[14]_i_2/O
                         net (fo=1, routed)           1.724  5588.151    u_core/u_store/r3016
    SLICE_X19Y48         LUT3 (Prop_lut3_I2_O)        0.124  5588.275 r  u_core/u_store/d_q[14]_i_1__0/O
                         net (fo=3, routed)           0.613  5588.888    u_core/u_store/drive_reg[239][13]
    SLICE_X20Y46         LUT3 (Prop_lut3_I2_O)        0.117  5589.005 r  u_core/u_store/i__carry__2_i_2__2/O
                         net (fo=1, routed)           0.000  5589.005    u_core/u_fabric/u_dsp1/u_core/m_c_3[13]
    SLICE_X20Y46         CARRY4 (Prop_carry4_DI[2]_O[3])
                                                      0.395  5589.400 r  u_core/u_fabric/u_dsp1/u_core/__5/i__carry__2/O[3]
                         net (fo=1, routed)           0.484  5589.884    u_core/u_store/m_c_9[3]
    SLICE_X21Y46         LUT3 (Prop_lut3_I0_O)        0.307  5590.191 r  u_core/u_store/m_c_i_28__0/O
                         net (fo=1, routed)           0.520  5590.711    u_core/u_fabric/u_dsp1/u_core/m_c_2[15]
    DSP48_X1Y19          DSP48E1 (Prop_dsp48e1_A[15]_P[2])
                                                      3.841  5594.552 r  u_core/u_fabric/u_dsp1/u_core/m_c/P[2]
                         net (fo=2, routed)           0.681  5595.233    u_core/u_fabric/u_dsp1/u_core/m_c__0[2]
    SLICE_X22Y47         LUT3 (Prop_lut3_I2_O)        0.124  5595.357 r  u_core/u_fabric/u_dsp1/u_core/i__carry_i_2__1/O
                         net (fo=2, routed)           0.791  5596.147    u_core/u_fabric/u_dsp1/u_core/m_x[2]
    SLICE_X28Y49         CARRY4 (Prop_carry4_DI[2]_CO[3])
                                                      0.398  5596.545 r  u_core/u_fabric/u_dsp1/u_core/__10/i__carry/CO[3]
                         net (fo=1, routed)           0.001  5596.546    u_core/u_fabric/u_dsp1/u_core/__10/i__carry_n_0
    SLICE_X28Y50         CARRY4 (Prop_carry4_CI_O[2])
                                                      0.256  5596.802 r  u_core/u_fabric/u_dsp1/u_core/__10/i__carry__0/O[2]
                         net (fo=2, routed)           0.309  5597.110    u_core/u_fabric/u_dsp1/u_core/__10/i__carry__0_n_5
    SLICE_X30Y50         LUT3 (Prop_lut3_I2_O)        0.302  5597.412 r  u_core/u_fabric/u_dsp1/u_core/sr[54]_i_2__0/O
                         net (fo=3, routed)           1.290  5598.702    u_core/u_fabric/dsp_p[54]
    SLICE_X56Y51         LUT5 (Prop_lut5_I1_O)        0.124  5598.826 r  u_core/u_fabric/i___166_i_16/O
                         net (fo=1, routed)           0.000  5598.826    u_core/u_fabric/i___166_i_16_n_0
    SLICE_X56Y51         MUXF7 (Prop_muxf7_I0_O)      0.212  5599.038 r  u_core/u_fabric/i___166_i_13/O
                         net (fo=2, routed)           0.443  5599.481    u_core/u_fabric/i___166_i_13_n_0
    SLICE_X56Y50         LUT5 (Prop_lut5_I4_O)        0.299  5599.780 r  u_core/u_fabric/i___166_i_4/O
                         net (fo=15, routed)          1.738  5601.518    u_core/u_fabric/r4845
    SLICE_X26Y32         LUT6 (Prop_lut6_I5_O)        0.124  5601.642 r  u_core/u_fabric/i___184_i_11/O
                         net (fo=1, routed)           0.000  5601.642    u_core/u_fabric/i___184_i_11_n_0
    SLICE_X26Y32         MUXF7 (Prop_muxf7_I1_O)      0.214  5601.856 r  u_core/u_fabric/i___184_i_8/O
                         net (fo=2, routed)           0.467  5602.322    u_core/u_fabric/i___184_i_8_n_0
    SLICE_X26Y32         LUT5 (Prop_lut5_I4_O)        0.297  5602.619 r  u_core/u_fabric/i___184_i_3/O
                         net (fo=14, routed)          0.902  5603.521    u_core/u_fabric/r5931
    SLICE_X35Y28         LUT6 (Prop_lut6_I5_O)        0.124  5603.645 r  u_core/u_fabric/c_q[42]_i_12/O
                         net (fo=1, routed)           0.402  5604.047    u_core/u_fabric/c_q[42]_i_12_n_0
    SLICE_X35Y28         LUT5 (Prop_lut5_I0_O)        0.124  5604.171 r  u_core/u_fabric/c_q[42]_i_8/O
                         net (fo=2, routed)           0.659  5604.830    u_core/u_fabric/u_clb_x7y1/r4644
    SLICE_X43Y32         LUT6 (Prop_lut6_I4_O)        0.124  5604.954 r  u_core/u_fabric/u_clb_x7y1/c_q[42]_i_5/O
                         net (fo=1, routed)           0.264  5605.218    u_core/u_fabric/u_clb_x7y1_n_4
    SLICE_X43Y32         LUT5 (Prop_lut5_I2_O)        0.124  5605.342 r  u_core/u_fabric/c_q[42]_i_3__0/O
                         net (fo=18, routed)          1.307  5606.649    u_core/u_fabric/r6022
    SLICE_X50Y55         LUT4 (Prop_lut4_I3_O)        0.124  5606.773 r  u_core/u_fabric/i___92_i_4/O
                         net (fo=5, routed)           1.932  5608.705    u_core/u_fabric/r5067
    SLICE_X30Y14         LUT6 (Prop_lut6_I5_O)        0.124  5608.829 r  u_core/u_fabric/i___86_i_5/O
                         net (fo=2, routed)           0.417  5609.246    u_core/u_fabric/i___86_i_5_n_0
    SLICE_X31Y14         LUT5 (Prop_lut5_I0_O)        0.124  5609.370 r  u_core/u_fabric/i___86_i_2/O
                         net (fo=15, routed)          1.062  5610.432    u_core/u_fabric/u_clb_x5y7/i___208_i_6
    SLICE_X17Y12         LUT6 (Prop_lut6_I0_O)        0.124  5610.556 r  u_core/u_fabric/u_clb_x5y7/i___208_i_14/O
                         net (fo=1, routed)           0.264  5610.820    u_core/u_fabric/u_clb_x5y7_n_1
    SLICE_X17Y12         LUT5 (Prop_lut5_I2_O)        0.124  5610.944 r  u_core/u_fabric/i___208_i_6/O
                         net (fo=8, routed)           1.517  5612.462    u_core/u_fabric/r4925
    SLICE_X45Y13         LUT6 (Prop_lut6_I5_O)        0.124  5612.586 r  u_core/u_fabric/i___244_i_33/O
                         net (fo=1, routed)           0.820  5613.406    u_core/u_fabric/i___244_i_33_n_0
    SLICE_X54Y13         LUT6 (Prop_lut6_I2_O)        0.124  5613.530 r  u_core/u_fabric/i___244_i_31/O
                         net (fo=1, routed)           0.514  5614.043    u_core/u_fabric/u_bram1/u_core/i___244_i_12_0
    SLICE_X54Y15         LUT6 (Prop_lut6_I2_O)        0.124  5614.167 r  u_core/u_fabric/u_bram1/u_core/i___244_i_20/O
                         net (fo=1, routed)           0.384  5614.551    u_core/u_fabric/u_bram1/u_core/i___244_i_20_n_0
    SLICE_X53Y15         LUT5 (Prop_lut5_I3_O)        0.124  5614.675 r  u_core/u_fabric/u_bram1/u_core/i___244_i_12/O
                         net (fo=2, routed)           0.302  5614.978    u_core/u_fabric/u_clb_x7y8/t_114
    SLICE_X53Y13         LUT5 (Prop_lut5_I2_O)        0.124  5615.102 r  u_core/u_fabric/u_clb_x7y8/q_i_13__7/O
                         net (fo=3, routed)           0.375  5615.477    u_core/u_fabric/u_clb_x7y8/r1661
    SLICE_X52Y13         LUT3 (Prop_lut3_I2_O)        0.124  5615.601 r  u_core/u_fabric/u_clb_x7y8/q_i_7__27/O
                         net (fo=3, routed)           0.429  5616.030    u_core/u_store/lut_o6_655
    SLICE_X52Y12         LUT5 (Prop_lut5_I4_O)        0.124  5616.154 r  u_core/u_store/q_i_8__22/O
                         net (fo=2, routed)           0.579  5616.733    u_core/u_store/q_i_8__22_n_0
    SLICE_X52Y13         LUT5 (Prop_lut5_I4_O)        0.124  5616.857 r  u_core/u_store/q_i_3__27/O
                         net (fo=2, routed)           0.599  5617.456    u_core/u_fabric/comb_540
    SLICE_X48Y11         LUT6 (Prop_lut6_I3_O)        0.124  5617.580 r  u_core/u_fabric/i___163_i_5/O
                         net (fo=1, routed)           0.676  5618.256    u_core/u_fabric/i___163_i_5_n_0
    SLICE_X33Y11         LUT5 (Prop_lut5_I4_O)        0.124  5618.380 r  u_core/u_fabric/i___163_i_1/O
                         net (fo=15, routed)          0.921  5619.301    u_core/u_fabric/r5786
    SLICE_X51Y8          LUT6 (Prop_lut6_I5_O)        0.124  5619.425 r  u_core/u_fabric/i___291_i_15/O
                         net (fo=5, routed)           0.473  5619.898    u_core/u_fabric/u_dsp1/u_core/q_i_9__23
    SLICE_X48Y7          LUT5 (Prop_lut5_I1_O)        0.124  5620.022 r  u_core/u_fabric/u_dsp1/u_core/q_i_8__50/O
                         net (fo=3, routed)           0.733  5620.756    u_core/u_fabric/r3205
    SLICE_X43Y16         LUT5 (Prop_lut5_I4_O)        0.124  5620.880 r  u_core/u_fabric/i___179_i_11/O
                         net (fo=1, routed)           0.690  5621.570    u_core/u_fabric/i___179_i_11_n_0
    SLICE_X43Y21         LUT5 (Prop_lut5_I4_O)        0.124  5621.694 r  u_core/u_fabric/i___179_i_5/O
                         net (fo=3, routed)           0.817  5622.511    u_core/u_fabric/r5037
    SLICE_X38Y13         LUT5 (Prop_lut5_I1_O)        0.124  5622.635 r  u_core/u_fabric/i___179_i_1/O
                         net (fo=2, routed)           0.466  5623.101    u_core/u_fabric/i___179_i_1_n_0
    SLICE_X38Y13         LUT5 (Prop_lut5_I4_O)        0.124  5623.225 r  u_core/u_fabric/i___202_i_10/O
                         net (fo=8, routed)           0.829  5624.054    u_core/u_fabric/r5736
    SLICE_X49Y17         LUT4 (Prop_lut4_I2_O)        0.124  5624.178 r  u_core/u_fabric/i___46_i_6/O
                         net (fo=1, routed)           0.407  5624.585    u_core/u_fabric/i___46_i_6_n_0
    SLICE_X49Y17         LUT5 (Prop_lut5_I0_O)        0.124  5624.709 r  u_core/u_fabric/i___46_i_3/O
                         net (fo=4, routed)           0.529  5625.238    u_core/u_fabric/r5746
    SLICE_X48Y22         LUT6 (Prop_lut6_I4_O)        0.124  5625.362 r  u_core/u_fabric/a_q[23]_i_18/O
                         net (fo=1, routed)           0.000  5625.362    u_core/u_fabric/a_q[23]_i_18_n_0
    SLICE_X48Y22         MUXF7 (Prop_muxf7_I0_O)      0.212  5625.574 r  u_core/u_fabric/a_q_reg[23]_i_15/O
                         net (fo=1, routed)           0.941  5626.516    u_core/u_fabric/r6061
    SLICE_X48Y28         LUT6 (Prop_lut6_I2_O)        0.299  5626.814 r  u_core/u_fabric/a_q[23]_i_10/O
                         net (fo=1, routed)           0.606  5627.421    u_core/u_fabric/a_q[23]_i_10_n_0
    SLICE_X40Y27         LUT6 (Prop_lut6_I0_O)        0.124  5627.545 r  u_core/u_fabric/a_q[23]_i_6__0/O
                         net (fo=3, routed)           1.130  5628.675    u_core/u_fabric/r5902
    SLICE_X58Y35         LUT6 (Prop_lut6_I2_O)        0.124  5628.799 r  u_core/u_fabric/a_q[23]_i_3__0/O
                         net (fo=13, routed)          1.651  5630.450    u_core/u_fabric/r5396
    SLICE_X46Y64         LUT5 (Prop_lut5_I4_O)        0.124  5630.574 r  u_core/u_fabric/i___8_i_14/O
                         net (fo=1, routed)           0.286  5630.860    u_core/u_fabric/i___8_i_14_n_0
    SLICE_X46Y64         LUT5 (Prop_lut5_I4_O)        0.124  5630.984 r  u_core/u_fabric/i___8_i_6/O
                         net (fo=9, routed)           1.525  5632.509    u_core/u_fabric/r5418
    SLICE_X90Y62         LUT6 (Prop_lut6_I5_O)        0.124  5632.633 r  u_core/u_fabric/i___2_i_11/O
                         net (fo=1, routed)           0.492  5633.125    u_core/u_fabric/i___2_i_11_n_0
    SLICE_X90Y62         LUT5 (Prop_lut5_I2_O)        0.124  5633.249 r  u_core/u_fabric/i___2_i_4/O
                         net (fo=3, routed)           0.857  5634.106    u_core/u_fabric/r5428
    SLICE_X92Y50         LUT5 (Prop_lut5_I4_O)        0.124  5634.230 r  u_core/u_fabric/i___2_i_1/O
                         net (fo=7, routed)           0.695  5634.925    u_core/u_fabric/r6363
    SLICE_X96Y54         LUT6 (Prop_lut6_I3_O)        0.124  5635.049 r  u_core/u_fabric/i___398_0_i_9/O
                         net (fo=1, routed)           0.000  5635.049    u_core/u_fabric/i___398_0_i_9_n_0
    SLICE_X96Y54         MUXF7 (Prop_muxf7_I0_O)      0.209  5635.258 r  u_core/u_fabric/i___398_0_i_6/O
                         net (fo=2, routed)           0.744  5636.002    u_core/u_fabric/i___398_0_i_6_n_0
    SLICE_X96Y50         LUT5 (Prop_lut5_I0_O)        0.297  5636.299 r  u_core/u_fabric/i___8_i_20/O
                         net (fo=1, routed)           0.567  5636.867    u_core/u_fabric/i___8_i_20_n_0
    SLICE_X96Y49         LUT5 (Prop_lut5_I2_O)        0.124  5636.991 r  u_core/u_fabric/i___8_i_10/O
                         net (fo=1, routed)           0.733  5637.724    u_core/u_fabric/i___8_i_10_n_0
    SLICE_X96Y50         LUT6 (Prop_lut6_I0_O)        0.124  5637.848 r  u_core/u_fabric/i___8_i_5/O
                         net (fo=7, routed)           0.622  5638.470    u_core/u_fabric/r5421
    SLICE_X94Y50         LUT5 (Prop_lut5_I4_O)        0.124  5638.594 r  u_core/u_fabric/i___8_i_2/O
                         net (fo=10, routed)          0.594  5639.188    u_core/u_fabric/r6361
    SLICE_X90Y53         LUT6 (Prop_lut6_I4_O)        0.124  5639.312 r  u_core/u_fabric/i___16/O
                         net (fo=1, routed)           0.492  5639.803    u_core/u_fabric/i___16_n_0
    SLICE_X90Y53         LUT5 (Prop_lut5_I0_O)        0.124  5639.927 r  u_core/u_fabric/i___335_i_3/O
                         net (fo=14, routed)          1.259  5641.186    u_core/u_fabric/r6343
    SLICE_X91Y77         LUT6 (Prop_lut6_I4_O)        0.124  5641.310 r  u_core/u_fabric/i___335/O
                         net (fo=2, routed)           0.154  5641.464    u_core/u_fabric/g_frame[124].cfg_reg[15960]
    SLICE_X91Y77         LUT3 (Prop_lut3_I0_O)        0.124  5641.588 r  u_core/u_fabric/i___266_i_2/O
                         net (fo=14, routed)          1.501  5643.089    u_core/u_fabric/r6325
    SLICE_X108Y56        LUT4 (Prop_lut4_I3_O)        0.124  5643.213 r  u_core/u_fabric/q_i_47/O
                         net (fo=1, routed)           0.286  5643.500    u_core/u_fabric/q_i_47_n_0
    SLICE_X108Y56        LUT6 (Prop_lut6_I5_O)        0.124  5643.624 r  u_core/u_fabric/q_i_29/O
                         net (fo=8, routed)           1.449  5645.073    u_core/u_store/r2122
    SLICE_X84Y60         MUXF7 (Prop_muxf7_S_O)       0.276  5645.349 r  u_core/u_store/q_reg_i_34__7/O
                         net (fo=1, routed)           0.557  5645.906    u_core/u_store/u_fabric/u_clb_x12y5/t_113
    SLICE_X85Y57         LUT3 (Prop_lut3_I2_O)        0.299  5646.205 r  u_core/u_store/q_i_16__16/O
                         net (fo=2, routed)           0.740  5646.944    u_core/u_store/u_fabric/u_clb_x12y5/t_120
    SLICE_X94Y57         LUT3 (Prop_lut3_I2_O)        0.124  5647.068 r  u_core/u_store/q_i_8__36/O
                         net (fo=6, routed)           0.322  5647.391    u_core/u_store/r2111
    SLICE_X97Y57         LUT6 (Prop_lut6_I3_O)        0.124  5647.515 r  u_core/u_store/q_i_6__35/O
                         net (fo=3, routed)           0.510  5648.025    u_core/u_store/r2112
    SLICE_X105Y57        LUT6 (Prop_lut6_I0_O)        0.124  5648.149 r  u_core/u_store/sr[59]_i_2__1/O
                         net (fo=3, routed)           0.532  5648.681    u_core/u_fabric/i___8_i_10_0[38]
    SLICE_X96Y56         LUT6 (Prop_lut6_I5_O)        0.124  5648.805 r  u_core/u_fabric/i___464_1_i_1/O
                         net (fo=1, routed)           0.416  5649.222    u_core/u_fabric/i___464_1_i_1_n_0
    SLICE_X96Y55         LUT6 (Prop_lut6_I3_O)        0.124  5649.346 r  u_core/u_fabric/i___464_1/O
                         net (fo=3, routed)           1.014  5650.360    u_core/u_fabric/r4685
    SLICE_X91Y69         LUT6 (Prop_lut6_I3_O)        0.124  5650.484 r  u_core/u_fabric/i___268_i_9/O
                         net (fo=1, routed)           0.154  5650.638    u_core/u_fabric/i___268_i_9_n_0
    SLICE_X91Y69         LUT5 (Prop_lut5_I4_O)        0.124  5650.762 r  u_core/u_fabric/i___268_i_4/O
                         net (fo=1, routed)           0.000  5650.762    u_core/u_fabric/i___268_i_4_n_0
    SLICE_X91Y69         MUXF7 (Prop_muxf7_I1_O)      0.217  5650.979 r  u_core/u_fabric/i___268_i_1/O
                         net (fo=12, routed)          0.749  5651.729    u_core/u_fabric/r6301
    SLICE_X82Y67         LUT6 (Prop_lut6_I5_O)        0.299  5652.027 r  u_core/u_fabric/i___250_i_8/O
                         net (fo=1, routed)           0.000  5652.027    u_core/u_fabric/i___250_i_8_n_0
    SLICE_X82Y67         MUXF7 (Prop_muxf7_I1_O)      0.214  5652.241 r  u_core/u_fabric/i___250_i_5/O
                         net (fo=10, routed)          1.792  5654.033    u_core/u_fabric/r4319
    SLICE_X40Y42         LUT4 (Prop_lut4_I2_O)        0.297  5654.330 r  u_core/u_fabric/i___253_i_5/O
                         net (fo=2, routed)           0.173  5654.502    u_core/u_fabric/i___253_i_5_n_0
    SLICE_X40Y42         LUT6 (Prop_lut6_I5_O)        0.124  5654.626 r  u_core/u_fabric/i___253_i_1/O
                         net (fo=9, routed)           1.033  5655.660    u_core/u_fabric/r4743
    SLICE_X23Y41         LUT5 (Prop_lut5_I4_O)        0.124  5655.784 r  u_core/u_fabric/i___37_i_20/O
                         net (fo=1, routed)           0.433  5656.217    u_core/u_fabric/i___37_i_20_n_0
    SLICE_X23Y41         LUT5 (Prop_lut5_I4_O)        0.124  5656.341 r  u_core/u_fabric/i___37_i_8/O
                         net (fo=9, routed)           1.690  5658.030    u_core/u_fabric/r4731
    SLICE_X61Y25         LUT6 (Prop_lut6_I5_O)        0.124  5658.154 r  u_core/u_fabric/i___443_1_i_4/O
                         net (fo=1, routed)           0.264  5658.418    u_core/u_fabric/i___443_1_i_4_n_0
    SLICE_X61Y25         LUT5 (Prop_lut5_I2_O)        0.124  5658.542 r  u_core/u_fabric/i___443_1_i_1/O
                         net (fo=14, routed)          1.330  5659.873    u_core/u_fabric/r5687
    SLICE_X51Y11         LUT4 (Prop_lut4_I3_O)        0.124  5659.997 r  u_core/u_fabric/i___295_i_4/O
                         net (fo=13, routed)          1.809  5661.806    u_core/u_fabric/r4612
    SLICE_X14Y22         LUT6 (Prop_lut6_I5_O)        0.124  5661.930 r  u_core/u_fabric/i___417_1_i_3/O
                         net (fo=1, routed)           0.162  5662.092    u_core/u_fabric/i___417_1_i_3_n_0
    SLICE_X14Y22         LUT6 (Prop_lut6_I0_O)        0.124  5662.216 r  u_core/u_fabric/i___417_1_i_1__0/O
                         net (fo=2, routed)           0.753  5662.969    u_core/u_fabric/i___417_1_i_1__0_n_0
    SLICE_X24Y22         LUT3 (Prop_lut3_I2_O)        0.124  5663.093 r  u_core/u_fabric/i___417_1_i_1/O
                         net (fo=11, routed)          0.918  5664.011    u_core/u_fabric/r5833
    SLICE_X38Y24         LUT6 (Prop_lut6_I5_O)        0.124  5664.135 r  u_core/u_fabric/i___136_i_6/O
                         net (fo=2, routed)           1.053  5665.188    u_core/u_fabric/i___136_i_6_n_0
    SLICE_X60Y23         LUT6 (Prop_lut6_I2_O)        0.124  5665.312 r  u_core/u_fabric/i___313_i_10/O
                         net (fo=14, routed)          1.627  5666.939    u_core/u_fabric/r5602
    SLICE_X100Y17        LUT6 (Prop_lut6_I5_O)        0.124  5667.063 r  u_core/u_fabric/q_i_15__19/O
                         net (fo=2, routed)           0.891  5667.954    u_core/u_fabric/u_bram1/u_core/r1640
    SLICE_X91Y26         LUT5 (Prop_lut5_I3_O)        0.124  5668.078 r  u_core/u_fabric/u_bram1/u_core/q_i_7__26/O
                         net (fo=5, routed)           0.490  5668.568    u_core/u_fabric/u_bram1/u_core/r1635
    SLICE_X95Y26         LUT3 (Prop_lut3_I0_O)        0.124  5668.692 r  u_core/u_fabric/u_bram1/u_core/q_i_11__16/O
                         net (fo=2, routed)           0.914  5669.606    u_core/u_store/di_652
    SLICE_X90Y25         LUT5 (Prop_lut5_I1_O)        0.124  5669.730 r  u_core/u_store/q_i_6__23/O
                         net (fo=3, routed)           0.925  5670.655    u_core/u_store/u_fabric/r1636
    SLICE_X78Y23         LUT4 (Prop_lut4_I3_O)        0.124  5670.779 r  u_core/u_store/q_i_6__29/O
                         net (fo=1, routed)           0.488  5671.267    u_core/u_store/u_fabric/r1904
    SLICE_X78Y23         LUT5 (Prop_lut5_I0_O)        0.124  5671.391 r  u_core/u_store/q_i_3__44/O
                         net (fo=2, routed)           0.649  5672.040    u_core/u_store/u_fabric/u_clb_x2y6/comb
    SLICE_X63Y23         LUT3 (Prop_lut3_I2_O)        0.124  5672.164 r  u_core/u_store/sr[51]_i_2/O
                         net (fo=3, routed)           1.040  5673.204    u_core/u_fabric/i___8_i_10_0[32]
    SLICE_X82Y21         LUT5 (Prop_lut5_I4_O)        0.124  5673.328 r  u_core/u_fabric/i___384_i_3/O
                         net (fo=1, routed)           0.000  5673.328    u_core/u_fabric/i___384_i_3_n_0
    SLICE_X82Y21         MUXF7 (Prop_muxf7_I0_O)      0.209  5673.537 r  u_core/u_fabric/i___384_i_1/O
                         net (fo=2, routed)           0.451  5673.988    u_core/u_fabric/i___384_i_1_n_0
    SLICE_X86Y21         LUT5 (Prop_lut5_I4_O)        0.297  5674.285 r  u_core/u_fabric/din_qa[16]_i_3__0/O
                         net (fo=15, routed)          0.845  5675.129    u_core/u_fabric/r5642
    SLICE_X78Y16         LUT4 (Prop_lut4_I3_O)        0.124  5675.253 r  u_core/u_fabric/i___95_i_10/O
                         net (fo=6, routed)           0.797  5676.050    u_core/u_fabric/r5239
    SLICE_X72Y9          LUT2 (Prop_lut2_I0_O)        0.124  5676.174 r  u_core/u_fabric/i___90_i_11/O
                         net (fo=1, routed)           0.537  5676.711    u_core/u_fabric/i___90_i_11_n_0
    SLICE_X72Y9          LUT6 (Prop_lut6_I1_O)        0.124  5676.835 r  u_core/u_fabric/i___90_i_6/O
                         net (fo=10, routed)          0.848  5677.683    u_core/u_fabric/r5360
    SLICE_X77Y23         LUT5 (Prop_lut5_I0_O)        0.124  5677.807 r  u_core/u_fabric/din_qa[16]_i_2__0/O
                         net (fo=15, routed)          1.090  5678.896    u_core/u_fabric/r5649
    SLICE_X72Y14         LUT6 (Prop_lut6_I5_O)        0.124  5679.021 r  u_core/u_fabric/i___194_i_1/O
                         net (fo=1, routed)           0.588  5679.608    u_core/u_fabric/i___194_i_1_n_0
    SLICE_X72Y10         LUT6 (Prop_lut6_I0_O)        0.124  5679.732 r  u_core/u_fabric/i___194/O
                         net (fo=2, routed)           0.555  5680.288    u_core/u_fabric/i___194_n_0
    SLICE_X73Y7          LUT5 (Prop_lut5_I0_O)        0.124  5680.412 r  u_core/u_fabric/i___101_i_3/O
                         net (fo=14, routed)          1.035  5681.446    u_core/u_fabric/u_bram1/u_core/i___421_0_i_7
    SLICE_X94Y13         LUT6 (Prop_lut6_I3_O)        0.124  5681.570 r  u_core/u_fabric/u_bram1/u_core/i___440_1_i_9/O
                         net (fo=2, routed)           0.620  5682.190    u_core/u_fabric/u_bram1_n_50
    SLICE_X92Y11         LUT6 (Prop_lut6_I3_O)        0.124  5682.314 r  u_core/u_fabric/i___421_0_i_7/O
                         net (fo=1, routed)           0.000  5682.314    u_core/u_fabric/i___421_0_i_7_n_0
    SLICE_X92Y11         MUXF7 (Prop_muxf7_I0_O)      0.209  5682.523 r  u_core/u_fabric/i___421_0_i_5/O
                         net (fo=1, routed)           0.623  5683.147    u_core/u_fabric/i___421_0_i_5_n_0
    SLICE_X90Y11         LUT5 (Prop_lut5_I4_O)        0.297  5683.444 r  u_core/u_fabric/i___421_0_i_2/O
                         net (fo=1, routed)           0.683  5684.127    u_core/u_fabric/i___421_0_i_2_n_0
    SLICE_X82Y11         LUT5 (Prop_lut5_I0_O)        0.124  5684.251 r  u_core/u_fabric/i___421_0_i_1/O
                         net (fo=10, routed)          0.856  5685.107    u_core/u_fabric/r5465
    SLICE_X73Y4          LUT6 (Prop_lut6_I5_O)        0.124  5685.231 r  u_core/u_fabric/i___118_i_12/O
                         net (fo=5, routed)           0.965  5686.196    u_core/u_fabric/r4696
    SLICE_X85Y11         LUT6 (Prop_lut6_I3_O)        0.124  5686.320 r  u_core/u_fabric/i___85_i_11/O
                         net (fo=2, routed)           0.165  5686.485    u_core/u_fabric/i___85_i_11_n_0
    SLICE_X85Y11         LUT5 (Prop_lut5_I2_O)        0.124  5686.609 r  u_core/u_fabric/i___85_i_4/O
                         net (fo=15, routed)          1.033  5687.642    u_core/u_fabric/r5558
    SLICE_X90Y8          LUT6 (Prop_lut6_I5_O)        0.124  5687.766 r  u_core/u_fabric/i___462_0_i_13/O
                         net (fo=1, routed)           0.161  5687.927    u_core/u_fabric/i___462_0_i_13_n_0
    SLICE_X90Y8          LUT5 (Prop_lut5_I2_O)        0.124  5688.051 r  u_core/u_fabric/i___462_0_i_10/O
                         net (fo=2, routed)           0.677  5688.728    u_core/u_store/r5129
    SLICE_X92Y3          LUT6 (Prop_lut6_I2_O)        0.124  5688.852 r  u_core/u_store/i___382_i_27/O
                         net (fo=1, routed)           0.000  5688.852    u_core/u_fabric/i___376_i_31
    SLICE_X92Y3          MUXF7 (Prop_muxf7_I0_O)      0.209  5689.061 r  u_core/u_fabric/i___382_i_18/O
                         net (fo=2, routed)           0.471  5689.532    u_core/u_fabric/g_frame[2].cfg_reg[297]
    SLICE_X92Y3          LUT6 (Prop_lut6_I5_O)        0.297  5689.829 r  u_core/u_fabric/i___382_i_10/O
                         net (fo=11, routed)          0.685  5690.513    u_core/u_fabric/r5481
    SLICE_X93Y3          LUT4 (Prop_lut4_I3_O)        0.124  5690.637 r  u_core/u_fabric/q_i_20__38/O
                         net (fo=1, routed)           0.291  5690.929    u_core/u_fabric/q_i_20__38_n_0
    SLICE_X93Y3          LUT6 (Prop_lut6_I5_O)        0.124  5691.053 r  u_core/u_fabric/q_i_11__25/O
                         net (fo=17, routed)          1.154  5692.207    u_core/u_store/r3430
    SLICE_X65Y3          LUT6 (Prop_lut6_I4_O)        0.124  5692.331 r  u_core/u_store/q_i_28__34/O
                         net (fo=1, routed)           0.854  5693.185    u_core/u_store/u_fabric/u_clb_x1y8/t_100
    SLICE_X69Y2          LUT6 (Prop_lut6_I5_O)        0.124  5693.309 r  u_core/u_store/q_i_14__19/O
                         net (fo=2, routed)           1.036  5694.345    u_core/u_fabric/t_121_597
    SLICE_X90Y2          LUT6 (Prop_lut6_I5_O)        0.124  5694.469 r  u_core/u_fabric/i___413_0_i_8/O
                         net (fo=1, routed)           0.507  5694.976    u_core/u_fabric/i___413_0_i_8_n_0
    SLICE_X90Y4          LUT5 (Prop_lut5_I4_O)        0.124  5695.100 r  u_core/u_fabric/i___413_0_i_4/O
                         net (fo=3, routed)           0.661  5695.761    u_core/u_fabric/r5121
    SLICE_X97Y8          LUT6 (Prop_lut6_I5_O)        0.124  5695.885 r  u_core/u_fabric/i___195_i_13/O
                         net (fo=9, routed)           0.580  5696.464    u_core/u_fabric/r5483
    SLICE_X96Y11         LUT4 (Prop_lut4_I3_O)        0.124  5696.588 r  u_core/u_fabric/i___84_i_12/O
                         net (fo=5, routed)           1.268  5697.857    u_core/u_fabric/r5014
    SLICE_X78Y19         LUT5 (Prop_lut5_I0_O)        0.124  5697.981 r  u_core/u_fabric/i___380_i_13/O
                         net (fo=1, routed)           0.000  5697.981    u_core/u_fabric/i___380_i_13_n_0
    SLICE_X78Y19         MUXF7 (Prop_muxf7_I0_O)      0.212  5698.193 r  u_core/u_fabric/i___380_i_9/O
                         net (fo=2, routed)           0.672  5698.864    u_core/u_fabric/i___380_i_9_n_0
    SLICE_X76Y15         LUT6 (Prop_lut6_I5_O)        0.299  5699.163 r  u_core/u_fabric/i___380_i_7/O
                         net (fo=14, routed)          0.747  5699.911    u_core/u_fabric/r5656
    SLICE_X76Y10         LUT6 (Prop_lut6_I3_O)        0.124  5700.035 r  u_core/u_fabric/i___376_i_20/O
                         net (fo=1, routed)           0.371  5700.405    u_core/u_fabric/i___376_i_20_n_0
    SLICE_X76Y10         LUT6 (Prop_lut6_I2_O)        0.124  5700.529 r  u_core/u_fabric/i___376_i_8/O
                         net (fo=9, routed)           1.155  5701.684    u_core/u_fabric/r5489
    SLICE_X95Y9          LUT4 (Prop_lut4_I3_O)        0.124  5701.808 r  u_core/u_fabric/i___101_i_12/O
                         net (fo=5, routed)           1.323  5703.131    u_core/u_fabric/r5128
    SLICE_X74Y21         LUT5 (Prop_lut5_I0_O)        0.124  5703.255 r  u_core/u_fabric/i___386_i_26/O
                         net (fo=1, routed)           0.000  5703.255    u_core/u_fabric/i___386_i_26_n_0
    SLICE_X74Y21         MUXF7 (Prop_muxf7_I0_O)      0.212  5703.467 r  u_core/u_fabric/i___386_i_17/O
                         net (fo=2, routed)           0.456  5703.923    u_core/u_fabric/i___386_i_17_n_0
    SLICE_X74Y23         LUT6 (Prop_lut6_I5_O)        0.299  5704.222 r  u_core/u_fabric/i___386_i_11/O
                         net (fo=6, routed)           0.733  5704.955    u_core/u_fabric/r5662
    SLICE_X75Y13         LUT4 (Prop_lut4_I3_O)        0.124  5705.079 r  u_core/u_fabric/i___90_i_20/O
                         net (fo=5, routed)           0.608  5705.687    u_core/u_fabric/r5245
    SLICE_X71Y10         LUT5 (Prop_lut5_I0_O)        0.124  5705.811 r  u_core/u_fabric/i___180_i_8/O
                         net (fo=1, routed)           0.000  5705.811    u_core/u_fabric/i___180_i_8_n_0
    SLICE_X71Y10         MUXF7 (Prop_muxf7_I0_O)      0.212  5706.023 r  u_core/u_fabric/i___180_i_6/O
                         net (fo=1, routed)           0.433  5706.457    u_core/u_fabric/i___180_i_6_n_0
    SLICE_X71Y10         LUT6 (Prop_lut6_I5_O)        0.299  5706.755 r  u_core/u_fabric/i___180_i_2/O
                         net (fo=15, routed)          1.382  5708.137    u_core/u_fabric/r5567
    SLICE_X96Y4          LUT6 (Prop_lut6_I5_O)        0.124  5708.261 r  u_core/u_fabric/i___191_i_19/O
                         net (fo=2, routed)           0.300  5708.561    u_core/u_fabric/i___191_i_19_n_0
    SLICE_X95Y3          LUT5 (Prop_lut5_I0_O)        0.124  5708.685 r  u_core/u_fabric/i___211_i_14/O
                         net (fo=1, routed)           0.924  5709.609    u_core/u_fabric/r5023
    SLICE_X89Y3          LUT5 (Prop_lut5_I0_O)        0.124  5709.733 r  u_core/u_fabric/i___211_i_11/O
                         net (fo=2, routed)           0.462  5710.195    u_core/u_fabric/i___211_i_11_n_0
    SLICE_X89Y3          LUT6 (Prop_lut6_I1_O)        0.124  5710.319 r  u_core/u_fabric/i___211_i_5/O
                         net (fo=11, routed)          0.756  5711.075    u_core/u_fabric/r5356
    SLICE_X85Y4          LUT4 (Prop_lut4_I3_O)        0.124  5711.199 r  u_core/u_fabric/i___84_i_7/O
                         net (fo=7, routed)           1.074  5712.273    u_core/u_fabric/r5583
    SLICE_X69Y14         LUT5 (Prop_lut5_I2_O)        0.124  5712.397 r  u_core/u_fabric/i___386_i_21/O
                         net (fo=1, routed)           0.434  5712.832    u_core/u_fabric/i___386_i_21_n_0
    SLICE_X71Y14         LUT5 (Prop_lut5_I4_O)        0.124  5712.956 r  u_core/u_fabric/i___386_i_14/O
                         net (fo=2, routed)           0.742  5713.698    u_core/u_fabric/i___386_i_14_n_0
    SLICE_X71Y16         LUT5 (Prop_lut5_I0_O)        0.124  5713.822 r  u_core/u_fabric/i___102_i_16/O
                         net (fo=1, routed)           0.666  5714.488    u_core/u_fabric/i___102_i_16_n_0
    SLICE_X73Y20         LUT5 (Prop_lut5_I2_O)        0.124  5714.612 r  u_core/u_fabric/i___102_i_13/O
                         net (fo=1, routed)           0.642  5715.254    u_core/u_store/i___190_i_31
    SLICE_X78Y22         LUT6 (Prop_lut6_I2_O)        0.124  5715.378 r  u_core/u_store/i___102_i_11/O
                         net (fo=5, routed)           0.957  5716.336    u_core/u_store/r4903
    SLICE_X86Y11         LUT6 (Prop_lut6_I5_O)        0.124  5716.460 r  u_core/u_store/i___102_i_5/O
                         net (fo=1, routed)           0.552  5717.012    u_core/u_fabric/i___215_i_1
    SLICE_X85Y12         LUT5 (Prop_lut5_I2_O)        0.124  5717.136 r  u_core/u_fabric/i___102_i_3/O
                         net (fo=14, routed)          0.519  5717.655    u_core/u_fabric/r5574
    SLICE_X78Y10         LUT6 (Prop_lut6_I2_O)        0.124  5717.779 r  u_core/u_fabric/i___214/O
                         net (fo=2, routed)           0.440  5718.219    u_core/u_fabric/i___214_n_0
    SLICE_X78Y10         LUT3 (Prop_lut3_I0_O)        0.124  5718.343 r  u_core/u_fabric/i___382_i_29/O
                         net (fo=1, routed)           0.887  5719.230    u_core/u_fabric/r5137
    SLICE_X90Y7          LUT5 (Prop_lut5_I0_O)        0.124  5719.354 r  u_core/u_fabric/i___382_i_21/O
                         net (fo=1, routed)           0.162  5719.516    u_core/u_fabric/i___382_i_21_n_0
    SLICE_X90Y7          LUT5 (Prop_lut5_I4_O)        0.124  5719.640 r  u_core/u_fabric/i___382_i_11/O
                         net (fo=9, routed)           1.083  5720.723    u_core/u_fabric/r5485
    SLICE_X102Y4         LUT4 (Prop_lut4_I3_O)        0.124  5720.847 r  u_core/u_fabric/i___218_i_9/O
                         net (fo=3, routed)           0.949  5721.796    u_core/u_fabric/r5020
    SLICE_X85Y5          LUT3 (Prop_lut3_I0_O)        0.124  5721.920 r  u_core/u_fabric/i___83_i_10/O
                         net (fo=2, routed)           0.651  5722.571    u_core/u_fabric/i___83_i_10_n_0
    SLICE_X75Y6          LUT5 (Prop_lut5_I4_O)        0.124  5722.695 r  u_core/u_fabric/i___83_i_5/O
                         net (fo=1, routed)           0.416  5723.111    u_core/u_fabric/i___83_i_5_n_0
    SLICE_X74Y5          LUT5 (Prop_lut5_I2_O)        0.124  5723.235 r  u_core/u_fabric/i___83_i_3/O
                         net (fo=11, routed)          0.859  5724.094    u_core/u_fabric/r5580
    SLICE_X80Y14         LUT3 (Prop_lut3_I2_O)        0.124  5724.218 r  u_core/u_fabric/i___84_i_2/O
                         net (fo=1, routed)           0.674  5724.892    u_core/u_fabric/i___84_i_2_n_0
    SLICE_X80Y14         LUT6 (Prop_lut6_I4_O)        0.124  5725.016 r  u_core/u_fabric/i___84/O
                         net (fo=1, routed)           0.279  5725.295    u_core/u_fabric/i___84_n_0
    SLICE_X80Y14         LUT5 (Prop_lut5_I0_O)        0.124  5725.419 r  u_core/u_fabric/i___448_1_i_6/O
                         net (fo=2, routed)           0.880  5726.299    u_core/u_store/r5146
    SLICE_X81Y25         LUT6 (Prop_lut6_I4_O)        0.124  5726.423 r  u_core/u_store/i___386_i_18/O
                         net (fo=1, routed)           0.264  5726.687    u_core/u_fabric/i___310_i_5
    SLICE_X81Y25         LUT5 (Prop_lut5_I2_O)        0.124  5726.811 r  u_core/u_fabric/i___386_i_12/O
                         net (fo=5, routed)           0.699  5727.510    u_core/u_fabric/r5664
    SLICE_X74Y22         LUT5 (Prop_lut5_I4_O)        0.124  5727.634 r  u_core/u_fabric/i___386_i_3/O
                         net (fo=2, routed)           0.645  5728.279    u_core/u_fabric/i___386_i_3_n_0
    SLICE_X72Y22         LUT5 (Prop_lut5_I0_O)        0.124  5728.403 r  u_core/u_fabric/i___310_i_9/O
                         net (fo=4, routed)           0.952  5729.354    u_core/u_fabric/r5666
    SLICE_X57Y19         LUT4 (Prop_lut4_I2_O)        0.124  5729.479 r  u_core/u_fabric/i___310_i_4/O
                         net (fo=1, routed)           0.403  5729.882    u_core/u_fabric/i___310_i_4_n_0
    SLICE_X57Y19         LUT5 (Prop_lut5_I0_O)        0.124  5730.006 r  u_core/u_fabric/i___310_i_2/O
                         net (fo=11, routed)          1.047  5731.052    u_core/u_fabric/r5380
    SLICE_X57Y8          LUT4 (Prop_lut4_I3_O)        0.124  5731.176 r  u_core/u_fabric/i___359_i_17/O
                         net (fo=3, routed)           1.096  5732.272    u_core/u_fabric/r5823
    SLICE_X41Y14         LUT4 (Prop_lut4_I0_O)        0.124  5732.396 r  u_core/u_fabric/q_i_25__29/O
                         net (fo=1, routed)           0.433  5732.830    u_core/u_store/q_i_6__62
    SLICE_X41Y14         LUT6 (Prop_lut6_I2_O)        0.124  5732.954 r  u_core/u_store/q_i_14__28/O
                         net (fo=3, routed)           0.738  5733.692    u_core/u_store/r4013
    SLICE_X46Y22         MUXF8 (Prop_muxf8_S_O)       0.283  5733.975 r  u_core/u_store/q_reg_i_11__4/O
                         net (fo=1, routed)           0.757  5734.732    u_core/u_fabric/u_clb_x4y10/t_121_445
    SLICE_X47Y14         LUT5 (Prop_lut5_I0_O)        0.319  5735.051 r  u_core/u_fabric/u_clb_x4y10/q_i_6__62/O
                         net (fo=4, routed)           0.475  5735.526    u_core/u_fabric/r4009
    SLICE_X48Y13         LUT6 (Prop_lut6_I5_O)        0.124  5735.650 r  u_core/u_fabric/mem_reg_i_153/O
                         net (fo=2, routed)           0.579  5736.229    u_core/u_fabric/mem_reg_i_153_n_0
    SLICE_X50Y14         LUT6 (Prop_lut6_I5_O)        0.124  5736.353 r  u_core/u_fabric/mem_reg_i_98__0/O
                         net (fo=11, routed)          0.693  5737.046    u_core/u_fabric/r5363
    SLICE_X57Y15         LUT4 (Prop_lut4_I3_O)        0.124  5737.170 r  u_core/u_fabric/mem_reg_i_80__0/O
                         net (fo=3, routed)           0.701  5737.871    u_core/u_fabric/r5747
    SLICE_X53Y14         LUT6 (Prop_lut6_I0_O)        0.124  5737.995 r  u_core/u_fabric/q_i_38__2/O
                         net (fo=16, routed)          1.021  5739.016    u_core/u_store/r4019
    SLICE_X49Y28         LUT6 (Prop_lut6_I2_O)        0.124  5739.140 r  u_core/u_store/q_i_47__40/O
                         net (fo=1, routed)           0.000  5739.140    u_core/u_store/u_fabric/u_clb_x4y10/t_105
    SLICE_X49Y28         MUXF7 (Prop_muxf7_I1_O)      0.217  5739.356 r  u_core/u_store/q_reg_i_31__17/O
                         net (fo=1, routed)           0.831  5740.187    u_core/u_store/u_fabric/u_clb_x4y10/t_116
    SLICE_X47Y18         LUT6 (Prop_lut6_I5_O)        0.299  5740.486 r  u_core/u_store/q_i_16__31/O
                         net (fo=1, routed)           0.748  5741.234    u_core/u_store/u_fabric/u_clb_x4y10/t_125
    SLICE_X47Y12         LUT6 (Prop_lut6_I0_O)        0.124  5741.358 r  u_core/u_store/q_i_7__75/O
                         net (fo=1, routed)           0.473  5741.832    u_core/u_store/u_fabric/u_clb_x4y10/lut_o6
    SLICE_X47Y12         LUT6 (Prop_lut6_I2_O)        0.124  5741.956 r  u_core/u_store/q_i_3__87/O
                         net (fo=3, routed)           0.505  5742.460    u_core/u_store/comb_7
    SLICE_X43Y9          LUT3 (Prop_lut3_I2_O)        0.124  5742.584 r  u_core/u_store/i___211_i_6/O
                         net (fo=2, routed)           0.873  5743.457    u_core/u_fabric/i___8_i_10_0[63]
    SLICE_X44Y9          LUT5 (Prop_lut5_I4_O)        0.124  5743.581 r  u_core/u_fabric/i___211_i_1/O
                         net (fo=15, routed)          0.991  5744.572    u_core/u_fabric/r5805
    SLICE_X26Y9          LUT4 (Prop_lut4_I3_O)        0.124  5744.696 r  u_core/u_fabric/q_i_50__13/O
                         net (fo=3, routed)           0.442  5745.138    u_core/u_fabric/g_frame[58].cfg_reg[7542]_0
    SLICE_X26Y8          LUT5 (Prop_lut5_I4_O)        0.124  5745.262 r  u_core/u_fabric/q_i_42__12/O
                         net (fo=15, routed)          0.961  5746.223    u_core/u_store/r4044
    SLICE_X13Y3          LUT6 (Prop_lut6_I4_O)        0.124  5746.347 r  u_core/u_store/q_i_47__41/O
                         net (fo=1, routed)           0.000  5746.347    u_core/u_store/u_fabric/u_clb_x5y10/t_109
    SLICE_X13Y3          MUXF7 (Prop_muxf7_I1_O)      0.217  5746.563 r  u_core/u_store/q_reg_i_32__13/O
                         net (fo=1, routed)           0.912  5747.475    u_core/u_store/u_fabric/u_clb_x5y10/t_118
    SLICE_X25Y8          LUT5 (Prop_lut5_I4_O)        0.299  5747.774 r  u_core/u_store/q_i_15__21/O
                         net (fo=1, routed)           0.435  5748.209    u_core/u_fabric/u_clb_x6y8/t_123_451
    SLICE_X25Y10         LUT5 (Prop_lut5_I0_O)        0.124  5748.333 r  u_core/u_fabric/u_clb_x6y8/q_i_8__75/O
                         net (fo=2, routed)           0.730  5749.063    u_core/u_store/lut_o6_697
    SLICE_X18Y8          LUT5 (Prop_lut5_I4_O)        0.124  5749.188 r  u_core/u_store/q_i_6__63/O
                         net (fo=1, routed)           0.593  5749.781    u_core/u_store/u_fabric/u_clb_x5y10/cy_sum
    SLICE_X23Y9          LUT5 (Prop_lut5_I0_O)        0.124  5749.905 r  u_core/u_store/q_i_3__74/O
                         net (fo=3, routed)           0.969  5750.874    u_core/u_store/comb_587
    SLICE_X29Y14         LUT3 (Prop_lut3_I2_O)        0.124  5750.998 r  u_core/u_store/sr[93]_i_2/O
                         net (fo=2, routed)           1.133  5752.131    u_core/u_fabric/i___8_i_10_0[64]
    SLICE_X39Y25         LUT5 (Prop_lut5_I4_O)        0.124  5752.255 r  u_core/u_fabric/i___99_i_19/O
                         net (fo=1, routed)           0.000  5752.255    u_core/u_fabric/i___99_i_19_n_0
    SLICE_X39Y25         MUXF7 (Prop_muxf7_I0_O)      0.212  5752.467 r  u_core/u_fabric/i___99_i_12/O
                         net (fo=1, routed)           0.468  5752.935    u_core/u_fabric/i___99_i_12_n_0
    SLICE_X34Y25         LUT6 (Prop_lut6_I5_O)        0.299  5753.233 r  u_core/u_fabric/i___99_i_6/O
                         net (fo=3, routed)           0.724  5753.958    u_core/u_fabric/r5900
    SLICE_X31Y23         LUT6 (Prop_lut6_I2_O)        0.124  5754.082 r  u_core/u_fabric/i___99_i_3/O
                         net (fo=13, routed)          0.881  5754.962    u_core/u_fabric/r5375
    SLICE_X31Y18         LUT6 (Prop_lut6_I4_O)        0.124  5755.086 r  u_core/u_fabric/q_i_48/O
                         net (fo=1, routed)           0.151  5755.238    u_core/u_fabric/q_i_48_n_0
    SLICE_X31Y18         LUT6 (Prop_lut6_I0_O)        0.124  5755.362 r  u_core/u_fabric/q_i_41__0/O
                         net (fo=16, routed)          1.101  5756.463    u_core/u_store/r4045
    SLICE_X13Y16         LUT6 (Prop_lut6_I2_O)        0.124  5756.587 r  u_core/u_store/q_i_39__46/O
                         net (fo=1, routed)           0.000  5756.587    u_core/u_store/u_fabric/u_clb_x5y10/t_103
    SLICE_X13Y16         MUXF7 (Prop_muxf7_I1_O)      0.217  5756.804 r  u_core/u_store/q_reg_i_20__13/O
                         net (fo=1, routed)           0.902  5757.706    u_core/u_store/u_fabric/u_clb_x5y10/t_115
    SLICE_X12Y19         LUT5 (Prop_lut5_I0_O)        0.299  5758.005 r  u_core/u_store/q_i_12__42/O
                         net (fo=2, routed)           1.009  5759.014    u_core/u_fabric/t_121_551
    SLICE_X33Y19         LUT6 (Prop_lut6_I5_O)        0.124  5759.138 r  u_core/u_fabric/c_q[40]_i_8/O
                         net (fo=1, routed)           0.149  5759.287    u_core/u_fabric/c_q[40]_i_8_n_0
    SLICE_X33Y19         LUT5 (Prop_lut5_I4_O)        0.124  5759.411 r  u_core/u_fabric/c_q[40]_i_3/O
                         net (fo=12, routed)          1.519  5760.930    u_core/u_fabric/r5392
    SLICE_X43Y50         LUT6 (Prop_lut6_I5_O)        0.124  5761.054 r  u_core/u_fabric/a_q[11]_i_2__0/O
                         net (fo=1, routed)           1.245  5762.298    u_core/u_store/r2998
    SLICE_X19Y47         LUT3 (Prop_lut3_I2_O)        0.124  5762.422 r  u_core/u_store/a_q[11]_i_1__0/O
                         net (fo=2, routed)           0.446  5762.868    u_core/u_store/drive_reg[148][11]
    SLICE_X19Y47         LUT3 (Prop_lut3_I2_O)        0.124  5762.992 r  u_core/u_store/m_c_i_52__0/O
                         net (fo=2, routed)           0.838  5763.830    u_core/u_store/u_fabric/u_dsp1/u_core/a_v__24[11]
    SLICE_X20Y45         LUT5 (Prop_lut5_I3_O)        0.124  5763.954 r  u_core/u_store/i__carry__1_i_5__2/O
                         net (fo=1, routed)           0.000  5763.954    u_core/u_fabric/u_dsp1/u_core/m_c_6[3]
    SLICE_X20Y45         CARRY4 (Prop_carry4_S[3]_CO[3])
                                                      0.376  5764.330 r  u_core/u_fabric/u_dsp1/u_core/__5/i__carry__1/CO[3]
                         net (fo=1, routed)           0.000  5764.330    u_core/u_fabric/u_dsp1/u_core/__5/i__carry__1_n_0
    SLICE_X20Y46         CARRY4 (Prop_carry4_CI_O[2])
                                                      0.239  5764.569 r  u_core/u_fabric/u_dsp1/u_core/__5/i__carry__2/O[2]
                         net (fo=1, routed)           0.408  5764.977    u_core/u_store/m_c_9[2]
    SLICE_X21Y46         LUT3 (Prop_lut3_I0_O)        0.301  5765.277 r  u_core/u_store/m_c_i_29__0/O
                         net (fo=1, routed)           0.535  5765.812    u_core/u_fabric/u_dsp1/u_core/m_c_2[14]
    DSP48_X1Y19          DSP48E1 (Prop_dsp48e1_A[14]_P[4])
                                                      3.841  5769.653 r  u_core/u_fabric/u_dsp1/u_core/m_c/P[4]
                         net (fo=2, routed)           0.785  5770.438    u_core/u_fabric/u_dsp1/u_core/m_c__0[4]
    SLICE_X22Y48         LUT3 (Prop_lut3_I2_O)        0.124  5770.562 r  u_core/u_fabric/u_dsp1/u_core/i__carry__0_i_4__1/O
                         net (fo=2, routed)           0.605  5771.167    u_core/u_fabric/u_dsp1/u_core/m_x[4]
    SLICE_X28Y50         CARRY4 (Prop_carry4_DI[0]_O[1])
                                                      0.420  5771.587 r  u_core/u_fabric/u_dsp1/u_core/__10/i__carry__0/O[1]
                         net (fo=2, routed)           0.302  5771.889    u_core/u_fabric/u_dsp1/u_core/__10/i__carry__0_n_6
    SLICE_X30Y50         LUT3 (Prop_lut3_I2_O)        0.303  5772.192 r  u_core/u_fabric/u_dsp1/u_core/sr[53]_i_2__0/O
                         net (fo=4, routed)           1.336  5773.529    u_core/u_fabric/dsp_p[53]
    SLICE_X53Y59         LUT5 (Prop_lut5_I4_O)        0.124  5773.653 r  u_core/u_fabric/i___354_i_23/O
                         net (fo=8, routed)           1.108  5774.761    u_core/u_fabric/r6131
    SLICE_X56Y76         LUT4 (Prop_lut4_I0_O)        0.124  5774.885 r  u_core/u_fabric/q_i_48__6/O
                         net (fo=1, routed)           0.674  5775.559    u_core/u_fabric/q_i_48__6_n_0
    SLICE_X56Y76         LUT6 (Prop_lut6_I5_O)        0.124  5775.683 r  u_core/u_fabric/q_i_43/O
                         net (fo=16, routed)          1.094  5776.777    u_core/u_store/r4122
    SLICE_X46Y83         LUT6 (Prop_lut6_I4_O)        0.124  5776.901 r  u_core/u_store/q_i_28__46/O
                         net (fo=1, routed)           0.000  5776.901    u_core/u_store/u_fabric/u_clb_x9y10/t_98
    SLICE_X46Y83         MUXF7 (Prop_muxf7_I0_O)      0.209  5777.110 r  u_core/u_store/q_reg_i_14__24/O
                         net (fo=2, routed)           1.019  5778.129    u_core/u_store/u_fabric/u_clb_x9y10/t_113
    SLICE_X53Y74         LUT5 (Prop_lut5_I0_O)        0.297  5778.426 r  u_core/u_store/i___394_1_i_8/O
                         net (fo=1, routed)           0.485  5778.912    u_core/u_fabric/t_120_586
    SLICE_X50Y74         LUT6 (Prop_lut6_I3_O)        0.124  5779.036 r  u_core/u_fabric/i___394_1_i_6/O
                         net (fo=1, routed)           0.623  5779.658    u_core/u_fabric/i___394_1_i_6_n_0
    SLICE_X50Y76         LUT5 (Prop_lut5_I4_O)        0.124  5779.782 r  u_core/u_fabric/i___394_1_i_3/O
                         net (fo=9, routed)           1.820  5781.602    u_core/u_fabric/r5416
    SLICE_X90Y60         LUT4 (Prop_lut4_I3_O)        0.124  5781.726 r  u_core/u_fabric/i___397_1_i_1/O
                         net (fo=16, routed)          0.344  5782.070    u_core/u_fabric/r6353
    SLICE_X91Y62         LUT6 (Prop_lut6_I5_O)        0.124  5782.194 r  u_core/u_fabric/q_i_13/O
                         net (fo=3, routed)           0.684  5782.878    u_core/u_store/r4170
    SLICE_X90Y56         LUT3 (Prop_lut3_I1_O)        0.124  5783.002 r  u_core/u_store/q_i_7__81/O
                         net (fo=3, routed)           0.835  5783.837    u_core/u_fabric/r4165
    SLICE_X83Y56         LUT5 (Prop_lut5_I4_O)        0.124  5783.961 r  u_core/u_fabric/c_q[40]_i_9/O
                         net (fo=1, routed)           0.000  5783.961    u_core/u_fabric/c_q[40]_i_9_n_0
    SLICE_X83Y56         MUXF7 (Prop_muxf7_I0_O)      0.212  5784.173 r  u_core/u_fabric/c_q_reg[40]_i_5/O
                         net (fo=2, routed)           0.835  5785.008    u_core/u_fabric/c_q_reg[40]_i_5_n_0
    SLICE_X81Y56         LUT6 (Prop_lut6_I5_O)        0.299  5785.307 r  u_core/u_fabric/c_q[40]_i_2__0/O
                         net (fo=10, routed)          1.481  5786.788    u_core/u_fabric/r5411
    SLICE_X67Y81         LUT6 (Prop_lut6_I4_O)        0.124  5786.912 r  u_core/u_fabric/q_i_33__13/O
                         net (fo=1, routed)           0.433  5787.345    u_core/u_store/q_i_12__39_0
    SLICE_X67Y84         LUT5 (Prop_lut5_I1_O)        0.124  5787.469 r  u_core/u_store/q_i_20__29/O
                         net (fo=1, routed)           0.605  5788.074    u_core/u_store/u_fabric/u_clb_x10y9/t_111
    SLICE_X82Y85         LUT5 (Prop_lut5_I0_O)        0.124  5788.198 r  u_core/u_store/q_i_12__39/O
                         net (fo=1, routed)           0.565  5788.763    u_core/u_fabric/u_clb_x12y8/t_123_436
    SLICE_X84Y83         LUT5 (Prop_lut5_I0_O)        0.124  5788.887 r  u_core/u_fabric/u_clb_x12y8/q_i_7__72/O
                         net (fo=2, routed)           0.498  5789.385    u_core/u_store/lut_o6_629
    SLICE_X84Y83         LUT5 (Prop_lut5_I1_O)        0.124  5789.509 r  u_core/u_store/q_i_6__59/O
                         net (fo=1, routed)           0.834  5790.343    u_core/u_store/u_fabric/u_clb_x10y10/cy_sum
    SLICE_X86Y74         LUT5 (Prop_lut5_I0_O)        0.124  5790.467 r  u_core/u_store/q_i_3__78/O
                         net (fo=4, routed)           0.729  5791.196    u_core/u_fabric/comb_591
    SLICE_X85Y70         LUT6 (Prop_lut6_I3_O)        0.124  5791.320 r  u_core/u_fabric/i___372_i_1/O
                         net (fo=2, routed)           0.800  5792.121    u_core/u_fabric/i___372_i_1_n_0
    SLICE_X98Y71         LUT5 (Prop_lut5_I4_O)        0.124  5792.245 r  u_core/u_fabric/i___467_0_i_6/O
                         net (fo=3, routed)           0.921  5793.166    u_core/u_fabric/r6290
    SLICE_X84Y73         LUT4 (Prop_lut4_I2_O)        0.124  5793.290 r  u_core/u_fabric/i___467_0_i_3/O
                         net (fo=1, routed)           0.280  5793.569    u_core/u_fabric/i___467_0_i_3_n_0
    SLICE_X84Y73         LUT5 (Prop_lut5_I0_O)        0.124  5793.693 r  u_core/u_fabric/i___467_0_i_2/O
                         net (fo=12, routed)          0.870  5794.563    u_core/u_fabric/r5405
    SLICE_X63Y74         LUT4 (Prop_lut4_I3_O)        0.124  5794.687 r  u_core/u_fabric/i___467_0/O
                         net (fo=2, routed)           0.784  5795.471    u_core/u_fabric/r6215
    SLICE_X65Y76         LUT4 (Prop_lut4_I0_O)        0.124  5795.595 r  u_core/u_fabric/i___395_0/O
                         net (fo=1, routed)           0.403  5795.998    u_core/u_fabric/i___395_0_n_0
    SLICE_X65Y76         LUT6 (Prop_lut6_I0_O)        0.124  5796.122 r  u_core/u_fabric/i___468_1_i_20/O
                         net (fo=16, routed)          1.019  5797.141    u_core/u_store/r4149
    SLICE_X88Y89         LUT6 (Prop_lut6_I2_O)        0.124  5797.265 r  u_core/u_store/i___468_1_i_19/O
                         net (fo=1, routed)           0.000  5797.265    u_core/u_store/u_fabric/u_clb_x10y10/t_97
    SLICE_X88Y89         MUXF7 (Prop_muxf7_I1_O)      0.217  5797.481 r  u_core/u_store/i___468_1_i_9/O
                         net (fo=1, routed)           0.590  5798.072    u_core/u_store/u_fabric/u_clb_x10y10/t_112
    SLICE_X91Y83         LUT5 (Prop_lut5_I4_O)        0.299  5798.371 r  u_core/u_store/i___468_1_i_5/O
                         net (fo=4, routed)           0.848  5799.219    u_core/u_fabric/r4139
    SLICE_X84Y74         LUT6 (Prop_lut6_I5_O)        0.124  5799.343 r  u_core/u_fabric/i___468_1_i_1__0/O
                         net (fo=2, routed)           0.159  5799.501    u_core/u_fabric/i___468_1_i_1__0_n_0
    SLICE_X84Y74         LUT6 (Prop_lut6_I5_O)        0.124  5799.625 r  u_core/u_fabric/i___468_1_i_1/O
                         net (fo=7, routed)           0.493  5800.119    u_core/u_fabric/r5422
    SLICE_X83Y72         LUT6 (Prop_lut6_I3_O)        0.124  5800.243 r  u_core/u_fabric/i___468_1/O
                         net (fo=1, routed)           0.593  5800.836    u_core/u_fabric/i___468_1_n_0
    SLICE_X82Y70         LUT6 (Prop_lut6_I0_O)        0.124  5800.960 r  u_core/u_fabric/i___336/O
                         net (fo=1, routed)           0.307  5801.267    u_core/u_fabric/i___336_n_0
    SLICE_X80Y70         LUT5 (Prop_lut5_I0_O)        0.124  5801.391 r  u_core/u_fabric/i___7_i_3/O
                         net (fo=16, routed)          1.134  5802.524    u_core/u_fabric/r6271
    SLICE_X101Y67        LUT6 (Prop_lut6_I5_O)        0.124  5802.648 r  u_core/u_fabric/q_i_25__1/O
                         net (fo=6, routed)           1.113  5803.760    u_core/u_store/r3908
    SLICE_X92Y45         MUXF7 (Prop_muxf7_S_O)       0.292  5804.052 r  u_core/u_store/q_reg_i_15__22/O
                         net (fo=2, routed)           0.801  5804.854    u_core/u_store/u_fabric/u_clb_x11y9/t_114
    SLICE_X95Y51         LUT5 (Prop_lut5_I2_O)        0.297  5805.150 r  u_core/u_store/q_i_9__21/O
                         net (fo=4, routed)           0.465  5805.615    u_core/u_store/r3897
    SLICE_X101Y52        LUT6 (Prop_lut6_I5_O)        0.124  5805.739 r  u_core/u_store/q_i_8__73/O
                         net (fo=2, routed)           0.600  5806.339    u_core/u_store/u_fabric/u_clb_x11y9/lut_o6
    SLICE_X101Y53        LUT5 (Prop_lut5_I1_O)        0.124  5806.463 r  u_core/u_store/q_i_3__96/O
                         net (fo=3, routed)           0.663  5807.126    u_core/u_store/comb_14
    SLICE_X94Y57         LUT3 (Prop_lut3_I2_O)        0.124  5807.250 r  u_core/u_store/sr[88]_i_2/O
                         net (fo=2, routed)           0.895  5808.145    u_core/u_fabric/i___8_i_10_0[59]
    SLICE_X85Y61         LUT5 (Prop_lut5_I4_O)        0.124  5808.269 r  u_core/u_fabric/i___343_i_4/O
                         net (fo=2, routed)           0.495  5808.764    u_core/u_fabric/i___343_i_4_n_0
    SLICE_X85Y63         LUT5 (Prop_lut5_I4_O)        0.124  5808.888 r  u_core/u_fabric/i___393_1_i_1__0/O
                         net (fo=1, routed)           1.045  5809.933    u_core/u_fabric/i___393_1_i_1__0_n_0
    SLICE_X90Y54         LUT6 (Prop_lut6_I2_O)        0.124  5810.057 r  u_core/u_fabric/i___393_1__0/O
                         net (fo=1, routed)           0.432  5810.489    u_core/u_fabric/u_clb_x12y8/q_i_17__25_0
    SLICE_X91Y52         LUT5 (Prop_lut5_I1_O)        0.124  5810.613 r  u_core/u_fabric/u_clb_x12y8/q_i_33__36/O
                         net (fo=1, routed)           0.151  5810.764    u_core/u_fabric/u_clb_x12y8/t_111
    SLICE_X91Y52         LUT5 (Prop_lut5_I0_O)        0.124  5810.888 r  u_core/u_fabric/u_clb_x12y8/q_i_17__25/O
                         net (fo=1, routed)           0.701  5811.589    u_core/u_fabric/u_clb_x12y8/t_123
    SLICE_X97Y53         LUT5 (Prop_lut5_I0_O)        0.124  5811.713 r  u_core/u_fabric/u_clb_x12y8/q_i_8__65/O
                         net (fo=2, routed)           0.277  5811.991    u_core/u_store/lut_o6_688
    SLICE_X97Y53         LUT6 (Prop_lut6_I2_O)        0.124  5812.115 r  u_core/u_store/i___0_i_8/O
                         net (fo=1, routed)           0.313  5812.428    u_core/u_store/u_fabric/u_clb_x12y9/cy_mux
    SLICE_X99Y52         LUT6 (Prop_lut6_I3_O)        0.124  5812.552 r  u_core/u_store/i___0_i_2/O
                         net (fo=3, routed)           0.452  5813.004    u_core/u_fabric/comb_85
    SLICE_X99Y56         LUT6 (Prop_lut6_I3_O)        0.124  5813.128 r  u_core/u_fabric/i___0/O
                         net (fo=8, routed)           0.691  5813.819    u_core/u_fabric/r6435
    SLICE_X102Y53        LUT6 (Prop_lut6_I3_O)        0.124  5813.943 r  u_core/u_fabric/i___464_1_i_7/O
                         net (fo=1, routed)           0.000  5813.943    u_core/u_fabric/i___464_1_i_7_n_0
    SLICE_X102Y53        MUXF7 (Prop_muxf7_I1_O)      0.214  5814.157 r  u_core/u_fabric/i___464_1_i_5/O
                         net (fo=8, routed)           0.561  5814.717    u_core/u_fabric/r6421
    SLICE_X96Y55         LUT6 (Prop_lut6_I5_O)        0.297  5815.014 r  u_core/u_fabric/q_i_15__1/O
                         net (fo=5, routed)           0.509  5815.523    u_core/u_fabric/u_clb_x12y8/i___0_i_8
    SLICE_X98Y53         LUT5 (Prop_lut5_I1_O)        0.124  5815.647 r  u_core/u_fabric/u_clb_x12y8/i___0_i_15/O
                         net (fo=2, routed)           0.425  5816.072    u_core/u_fabric/u_clb_x12y8/di_62
    SLICE_X97Y53         LUT6 (Prop_lut6_I1_O)        0.124  5816.196 r  u_core/u_fabric/u_clb_x12y8/q_i_15__20/O
                         net (fo=1, routed)           0.304  5816.500    u_core/u_fabric/u_clb_x12y8/r3656
    SLICE_X97Y52         LUT6 (Prop_lut6_I0_O)        0.124  5816.624 r  u_core/u_fabric/u_clb_x12y8/q_i_7__73/O
                         net (fo=1, routed)           0.000  5816.624    u_core/u_store/cy_sum_694
    SLICE_X97Y52         MUXF7 (Prop_muxf7_I1_O)      0.217  5816.841 r  u_core/u_store/q_reg_i_3__0/O
                         net (fo=3, routed)           0.718  5817.559    u_core/u_store/comb_566
    SLICE_X95Y55         LUT3 (Prop_lut3_I2_O)        0.299  5817.858 r  u_core/u_store/sr[89]_i_2/O
                         net (fo=2, routed)           0.769  5818.626    u_core/u_fabric/i___8_i_10_0[60]
    SLICE_X102Y57        LUT5 (Prop_lut5_I4_O)        0.124  5818.750 r  u_core/u_fabric/i___346_i_10/O
                         net (fo=2, routed)           0.322  5819.072    u_core/u_fabric/i___346_i_10_n_0
    SLICE_X102Y58        LUT5 (Prop_lut5_I4_O)        0.124  5819.196 r  u_core/u_fabric/i___392_1_i_2/O
                         net (fo=4, routed)           0.558  5819.754    u_core/u_fabric/r6440
    SLICE_X103Y57        LUT4 (Prop_lut4_I0_O)        0.124  5819.878 r  u_core/u_fabric/i___392_1_i_1/O
                         net (fo=1, routed)           0.264  5820.143    u_core/u_fabric/i___392_1_i_1_n_0
    SLICE_X103Y57        LUT6 (Prop_lut6_I5_O)        0.124  5820.267 r  u_core/u_fabric/i___392_1/O
                         net (fo=4, routed)           1.015  5821.282    u_core/u_fabric/u_clb_x12y8/r4195
    SLICE_X88Y52         LUT5 (Prop_lut5_I3_O)        0.124  5821.406 r  u_core/u_fabric/u_clb_x12y8/i___0_i_6/O
                         net (fo=4, routed)           0.922  5822.327    u_core/u_fabric/r4191
    SLICE_X101Y55        LUT6 (Prop_lut6_I5_O)        0.124  5822.451 r  u_core/u_fabric/i___364_i_21/O
                         net (fo=2, routed)           0.446  5822.897    u_core/u_fabric/i___364_i_21_n_0
    SLICE_X98Y55         LUT4 (Prop_lut4_I1_O)        0.124  5823.021 r  u_core/u_fabric/i___364_i_11/O
                         net (fo=2, routed)           0.555  5823.576    u_core/u_fabric/r6447
    SLICE_X98Y55         LUT5 (Prop_lut5_I0_O)        0.124  5823.700 r  u_core/u_fabric/i___364_i_5/O
                         net (fo=14, routed)          1.537  5825.237    u_core/u_fabric/r5313
    SLICE_X62Y65         LUT6 (Prop_lut6_I5_O)        0.124  5825.361 r  u_core/u_fabric/i___8_i_28/O
                         net (fo=1, routed)           0.932  5826.293    u_core/u_fabric/i___8_i_28_n_0
    SLICE_X87Y63         LUT6 (Prop_lut6_I2_O)        0.124  5826.417 r  u_core/u_fabric/i___8_i_27/O
                         net (fo=1, routed)           0.154  5826.571    u_core/u_fabric/i___8_i_27_n_0
    SLICE_X87Y63         LUT5 (Prop_lut5_I2_O)        0.124  5826.695 r  u_core/u_fabric/i___8_i_24/O
                         net (fo=1, routed)           0.872  5827.566    u_core/u_fabric/i___8_i_24_n_0
    SLICE_X90Y56         LUT6 (Prop_lut6_I0_O)        0.124  5827.690 r  u_core/u_fabric/i___8_i_18/O
                         net (fo=1, routed)           0.301  5827.991    u_core/u_fabric/u_clb_x12y8/r5118
    SLICE_X93Y56         LUT6 (Prop_lut6_I4_O)        0.124  5828.115 r  u_core/u_fabric/u_clb_x12y8/i___8_i_8/O
                         net (fo=1, routed)           0.403  5828.519    u_core/u_fabric/u_clb_x12y8_n_2
    SLICE_X93Y56         LUT5 (Prop_lut5_I2_O)        0.124  5828.643 r  u_core/u_fabric/i___8_i_4/O
                         net (fo=8, routed)           0.594  5829.236    u_core/u_fabric/u_dsp1/u_core/r6436
    SLICE_X86Y54         LUT6 (Prop_lut6_I0_O)        0.124  5829.360 r  u_core/u_fabric/u_dsp1/u_core/i___18_i_13/O
                         net (fo=1, routed)           0.452  5829.812    u_core/u_fabric/u_dsp1_n_76
    SLICE_X86Y54         LUT6 (Prop_lut6_I3_O)        0.124  5829.937 r  u_core/u_fabric/i___18_i_5/O
                         net (fo=9, routed)           0.905  5830.842    u_core/u_fabric/r5423
    SLICE_X94Y50         LUT6 (Prop_lut6_I3_O)        0.124  5830.966 r  u_core/u_fabric/i___368_i_7/O
                         net (fo=1, routed)           0.762  5831.728    u_core/u_fabric/i___368_i_7_n_0
    SLICE_X98Y56         LUT6 (Prop_lut6_I2_O)        0.124  5831.852 r  u_core/u_fabric/i___368_i_5/O
                         net (fo=2, routed)           0.638  5832.490    u_core/u_fabric/r5232
    SLICE_X97Y62         LUT6 (Prop_lut6_I3_O)        0.124  5832.614 r  u_core/u_fabric/i___368_i_4/O
                         net (fo=1, routed)           0.000  5832.614    u_core/u_fabric/i___368_i_4_n_0
    SLICE_X97Y62         MUXF7 (Prop_muxf7_I1_O)      0.217  5832.831 r  u_core/u_fabric/i___368_i_2/O
                         net (fo=3, routed)           0.621  5833.451    u_core/u_fabric/i___368_i_2_n_0
    SLICE_X96Y63         LUT6 (Prop_lut6_I5_O)        0.299  5833.750 r  u_core/u_fabric/i___364_i_10/O
                         net (fo=2, routed)           0.576  5834.326    u_core/u_fabric/r6442
    SLICE_X99Y61         LUT4 (Prop_lut4_I3_O)        0.124  5834.450 r  u_core/u_fabric/i___364_i_3/O
                         net (fo=13, routed)          0.943  5835.394    u_core/u_fabric/r5321
    SLICE_X87Y64         LUT6 (Prop_lut6_I5_O)        0.124  5835.518 r  u_core/u_fabric/i___14_i_4/O
                         net (fo=2, routed)           0.470  5835.988    u_core/u_fabric/i___14_i_4_n_0
    SLICE_X87Y63         LUT5 (Prop_lut5_I2_O)        0.124  5836.112 r  u_core/u_fabric/i___14_i_1/O
                         net (fo=15, routed)          1.156  5837.268    u_core/u_fabric/r6347
    SLICE_X83Y83         LUT6 (Prop_lut6_I5_O)        0.124  5837.392 r  u_core/u_fabric/i___272_i_16/O
                         net (fo=2, routed)           0.643  5838.034    u_core/u_fabric/i___272_i_16_n_0
    SLICE_X82Y82         LUT6 (Prop_lut6_I2_O)        0.124  5838.158 r  u_core/u_fabric/i___72_i_33/O
                         net (fo=1, routed)           0.757  5838.916    u_core/u_fabric/i___72_i_33_n_0
    SLICE_X64Y81         LUT5 (Prop_lut5_I2_O)        0.124  5839.040 r  u_core/u_fabric/i___72_i_30/O
                         net (fo=1, routed)           0.421  5839.460    u_core/u_fabric/i___72_i_30_n_0
    SLICE_X64Y80         LUT5 (Prop_lut5_I4_O)        0.124  5839.584 r  u_core/u_fabric/i___72_i_27/O
                         net (fo=1, routed)           0.846  5840.431    u_core/u_fabric/i___72_i_27_n_0
    SLICE_X51Y80         LUT6 (Prop_lut6_I0_O)        0.124  5840.555 r  u_core/u_fabric/i___72_i_17/O
                         net (fo=4, routed)           0.405  5840.959    u_core/u_fabric/r4657
    SLICE_X53Y81         LUT6 (Prop_lut6_I5_O)        0.124  5841.083 r  u_core/u_fabric/i___69_i_20/O
                         net (fo=1, routed)           0.000  5841.083    u_core/u_fabric/i___69_i_20_n_0
    SLICE_X53Y81         MUXF7 (Prop_muxf7_I1_O)      0.217  5841.300 r  u_core/u_fabric/i___69_i_9/O
                         net (fo=1, routed)           0.436  5841.737    u_core/u_fabric/i___69_i_9_n_0
    SLICE_X53Y81         LUT6 (Prop_lut6_I5_O)        0.299  5842.036 r  u_core/u_fabric/i___69_i_3/O
                         net (fo=15, routed)          1.179  5843.215    u_core/u_fabric/r6180
    SLICE_X66Y73         LUT6 (Prop_lut6_I5_O)        0.124  5843.339 r  u_core/u_fabric/i___341_i_10/O
                         net (fo=1, routed)           0.730  5844.069    u_core/u_fabric/i___341_i_10_n_0
    SLICE_X86Y74         LUT5 (Prop_lut5_I2_O)        0.124  5844.193 r  u_core/u_fabric/i___341_i_5/O
                         net (fo=8, routed)           0.761  5844.954    u_core/u_fabric/u_clb_x12y8/i___60_i_3
    SLICE_X96Y74         LUT6 (Prop_lut6_I2_O)        0.124  5845.078 r  u_core/u_fabric/u_clb_x12y8/i___60_i_9/O
                         net (fo=1, routed)           0.171  5845.249    u_core/u_fabric/u_clb_x12y8_n_10
    SLICE_X96Y74         LUT5 (Prop_lut5_I2_O)        0.124  5845.373 r  u_core/u_fabric/i___60_i_3/O
                         net (fo=14, routed)          1.315  5846.688    u_core/u_fabric/r6259
    SLICE_X62Y74         LUT6 (Prop_lut6_I4_O)        0.124  5846.812 r  u_core/u_fabric/i___60/O
                         net (fo=1, routed)           0.492  5847.304    u_core/u_fabric/i___60_n_0
    SLICE_X62Y74         LUT5 (Prop_lut5_I0_O)        0.124  5847.428 r  u_core/u_fabric/i___305_i_2/O
                         net (fo=15, routed)          1.292  5848.720    u_core/u_fabric/r6241
    SLICE_X38Y72         LUT4 (Prop_lut4_I2_O)        0.124  5848.844 r  u_core/u_fabric/q_i_29__12/O
                         net (fo=1, routed)           0.171  5849.015    u_core/u_fabric/q_i_29__12_n_0
    SLICE_X38Y72         LUT6 (Prop_lut6_I0_O)        0.124  5849.139 r  u_core/u_fabric/q_i_16__7/O
                         net (fo=2, routed)           0.831  5849.970    u_core/u_store/r1527
    SLICE_X42Y81         LUT6 (Prop_lut6_I4_O)        0.124  5850.094 r  u_core/u_store/q_i_8__17/O
                         net (fo=5, routed)           0.700  5850.793    u_core/u_store/r1523
    SLICE_X45Y74         LUT6 (Prop_lut6_I5_O)        0.124  5850.917 r  u_core/u_store/q_i_9__4/O
                         net (fo=3, routed)           0.442  5851.360    u_core/u_store/u_fabric/u_clb_x10y3/lut_o6
    SLICE_X45Y75         LUT5 (Prop_lut5_I4_O)        0.124  5851.484 r  u_core/u_store/q_i_3__22/O
                         net (fo=2, routed)           0.686  5852.170    u_core/u_store/u_fabric/u_clb_x10y3/comb
    SLICE_X46Y73         LUT3 (Prop_lut3_I2_O)        0.124  5852.294 r  u_core/u_store/sr[27]_i_2/O
                         net (fo=3, routed)           1.069  5853.363    u_core/u_fabric/i___8_i_10_0[17]
    SLICE_X62Y76         LUT5 (Prop_lut5_I4_O)        0.124  5853.487 r  u_core/u_fabric/i___35_i_17/O
                         net (fo=2, routed)           0.574  5854.062    u_core/u_fabric/i___35_i_17_n_0
    SLICE_X63Y76         LUT5 (Prop_lut5_I4_O)        0.124  5854.186 r  u_core/u_fabric/i___35_i_10/O
                         net (fo=15, routed)          1.259  5855.445    u_core/u_fabric/r6248
    SLICE_X92Y80         LUT6 (Prop_lut6_I5_O)        0.124  5855.569 r  u_core/u_fabric/i___466_1_i_16/O
                         net (fo=1, routed)           0.689  5856.258    u_core/u_fabric/i___466_1_i_16_n_0
    SLICE_X92Y80         LUT5 (Prop_lut5_I0_O)        0.124  5856.382 r  u_core/u_fabric/i___466_1_i_8/O
                         net (fo=5, routed)           1.321  5857.703    u_core/u_fabric/u_clb_x12y7/r4678
    SLICE_X88Y54         LUT6 (Prop_lut6_I2_O)        0.124  5857.827 r  u_core/u_fabric/u_clb_x12y7/i___466_1_i_4/O
                         net (fo=1, routed)           0.287  5858.115    u_core/u_fabric/u_clb_x12y7_n_1
    SLICE_X87Y54         LUT5 (Prop_lut5_I2_O)        0.124  5858.239 r  u_core/u_fabric/i___466_1_i_1/O
                         net (fo=14, routed)          0.614  5858.853    u_core/u_fabric/r6412
    SLICE_X88Y52         LUT4 (Prop_lut4_I3_O)        0.124  5858.977 r  u_core/u_fabric/q_i_28__12/O
                         net (fo=1, routed)           0.279  5859.256    u_core/u_fabric/q_i_28__12_n_0
    SLICE_X88Y52         LUT6 (Prop_lut6_I5_O)        0.124  5859.380 r  u_core/u_fabric/q_i_15__39/O
                         net (fo=5, routed)           0.767  5860.147    u_core/u_store/r3391
    SLICE_X96Y51         MUXF8 (Prop_muxf8_S_O)       0.283  5860.431 r  u_core/u_store/q_reg_i_20__9/O
                         net (fo=2, routed)           0.958  5861.388    u_core/u_store/t_120_439
    SLICE_X96Y60         LUT3 (Prop_lut3_I2_O)        0.319  5861.707 r  u_core/u_store/q_i_9__14/O
                         net (fo=5, routed)           0.619  5862.326    u_core/u_store/r3387
    SLICE_X100Y61        LUT6 (Prop_lut6_I5_O)        0.124  5862.450 r  u_core/u_store/sr[69]_i_3/O
                         net (fo=1, routed)           0.426  5862.875    u_core/u_store/sr[69]_i_3_n_0
    SLICE_X100Y61        LUT5 (Prop_lut5_I4_O)        0.124  5863.000 r  u_core/u_store/sr[69]_i_2/O
                         net (fo=2, routed)           0.893  5863.892    u_core/u_fabric/i___8_i_10_0[46]
    SLICE_X96Y58         LUT6 (Prop_lut6_I5_O)        0.124  5864.016 r  u_core/u_fabric/i___400_1_i_1/O
                         net (fo=1, routed)           0.452  5864.468    u_core/u_fabric/i___400_1_i_1_n_0
    SLICE_X96Y58         LUT6 (Prop_lut6_I3_O)        0.124  5864.592 r  u_core/u_fabric/i___400_1__0/O
                         net (fo=1, routed)           1.079  5865.671    u_core/u_store/r4799
    SLICE_X92Y76         LUT6 (Prop_lut6_I4_O)        0.124  5865.795 r  u_core/u_store/i___347_i_7/O
                         net (fo=1, routed)           0.319  5866.115    u_core/u_fabric/i___15_i_6
    SLICE_X90Y76         LUT5 (Prop_lut5_I2_O)        0.124  5866.239 r  u_core/u_fabric/i___347_i_2/O
                         net (fo=16, routed)          1.072  5867.311    u_core/u_fabric/r6338
    SLICE_X81Y85         LUT6 (Prop_lut6_I5_O)        0.124  5867.435 r  u_core/u_fabric/q_i_17__2__0/O
                         net (fo=5, routed)           0.499  5867.935    u_core/u_fabric/u_clb_x12y8/r3633
    SLICE_X89Y86         LUT5 (Prop_lut5_I1_O)        0.124  5868.059 r  u_core/u_fabric/u_clb_x12y8/q_i_10__17/O
                         net (fo=5, routed)           0.896  5868.955    u_core/u_fabric/r3629
    SLICE_X89Y74         LUT5 (Prop_lut5_I4_O)        0.124  5869.079 r  u_core/u_fabric/i___396_1_i_6__0/O
                         net (fo=1, routed)           0.000  5869.079    u_core/u_fabric/i___396_1_i_6__0_n_0
    SLICE_X89Y74         MUXF7 (Prop_muxf7_I0_O)      0.212  5869.291 r  u_core/u_fabric/i___396_1_i_5__0/O
                         net (fo=1, routed)           0.436  5869.728    u_core/u_fabric/i___396_1_i_5__0_n_0
    SLICE_X89Y74         LUT6 (Prop_lut6_I5_O)        0.299  5870.026 r  u_core/u_fabric/i___396_1_i_2__3/O
                         net (fo=10, routed)          1.260  5871.286    u_core/u_fabric/r5197
    SLICE_X54Y65         LUT6 (Prop_lut6_I5_O)        0.124  5871.410 r  u_core/u_fabric/c_q[46]_i_8__0/O
                         net (fo=1, routed)           0.000  5871.410    u_core/u_fabric/c_q[46]_i_8__0_n_0
    SLICE_X54Y65         MUXF7 (Prop_muxf7_I1_O)      0.214  5871.624 r  u_core/u_fabric/c_q_reg[46]_i_5__0/O
                         net (fo=1, routed)           0.657  5872.281    u_core/u_fabric/c_q_reg[46]_i_5__0_n_0
    SLICE_X49Y65         LUT5 (Prop_lut5_I4_O)        0.297  5872.578 r  u_core/u_fabric/c_q[46]_i_2__0/O
                         net (fo=16, routed)          1.157  5873.735    u_core/u_fabric/u_dsp1/u_core/i___66_i_11
    SLICE_X57Y78         LUT5 (Prop_lut5_I2_O)        0.124  5873.859 r  u_core/u_fabric/u_dsp1/u_core/i___251_i_7/O
                         net (fo=2, routed)           0.806  5874.665    u_core/u_fabric/r4766
    SLICE_X47Y73         LUT6 (Prop_lut6_I5_O)        0.124  5874.789 r  u_core/u_fabric/i___66_i_11/O
                         net (fo=1, routed)           0.000  5874.789    u_core/u_fabric/i___66_i_11_n_0
    SLICE_X47Y73         MUXF7 (Prop_muxf7_I1_O)      0.217  5875.006 r  u_core/u_fabric/i___66_i_5/O
                         net (fo=1, routed)           0.436  5875.442    u_core/u_fabric/i___66_i_5_n_0
    SLICE_X47Y73         LUT5 (Prop_lut5_I4_O)        0.299  5875.741 r  u_core/u_fabric/i___66_i_1/O
                         net (fo=15, routed)          0.683  5876.424    u_core/u_fabric/r6182
    SLICE_X36Y75         LUT6 (Prop_lut6_I5_O)        0.124  5876.548 r  u_core/u_fabric/q_i_17__6/O
                         net (fo=4, routed)           0.708  5877.256    u_core/u_fabric/u_dsp1/u_core/r3581
    SLICE_X40Y83         LUT6 (Prop_lut6_I4_O)        0.124  5877.380 r  u_core/u_fabric/u_dsp1/u_core/q_i_21__20/O
                         net (fo=1, routed)           0.888  5878.268    u_core/u_fabric/u_dsp1/u_core/u_clb_x9y8/t_125
    SLICE_X40Y74         LUT6 (Prop_lut6_I0_O)        0.124  5878.392 r  u_core/u_fabric/u_dsp1/u_core/q_i_10__15/O
                         net (fo=2, routed)           0.619  5879.011    u_core/u_store/lut_o6_687
    SLICE_X44Y76         LUT5 (Prop_lut5_I4_O)        0.124  5879.135 r  u_core/u_store/q_i_3__64/O
                         net (fo=4, routed)           1.043  5880.178    u_core/u_store/comb_4
    SLICE_X55Y73         LUT4 (Prop_lut4_I2_O)        0.120  5880.298 r  u_core/u_store/i___387_1_i_7/O
                         net (fo=1, routed)           0.450  5880.749    u_core/u_fabric/i___387_1_i_1_0
    SLICE_X57Y74         LUT5 (Prop_lut5_I4_O)        0.327  5881.076 r  u_core/u_fabric/i___387_1_i_5/O
                         net (fo=1, routed)           0.263  5881.339    u_core/u_fabric/i___387_1_i_5_n_0
    SLICE_X57Y74         LUT5 (Prop_lut5_I4_O)        0.124  5881.463 r  u_core/u_fabric/i___387_1_i_1/O
                         net (fo=15, routed)          0.726  5882.189    u_core/u_fabric/r6183
    SLICE_X64Y79         LUT6 (Prop_lut6_I5_O)        0.124  5882.313 r  u_core/u_fabric/i___369_i_17/O
                         net (fo=1, routed)           0.491  5882.804    u_core/u_fabric/i___369_i_17_n_0
    SLICE_X64Y79         LUT5 (Prop_lut5_I0_O)        0.124  5882.928 r  u_core/u_fabric/i___369_i_7/O
                         net (fo=8, routed)           1.325  5884.253    u_core/u_fabric/r4992
    SLICE_X93Y72         LUT6 (Prop_lut6_I5_O)        0.124  5884.377 r  u_core/u_fabric/i___369_i_16/O
                         net (fo=1, routed)           0.000  5884.377    u_core/u_fabric/i___369_i_16_n_0
    SLICE_X93Y72         MUXF7 (Prop_muxf7_I1_O)      0.217  5884.594 r  u_core/u_fabric/i___369_i_6/O
                         net (fo=2, routed)           0.450  5885.044    u_core/u_fabric/i___369_i_6_n_0
    SLICE_X92Y71         LUT5 (Prop_lut5_I4_O)        0.299  5885.343 r  u_core/u_fabric/q_i_7__11/O
                         net (fo=8, routed)           0.752  5886.095    u_core/u_fabric/r4994
    SLICE_X89Y68         LUT6 (Prop_lut6_I5_O)        0.124  5886.219 r  u_core/u_fabric/i___469_1_i_8/O
                         net (fo=1, routed)           0.291  5886.510    u_core/u_fabric/i___469_1_i_8_n_0
    SLICE_X89Y69         LUT6 (Prop_lut6_I2_O)        0.124  5886.634 r  u_core/u_fabric/i___469_1_i_5__0/O
                         net (fo=1, routed)           0.151  5886.785    u_core/u_fabric/i___469_1_i_5__0_n_0
    SLICE_X89Y69         LUT6 (Prop_lut6_I3_O)        0.124  5886.909 r  u_core/u_fabric/i___469_1_i_3/O
                         net (fo=1, routed)           0.825  5887.734    u_core/u_fabric/i___469_1_i_3_n_0
    SLICE_X93Y80         LUT6 (Prop_lut6_I2_O)        0.124  5887.858 r  u_core/u_fabric/i___469_1_i_1/O
                         net (fo=11, routed)          1.761  5889.619    u_core/u_fabric/r6317
    SLICE_X88Y49         LUT6 (Prop_lut6_I2_O)        0.124  5889.743 r  u_core/u_fabric/q_i_23__3/O
                         net (fo=5, routed)           0.974  5890.717    u_core/u_store/r1586
    SLICE_X103Y51        MUXF7 (Prop_muxf7_S_O)       0.276  5890.993 r  u_core/u_store/q_reg_i_14__7/O
                         net (fo=1, routed)           0.436  5891.429    u_core/u_store/u_fabric/u_clb_x12y3/t_114
    SLICE_X103Y51        LUT5 (Prop_lut5_I2_O)        0.299  5891.728 r  u_core/u_store/q_i_7__23/O
                         net (fo=5, routed)           0.719  5892.447    u_core/u_store/r1575
    SLICE_X94Y50         LUT6 (Prop_lut6_I5_O)        0.124  5892.571 r  u_core/u_store/q_i_8__19/O
                         net (fo=4, routed)           0.817  5893.388    u_core/u_store/lut_o6_179
    SLICE_X93Y55         LUT5 (Prop_lut5_I4_O)        0.124  5893.512 r  u_core/u_store/q_i_3__24/O
                         net (fo=3, routed)           0.610  5894.122    u_core/u_store/comb_180
    SLICE_X94Y57         LUT3 (Prop_lut3_I2_O)        0.124  5894.246 r  u_core/u_store/sr[29]_i_2/O
                         net (fo=2, routed)           0.308  5894.555    u_core/u_fabric/i___8_i_10_0[19]
    SLICE_X95Y56         LUT5 (Prop_lut5_I4_O)        0.124  5894.679 r  u_core/u_fabric/i___29_i_12/O
                         net (fo=1, routed)           0.626  5895.304    u_core/u_fabric/i___29_i_12_n_0
    SLICE_X104Y56        LUT5 (Prop_lut5_I4_O)        0.124  5895.428 r  u_core/u_fabric/i___29_i_5/O
                         net (fo=13, routed)          1.034  5896.462    u_core/u_fabric/u_clb_x12y8/i___34_i_4_0
    SLICE_X92Y66         LUT6 (Prop_lut6_I4_O)        0.124  5896.586 r  u_core/u_fabric/u_clb_x12y8/i___34_i_6/O
                         net (fo=1, routed)           0.502  5897.088    u_core/u_fabric/u_clb_x12y8_n_3
    SLICE_X92Y66         LUT5 (Prop_lut5_I2_O)        0.124  5897.212 r  u_core/u_fabric/i___34_i_4/O
                         net (fo=10, routed)          1.244  5898.456    u_core/u_fabric/r6418
    SLICE_X86Y50         LUT4 (Prop_lut4_I3_O)        0.124  5898.580 r  u_core/u_fabric/i___34_i_1/O
                         net (fo=5, routed)           0.760  5899.340    u_core/u_fabric/u_clb_x12y8/r5223
    SLICE_X90Y54         LUT6 (Prop_lut6_I0_O)        0.124  5899.464 r  u_core/u_fabric/u_clb_x12y8/i___334_i_4/O
                         net (fo=1, routed)           0.290  5899.754    u_core/u_fabric/u_clb_x12y8_n_8
    SLICE_X91Y53         LUT5 (Prop_lut5_I2_O)        0.124  5899.878 r  u_core/u_fabric/i___334_i_2/O
                         net (fo=7, routed)           0.677  5900.555    u_core/u_fabric/r6364
    SLICE_X99Y53         LUT6 (Prop_lut6_I2_O)        0.124  5900.679 r  u_core/u_fabric/i___334/O
                         net (fo=2, routed)           0.303  5900.982    u_core/u_fabric/i___334_n_0
    SLICE_X100Y53        LUT5 (Prop_lut5_I2_O)        0.124  5901.106 r  u_core/u_fabric/i___468_0_i_4/O
                         net (fo=2, routed)           0.463  5901.570    u_core/u_fabric/i___468_0_i_4_n_0
    SLICE_X97Y54         LUT6 (Prop_lut6_I3_O)        0.124  5901.694 r  u_core/u_fabric/i___468_0_i_1/O
                         net (fo=8, routed)           2.079  5903.773    u_core/u_fabric/r5425
    SLICE_X58Y80         LUT6 (Prop_lut6_I0_O)        0.124  5903.897 r  u_core/u_fabric/i___53_i_6/O
                         net (fo=1, routed)           0.378  5904.276    u_core/u_fabric/i___53_i_6_n_0
    SLICE_X58Y80         LUT6 (Prop_lut6_I2_O)        0.124  5904.400 r  u_core/u_fabric/i___53_i_2/O
                         net (fo=15, routed)          1.152  5905.552    u_core/u_fabric/r6185
    SLICE_X36Y84         LUT6 (Prop_lut6_I5_O)        0.124  5905.676 r  u_core/u_fabric/i___75_i_24/O
                         net (fo=1, routed)           0.492  5906.168    u_core/u_fabric/i___75_i_24_n_0
    SLICE_X36Y84         LUT5 (Prop_lut5_I0_O)        0.124  5906.292 r  u_core/u_fabric/i___75_i_16/O
                         net (fo=15, routed)          2.071  5908.363    u_core/u_fabric/u_clb_x7y8/r4853
    SLICE_X38Y30         LUT6 (Prop_lut6_I4_O)        0.124  5908.487 r  u_core/u_fabric/u_clb_x7y8/i___184_i_4/O
                         net (fo=1, routed)           0.161  5908.648    u_core/u_fabric/u_clb_x7y8_n_5
    SLICE_X38Y30         LUT5 (Prop_lut5_I2_O)        0.124  5908.772 r  u_core/u_fabric/i___184_i_2/O
                         net (fo=14, routed)          0.494  5909.266    u_core/u_fabric/r5935
    SLICE_X38Y33         LUT6 (Prop_lut6_I5_O)        0.124  5909.390 r  u_core/u_fabric/q_i_20__28/O
                         net (fo=8, routed)           1.562  5910.952    u_core/u_store/r2018
    SLICE_X19Y42         MUXF7 (Prop_muxf7_S_O)       0.276  5911.228 r  u_core/u_store/q_reg_i_30__7/O
                         net (fo=1, routed)           0.504  5911.731    u_core/u_store/u_fabric/u_clb_x7y5/t_116
    SLICE_X16Y36         LUT6 (Prop_lut6_I5_O)        0.299  5912.030 r  u_core/u_store/q_i_15__12/O
                         net (fo=1, routed)           1.002  5913.032    u_core/u_store/u_fabric/u_clb_x7y5/t_125
    SLICE_X29Y36         LUT6 (Prop_lut6_I0_O)        0.124  5913.156 r  u_core/u_store/q_i_8__33/O
                         net (fo=4, routed)           0.318  5913.474    u_core/u_store/lut_o6
    SLICE_X29Y37         LUT6 (Prop_lut6_I4_O)        0.124  5913.598 r  u_core/u_store/q_i_7__84/O
                         net (fo=4, routed)           0.859  5914.457    u_core/u_store/r2008
    SLICE_X37Y39         LUT6 (Prop_lut6_I5_O)        0.124  5914.581 r  u_core/u_store/q_i_12__27/O
                         net (fo=1, routed)           0.474  5915.055    u_core/u_store/u_fabric/r2478
    SLICE_X45Y40         LUT6 (Prop_lut6_I5_O)        0.124  5915.179 r  u_core/u_store/q_i_7__82/O
                         net (fo=3, routed)           1.037  5916.216    u_core/u_store/r3284
    SLICE_X52Y53         LUT6 (Prop_lut6_I5_O)        0.124  5916.340 r  u_core/u_store/q_i_14__20/O
                         net (fo=2, routed)           0.577  5916.917    u_core/u_store/r3552
    SLICE_X49Y54         LUT5 (Prop_lut5_I0_O)        0.124  5917.042 r  u_core/u_store/q_i_6__65/O
                         net (fo=2, routed)           0.731  5917.772    u_core/u_store/u_fabric/u_clb_x7y10/cy_sum
    SLICE_X51Y52         LUT5 (Prop_lut5_I2_O)        0.124  5917.896 r  u_core/u_store/sr[95]_i_2/O
                         net (fo=3, routed)           0.828  5918.725    u_core/u_fabric/i___8_i_10_0[66]
    SLICE_X59Y52         LUT5 (Prop_lut5_I4_O)        0.124  5918.849 r  u_core/u_fabric/c_q[42]_i_2__0/O
                         net (fo=17, routed)          0.479  5919.328    u_core/u_fabric/r6041
    SLICE_X57Y49         LUT6 (Prop_lut6_I5_O)        0.124  5919.452 r  u_core/u_fabric/c_q[9]_i_2/O
                         net (fo=1, routed)           1.353  5920.805    u_core/u_store/r3022
    SLICE_X30Y51         LUT3 (Prop_lut3_I2_O)        0.124  5920.929 r  u_core/u_store/c_q[9]_i_1__0/O
                         net (fo=2, routed)           0.488  5921.417    u_core/u_store/drive_reg[214][9]
    SLICE_X29Y51         LUT5 (Prop_lut5_I4_O)        0.124  5921.541 r  u_core/u_store/i__carry__1_i_11__0/O
                         net (fo=1, routed)           0.497  5922.038    u_core/u_store/i__carry__1_i_11__0_n_0
    SLICE_X28Y51         LUT5 (Prop_lut5_I4_O)        0.124  5922.162 r  u_core/u_store/i__carry__1_i_7__0/O
                         net (fo=1, routed)           0.000  5922.162    u_core/u_fabric/u_dsp1/u_core/p_q_reg[11]_0[1]
    SLICE_X28Y51         CARRY4 (Prop_carry4_S[1]_O[3])
                                                      0.640  5922.802 r  u_core/u_fabric/u_dsp1/u_core/__10/i__carry__1/O[3]
                         net (fo=2, routed)           0.641  5923.443    u_core/u_fabric/u_dsp1/u_core/__10/i__carry__1_n_4
    SLICE_X29Y51         LUT3 (Prop_lut3_I2_O)        0.306  5923.749 r  u_core/u_fabric/u_dsp1/u_core/sr[59]_i_2/O
                         net (fo=3, routed)           1.157  5924.906    u_core/u_fabric/dsp_p[59]
    SLICE_X54Y45         LUT5 (Prop_lut5_I4_O)        0.124  5925.030 r  u_core/u_fabric/i___463_0_i_5/O
                         net (fo=1, routed)           0.638  5925.668    u_core/u_fabric/i___463_0_i_5_n_0
    SLICE_X54Y45         LUT5 (Prop_lut5_I4_O)        0.124  5925.792 r  u_core/u_fabric/i___463_0_i_2/O
                         net (fo=18, routed)          0.809  5926.601    u_core/u_fabric/u_clb_x7y8/r6033
    SLICE_X52Y53         LUT6 (Prop_lut6_I4_O)        0.124  5926.725 r  u_core/u_fabric/u_clb_x7y8/q_i_8__64/O
                         net (fo=4, routed)           0.510  5927.235    u_core/u_fabric/u_clb_x7y8/lut_o6_60
    SLICE_X53Y50         LUT6 (Prop_lut6_I3_O)        0.124  5927.359 r  u_core/u_fabric/u_clb_x7y8/sr[75]_i_2/O
                         net (fo=3, routed)           0.620  5927.979    u_core/u_fabric/clb_o[23]
    SLICE_X49Y45         LUT5 (Prop_lut5_I1_O)        0.124  5928.103 r  u_core/u_fabric/i___316_i_6/O
                         net (fo=1, routed)           0.000  5928.103    u_core/u_fabric/i___316_i_6_n_0
    SLICE_X49Y45         MUXF7 (Prop_muxf7_I0_O)      0.212  5928.314 r  u_core/u_fabric/i___316_i_4/O
                         net (fo=2, routed)           0.438  5928.753    u_core/u_fabric/u_clb_x7y8/i___316_0
    SLICE_X48Y45         LUT6 (Prop_lut6_I2_O)        0.299  5929.052 r  u_core/u_fabric/u_clb_x7y8/i___316_i_1/O
                         net (fo=1, routed)           1.053  5930.105    u_core/u_fabric/r5295
    SLICE_X38Y29         LUT6 (Prop_lut6_I0_O)        0.124  5930.229 r  u_core/u_fabric/i___316/O
                         net (fo=1, routed)           0.452  5930.681    u_core/u_fabric/i___316_n_0
    SLICE_X35Y29         LUT5 (Prop_lut5_I0_O)        0.124  5930.805 r  u_core/u_fabric/i___262_i_11/O
                         net (fo=1, routed)           0.691  5931.496    u_core/u_fabric/i___262_i_11_n_0
    SLICE_X28Y31         LUT6 (Prop_lut6_I2_O)        0.124  5931.620 r  u_core/u_fabric/i___262_i_7/O
                         net (fo=13, routed)          1.254  5932.874    u_core/u_fabric/u_clb_x7y8/r4854
    SLICE_X52Y39         LUT6 (Prop_lut6_I5_O)        0.124  5932.998 r  u_core/u_fabric/u_clb_x7y8/i___109_i_14/O
                         net (fo=1, routed)           0.402  5933.400    u_core/u_fabric/u_clb_x7y8_n_3
    SLICE_X53Y39         LUT5 (Prop_lut5_I2_O)        0.124  5933.524 r  u_core/u_fabric/i___109_i_5/O
                         net (fo=17, routed)          1.141  5934.665    u_core/u_fabric/u_clb_x7y8/i___444_1_i_2_0
    SLICE_X27Y33         LUT6 (Prop_lut6_I4_O)        0.124  5934.789 r  u_core/u_fabric/u_clb_x7y8/i___284_i_2/O
                         net (fo=2, routed)           0.354  5935.143    u_core/u_fabric/u_clb_x7y8_n_9
    SLICE_X27Y32         LUT6 (Prop_lut6_I3_O)        0.124  5935.267 f  u_core/u_fabric/i___284/O
                         net (fo=1, routed)           1.017  5936.284    u_core/u_fabric/i___284_n_0
    SLICE_X41Y30         LUT6 (Prop_lut6_I3_O)        0.124  5936.408 r  u_core/u_fabric/i___283_i_27/O
                         net (fo=1, routed)           0.306  5936.713    u_core/u_store/i___283_i_13
    SLICE_X40Y28         LUT6 (Prop_lut6_I4_O)        0.124  5936.837 r  u_core/u_store/i___283_i_20/O
                         net (fo=1, routed)           1.072  5937.910    u_core/u_fabric/u_bram1/u_core/r5928
    SLICE_X30Y21         LUT6 (Prop_lut6_I3_O)        0.124  5938.034 r  u_core/u_fabric/u_bram1/u_core/i___283_i_13/O
                         net (fo=1, routed)           0.646  5938.680    u_core/u_fabric/u_bram1_n_56
    SLICE_X30Y17         LUT5 (Prop_lut5_I2_O)        0.124  5938.804 r  u_core/u_fabric/i___283_i_5/O
                         net (fo=10, routed)          0.958  5939.762    u_core/u_fabric/r4381
    SLICE_X42Y22         LUT5 (Prop_lut5_I4_O)        0.124  5939.886 r  u_core/u_fabric/i___435_1_i_14/O
                         net (fo=1, routed)           0.466  5940.352    u_core/u_fabric/i___435_1_i_14_n_0
    SLICE_X42Y22         LUT5 (Prop_lut5_I4_O)        0.124  5940.476 r  u_core/u_fabric/i___435_1_i_7/O
                         net (fo=2, routed)           1.032  5941.509    u_core/u_fabric/r4385
    SLICE_X60Y21         LUT5 (Prop_lut5_I0_O)        0.124  5941.633 r  u_core/u_fabric/mem_reg_i_200__0/O
                         net (fo=1, routed)           0.442  5942.074    u_core/u_fabric/mem_reg_i_200__0_n_0
    SLICE_X63Y21         LUT5 (Prop_lut5_I4_O)        0.124  5942.198 r  u_core/u_fabric/mem_reg_i_166/O
                         net (fo=1, routed)           0.000  5942.198    u_core/u_fabric/mem_reg_i_166_n_0
    SLICE_X63Y21         MUXF7 (Prop_muxf7_I0_O)      0.212  5942.410 r  u_core/u_fabric/mem_reg_i_105/O
                         net (fo=15, routed)          0.499  5942.909    u_core/u_fabric/r5696
    SLICE_X61Y18         LUT5 (Prop_lut5_I2_O)        0.299  5943.208 r  u_core/u_fabric/mem_reg_i_115__0/O
                         net (fo=1, routed)           0.403  5943.611    u_core/u_fabric/mem_reg_i_115__0_n_0
    SLICE_X61Y18         LUT5 (Prop_lut5_I2_O)        0.124  5943.735 r  u_core/u_fabric/mem_reg_i_70__0/O
                         net (fo=14, routed)          0.683  5944.417    u_core/u_fabric/u_bram1/u_core/i___454_1_i_1_1
    SLICE_X59Y11         LUT6 (Prop_lut6_I3_O)        0.124  5944.542 r  u_core/u_fabric/u_bram1/u_core/i___454_1_i_3/O
                         net (fo=1, routed)           0.326  5944.868    u_core/u_fabric/u_bram1_n_45
    SLICE_X60Y12         LUT5 (Prop_lut5_I2_O)        0.124  5944.992 r  u_core/u_fabric/i___454_1_i_1/O
                         net (fo=13, routed)          0.974  5945.966    u_core/u_fabric/r5722
    SLICE_X50Y10         LUT6 (Prop_lut6_I5_O)        0.124  5946.090 r  u_core/u_fabric/i___454_1/O
                         net (fo=16, routed)          0.750  5946.840    u_core/u_store/r3751
    SLICE_X48Y5          LUT6 (Prop_lut6_I2_O)        0.124  5946.964 r  u_core/u_store/q_i_40__49/O
                         net (fo=1, routed)           0.000  5946.964    u_core/u_store/u_fabric/u_clb_x4y9/t_99
    SLICE_X48Y5          MUXF7 (Prop_muxf7_I1_O)      0.217  5947.181 r  u_core/u_store/q_reg_i_25__14/O
                         net (fo=1, routed)           0.000  5947.181    u_core/u_fabric/u_dsp1/u_core/t_113_414
    SLICE_X48Y5          MUXF8 (Prop_muxf8_I1_O)      0.094  5947.275 r  u_core/u_fabric/u_dsp1/u_core/q_reg_i_15__21/O
                         net (fo=1, routed)           0.601  5947.876    u_core/u_fabric/u_dsp1/u_core/u_clb_x4y9/t_120
    SLICE_X41Y6          LUT5 (Prop_lut5_I4_O)        0.316  5948.192 r  u_core/u_fabric/u_dsp1/u_core/q_i_7__69/O
                         net (fo=6, routed)           0.492  5948.684    u_core/u_fabric/r3741
    SLICE_X38Y8          LUT6 (Prop_lut6_I5_O)        0.124  5948.808 r  u_core/u_fabric/i___141_i_29/O
                         net (fo=2, routed)           0.434  5949.243    u_core/u_fabric/i___141_i_29_n_0
    SLICE_X37Y9          LUT5 (Prop_lut5_I4_O)        0.124  5949.367 r  u_core/u_fabric/i___404_0_i_15/O
                         net (fo=1, routed)           1.008  5950.375    u_core/u_fabric/i___404_0_i_15_n_0
    SLICE_X44Y10         LUT6 (Prop_lut6_I2_O)        0.124  5950.499 r  u_core/u_fabric/i___404_0_i_9/O
                         net (fo=1, routed)           0.161  5950.660    u_core/u_fabric/i___404_0_i_9_n_0
    SLICE_X44Y10         LUT5 (Prop_lut5_I2_O)        0.124  5950.784 r  u_core/u_fabric/i___404_0_i_3/O
                         net (fo=1, routed)           0.491  5951.274    u_core/u_fabric/i___404_0_i_3_n_0
    SLICE_X41Y7          LUT5 (Prop_lut5_I0_O)        0.124  5951.398 r  u_core/u_fabric/i___404_0_i_1/O
                         net (fo=7, routed)           1.018  5952.416    u_core/u_fabric/r5388
    SLICE_X37Y22         LUT3 (Prop_lut3_I2_O)        0.124  5952.540 r  u_core/u_fabric/i___451_0_i_8/O
                         net (fo=2, routed)           0.621  5953.162    u_core/u_fabric/i___451_0_i_8_n_0
    SLICE_X36Y22         LUT5 (Prop_lut5_I4_O)        0.124  5953.286 r  u_core/u_fabric/i___451_0_i_5/O
                         net (fo=1, routed)           0.607  5953.893    u_core/u_fabric/i___451_0_i_5_n_0
    SLICE_X36Y23         LUT5 (Prop_lut5_I2_O)        0.124  5954.017 r  u_core/u_fabric/i___451_0_i_3/O
                         net (fo=10, routed)          1.489  5955.505    u_core/u_fabric/r5390
    SLICE_X36Y57         LUT6 (Prop_lut6_I5_O)        0.124  5955.629 r  u_core/u_fabric/d_q[16]_i_2__0/O
                         net (fo=1, routed)           1.211  5956.841    u_core/u_store/r3006
    SLICE_X22Y49         LUT3 (Prop_lut3_I2_O)        0.124  5956.965 r  u_core/u_store/d_q[16]_i_1__0/O
                         net (fo=3, routed)           0.610  5957.575    u_core/u_store/drive_reg[239][15]
    SLICE_X20Y47         LUT5 (Prop_lut5_I2_O)        0.124  5957.699 r  u_core/u_store/i__carry__3_i_8__2/O
                         net (fo=1, routed)           0.000  5957.699    u_core/u_fabric/u_dsp1/u_core/m_c_8[0]
    SLICE_X20Y47         CARRY4 (Prop_carry4_S[0]_O[3])
                                                      0.608  5958.307 r  u_core/u_fabric/u_dsp1/u_core/__5/i__carry__3/O[3]
                         net (fo=1, routed)           0.300  5958.607    u_core/u_store/m_c_6[3]
    SLICE_X21Y49         LUT3 (Prop_lut3_I0_O)        0.307  5958.914 r  u_core/u_store/m_c_i_24__0/O
                         net (fo=1, routed)           0.567  5959.481    u_core/u_fabric/u_dsp1/u_core/m_c_2[19]
    DSP48_X1Y19          DSP48E1 (Prop_dsp48e1_A[19]_P[5])
                                                      3.841  5963.322 r  u_core/u_fabric/u_dsp1/u_core/m_c/P[5]
                         net (fo=2, routed)           1.027  5964.349    u_core/u_fabric/u_dsp1/u_core/m_c__0[5]
    SLICE_X24Y48         LUT3 (Prop_lut3_I2_O)        0.124  5964.473 r  u_core/u_fabric/u_dsp1/u_core/i__carry__0_i_3__1/O
                         net (fo=2, routed)           0.637  5965.110    u_core/u_fabric/u_dsp1/u_core/m_x[5]
    SLICE_X28Y50         CARRY4 (Prop_carry4_DI[1]_CO[3])
                                                      0.507  5965.617 r  u_core/u_fabric/u_dsp1/u_core/__10/i__carry__0/CO[3]
                         net (fo=1, routed)           0.000  5965.617    u_core/u_fabric/u_dsp1/u_core/__10/i__carry__0_n_0
    SLICE_X28Y51         CARRY4 (Prop_carry4_CI_O[2])
                                                      0.256  5965.873 r  u_core/u_fabric/u_dsp1/u_core/__10/i__carry__1/O[2]
                         net (fo=2, routed)           0.408  5966.280    u_core/u_fabric/u_dsp1/u_core/__10/i__carry__1_n_5
    SLICE_X29Y51         LUT3 (Prop_lut3_I2_O)        0.302  5966.582 r  u_core/u_fabric/u_dsp1/u_core/sr[58]_i_2__0/O
                         net (fo=3, routed)           0.916  5967.498    u_core/u_fabric/dsp_p[58]
    SLICE_X43Y47         LUT5 (Prop_lut5_I4_O)        0.124  5967.622 r  u_core/u_fabric/b_q[15]_i_5/O
                         net (fo=1, routed)           0.407  5968.029    u_core/u_fabric/b_q[15]_i_5_n_0
    SLICE_X43Y47         LUT5 (Prop_lut5_I4_O)        0.124  5968.153 r  u_core/u_fabric/b_q[15]_i_2/O
                         net (fo=17, routed)          0.849  5969.002    u_core/u_fabric/r6027
    SLICE_X51Y55         LUT6 (Prop_lut6_I5_O)        0.124  5969.126 r  u_core/u_fabric/q_i_16__4/O
                         net (fo=5, routed)           0.681  5969.807    u_core/u_fabric/u_dsp1/u_core/q_i_14__20_0
    SLICE_X47Y49         LUT5 (Prop_lut5_I3_O)        0.124  5969.931 r  u_core/u_fabric/u_dsp1/u_core/q_i_14__21/O
                         net (fo=3, routed)           0.429  5970.360    u_core/u_fabric/r3551
    SLICE_X45Y51         LUT5 (Prop_lut5_I4_O)        0.124  5970.484 r  u_core/u_fabric/q_i_13__37/O
                         net (fo=1, routed)           0.452  5970.936    u_core/u_fabric/q_i_13__37_n_0
    SLICE_X43Y51         LUT5 (Prop_lut5_I4_O)        0.124  5971.060 r  u_core/u_fabric/q_i_7__9__0/O
                         net (fo=3, routed)           0.658  5971.718    u_core/u_fabric/u_dsp1/u_core/r5186
    SLICE_X49Y49         LUT6 (Prop_lut6_I4_O)        0.124  5971.842 r  u_core/u_fabric/u_dsp1/u_core/i___203_i_10/O
                         net (fo=1, routed)           0.154  5971.996    u_core/u_fabric/u_dsp1_n_91
    SLICE_X49Y49         LUT5 (Prop_lut5_I2_O)        0.124  5972.120 r  u_core/u_fabric/i___203_i_4/O
                         net (fo=17, routed)          0.688  5972.808    u_core/u_fabric/r6031
    SLICE_X41Y50         LUT6 (Prop_lut6_I5_O)        0.124  5972.932 r  u_core/u_fabric/d_q[7]_i_2__0/O
                         net (fo=1, routed)           1.297  5974.229    u_core/u_store/r2974
    SLICE_X21Y45         LUT3 (Prop_lut3_I2_O)        0.124  5974.353 r  u_core/u_store/d_q[7]_i_1__0/O
                         net (fo=3, routed)           0.678  5975.031    u_core/u_store/drive_reg[239][6]
    SLICE_X20Y44         LUT5 (Prop_lut5_I2_O)        0.124  5975.155 r  u_core/u_store/i__carry__0_i_5__2/O
                         net (fo=1, routed)           0.000  5975.155    u_core/u_fabric/u_dsp1/u_core/m_c_5[3]
    SLICE_X20Y44         CARRY4 (Prop_carry4_S[3]_CO[3])
                                                      0.376  5975.531 r  u_core/u_fabric/u_dsp1/u_core/__5/i__carry__0/CO[3]
                         net (fo=1, routed)           0.000  5975.531    u_core/u_fabric/u_dsp1/u_core/__5/i__carry__0_n_0
    SLICE_X20Y45         CARRY4 (Prop_carry4_CI_O[2])
                                                      0.239  5975.770 r  u_core/u_fabric/u_dsp1/u_core/__5/i__carry__1/O[2]
                         net (fo=1, routed)           0.551  5976.320    u_core/u_store/m_c_7[2]
    SLICE_X21Y47         LUT3 (Prop_lut3_I0_O)        0.301  5976.621 r  u_core/u_store/m_c_i_33__0/O
                         net (fo=1, routed)           0.566  5977.188    u_core/u_fabric/u_dsp1/u_core/m_c_2[10]
    DSP48_X1Y19          DSP48E1 (Prop_dsp48e1_A[10]_P[8])
                                                      3.841  5981.028 r  u_core/u_fabric/u_dsp1/u_core/m_c/P[8]
                         net (fo=2, routed)           0.658  5981.686    u_core/u_fabric/u_dsp1/u_core/m_c__0[8]
    SLICE_X22Y48         LUT3 (Prop_lut3_I2_O)        0.124  5981.810 r  u_core/u_fabric/u_dsp1/u_core/i__carry__1_i_4__1/O
                         net (fo=2, routed)           0.877  5982.688    u_core/u_fabric/u_dsp1/u_core/m_x[8]
    SLICE_X28Y51         CARRY4 (Prop_carry4_DI[0]_O[1])
                                                      0.420  5983.107 r  u_core/u_fabric/u_dsp1/u_core/__10/i__carry__1/O[1]
                         net (fo=2, routed)           0.303  5983.411    u_core/u_fabric/u_dsp1/u_core/__10/i__carry__1_n_6
    SLICE_X30Y51         LUT3 (Prop_lut3_I2_O)        0.303  5983.714 r  u_core/u_fabric/u_dsp1/u_core/sr[57]_i_2__0/O
                         net (fo=3, routed)           0.734  5984.448    u_core/u_fabric/dsp_p[57]
    SLICE_X39Y50         LUT5 (Prop_lut5_I4_O)        0.124  5984.572 r  u_core/u_fabric/i___203_i_15/O
                         net (fo=1, routed)           0.000  5984.572    u_core/u_fabric/i___203_i_15_n_0
    SLICE_X39Y50         MUXF7 (Prop_muxf7_I0_O)      0.212  5984.784 r  u_core/u_fabric/i___203_i_13/O
                         net (fo=1, routed)           0.433  5985.218    u_core/u_fabric/i___203_i_13_n_0
    SLICE_X39Y50         LUT6 (Prop_lut6_I5_O)        0.299  5985.517 r  u_core/u_fabric/i___203_i_5/O
                         net (fo=17, routed)          1.452  5986.968    u_core/u_fabric/u_clb_x7y2/i___121_i_22
    SLICE_X21Y39         LUT5 (Prop_lut5_I2_O)        0.124  5987.092 r  u_core/u_fabric/u_clb_x7y2/i___205_i_5/O
                         net (fo=14, routed)          1.809  5988.901    u_core/u_fabric/r4611
    SLICE_X53Y16         LUT5 (Prop_lut5_I4_O)        0.124  5989.025 r  u_core/u_fabric/mem_reg_i_196__0/O
                         net (fo=1, routed)           0.000  5989.025    u_core/u_fabric/mem_reg_i_196__0_n_0
    SLICE_X53Y16         MUXF7 (Prop_muxf7_I0_O)      0.212  5989.237 r  u_core/u_fabric/mem_reg_i_187__0/O
                         net (fo=2, routed)           0.452  5989.689    u_core/u_fabric/mem_reg_i_187__0_n_0
    SLICE_X53Y16         LUT6 (Prop_lut6_I5_O)        0.299  5989.988 r  u_core/u_fabric/mem_reg_i_201/O
                         net (fo=1, routed)           0.672  5990.660    u_core/u_fabric/r4621
    SLICE_X61Y17         LUT6 (Prop_lut6_I5_O)        0.124  5990.784 r  u_core/u_fabric/mem_reg_i_169/O
                         net (fo=1, routed)           0.149  5990.933    u_core/u_fabric/mem_reg_i_169_n_0
    SLICE_X61Y17         LUT5 (Prop_lut5_I2_O)        0.124  5991.057 r  u_core/u_fabric/mem_reg_i_108/O
                         net (fo=10, routed)          0.941  5991.998    u_core/u_fabric/r5693
    SLICE_X50Y24         LUT5 (Prop_lut5_I4_O)        0.124  5992.122 r  u_core/u_fabric/i___441_1_i_6/O
                         net (fo=1, routed)           0.516  5992.638    u_core/u_fabric/i___441_1_i_6_n_0
    SLICE_X46Y25         LUT5 (Prop_lut5_I0_O)        0.124  5992.762 r  u_core/u_fabric/i___441_1_i_3__0/O
                         net (fo=1, routed)           0.415  5993.177    u_core/u_fabric/i___441_1_i_3__0_n_0
    SLICE_X43Y25         LUT5 (Prop_lut5_I0_O)        0.124  5993.301 r  u_core/u_fabric/i___441_1_i_1__0/O
                         net (fo=1, routed)           0.628  5993.929    u_core/u_fabric/i___441_1_i_1__0_n_0
    SLICE_X33Y25         LUT6 (Prop_lut6_I2_O)        0.124  5994.053 r  u_core/u_fabric/i___441_1__0/O
                         net (fo=1, routed)           0.822  5994.875    u_core/u_store/q_i_12__12_0
    SLICE_X23Y25         LUT5 (Prop_lut5_I1_O)        0.124  5995.000 r  u_core/u_store/q_i_22__16/O
                         net (fo=1, routed)           0.263  5995.263    u_core/u_store/u_fabric/u_clb_x5y4/t_119
    SLICE_X23Y25         LUT5 (Prop_lut5_I0_O)        0.124  5995.387 r  u_core/u_store/q_i_12__12/O
                         net (fo=1, routed)           0.320  5995.707    u_core/u_fabric/u_clb_x5y5/t_125_213
    SLICE_X23Y24         LUT6 (Prop_lut6_I4_O)        0.124  5995.831 r  u_core/u_fabric/u_clb_x5y5/q_i_6__25/O
                         net (fo=2, routed)           0.520  5996.351    u_core/u_fabric/u_clb_x5y5/r1688
    SLICE_X22Y17         LUT5 (Prop_lut5_I0_O)        0.124  5996.475 r  u_core/u_fabric/u_clb_x5y5/q_i_3__38/O
                         net (fo=3, routed)           0.478  5996.953    u_core/u_fabric/u_clb_x5y5/comb_35
    SLICE_X22Y17         LUT3 (Prop_lut3_I2_O)        0.124  5997.077 r  u_core/u_fabric/u_clb_x5y5/sr[43]_i_2/O
                         net (fo=2, routed)           0.825  5997.901    u_core/u_fabric/clb_o[15]
    SLICE_X20Y22         LUT5 (Prop_lut5_I4_O)        0.124  5998.025 r  u_core/u_fabric/i___144_i_10/O
                         net (fo=2, routed)           0.628  5998.653    u_core/u_fabric/i___144_i_10_n_0
    SLICE_X16Y24         LUT5 (Prop_lut5_I4_O)        0.124  5998.777 r  u_core/u_fabric/i___144_i_3/O
                         net (fo=15, routed)          1.053  5999.831    u_core/u_fabric/r5853
    SLICE_X26Y28         LUT6 (Prop_lut6_I4_O)        0.124  5999.955 r  u_core/u_fabric/i___144/O
                         net (fo=1, routed)           0.286  6000.241    u_core/u_fabric/i___144_n_0
    SLICE_X26Y28         LUT5 (Prop_lut5_I0_O)        0.124  6000.365 r  u_core/u_fabric/c_q[45]_i_11/O
                         net (fo=5, routed)           0.783  6001.148    u_core/u_fabric/u_dsp0/u_core/r4408
    SLICE_X29Y36         LUT6 (Prop_lut6_I4_O)        0.124  6001.272 r  u_core/u_fabric/u_dsp0/u_core/c_q[45]_i_8/O
                         net (fo=1, routed)           0.403  6001.676    u_core/u_fabric/u_dsp0_n_36
    SLICE_X29Y36         LUT5 (Prop_lut5_I2_O)        0.124  6001.800 r  u_core/u_fabric/c_q[45]_i_3/O
                         net (fo=18, routed)          1.608  6003.408    u_core/u_fabric/u_dsp0/u_core/d_q[16]_i_3
    SLICE_X57Y52         LUT6 (Prop_lut6_I3_O)        0.124  6003.532 r  u_core/u_fabric/u_dsp0/u_core/d_q[16]_i_6/O
                         net (fo=1, routed)           0.294  6003.826    u_core/u_fabric/u_dsp0_n_42
    SLICE_X57Y53         LUT5 (Prop_lut5_I2_O)        0.124  6003.950 r  u_core/u_fabric/d_q[16]_i_3/O
                         net (fo=16, routed)          1.703  6005.653    u_core/u_fabric/u_dsp1/u_core/r4862
    SLICE_X99Y77         LUT5 (Prop_lut5_I3_O)        0.124  6005.777 r  u_core/u_fabric/u_dsp1/u_core/i___405_0_i_4/O
                         net (fo=1, routed)           0.304  6006.081    u_core/u_fabric/u_dsp1_n_75
    SLICE_X100Y77        LUT5 (Prop_lut5_I4_O)        0.124  6006.205 r  u_core/u_fabric/i___405_0_i_1/O
                         net (fo=17, routed)          0.713  6006.918    u_core/u_fabric/r6268
    SLICE_X96Y73         LUT6 (Prop_lut6_I5_O)        0.124  6007.042 r  u_core/u_fabric/i___68_i_25/O
                         net (fo=1, routed)           0.000  6007.042    u_core/u_fabric/i___68_i_25_n_0
    SLICE_X96Y73         MUXF7 (Prop_muxf7_I1_O)      0.214  6007.256 r  u_core/u_fabric/i___68_i_16/O
                         net (fo=1, routed)           0.452  6007.708    u_core/u_fabric/i___68_i_16_n_0
    SLICE_X96Y73         LUT6 (Prop_lut6_I5_O)        0.297  6008.005 r  u_core/u_fabric/i___68_i_11/O
                         net (fo=5, routed)           1.359  6009.364    u_core/u_fabric/u_clb_x10y8/i___68_i_2
    SLICE_X59Y65         LUT6 (Prop_lut6_I4_O)        0.124  6009.488 r  u_core/u_fabric/u_clb_x10y8/i___68_i_6/O
                         net (fo=2, routed)           0.000  6009.488    u_core/u_fabric/u_clb_x10y8_n_1
    SLICE_X59Y65         MUXF7 (Prop_muxf7_I1_O)      0.217  6009.705 r  u_core/u_fabric/i___328_i_10/O
                         net (fo=1, routed)           0.433  6010.139    u_core/u_store/i___341_i_16
    SLICE_X59Y65         LUT6 (Prop_lut6_I2_O)        0.299  6010.438 r  u_core/u_store/i___328_i_4/O
                         net (fo=8, routed)           1.046  6011.483    u_core/u_store/r5088
    SLICE_X62Y80         LUT5 (Prop_lut5_I2_O)        0.124  6011.607 r  u_core/u_store/i___328_i_1/O
                         net (fo=2, routed)           0.293  6011.900    u_core/u_fabric/i___0_i_18_0
    SLICE_X62Y80         LUT5 (Prop_lut5_I4_O)        0.124  6012.024 r  u_core/u_fabric/i___348_i_10/O
                         net (fo=11, routed)          0.784  6012.809    u_core/u_fabric/r6204
    SLICE_X65Y74         LUT6 (Prop_lut6_I5_O)        0.124  6012.933 r  u_core/u_fabric/i___364_i_29/O
                         net (fo=1, routed)           0.000  6012.933    u_core/u_fabric/i___364_i_29_n_0
    SLICE_X65Y74         MUXF7 (Prop_muxf7_I0_O)      0.212  6013.145 r  u_core/u_fabric/i___364_i_16/O
                         net (fo=1, routed)           0.755  6013.899    u_core/u_fabric/i___364_i_16_n_0
    SLICE_X80Y74         LUT5 (Prop_lut5_I0_O)        0.299  6014.198 r  u_core/u_fabric/i___364_i_8/O
                         net (fo=10, routed)          1.735  6015.933    u_core/u_fabric/r5330
    SLICE_X100Y53        LUT5 (Prop_lut5_I4_O)        0.124  6016.057 r  u_core/u_fabric/i___468_0_i_8/O
                         net (fo=1, routed)           0.000  6016.057    u_core/u_fabric/i___468_0_i_8_n_0
    SLICE_X100Y53        MUXF7 (Prop_muxf7_I0_O)      0.209  6016.266 r  u_core/u_fabric/i___468_0_i_7/O
                         net (fo=2, routed)           0.485  6016.750    u_core/u_fabric/i___468_0_i_7_n_0
    SLICE_X100Y53        LUT3 (Prop_lut3_I2_O)        0.297  6017.047 r  u_core/u_fabric/i___22_i_7/O
                         net (fo=1, routed)           0.610  6017.658    u_core/u_fabric/r5344
    SLICE_X99Y50         LUT6 (Prop_lut6_I3_O)        0.124  6017.782 r  u_core/u_fabric/i___22_i_5/O
                         net (fo=1, routed)           0.403  6018.185    u_core/u_fabric/i___22_i_5_n_0
    SLICE_X99Y50         LUT5 (Prop_lut5_I2_O)        0.124  6018.309 r  u_core/u_fabric/i___22_i_3/O
                         net (fo=12, routed)          1.033  6019.342    u_core/u_fabric/r6423
    SLICE_X88Y59         LUT6 (Prop_lut6_I5_O)        0.124  6019.466 r  u_core/u_fabric/i___22_i_1/O
                         net (fo=1, routed)           0.560  6020.025    u_core/u_fabric/i___22_i_1_n_0
    SLICE_X85Y61         LUT6 (Prop_lut6_I0_O)        0.124  6020.149 r  u_core/u_fabric/i___22/O
                         net (fo=2, routed)           0.428  6020.577    u_core/u_fabric/i___22_n_0
    SLICE_X84Y62         LUT5 (Prop_lut5_I0_O)        0.124  6020.701 r  u_core/u_fabric/i___3_i_2/O
                         net (fo=11, routed)          0.678  6021.379    u_core/u_fabric/r6358
    SLICE_X89Y57         LUT3 (Prop_lut3_I2_O)        0.124  6021.503 r  u_core/u_fabric/i___6_i_1/O
                         net (fo=1, routed)           0.575  6022.079    u_core/u_fabric/i___6_i_1_n_0
    SLICE_X89Y57         LUT6 (Prop_lut6_I4_O)        0.124  6022.203 r  u_core/u_fabric/i___6/O
                         net (fo=2, routed)           0.264  6022.467    u_core/u_fabric/i___6_n_0
    SLICE_X89Y57         LUT5 (Prop_lut5_I0_O)        0.124  6022.591 r  u_core/u_fabric/i___468_1_i_8/O
                         net (fo=2, routed)           0.740  6023.331    u_core/u_fabric/r6370
    SLICE_X95Y54         LUT4 (Prop_lut4_I2_O)        0.124  6023.455 r  u_core/u_fabric/i___468_1_i_5/O
                         net (fo=2, routed)           0.414  6023.869    u_core/u_fabric/i___468_1_i_5_n_0
    SLICE_X95Y54         LUT6 (Prop_lut6_I5_O)        0.124  6023.993 r  u_core/u_fabric/i___10_i_31/O
                         net (fo=1, routed)           0.424  6024.417    u_core/u_fabric/r6451
    SLICE_X94Y55         LUT6 (Prop_lut6_I0_O)        0.124  6024.541 r  u_core/u_fabric/i___10_i_27/O
                         net (fo=1, routed)           0.751  6025.292    u_core/u_fabric/i___10_i_27_n_0
    SLICE_X89Y58         LUT5 (Prop_lut5_I0_O)        0.124  6025.416 r  u_core/u_fabric/i___10_i_20/O
                         net (fo=1, routed)           0.582  6025.998    u_core/u_fabric/i___10_i_20_n_0
    SLICE_X86Y58         LUT5 (Prop_lut5_I2_O)        0.124  6026.122 r  u_core/u_fabric/i___10_i_10/O
                         net (fo=1, routed)           0.161  6026.283    u_core/u_fabric/i___10_i_10_n_0
    SLICE_X86Y58         LUT5 (Prop_lut5_I0_O)        0.124  6026.407 r  u_core/u_fabric/i___10_i_4/O
                         net (fo=10, routed)          0.990  6027.397    u_core/u_fabric/r5413
    SLICE_X81Y64         LUT6 (Prop_lut6_I5_O)        0.124  6027.521 r  u_core/u_fabric/a_q[23]_i_9/O
                         net (fo=1, routed)           0.000  6027.521    u_core/u_fabric/a_q[23]_i_9_n_0
    SLICE_X81Y64         MUXF7 (Prop_muxf7_I1_O)      0.217  6027.738 r  u_core/u_fabric/a_q_reg[23]_i_5/O
                         net (fo=2, routed)           0.449  6028.187    u_core/u_fabric/a_q_reg[23]_i_5_n_0
    SLICE_X81Y64         LUT6 (Prop_lut6_I5_O)        0.299  6028.486 r  u_core/u_fabric/a_q[23]_i_2__0/O
                         net (fo=11, routed)          1.474  6029.959    u_core/u_fabric/r5403
    SLICE_X61Y44         LUT5 (Prop_lut5_I4_O)        0.124  6030.083 r  u_core/u_fabric/i___98_i_5/O
                         net (fo=2, routed)           1.196  6031.280    u_core/u_fabric/i___98_i_5_n_0
    SLICE_X52Y34         LUT3 (Prop_lut3_I2_O)        0.124  6031.404 r  u_core/u_fabric/i___461_0_i_1/O
                         net (fo=7, routed)           0.446  6031.850    u_core/u_fabric/r5389
    SLICE_X52Y35         LUT6 (Prop_lut6_I5_O)        0.124  6031.974 r  u_core/u_fabric/i___460_0_i_11/O
                         net (fo=1, routed)           0.000  6031.974    u_core/u_fabric/i___460_0_i_11_n_0
    SLICE_X52Y35         MUXF7 (Prop_muxf7_I1_O)      0.217  6032.191 r  u_core/u_fabric/i___460_0_i_5/O
                         net (fo=1, routed)           0.436  6032.627    u_core/u_fabric/i___460_0_i_5_n_0
    SLICE_X52Y35         LUT6 (Prop_lut6_I5_O)        0.299  6032.926 r  u_core/u_fabric/i___460_0_i_2/O
                         net (fo=11, routed)          1.013  6033.939    u_core/u_fabric/r5379
    SLICE_X36Y22         LUT6 (Prop_lut6_I5_O)        0.124  6034.063 r  u_core/u_fabric/i___280_i_11/O
                         net (fo=1, routed)           0.503  6034.566    u_core/u_fabric/i___280_i_11_n_0
    SLICE_X37Y14         LUT6 (Prop_lut6_I2_O)        0.124  6034.690 r  u_core/u_fabric/i___280_i_4/O
                         net (fo=5, routed)           0.769  6035.459    u_core/u_fabric/r5275
    SLICE_X43Y10         LUT5 (Prop_lut5_I0_O)        0.124  6035.583 r  u_core/u_fabric/i___280_i_1/O
                         net (fo=2, routed)           0.274  6035.857    u_core/u_fabric/i___280_i_1_n_0
    SLICE_X43Y10         LUT5 (Prop_lut5_I4_O)        0.124  6035.981 r  u_core/u_fabric/i___141_i_7/O
                         net (fo=12, routed)          1.031  6037.013    u_core/u_fabric/r5725
    SLICE_X54Y9          LUT4 (Prop_lut4_I3_O)        0.124  6037.137 r  u_core/u_fabric/i___403_1_i_7/O
                         net (fo=3, routed)           1.057  6038.194    u_core/u_fabric/u_bram1/u_core/r5164
    SLICE_X35Y9          LUT6 (Prop_lut6_I0_O)        0.124  6038.318 r  u_core/u_fabric/u_bram1/u_core/i___375_i_14/O
                         net (fo=1, routed)           0.154  6038.472    u_core/u_fabric/u_bram1_n_44
    SLICE_X35Y9          LUT5 (Prop_lut5_I2_O)        0.124  6038.596 r  u_core/u_fabric/i___375_i_8/O
                         net (fo=7, routed)           0.836  6039.432    u_core/u_fabric/r5820
    SLICE_X44Y11         LUT6 (Prop_lut6_I3_O)        0.124  6039.556 r  u_core/u_fabric/i___175_i_28/O
                         net (fo=1, routed)           0.650  6040.206    u_core/u_fabric/i___175_i_28_n_0
    SLICE_X44Y11         LUT5 (Prop_lut5_I0_O)        0.124  6040.330 r  u_core/u_fabric/i___175_i_17/O
                         net (fo=3, routed)           1.027  6041.356    u_core/u_fabric/r5273
    SLICE_X56Y12         LUT5 (Prop_lut5_I0_O)        0.124  6041.480 r  u_core/u_fabric/i___462_0_i_9/O
                         net (fo=1, routed)           0.280  6041.760    u_core/u_fabric/i___462_0_i_9_n_0
    SLICE_X56Y12         LUT5 (Prop_lut5_I4_O)        0.124  6041.884 r  u_core/u_fabric/i___462_0_i_4/O
                         net (fo=4, routed)           0.487  6042.372    u_core/u_fabric/r5744
    SLICE_X58Y14         LUT6 (Prop_lut6_I2_O)        0.124  6042.496 r  u_core/u_fabric/i___462_0_i_2/O
                         net (fo=12, routed)          0.991  6043.487    u_core/u_fabric/r5361
    SLICE_X66Y4          LUT2 (Prop_lut2_I0_O)        0.124  6043.611 r  u_core/u_fabric/i___411_1_i_2__0/O
                         net (fo=9, routed)           1.561  6045.171    u_core/u_fabric/r5495
    SLICE_X102Y6         LUT4 (Prop_lut4_I0_O)        0.124  6045.295 r  u_core/u_fabric/i___411_1_i_1__0/O
                         net (fo=7, routed)           0.881  6046.176    u_core/u_fabric/r5018
    SLICE_X90Y9          LUT6 (Prop_lut6_I5_O)        0.124  6046.300 r  u_core/u_fabric/i___411_1__0/O
                         net (fo=1, routed)           0.560  6046.860    u_core/u_fabric/i___411_1__0_n_0
    SLICE_X91Y9          LUT6 (Prop_lut6_I3_O)        0.124  6046.984 r  u_core/u_fabric/i___218_i_7/O
                         net (fo=2, routed)           0.413  6047.396    u_core/u_fabric/i___218_i_7_n_0
    SLICE_X91Y9          LUT3 (Prop_lut3_I2_O)        0.124  6047.521 r  u_core/u_fabric/i___218_i_2/O
                         net (fo=17, routed)          0.676  6048.196    u_core/u_fabric/r5555
    SLICE_X88Y8          LUT6 (Prop_lut6_I5_O)        0.124  6048.320 r  u_core/u_fabric/i___411_1_i_7/O
                         net (fo=1, routed)           0.669  6048.989    u_core/u_fabric/i___411_1_i_7_n_0
    SLICE_X88Y8          LUT5 (Prop_lut5_I0_O)        0.124  6049.113 r  u_core/u_fabric/i___411_1_i_6__0/O
                         net (fo=2, routed)           0.610  6049.724    u_core/u_fabric/r4819
    SLICE_X89Y10         LUT5 (Prop_lut5_I0_O)        0.124  6049.848 r  u_core/u_fabric/i___411_1_i_5/O
                         net (fo=2, routed)           0.165  6050.013    u_core/u_fabric/i___411_1_i_5_n_0
    SLICE_X89Y10         LUT3 (Prop_lut3_I2_O)        0.124  6050.137 r  u_core/u_fabric/i___411_1_i_3__1/O
                         net (fo=8, routed)           0.929  6051.065    u_core/u_fabric/r5488
    SLICE_X93Y6          LUT4 (Prop_lut4_I3_O)        0.124  6051.189 r  u_core/u_fabric/i___153_i_4/O
                         net (fo=6, routed)           1.169  6052.358    u_core/u_fabric/r5130
    SLICE_X77Y19         LUT5 (Prop_lut5_I0_O)        0.124  6052.482 r  u_core/u_fabric/i___153_i_1/O
                         net (fo=2, routed)           0.412  6052.895    u_core/u_fabric/i___153_i_1_n_0
    SLICE_X77Y19         LUT6 (Prop_lut6_I1_O)        0.124  6053.019 f  u_core/u_fabric/i___153/O
                         net (fo=1, routed)           0.992  6054.011    u_core/u_fabric/i___153_n_0
    SLICE_X93Y20         LUT6 (Prop_lut6_I3_O)        0.124  6054.135 r  u_core/u_fabric/din_qa[16]_i_4/O
                         net (fo=1, routed)           0.542  6054.677    u_core/u_fabric/din_qa[16]_i_4_n_0
    SLICE_X88Y20         LUT6 (Prop_lut6_I0_O)        0.124  6054.801 r  u_core/u_fabric/din_qa[16]_i_2/O
                         net (fo=14, routed)          0.960  6055.761    u_core/u_fabric/r5619
    SLICE_X94Y17         LUT6 (Prop_lut6_I5_O)        0.124  6055.885 r  u_core/u_fabric/i___151_i_15/O
                         net (fo=2, routed)           0.725  6056.610    u_core/u_fabric/i___151_i_15_n_0
    SLICE_X96Y13         LUT6 (Prop_lut6_I3_O)        0.124  6056.734 r  u_core/u_fabric/i___442_0_i_12/O
                         net (fo=1, routed)           0.563  6057.297    u_core/u_store/r4276
    SLICE_X93Y13         LUT6 (Prop_lut6_I2_O)        0.124  6057.421 r  u_core/u_store/i___442_0_i_11/O
                         net (fo=1, routed)           1.025  6058.446    u_core/u_fabric/i___442_0_i_6_0
    SLICE_X76Y15         LUT6 (Prop_lut6_I5_O)        0.124  6058.570 r  u_core/u_fabric/i___442_0_i_9/O
                         net (fo=1, routed)           0.576  6059.146    u_core/u_fabric/i___442_0_i_9_n_0
    SLICE_X70Y15         LUT5 (Prop_lut5_I2_O)        0.124  6059.270 r  u_core/u_fabric/i___442_0_i_6/O
                         net (fo=2, routed)           0.728  6059.998    u_core/u_fabric/r4602
    SLICE_X70Y18         LUT6 (Prop_lut6_I3_O)        0.124  6060.122 r  u_core/u_fabric/i___442_0_i_4/O
                         net (fo=1, routed)           0.158  6060.280    u_core/u_fabric/i___442_0_i_4_n_0
    SLICE_X70Y18         LUT5 (Prop_lut5_I2_O)        0.124  6060.404 r  u_core/u_fabric/i___442_0_i_2/O
                         net (fo=11, routed)          1.229  6061.634    u_core/u_fabric/r5607
    SLICE_X90Y16         LUT5 (Prop_lut5_I4_O)        0.124  6061.758 r  u_core/u_fabric/i___210_i_21/O
                         net (fo=5, routed)           0.899  6062.657    u_core/u_fabric/r4481
    SLICE_X80Y12         LUT6 (Prop_lut6_I5_O)        0.124  6062.781 r  u_core/u_fabric/i___210_i_11/O
                         net (fo=1, routed)           0.455  6063.236    u_core/u_fabric/i___210_i_11_n_0
    SLICE_X76Y12         LUT5 (Prop_lut5_I4_O)        0.124  6063.360 r  u_core/u_fabric/i___210_i_3/O
                         net (fo=2, routed)           0.678  6064.038    u_core/u_fabric/i___210_i_3_n_0
    SLICE_X76Y12         LUT6 (Prop_lut6_I4_O)        0.124  6064.162 r  u_core/u_fabric/i___210/O
                         net (fo=2, routed)           0.979  6065.141    u_core/u_store/i___100_i_45
    SLICE_X79Y26         LUT6 (Prop_lut6_I1_O)        0.124  6065.265 r  u_core/u_store/q_i_28__12/O
                         net (fo=2, routed)           0.154  6065.419    u_core/u_store/t_78_148
    SLICE_X79Y26         LUT5 (Prop_lut5_I2_O)        0.124  6065.543 r  u_core/u_store/q_i_15__6/O
                         net (fo=1, routed)           0.403  6065.946    u_core/u_fabric/u_clb_x2y10/t_115_158
    SLICE_X79Y25         LUT5 (Prop_lut5_I0_O)        0.124  6066.070 r  u_core/u_fabric/u_clb_x2y10/q_i_8__13/O
                         net (fo=5, routed)           0.886  6066.956    u_core/u_fabric/r1367
    SLICE_X89Y21         LUT5 (Prop_lut5_I4_O)        0.124  6067.080 r  u_core/u_fabric/i___165_i_5/O
                         net (fo=8, routed)           0.817  6067.897    u_core/u_fabric/r4577
    SLICE_X82Y13         LUT5 (Prop_lut5_I4_O)        0.124  6068.021 r  u_core/u_fabric/i___189_i_13/O
                         net (fo=1, routed)           0.000  6068.021    u_core/u_fabric/i___189_i_13_n_0
    SLICE_X82Y13         MUXF7 (Prop_muxf7_I0_O)      0.209  6068.230 r  u_core/u_fabric/i___189_i_7/O
                         net (fo=2, routed)           0.431  6068.661    u_core/u_fabric/i___189_i_7_n_0
    SLICE_X81Y13         LUT6 (Prop_lut6_I5_O)        0.297  6068.958 r  u_core/u_fabric/i___189_i_2/O
                         net (fo=13, routed)          1.222  6070.180    u_core/u_fabric/u_bram0/u_core/q_i_12__9_0
    SLICE_X101Y9         LUT6 (Prop_lut6_I2_O)        0.124  6070.304 r  u_core/u_fabric/u_bram0/u_core/q_i_24__49/O
                         net (fo=1, routed)           0.442  6070.746    u_core/u_fabric/u_bram0_n_44
    SLICE_X102Y9         LUT5 (Prop_lut5_I2_O)        0.124  6070.870 r  u_core/u_fabric/q_i_12__9/O
                         net (fo=3, routed)           0.587  6071.457    u_core/u_fabric/r4461
    SLICE_X100Y9         LUT6 (Prop_lut6_I5_O)        0.124  6071.581 r  u_core/u_fabric/i___124_i_9/O
                         net (fo=5, routed)           0.726  6072.307    u_core/u_fabric/r5449
    SLICE_X98Y16         LUT6 (Prop_lut6_I3_O)        0.124  6072.431 r  u_core/u_fabric/mem_reg_i_223/O
                         net (fo=1, routed)           0.598  6073.029    u_core/u_fabric/mem_reg_i_223_n_0
    SLICE_X94Y19         LUT6 (Prop_lut6_I2_O)        0.124  6073.153 r  u_core/u_fabric/mem_reg_i_213/O
                         net (fo=1, routed)           0.000  6073.153    u_core/u_fabric/mem_reg_i_213_n_0
    SLICE_X94Y19         MUXF7 (Prop_muxf7_I0_O)      0.209  6073.362 r  u_core/u_fabric/mem_reg_i_192/O
                         net (fo=3, routed)           0.835  6074.197    u_core/u_fabric/u_clb_x7y2/r5603
    SLICE_X89Y20         LUT6 (Prop_lut6_I4_O)        0.297  6074.494 r  u_core/u_fabric/u_clb_x7y2/i___155_i_8/O
                         net (fo=1, routed)           0.403  6074.897    u_core/u_fabric/u_clb_x7y2_n_7
    SLICE_X89Y20         LUT5 (Prop_lut5_I2_O)        0.124  6075.021 r  u_core/u_fabric/i___155_i_5/O
                         net (fo=9, routed)           1.298  6076.319    u_core/u_fabric/r4290
    SLICE_X55Y26         LUT6 (Prop_lut6_I5_O)        0.124  6076.443 r  u_core/u_fabric/i___150_i_11/O
                         net (fo=1, routed)           0.000  6076.443    u_core/u_fabric/i___150_i_11_n_0
    SLICE_X55Y26         MUXF7 (Prop_muxf7_I1_O)      0.217  6076.660 r  u_core/u_fabric/i___150_i_4/O
                         net (fo=1, routed)           0.436  6077.097    u_core/u_fabric/i___150_i_4_n_0
    SLICE_X55Y26         LUT6 (Prop_lut6_I5_O)        0.299  6077.396 r  u_core/u_fabric/i___150_i_1/O
                         net (fo=9, routed)           1.201  6078.597    u_core/u_fabric/u_clb_x7y1/i___253_i_1_0
    SLICE_X40Y42         LUT5 (Prop_lut5_I3_O)        0.124  6078.721 r  u_core/u_fabric/u_clb_x7y1/i___253_i_4/O
                         net (fo=2, routed)           0.161  6078.882    u_core/u_fabric/u_clb_x7y1_n_1
    SLICE_X40Y42         LUT3 (Prop_lut3_I2_O)        0.124  6079.006 r  u_core/u_fabric/i___114_i_5/O
                         net (fo=17, routed)          0.822  6079.828    u_core/u_fabric/u_clb_x7y1/r5984
    SLICE_X48Y36         LUT6 (Prop_lut6_I4_O)        0.124  6079.952 r  u_core/u_fabric/u_clb_x7y1/q_i_8__9/O
                         net (fo=3, routed)           0.447  6080.399    u_core/u_fabric/u_clb_x7y1/lut_o6_12
    SLICE_X48Y36         LUT5 (Prop_lut5_I4_O)        0.124  6080.523 r  u_core/u_fabric/u_clb_x7y1/q_i_3__10/O
                         net (fo=2, routed)           0.560  6081.083    u_core/u_fabric/u_clb_x7y2/comb_11
    SLICE_X51Y34         LUT3 (Prop_lut3_I2_O)        0.124  6081.207 r  u_core/u_fabric/u_clb_x7y2/user_dr[19]_i_2/O
                         net (fo=4, routed)           1.169  6082.376    u_core/u_fabric/clb_o[7]
    SLICE_X26Y36         LUT5 (Prop_lut5_I1_O)        0.124  6082.500 r  u_core/u_fabric/i___94_i_10/O
                         net (fo=1, routed)           0.000  6082.500    u_core/u_fabric/i___94_i_10_n_0
    SLICE_X26Y36         MUXF7 (Prop_muxf7_I0_O)      0.209  6082.709 r  u_core/u_fabric/i___94_i_9/O
                         net (fo=2, routed)           0.910  6083.619    u_core/u_fabric/i___94_i_9_n_0
    SLICE_X41Y35         LUT6 (Prop_lut6_I5_O)        0.297  6083.916 r  u_core/u_fabric/i___94_i_7/O
                         net (fo=7, routed)           0.801  6084.717    u_core/u_fabric/r5995
    SLICE_X51Y35         LUT4 (Prop_lut4_I3_O)        0.124  6084.841 r  u_core/u_fabric/i___138_i_3/O
                         net (fo=9, routed)           1.431  6086.272    u_core/u_fabric/u_bram1/u_core/i___109_i_4
    SLICE_X22Y28         LUT6 (Prop_lut6_I0_O)        0.124  6086.396 r  u_core/u_fabric/u_bram1/u_core/i___109_i_12/O
                         net (fo=1, routed)           0.689  6087.086    u_core/u_fabric/u_bram1_n_57
    SLICE_X22Y28         LUT5 (Prop_lut5_I2_O)        0.124  6087.210 r  u_core/u_fabric/i___109_i_4/O
                         net (fo=16, routed)          0.463  6087.673    u_core/u_fabric/u_clb_x7y2/i___119_i_4_0
    SLICE_X20Y29         LUT6 (Prop_lut6_I2_O)        0.124  6087.797 r  u_core/u_fabric/u_clb_x7y2/i___287_i_2/O
                         net (fo=2, routed)           0.336  6088.133    u_core/u_fabric/u_clb_x7y2_n_5
    SLICE_X19Y29         LUT6 (Prop_lut6_I2_O)        0.124  6088.257 r  u_core/u_fabric/i___287/O
                         net (fo=2, routed)           1.320  6089.578    u_core/u_store/i___444_1_i_13
    SLICE_X32Y38         LUT6 (Prop_lut6_I1_O)        0.124  6089.702 r  u_core/u_store/i___444_1_i_30/O
                         net (fo=1, routed)           0.171  6089.873    u_core/u_fabric/u_clb_x7y2/t_78_178
    SLICE_X32Y38         LUT5 (Prop_lut5_I2_O)        0.124  6089.997 r  u_core/u_fabric/u_clb_x7y2/i___444_1_i_13/O
                         net (fo=1, routed)           0.423  6090.419    u_core/u_fabric/u_clb_x7y2/u_clb_x7y3/t_115
    SLICE_X32Y37         LUT5 (Prop_lut5_I0_O)        0.124  6090.543 r  u_core/u_fabric/u_clb_x7y2/i___444_1_i_3/O
                         net (fo=5, routed)           0.699  6091.242    u_core/u_fabric/r1471
    SLICE_X29Y39         LUT6 (Prop_lut6_I5_O)        0.124  6091.366 r  u_core/u_fabric/i___444_1/O
                         net (fo=3, routed)           0.678  6092.044    u_core/u_fabric/u_clb_x7y1/lut_o6
    SLICE_X33Y39         LUT4 (Prop_lut4_I2_O)        0.124  6092.168 r  u_core/u_fabric/u_clb_x7y1/q_i_6__18/O
                         net (fo=2, routed)           0.561  6092.730    u_core/u_fabric/u_clb_x7y1/r1472
    SLICE_X30Y39         LUT5 (Prop_lut5_I0_O)        0.124  6092.854 r  u_core/u_fabric/u_clb_x7y1/q_i_3__30/O
                         net (fo=3, routed)           0.508  6093.362    u_core/u_fabric/u_clb_x7y4/comb_25
    SLICE_X31Y39         LUT3 (Prop_lut3_I2_O)        0.150  6093.512 r  u_core/u_fabric/u_clb_x7y4/sr[35]_i_2/O
                         net (fo=3, routed)           1.047  6094.559    u_core/u_fabric/clb_o[12]
    SLICE_X42Y37         LUT5 (Prop_lut5_I1_O)        0.326  6094.885 r  u_core/u_fabric/c_q[41]_i_6__0/O
                         net (fo=1, routed)           0.500  6095.385    u_core/u_fabric/c_q[41]_i_6__0_n_0
    SLICE_X43Y37         LUT5 (Prop_lut5_I4_O)        0.124  6095.509 r  u_core/u_fabric/c_q[41]_i_2__0/O
                         net (fo=18, routed)          0.869  6096.379    u_core/u_fabric/r5999
    SLICE_X51Y38         LUT4 (Prop_lut4_I3_O)        0.124  6096.503 r  u_core/u_fabric/q_i_40__8/O
                         net (fo=3, routed)           0.902  6097.405    u_core/u_fabric/r4415
    SLICE_X36Y28         LUT6 (Prop_lut6_I3_O)        0.124  6097.529 r  u_core/u_fabric/i___114_i_12/O
                         net (fo=1, routed)           0.313  6097.842    u_core/u_fabric/i___114_i_12_n_0
    SLICE_X36Y27         LUT5 (Prop_lut5_I2_O)        0.124  6097.966 r  u_core/u_fabric/i___114_i_10/O
                         net (fo=3, routed)           0.833  6098.799    u_core/u_fabric/r5907
    SLICE_X43Y38         LUT6 (Prop_lut6_I5_O)        0.124  6098.923 r  u_core/u_fabric/i___114_i_7/O
                         net (fo=3, routed)           0.637  6099.561    u_core/u_fabric/i___114_i_7_n_0
    SLICE_X51Y39         LUT3 (Prop_lut3_I0_O)        0.124  6099.685 r  u_core/u_fabric/i___428_0_i_3/O
                         net (fo=9, routed)           1.187  6100.871    u_core/u_fabric/r4312
    SLICE_X53Y61         LUT6 (Prop_lut6_I5_O)        0.124  6100.995 r  u_core/u_fabric/i___94_i_4/O
                         net (fo=1, routed)           0.264  6101.259    u_core/u_fabric/i___94_i_4_n_0
    SLICE_X53Y61         LUT5 (Prop_lut5_I2_O)        0.124  6101.383 r  u_core/u_fabric/i___94_i_1/O
                         net (fo=9, routed)           1.510  6102.893    u_core/u_fabric/r4316
    SLICE_X84Y75         LUT5 (Prop_lut5_I4_O)        0.124  6103.017 r  u_core/u_fabric/i___469_1_i_5/O
                         net (fo=2, routed)           0.325  6103.343    u_core/u_fabric/i___469_1_i_5_n_0
    SLICE_X86Y75         LUT3 (Prop_lut3_I2_O)        0.124  6103.467 r  u_core/u_fabric/i___72_i_14/O
                         net (fo=4, routed)           1.277  6104.744    u_core/u_fabric/r4338
    SLICE_X97Y65         LUT5 (Prop_lut5_I3_O)        0.124  6104.868 r  u_core/u_fabric/q_i_17__19/O
                         net (fo=2, routed)           0.912  6105.780    u_core/u_fabric/u_clb_x12y3/r1045
    SLICE_X98Y54         LUT6 (Prop_lut6_I3_O)        0.124  6105.904 r  u_core/u_fabric/u_clb_x12y3/sr[19]_i_3/O
                         net (fo=4, routed)           0.642  6106.545    u_core/u_fabric/u_clb_x12y2/sr_reg[19]
    SLICE_X91Y55         LUT6 (Prop_lut6_I5_O)        0.124  6106.669 r  u_core/u_fabric/u_clb_x12y2/sr[39]_i_4/O
                         net (fo=1, routed)           0.622  6107.291    u_core/u_store/r1308
    SLICE_X91Y54         LUT4 (Prop_lut4_I3_O)        0.124  6107.415 r  u_core/u_store/sr[39]_i_3/O
                         net (fo=2, routed)           0.785  6108.200    u_core/u_store/u_fabric/r1576
    SLICE_X91Y51         LUT6 (Prop_lut6_I5_O)        0.124  6108.324 r  u_core/u_store/q_i_6__28/O
                         net (fo=3, routed)           0.810  6109.134    u_core/u_store/u_fabric/r1844
    SLICE_X97Y57         LUT5 (Prop_lut5_I0_O)        0.124  6109.258 r  u_core/u_store/q_i_3__81/O
                         net (fo=2, routed)           0.466  6109.724    u_core/u_fabric/comb_564
    SLICE_X96Y61         LUT6 (Prop_lut6_I3_O)        0.124  6109.848 r  u_core/u_fabric/i___267_i_11/O
                         net (fo=1, routed)           0.559  6110.407    u_core/u_fabric/i___267_i_11_n_0
    SLICE_X94Y62         LUT5 (Prop_lut5_I4_O)        0.124  6110.531 r  u_core/u_fabric/i___267_i_4/O
                         net (fo=15, routed)          1.192  6111.723    u_core/u_fabric/r6416
    SLICE_X90Y47         LUT4 (Prop_lut4_I3_O)        0.124  6111.847 r  u_core/u_fabric/i___70_i_5/O
                         net (fo=10, routed)          1.272  6113.119    u_core/u_fabric/r5217
    SLICE_X96Y71         LUT5 (Prop_lut5_I4_O)        0.124  6113.243 r  u_core/u_fabric/i___459_0_i_2/O
                         net (fo=2, routed)           0.361  6113.604    u_core/u_fabric/i___459_0_i_2_n_0
    SLICE_X96Y71         LUT5 (Prop_lut5_I2_O)        0.124  6113.728 r  u_core/u_fabric/i___459_0_i_1/O
                         net (fo=15, routed)          0.929  6114.657    u_core/u_fabric/r6339
    SLICE_X94Y67         LUT6 (Prop_lut6_I5_O)        0.124  6114.781 r  u_core/u_fabric/i___396_0_i_8/O
                         net (fo=1, routed)           0.689  6115.471    u_core/u_fabric/i___396_0_i_8_n_0
    SLICE_X94Y67         LUT5 (Prop_lut5_I0_O)        0.124  6115.595 r  u_core/u_fabric/i___396_0_i_7/O
                         net (fo=3, routed)           0.930  6116.525    u_core/u_fabric/r5004
    SLICE_X96Y56         LUT6 (Prop_lut6_I3_O)        0.124  6116.649 r  u_core/u_fabric/i___464_1_i_3/O
                         net (fo=2, routed)           0.172  6116.821    u_core/u_fabric/i___464_1_i_3_n_0
    SLICE_X96Y56         LUT5 (Prop_lut5_I2_O)        0.124  6116.945 r  u_core/u_fabric/i___270_i_5/O
                         net (fo=10, routed)          0.748  6117.692    u_core/u_fabric/r6407
    SLICE_X100Y68        LUT4 (Prop_lut4_I3_O)        0.124  6117.816 r  u_core/u_fabric/i___64_i_14/O
                         net (fo=8, routed)           1.940  6119.756    u_core/u_fabric/r4879
    SLICE_X41Y75         LUT6 (Prop_lut6_I5_O)        0.124  6119.880 r  u_core/u_fabric/i___70_i_6/O
                         net (fo=1, routed)           0.420  6120.300    u_core/u_fabric/i___70_i_6_n_0
    SLICE_X40Y75         LUT5 (Prop_lut5_I0_O)        0.124  6120.424 r  u_core/u_fabric/i___70_i_2/O
                         net (fo=16, routed)          1.013  6121.437    u_core/u_fabric/r6190
    SLICE_X57Y72         LUT6 (Prop_lut6_I5_O)        0.124  6121.561 r  u_core/u_fabric/i___371_i_11/O
                         net (fo=1, routed)           0.154  6121.715    u_core/u_fabric/i___371_i_11_n_0
    SLICE_X57Y72         LUT5 (Prop_lut5_I2_O)        0.124  6121.839 r  u_core/u_fabric/i___371_i_6/O
                         net (fo=2, routed)           0.897  6122.736    u_core/u_fabric/r5323
    SLICE_X50Y66         LUT6 (Prop_lut6_I5_O)        0.124  6122.860 r  u_core/u_fabric/i___388_1_i_4__0/O
                         net (fo=1, routed)           0.000  6122.860    u_core/u_fabric/i___388_1_i_4__0_n_0
    SLICE_X50Y66         MUXF7 (Prop_muxf7_I1_O)      0.214  6123.074 r  u_core/u_fabric/i___388_1_i_1/O
                         net (fo=2, routed)           0.467  6123.541    u_core/u_fabric/i___388_1_i_1_n_0
    SLICE_X50Y66         LUT6 (Prop_lut6_I5_O)        0.297  6123.837 r  u_core/u_fabric/i___388_0_i_2/O
                         net (fo=16, routed)          0.704  6124.541    u_core/u_fabric/r6115
    SLICE_X46Y70         LUT6 (Prop_lut6_I5_O)        0.124  6124.665 r  u_core/u_fabric/i___388_1/O
                         net (fo=7, routed)           0.851  6125.516    u_core/u_store/r3856
    SLICE_X35Y72         MUXF7 (Prop_muxf7_S_O)       0.276  6125.792 r  u_core/u_store/q_reg_i_23__19/O
                         net (fo=2, routed)           0.753  6126.545    u_core/u_store/u_fabric/u_clb_x9y9/t_118
    SLICE_X41Y72         LUT5 (Prop_lut5_I4_O)        0.299  6126.844 r  u_core/u_store/q_i_12__38/O
                         net (fo=1, routed)           0.603  6127.447    u_core/u_fabric/u_clb_x10y10/t_123_433
    SLICE_X43Y76         LUT5 (Prop_lut5_I0_O)        0.124  6127.571 r  u_core/u_fabric/u_clb_x10y10/q_i_7__71/O
                         net (fo=3, routed)           0.565  6128.136    u_core/u_store/lut_o6_628
    SLICE_X47Y76         LUT5 (Prop_lut5_I1_O)        0.124  6128.260 r  u_core/u_store/q_i_3__94/O
                         net (fo=3, routed)           0.413  6128.673    u_core/u_fabric/comb_578
    SLICE_X47Y76         LUT6 (Prop_lut6_I3_O)        0.124  6128.797 r  u_core/u_fabric/i___370_i_10/O
                         net (fo=1, routed)           0.712  6129.509    u_core/u_fabric/i___370_i_10_n_0
    SLICE_X52Y76         LUT5 (Prop_lut5_I4_O)        0.124  6129.633 r  u_core/u_fabric/i___370_i_4/O
                         net (fo=6, routed)           0.746  6130.379    u_core/u_fabric/r6206
    SLICE_X60Y76         LUT6 (Prop_lut6_I3_O)        0.124  6130.503 r  u_core/u_fabric/i___73_i_16/O
                         net (fo=1, routed)           0.158  6130.662    u_core/u_fabric/i___73_i_16_n_0
    SLICE_X60Y76         LUT5 (Prop_lut5_I2_O)        0.124  6130.786 r  u_core/u_fabric/i___73_i_12/O
                         net (fo=2, routed)           0.744  6131.529    u_core/u_fabric/r5315
    SLICE_X61Y63         LUT6 (Prop_lut6_I5_O)        0.124  6131.653 r  u_core/u_fabric/i___73_i_9/O
                         net (fo=1, routed)           0.403  6132.057    u_core/u_fabric/i___73_i_9_n_0
    SLICE_X61Y63         LUT5 (Prop_lut5_I2_O)        0.124  6132.181 r  u_core/u_fabric/i___73_i_5/O
                         net (fo=17, routed)          1.002  6133.183    u_core/u_fabric/r6111
    SLICE_X49Y71         LUT4 (Prop_lut4_I3_O)        0.124  6133.307 r  u_core/u_fabric/i___354_i_42/O
                         net (fo=3, routed)           0.445  6133.751    u_core/u_fabric/g_frame[104].cfg_reg[13351]_0
    SLICE_X49Y71         LUT5 (Prop_lut5_I4_O)        0.124  6133.875 r  u_core/u_fabric/q_i_22__25/O
                         net (fo=17, routed)          1.253  6135.128    u_core/u_store/r3854
    SLICE_X35Y80         LUT6 (Prop_lut6_I4_O)        0.124  6135.252 r  u_core/u_store/i___354_i_36/O
                         net (fo=2, routed)           1.044  6136.296    u_core/u_store/u_fabric/u_clb_x9y9/t_102
    SLICE_X45Y75         LUT5 (Prop_lut5_I4_O)        0.124  6136.420 r  u_core/u_store/i___354_i_17/O
                         net (fo=2, routed)           0.639  6137.059    u_core/u_fabric/t_115_571
    SLICE_X44Y76         LUT6 (Prop_lut6_I5_O)        0.124  6137.183 r  u_core/u_fabric/i___354_i_5/O
                         net (fo=15, routed)          2.093  6139.276    u_core/u_fabric/r5306
    SLICE_X103Y55        LUT6 (Prop_lut6_I5_O)        0.124  6139.400 r  u_core/u_fabric/i___406_1_i_11/O
                         net (fo=1, routed)           0.402  6139.802    u_core/u_fabric/i___406_1_i_11_n_0
    SLICE_X103Y55        LUT3 (Prop_lut3_I2_O)        0.124  6139.926 r  u_core/u_fabric/i___406_1_i_9/O
                         net (fo=2, routed)           0.649  6140.576    u_core/u_fabric/r5346
    SLICE_X100Y59        LUT6 (Prop_lut6_I3_O)        0.124  6140.700 r  u_core/u_fabric/i___406_1_i_4/O
                         net (fo=1, routed)           0.286  6140.986    u_core/u_fabric/i___406_1_i_4_n_0
    SLICE_X100Y59        LUT5 (Prop_lut5_I2_O)        0.124  6141.110 r  u_core/u_fabric/i___406_1_i_1/O
                         net (fo=12, routed)          1.146  6142.256    u_core/u_fabric/r6425
    SLICE_X90Y65         LUT6 (Prop_lut6_I3_O)        0.124  6142.380 r  u_core/u_fabric/sr[46]_i_7/O
                         net (fo=1, routed)           1.146  6143.526    u_core/u_fabric/sr[46]_i_7_n_0
    SLICE_X57Y70         LUT5 (Prop_lut5_I0_O)        0.124  6143.650 r  u_core/u_fabric/sr[46]_i_6/O
                         net (fo=1, routed)           0.404  6144.054    u_core/u_store/sr[46]_i_4_0
    SLICE_X57Y71         LUT6 (Prop_lut6_I2_O)        0.124  6144.178 r  u_core/u_store/sr[46]_i_5/O
                         net (fo=1, routed)           0.650  6144.829    u_core/u_store/sr[46]_i_5_n_0
    SLICE_X55Y76         LUT5 (Prop_lut5_I3_O)        0.124  6144.953 r  u_core/u_store/sr[46]_i_4/O
                         net (fo=1, routed)           0.578  6145.531    u_core/u_store/u_fabric/u_clb_x9y5/t_125
    SLICE_X55Y80         LUT4 (Prop_lut4_I2_O)        0.124  6145.655 r  u_core/u_store/sr[46]_i_3/O
                         net (fo=1, routed)           0.407  6146.062    u_core/u_store/sr[46]_i_3_n_0
    SLICE_X55Y80         LUT6 (Prop_lut6_I5_O)        0.124  6146.187 r  u_core/u_store/sr[46]_i_2/O
                         net (fo=2, routed)           0.600  6146.786    u_core/u_fabric/i___8_i_10_0[27]
    SLICE_X52Y83         LUT6 (Prop_lut6_I5_O)        0.124  6146.910 r  u_core/u_fabric/i___63_i_16/O
                         net (fo=1, routed)           0.398  6147.308    u_core/u_fabric/i___63_i_16_n_0
    SLICE_X51Y83         LUT6 (Prop_lut6_I2_O)        0.124  6147.432 r  u_core/u_fabric/i___63_i_15/O
                         net (fo=1, routed)           0.469  6147.901    u_core/u_store/i___63_i_13_0
    SLICE_X47Y82         LUT5 (Prop_lut5_I1_O)        0.124  6148.025 r  u_core/u_store/i___63_i_14/O
                         net (fo=1, routed)           0.263  6148.289    u_core/u_store/u_fabric/u_clb_x10y4/t_102
    SLICE_X47Y82         LUT5 (Prop_lut5_I2_O)        0.124  6148.413 r  u_core/u_store/i___63_i_13/O
                         net (fo=1, routed)           0.479  6148.892    u_core/u_fabric/t_121_517
    SLICE_X53Y80         LUT6 (Prop_lut6_I5_O)        0.124  6149.016 r  u_core/u_fabric/i___63_i_12/O
                         net (fo=1, routed)           0.647  6149.663    u_core/u_fabric/i___63_i_12_n_0
    SLICE_X54Y80         LUT5 (Prop_lut5_I4_O)        0.124  6149.787 r  u_core/u_fabric/i___63_i_7/O
                         net (fo=4, routed)           0.919  6150.705    u_core/u_fabric/r4763
    SLICE_X38Y79         LUT5 (Prop_lut5_I4_O)        0.124  6150.829 r  u_core/u_fabric/i___63_i_4/O
                         net (fo=1, routed)           0.495  6151.324    u_core/u_fabric/i___63_i_4_n_0
    SLICE_X39Y79         LUT5 (Prop_lut5_I4_O)        0.124  6151.448 r  u_core/u_fabric/i___63_i_1/O
                         net (fo=15, routed)          1.063  6152.511    u_core/u_fabric/r6155
    SLICE_X61Y69         LUT6 (Prop_lut6_I5_O)        0.124  6152.635 r  u_core/u_fabric/q_i_13__9__0/O
                         net (fo=2, routed)           0.924  6153.559    u_core/u_fabric/u_clb_x9y8/r1770
    SLICE_X45Y73         LUT5 (Prop_lut5_I1_O)        0.124  6153.683 r  u_core/u_fabric/u_clb_x9y8/q_i_7__31/O
                         net (fo=6, routed)           0.797  6154.480    u_core/u_fabric/r1765
    SLICE_X54Y69         LUT6 (Prop_lut6_I5_O)        0.124  6154.604 r  u_core/u_fabric/i___52_i_28/O
                         net (fo=2, routed)           0.793  6155.396    u_core/u_fabric/i___52_i_28_n_0
    SLICE_X53Y65         LUT5 (Prop_lut5_I4_O)        0.124  6155.521 r  u_core/u_fabric/i___52_i_15/O
                         net (fo=1, routed)           0.000  6155.521    u_core/u_fabric/i___52_i_15_n_0
    SLICE_X53Y65         MUXF7 (Prop_muxf7_I1_O)      0.217  6155.737 r  u_core/u_fabric/i___52_i_8/O
                         net (fo=2, routed)           0.681  6156.418    u_core/u_fabric/i___52_i_8_n_0
    SLICE_X52Y65         LUT5 (Prop_lut5_I4_O)        0.299  6156.717 r  u_core/u_fabric/i___52_i_2/O
                         net (fo=15, routed)          0.684  6157.401    u_core/u_fabric/r6108
    SLICE_X46Y61         LUT6 (Prop_lut6_I5_O)        0.124  6157.525 r  u_core/u_fabric/d_q[12]_i_2/O
                         net (fo=1, routed)           1.594  6159.120    u_core/u_store/r2964
    SLICE_X19Y49         LUT3 (Prop_lut3_I2_O)        0.124  6159.244 r  u_core/u_store/d_q[12]_i_1__0/O
                         net (fo=3, routed)           1.079  6160.322    u_core/u_store/drive_reg[239][11]
    SLICE_X20Y46         LUT5 (Prop_lut5_I2_O)        0.124  6160.446 r  u_core/u_store/i__carry__2_i_8__2/O
                         net (fo=1, routed)           0.000  6160.446    u_core/u_fabric/u_dsp1/u_core/m_c_7[0]
    SLICE_X20Y46         CARRY4 (Prop_carry4_S[0]_O[1])
                                                      0.427  6160.873 r  u_core/u_fabric/u_dsp1/u_core/__5/i__carry__2/O[1]
                         net (fo=1, routed)           0.578  6161.451    u_core/u_store/m_c_9[1]
    SLICE_X19Y48         LUT3 (Prop_lut3_I0_O)        0.306  6161.757 r  u_core/u_store/m_c_i_30__0/O
                         net (fo=1, routed)           0.556  6162.314    u_core/u_fabric/u_dsp1/u_core/m_c_2[13]
    DSP48_X1Y19          DSP48E1 (Prop_dsp48e1_A[13]_P[9])
                                                      3.841  6166.155 r  u_core/u_fabric/u_dsp1/u_core/m_c/P[9]
                         net (fo=2, routed)           0.661  6166.816    u_core/u_fabric/u_dsp1/u_core/m_c__0[9]
    SLICE_X22Y48         LUT3 (Prop_lut3_I2_O)        0.124  6166.940 r  u_core/u_fabric/u_dsp1/u_core/i__carry__1_i_3__1/O
                         net (fo=2, routed)           0.906  6167.846    u_core/u_fabric/u_dsp1/u_core/m_x[9]
    SLICE_X28Y51         CARRY4 (Prop_carry4_DI[1]_CO[3])
                                                      0.507  6168.353 r  u_core/u_fabric/u_dsp1/u_core/__10/i__carry__1/CO[3]
                         net (fo=1, routed)           0.000  6168.353    u_core/u_fabric/u_dsp1/u_core/__10/i__carry__1_n_0
    SLICE_X28Y52         CARRY4 (Prop_carry4_CI_O[3])
                                                      0.329  6168.682 r  u_core/u_fabric/u_dsp1/u_core/__10/i__carry__2/O[3]
                         net (fo=2, routed)           0.585  6169.267    u_core/u_fabric/u_dsp1/u_core/__10/i__carry__2_n_4
    SLICE_X29Y52         LUT3 (Prop_lut3_I2_O)        0.306  6169.573 r  u_core/u_fabric/u_dsp1/u_core/sr[63]_i_2__0/O
                         net (fo=3, routed)           1.075  6170.648    u_core/u_fabric/dsp_p[63]
    SLICE_X47Y57         LUT5 (Prop_lut5_I4_O)        0.124  6170.772 r  u_core/u_fabric/i___349_i_16/O
                         net (fo=1, routed)           0.000  6170.772    u_core/u_fabric/i___349_i_16_n_0
    SLICE_X47Y57         MUXF7 (Prop_muxf7_I0_O)      0.212  6170.984 r  u_core/u_fabric/i___349_i_12/O
                         net (fo=1, routed)           0.437  6171.421    u_core/u_fabric/i___349_i_12_n_0
    SLICE_X47Y54         LUT6 (Prop_lut6_I5_O)        0.299  6171.720 r  u_core/u_fabric/i___349_i_7/O
                         net (fo=14, routed)          1.565  6173.284    u_core/u_fabric/r6124
    SLICE_X56Y76         LUT4 (Prop_lut4_I3_O)        0.124  6173.408 r  u_core/u_fabric/i___354_i_9/O
                         net (fo=7, routed)           0.961  6174.370    u_core/u_fabric/r5318
    SLICE_X53Y79         LUT5 (Prop_lut5_I4_O)        0.124  6174.494 r  u_core/u_fabric/i___65_i_20/O
                         net (fo=1, routed)           0.000  6174.494    u_core/u_fabric/i___65_i_20_n_0
    SLICE_X53Y79         MUXF7 (Prop_muxf7_I1_O)      0.217  6174.710 r  u_core/u_fabric/i___65_i_14/O
                         net (fo=2, routed)           0.458  6175.169    u_core/u_fabric/i___65_i_14_n_0
    SLICE_X52Y82         LUT3 (Prop_lut3_I2_O)        0.299  6175.468 r  u_core/u_fabric/i___65_i_8/O
                         net (fo=14, routed)          0.913  6176.381    u_core/u_fabric/r6191
    SLICE_X62Y77         LUT3 (Prop_lut3_I2_O)        0.124  6176.505 r  u_core/u_fabric/i___65_i_3/O
                         net (fo=1, routed)           0.483  6176.989    u_core/u_fabric/i___65_i_3_n_0
    SLICE_X62Y77         LUT6 (Prop_lut6_I4_O)        0.124  6177.113 r  u_core/u_fabric/i___65/O
                         net (fo=2, routed)           0.422  6177.535    u_core/u_fabric/i___65_n_0
    SLICE_X63Y75         LUT5 (Prop_lut5_I0_O)        0.124  6177.659 r  u_core/u_fabric/i___64_i_10/O
                         net (fo=15, routed)          0.849  6178.508    u_core/u_fabric/r6179
    SLICE_X54Y84         LUT6 (Prop_lut6_I5_O)        0.124  6178.632 r  u_core/u_fabric/i___73_i_13/O
                         net (fo=1, routed)           0.670  6179.302    u_core/u_fabric/i___73_i_13_n_0
    SLICE_X54Y84         LUT5 (Prop_lut5_I0_O)        0.124  6179.426 r  u_core/u_fabric/i___73_i_11/O
                         net (fo=2, routed)           1.215  6180.642    u_core/u_fabric/r4769
    SLICE_X50Y64         LUT6 (Prop_lut6_I5_O)        0.124  6180.766 r  u_core/u_fabric/i___73_i_7/O
                         net (fo=1, routed)           0.000  6180.766    u_core/u_fabric/i___73_i_7_n_0
    SLICE_X50Y64         MUXF7 (Prop_muxf7_I1_O)      0.214  6180.979 r  u_core/u_fabric/i___73_i_4/O
                         net (fo=1, routed)           0.569  6181.549    u_core/u_fabric/i___73_i_4_n_0
    SLICE_X50Y63         LUT6 (Prop_lut6_I5_O)        0.297  6181.846 r  u_core/u_fabric/i___73_i_1/O
                         net (fo=17, routed)          1.091  6182.936    u_core/u_fabric/r6104
    SLICE_X57Y54         LUT6 (Prop_lut6_I5_O)        0.124  6183.060 r  u_core/u_fabric/c_q[40]_i_13/O
                         net (fo=1, routed)           0.000  6183.060    u_core/u_fabric/c_q[40]_i_13_n_0
    SLICE_X57Y54         MUXF7 (Prop_muxf7_I0_O)      0.212  6183.272 r  u_core/u_fabric/c_q_reg[40]_i_8/O
                         net (fo=1, routed)           0.000  6183.272    u_core/u_fabric/c_q_reg[40]_i_8_n_0
    SLICE_X57Y54         MUXF8 (Prop_muxf8_I1_O)      0.094  6183.366 r  u_core/u_fabric/c_q_reg[40]_i_3/O
                         net (fo=17, routed)          1.432  6184.798    u_core/u_fabric/r4847
    SLICE_X36Y40         LUT6 (Prop_lut6_I5_O)        0.316  6185.114 r  u_core/u_fabric/i___391_1_i_3/O
                         net (fo=2, routed)           0.687  6185.801    u_core/u_fabric/i___391_1_i_3_n_0
    SLICE_X36Y39         LUT5 (Prop_lut5_I2_O)        0.124  6185.925 r  u_core/u_fabric/i___391_1_i_1/O
                         net (fo=16, routed)          0.660  6186.585    u_core/u_fabric/r5954
    SLICE_X32Y39         LUT6 (Prop_lut6_I5_O)        0.124  6186.709 r  u_core/u_fabric/q_i_22__22/O
                         net (fo=3, routed)           0.671  6187.380    u_core/u_fabric/u_clb_x7y10/r3797
    SLICE_X37Y42         LUT5 (Prop_lut5_I3_O)        0.124  6187.504 r  u_core/u_fabric/u_clb_x7y10/q_i_13__29/O
                         net (fo=5, routed)           0.801  6188.305    u_core/u_fabric/u_clb_x7y10/g_frame[69].cfg_reg[8926]
    SLICE_X38Y33         LUT3 (Prop_lut3_I0_O)        0.124  6188.429 r  u_core/u_fabric/u_clb_x7y10/q_i_11__41/O
                         net (fo=1, routed)           0.443  6188.872    u_core/u_fabric/u_clb_x7y10/u_clb_x6y9/di
    SLICE_X38Y35         LUT5 (Prop_lut5_I2_O)        0.124  6188.996 r  u_core/u_fabric/u_clb_x7y10/q_i_6__64/O
                         net (fo=2, routed)           0.484  6189.479    u_core/u_store/cy_sum_699
    SLICE_X42Y35         LUT5 (Prop_lut5_I0_O)        0.124  6189.604 r  u_core/u_store/q_i_3__75/O
                         net (fo=3, routed)           0.611  6190.214    u_core/u_fabric/comb_595
    SLICE_X44Y38         LUT6 (Prop_lut6_I3_O)        0.124  6190.338 r  u_core/u_fabric/i___391_1_i_4/O
                         net (fo=15, routed)          0.950  6191.288    u_core/u_fabric/r5961
    SLICE_X55Y41         LUT6 (Prop_lut6_I5_O)        0.124  6191.412 r  u_core/u_fabric/i___451_1_i_10__0/O
                         net (fo=1, routed)           0.402  6191.814    u_core/u_fabric/i___451_1_i_10__0_n_0
    SLICE_X55Y41         LUT5 (Prop_lut5_I0_O)        0.124  6191.938 r  u_core/u_fabric/i___451_1_i_7/O
                         net (fo=3, routed)           0.888  6192.826    u_core/u_fabric/r5190
    SLICE_X46Y45         LUT5 (Prop_lut5_I4_O)        0.124  6192.950 r  u_core/u_fabric/i___451_1_i_3__0__0/O
                         net (fo=1, routed)           0.966  6193.916    u_core/u_fabric/i___451_1_i_3__0__0_n_0
    SLICE_X54Y42         LUT5 (Prop_lut5_I0_O)        0.124  6194.040 r  u_core/u_fabric/i___451_1_i_1__0__0/O
                         net (fo=1, routed)           0.165  6194.205    u_core/u_fabric/i___451_1_i_1__0__0_n_0
    SLICE_X54Y42         LUT6 (Prop_lut6_I3_O)        0.124  6194.329 r  u_core/u_fabric/i___451_1__1/O
                         net (fo=11, routed)          0.481  6194.810    u_core/u_fabric/r5279
    SLICE_X56Y40         LUT5 (Prop_lut5_I4_O)        0.124  6194.934 r  u_core/u_fabric/i___168_i_3/O
                         net (fo=1, routed)           0.159  6195.093    u_core/u_fabric/i___168_i_3_n_0
    SLICE_X56Y40         LUT5 (Prop_lut5_I2_O)        0.124  6195.217 r  u_core/u_fabric/i___168_i_1/O
                         net (fo=15, routed)          1.080  6196.297    u_core/u_fabric/r5957
    SLICE_X36Y38         LUT6 (Prop_lut6_I5_O)        0.124  6196.421 r  u_core/u_fabric/q_i_20__7/O
                         net (fo=2, routed)           0.990  6197.412    u_core/u_store/r3798
    SLICE_X22Y37         LUT6 (Prop_lut6_I2_O)        0.124  6197.536 r  u_core/u_store/q_i_12__37/O
                         net (fo=1, routed)           1.226  6198.761    u_core/u_store/u_fabric/u_clb_x6y9/t_125
    SLICE_X37Y35         LUT6 (Prop_lut6_I0_O)        0.124  6198.885 r  u_core/u_store/q_i_7__70/O
                         net (fo=4, routed)           0.432  6199.317    u_core/u_store/lut_o6_531
    SLICE_X37Y35         LUT3 (Prop_lut3_I2_O)        0.124  6199.441 r  u_core/u_store/q_i_8__70/O
                         net (fo=2, routed)           0.679  6200.120    u_core/u_store/q_i_8__70_n_0
    SLICE_X37Y35         LUT6 (Prop_lut6_I5_O)        0.124  6200.244 r  u_core/u_store/sr[84]_i_2/O
                         net (fo=2, routed)           1.062  6201.306    u_core/u_fabric/i___8_i_10_0[57]
    SLICE_X54Y39         LUT5 (Prop_lut5_I4_O)        0.124  6201.430 r  u_core/u_fabric/i___235_i_13/O
                         net (fo=1, routed)           0.000  6201.430    u_core/u_fabric/i___235_i_13_n_0
    SLICE_X54Y39         MUXF7 (Prop_muxf7_I0_O)      0.209  6201.639 r  u_core/u_fabric/i___235_i_8/O
                         net (fo=1, routed)           0.469  6202.108    u_core/u_fabric/i___235_i_8_n_0
    SLICE_X54Y39         LUT6 (Prop_lut6_I5_O)        0.297  6202.405 r  u_core/u_fabric/i___235_i_3/O
                         net (fo=15, routed)          0.692  6203.097    u_core/u_fabric/r5955
    SLICE_X49Y40         LUT6 (Prop_lut6_I3_O)        0.124  6203.221 r  u_core/u_fabric/i___39_i_23/O
                         net (fo=1, routed)           0.433  6203.654    u_core/u_fabric/i___39_i_23_n_0
    SLICE_X49Y40         LUT5 (Prop_lut5_I4_O)        0.124  6203.778 r  u_core/u_fabric/i___39_i_15/O
                         net (fo=2, routed)           0.602  6204.380    u_core/u_fabric/i___39_i_15_n_0
    SLICE_X42Y40         LUT5 (Prop_lut5_I0_O)        0.124  6204.504 r  u_core/u_fabric/i___39_i_11/O
                         net (fo=3, routed)           1.022  6205.526    u_core/u_fabric/r4958
    SLICE_X30Y43         LUT6 (Prop_lut6_I3_O)        0.124  6205.650 r  u_core/u_fabric/i___39_i_6/O
                         net (fo=1, routed)           0.371  6206.021    u_core/u_fabric/i___39_i_6_n_0
    SLICE_X30Y43         LUT5 (Prop_lut5_I2_O)        0.124  6206.146 r  u_core/u_fabric/i___39_i_2/O
                         net (fo=14, routed)          0.619  6206.765    u_core/u_fabric/r6019
    SLICE_X30Y46         LUT6 (Prop_lut6_I5_O)        0.124  6206.889 r  u_core/u_fabric/d_q[5]_i_2__0/O
                         net (fo=1, routed)           0.816  6207.706    u_core/u_dsp_jtag/r2932
    SLICE_X21Y45         LUT3 (Prop_lut3_I2_O)        0.124  6207.830 r  u_core/u_dsp_jtag/d_q[5]_i_1__0/O
                         net (fo=3, routed)           0.436  6208.266    u_core/u_fabric/u_dsp1/u_core/d_q_reg[24]_1[5]
    SLICE_X20Y44         LUT3 (Prop_lut3_I2_O)        0.117  6208.383 r  u_core/u_fabric/u_dsp1/u_core/i__carry__0_i_3__2/O
                         net (fo=1, routed)           0.000  6208.383    u_core/u_fabric/u_dsp1/u_core/d_v[5]
    SLICE_X20Y44         CARRY4 (Prop_carry4_DI[1]_O[2])
                                                      0.497  6208.880 r  u_core/u_fabric/u_dsp1/u_core/__5/i__carry__0/O[2]
                         net (fo=1, routed)           0.407  6209.287    u_core/u_store/m_c_3[2]
    SLICE_X21Y44         LUT3 (Prop_lut3_I0_O)        0.301  6209.587 r  u_core/u_store/m_c_i_37__0/O
                         net (fo=1, routed)           0.535  6210.122    u_core/u_fabric/u_dsp1/u_core/m_c_2[6]
    DSP48_X1Y19          DSP48E1 (Prop_dsp48e1_A[6]_P[12])
                                                      3.841  6213.963 r  u_core/u_fabric/u_dsp1/u_core/m_c/P[12]
                         net (fo=2, routed)           0.758  6214.721    u_core/u_fabric/u_dsp1/u_core/m_c__0[12]
    SLICE_X23Y49         LUT3 (Prop_lut3_I2_O)        0.124  6214.845 r  u_core/u_fabric/u_dsp1/u_core/i__carry__2_i_4__1/O
                         net (fo=2, routed)           0.972  6215.817    u_core/u_fabric/u_dsp1/u_core/m_x[12]
    SLICE_X28Y52         CARRY4 (Prop_carry4_DI[0]_O[2])
                                                      0.573  6216.390 r  u_core/u_fabric/u_dsp1/u_core/__10/i__carry__2/O[2]
                         net (fo=2, routed)           0.501  6216.891    u_core/u_fabric/u_dsp1/u_core/__10/i__carry__2_n_5
    SLICE_X29Y52         LUT3 (Prop_lut3_I2_O)        0.302  6217.193 r  u_core/u_fabric/u_dsp1/u_core/sr[62]_i_2__0/O
                         net (fo=3, routed)           1.415  6218.608    u_core/u_fabric/dsp_p[62]
    SLICE_X54Y57         LUT5 (Prop_lut5_I4_O)        0.124  6218.732 r  u_core/u_fabric/i___410_0_i_5/O
                         net (fo=1, routed)           0.162  6218.894    u_core/u_fabric/i___410_0_i_5_n_0
    SLICE_X54Y57         LUT5 (Prop_lut5_I4_O)        0.124  6219.018 r  u_core/u_fabric/i___410_0_i_1/O
                         net (fo=19, routed)          0.758  6219.776    u_core/u_fabric/u_dsp0/u_core/r6101
    SLICE_X54Y61         LUT6 (Prop_lut6_I3_O)        0.124  6219.900 r  u_core/u_fabric/u_dsp0/u_core/c_q[47]_i_5/O
                         net (fo=1, routed)           0.492  6220.392    u_core/u_fabric/u_dsp0_n_35
    SLICE_X54Y61         LUT5 (Prop_lut5_I2_O)        0.124  6220.516 r  u_core/u_fabric/c_q[47]_i_2/O
                         net (fo=17, routed)          0.482  6220.998    u_core/u_fabric/r6085
    SLICE_X56Y60         LUT6 (Prop_lut6_I4_O)        0.124  6221.122 r  u_core/u_fabric/i___51_i_11/O
                         net (fo=1, routed)           0.524  6221.646    u_core/u_fabric/r6392
    SLICE_X58Y65         LUT6 (Prop_lut6_I2_O)        0.124  6221.770 r  u_core/u_fabric/i___51_i_5/O
                         net (fo=1, routed)           1.117  6222.887    u_core/u_fabric/i___51_i_5_n_0
    SLICE_X51Y81         LUT6 (Prop_lut6_I0_O)        0.124  6223.011 r  u_core/u_fabric/i___51_i_2/O
                         net (fo=15, routed)          0.713  6223.724    u_core/u_fabric/r6172
    SLICE_X42Y84         LUT6 (Prop_lut6_I5_O)        0.124  6223.848 r  u_core/u_fabric/a_q[22]_i_13__0/O
                         net (fo=1, routed)           0.675  6224.523    u_core/u_fabric/a_q[22]_i_13__0_n_0
    SLICE_X42Y84         LUT5 (Prop_lut5_I4_O)        0.124  6224.647 r  u_core/u_fabric/a_q[22]_i_7/O
                         net (fo=1, routed)           0.282  6224.929    u_core/u_fabric/a_q[22]_i_7_n_0
    SLICE_X42Y84         LUT5 (Prop_lut5_I0_O)        0.124  6225.053 r  u_core/u_fabric/a_q[22]_i_3__0/O
                         net (fo=17, routed)          1.786  6226.839    u_core/u_fabric/u_clb_x7y8/i___414_0_i_2_0
    SLICE_X55Y63         LUT6 (Prop_lut6_I5_O)        0.124  6226.963 r  u_core/u_fabric/u_clb_x7y8/i___414_0_i_4/O
                         net (fo=1, routed)           0.149  6227.112    u_core/u_fabric/u_clb_x7y8_n_4
    SLICE_X55Y63         LUT5 (Prop_lut5_I2_O)        0.124  6227.236 r  u_core/u_fabric/i___414_0_i_2/O
                         net (fo=15, routed)          1.142  6228.378    u_core/u_fabric/r6089
    SLICE_X57Y81         LUT4 (Prop_lut4_I3_O)        0.124  6228.502 r  u_core/u_fabric/i___414_0/O
                         net (fo=13, routed)          0.502  6229.004    u_core/u_fabric/r4768
    SLICE_X61Y79         LUT6 (Prop_lut6_I5_O)        0.124  6229.128 r  u_core/u_fabric/i___79_i_7/O
                         net (fo=1, routed)           0.264  6229.392    u_core/u_fabric/i___79_i_7_n_0
    SLICE_X61Y79         LUT5 (Prop_lut5_I2_O)        0.124  6229.516 r  u_core/u_fabric/i___79_i_2/O
                         net (fo=16, routed)          0.961  6230.477    u_core/u_fabric/r6225
    SLICE_X84Y82         LUT6 (Prop_lut6_I5_O)        0.124  6230.601 r  u_core/u_fabric/q_i_50__2/O
                         net (fo=16, routed)          0.319  6230.920    u_core/u_store/r1559
    SLICE_X85Y83         LUT6 (Prop_lut6_I2_O)        0.124  6231.044 r  u_core/u_store/q_i_54__2/O
                         net (fo=1, routed)           0.000  6231.044    u_core/u_store/u_fabric/u_clb_x11y3/t_103
    SLICE_X85Y83         MUXF7 (Prop_muxf7_I1_O)      0.217  6231.261 r  u_core/u_store/q_reg_i_44/O
                         net (fo=1, routed)           0.433  6231.694    u_core/u_store/u_fabric/u_clb_x11y3/t_115
    SLICE_X85Y83         LUT3 (Prop_lut3_I2_O)        0.299  6231.993 r  u_core/u_store/q_i_30__14/O
                         net (fo=2, routed)           0.753  6232.747    u_core/u_store/t_121_176
    SLICE_X92Y79         LUT5 (Prop_lut5_I0_O)        0.124  6232.871 r  u_core/u_store/q_i_20__14/O
                         net (fo=5, routed)           0.590  6233.461    u_core/u_store/r1549
    SLICE_X92Y76         LUT5 (Prop_lut5_I4_O)        0.124  6233.585 r  u_core/u_store/q_i_9__5/O
                         net (fo=3, routed)           0.424  6234.009    u_core/u_store/u_fabric/u_clb_x11y3/lut_o6
    SLICE_X93Y75         LUT3 (Prop_lut3_I2_O)        0.124  6234.133 r  u_core/u_store/q_i_10__10/O
                         net (fo=2, routed)           0.412  6234.545    u_core/u_store/q_i_10__10_n_0
    SLICE_X93Y75         LUT6 (Prop_lut6_I5_O)        0.124  6234.669 r  u_core/u_store/sr[28]_i_2/O
                         net (fo=3, routed)           0.733  6235.403    u_core/u_fabric/i___8_i_10_0[18]
    SLICE_X97Y71         LUT6 (Prop_lut6_I5_O)        0.124  6235.527 r  u_core/u_fabric/i___31_i_11/O
                         net (fo=2, routed)           0.421  6235.948    u_core/u_fabric/g_frame[122].cfg_reg[15681]
    SLICE_X101Y71        LUT3 (Prop_lut3_I2_O)        0.124  6236.072 r  u_core/u_fabric/i___31_i_4/O
                         net (fo=15, routed)          0.880  6236.952    u_core/u_fabric/r6326
    SLICE_X99Y85         LUT6 (Prop_lut6_I5_O)        0.124  6237.076 r  u_core/u_fabric/q_i_19__2/O
                         net (fo=5, routed)           0.733  6237.809    u_core/u_store/r3097
    SLICE_X91Y78         LUT5 (Prop_lut5_I3_O)        0.124  6237.933 r  u_core/u_store/i___272_i_27/O
                         net (fo=1, routed)           0.574  6238.506    u_core/u_fabric/t_121_557
    SLICE_X91Y80         LUT6 (Prop_lut6_I5_O)        0.124  6238.630 r  u_core/u_fabric/i___272_i_15/O
                         net (fo=1, routed)           0.624  6239.254    u_core/u_fabric/i___272_i_15_n_0
    SLICE_X91Y84         LUT5 (Prop_lut5_I4_O)        0.124  6239.378 r  u_core/u_fabric/i___272_i_4/O
                         net (fo=10, routed)          1.125  6240.503    u_core/u_fabric/r4969
    SLICE_X67Y85         LUT5 (Prop_lut5_I2_O)        0.124  6240.627 r  u_core/u_fabric/i___5_i_25/O
                         net (fo=1, routed)           0.565  6241.192    u_core/u_fabric/i___5_i_25_n_0
    SLICE_X66Y87         LUT5 (Prop_lut5_I4_O)        0.124  6241.316 r  u_core/u_fabric/i___5_i_16/O
                         net (fo=7, routed)           1.433  6242.750    u_core/u_fabric/r4967
    SLICE_X46Y69         LUT5 (Prop_lut5_I4_O)        0.124  6242.874 r  u_core/u_fabric/i___242_i_6/O
                         net (fo=1, routed)           0.282  6243.156    u_core/u_fabric/i___242_i_6_n_0
    SLICE_X46Y69         LUT5 (Prop_lut5_I4_O)        0.124  6243.280 r  u_core/u_fabric/i___242_i_2/O
                         net (fo=15, routed)          1.315  6244.594    u_core/u_fabric/r6173
    SLICE_X57Y82         LUT4 (Prop_lut4_I3_O)        0.124  6244.718 r  u_core/u_fabric/q_i_20__10/O
                         net (fo=2, routed)           0.632  6245.351    u_core/u_store/r2039
    SLICE_X55Y76         LUT5 (Prop_lut5_I3_O)        0.124  6245.475 r  u_core/u_store/q_i_8__34/O
                         net (fo=3, routed)           0.736  6246.210    u_core/u_store/u_fabric/u_clb_x9y5/lut_o6
    SLICE_X55Y80         LUT6 (Prop_lut6_I4_O)        0.124  6246.334 r  u_core/u_store/q_i_6__68/O
                         net (fo=3, routed)           0.564  6246.898    u_core/u_store/u_fabric/r2034
    SLICE_X55Y82         LUT6 (Prop_lut6_I2_O)        0.124  6247.022 r  u_core/u_store/i___272_i_6/O
                         net (fo=3, routed)           1.185  6248.207    u_core/u_fabric/i___8_i_10_0[36]
    SLICE_X42Y71         LUT6 (Prop_lut6_I5_O)        0.124  6248.331 r  u_core/u_fabric/i___70_i_12/O
                         net (fo=2, routed)           0.435  6248.765    u_core/u_fabric/i___70_i_12_n_0
    SLICE_X44Y71         LUT5 (Prop_lut5_I4_O)        0.124  6248.889 r  u_core/u_fabric/i___370_i_16/O
                         net (fo=1, routed)           0.727  6249.616    u_core/u_fabric/i___370_i_16_n_0
    SLICE_X50Y69         LUT6 (Prop_lut6_I3_O)        0.124  6249.740 r  u_core/u_fabric/i___370_i_11/O
                         net (fo=1, routed)           0.452  6250.192    u_core/u_fabric/i___370_i_11_n_0
    SLICE_X52Y69         LUT5 (Prop_lut5_I0_O)        0.124  6250.316 r  u_core/u_fabric/i___370_i_5/O
                         net (fo=1, routed)           0.912  6251.228    u_core/u_fabric/i___370_i_5_n_0
    SLICE_X51Y79         LUT6 (Prop_lut6_I0_O)        0.124  6251.352 r  u_core/u_fabric/i___370_i_3/O
                         net (fo=7, routed)           1.045  6252.397    u_core/u_fabric/r6208
    SLICE_X66Y70         LUT6 (Prop_lut6_I1_O)        0.124  6252.521 r  u_core/u_fabric/i___18_i_7/O
                         net (fo=2, routed)           0.412  6252.933    u_core/u_fabric/g_frame[118].cfg_reg[15121]
    SLICE_X67Y69         LUT6 (Prop_lut6_I0_O)        0.124  6253.057 r  u_core/u_fabric/i___2_i_13/O
                         net (fo=10, routed)          0.970  6254.027    u_core/u_fabric/r5424
    SLICE_X81Y60         LUT6 (Prop_lut6_I5_O)        0.124  6254.151 r  u_core/u_fabric/i___16_i_7/O
                         net (fo=1, routed)           0.000  6254.151    u_core/u_fabric/i___16_i_7_n_0
    SLICE_X81Y60         MUXF7 (Prop_muxf7_I1_O)      0.217  6254.368 r  u_core/u_fabric/i___16_i_5/O
                         net (fo=1, routed)           0.445  6254.812    u_core/u_fabric/i___16_i_5_n_0
    SLICE_X84Y60         LUT6 (Prop_lut6_I5_O)        0.299  6255.111 r  u_core/u_fabric/i___16_i_4/O
                         net (fo=6, routed)           0.980  6256.091    u_core/u_store/r5426
    SLICE_X95Y54         LUT6 (Prop_lut6_I3_O)        0.124  6256.215 r  u_core/u_store/i___468_1_i_7/O
                         net (fo=2, routed)           0.149  6256.364    u_core/u_fabric/capture_reg_i_2_0
    SLICE_X95Y54         LUT5 (Prop_lut5_I4_O)        0.124  6256.488 r  u_core/u_fabric/i___468_1_i_4__0/O
                         net (fo=2, routed)           0.621  6257.109    u_core/u_fabric/r5432
    SLICE_X94Y55         LUT6 (Prop_lut6_I0_O)        0.124  6257.233 r  u_core/u_fabric/i___468_1_i_2/O
                         net (fo=5, routed)           1.096  6258.329    u_core/u_fabric/r5341
    SLICE_X90Y70         LUT3 (Prop_lut3_I2_O)        0.124  6258.453 r  u_core/u_fabric/i___252_i_1/O
                         net (fo=1, routed)           0.493  6258.946    u_core/u_fabric/i___252_i_1_n_0
    SLICE_X90Y70         LUT6 (Prop_lut6_I0_O)        0.124  6259.070 r  u_core/u_fabric/i___252/O
                         net (fo=2, routed)           0.704  6259.775    u_core/u_fabric/i___252_n_0
    SLICE_X85Y68         LUT5 (Prop_lut5_I0_O)        0.124  6259.899 r  u_core/u_fabric/i___355_i_10/O
                         net (fo=2, routed)           0.904  6260.803    u_core/u_fabric/r6292
    SLICE_X66Y63         LUT6 (Prop_lut6_I0_O)        0.124  6260.927 r  u_core/u_fabric/i___355_i_7/O
                         net (fo=2, routed)           0.947  6261.874    u_core/u_fabric/i___355_i_7_n_0
    SLICE_X61Y51         LUT6 (Prop_lut6_I2_O)        0.124  6261.998 r  u_core/u_fabric/i___168_i_5/O
                         net (fo=14, routed)          1.241  6263.239    u_core/u_fabric/r5965
    SLICE_X44Y36         LUT6 (Prop_lut6_I1_O)        0.124  6263.363 r  u_core/u_fabric/i___202_i_17/O
                         net (fo=1, routed)           0.491  6263.854    u_core/u_fabric/i___202_i_17_n_0
    SLICE_X44Y36         LUT5 (Prop_lut5_I0_O)        0.124  6263.978 r  u_core/u_fabric/i___202_i_8/O
                         net (fo=8, routed)           1.123  6265.101    u_core/u_fabric/r5171
    SLICE_X40Y21         LUT6 (Prop_lut6_I5_O)        0.124  6265.225 r  u_core/u_fabric/i___375_i_26/O
                         net (fo=1, routed)           0.488  6265.713    u_core/u_fabric/i___375_i_26_n_0
    SLICE_X40Y21         LUT5 (Prop_lut5_I4_O)        0.124  6265.837 r  u_core/u_fabric/i___375_i_21/O
                         net (fo=2, routed)           0.418  6266.255    u_core/u_fabric/i___375_i_21_n_0
    SLICE_X42Y21         LUT5 (Prop_lut5_I0_O)        0.124  6266.379 r  u_core/u_fabric/i___375_i_17/O
                         net (fo=7, routed)           0.807  6267.187    u_core/u_fabric/r5816
    SLICE_X40Y20         LUT6 (Prop_lut6_I5_O)        0.124  6267.311 r  u_core/u_fabric/i___359_i_10/O
                         net (fo=1, routed)           0.559  6267.869    u_core/u_fabric/i___359_i_10_n_0
    SLICE_X40Y23         LUT5 (Prop_lut5_I0_O)        0.124  6267.993 r  u_core/u_fabric/i___359_i_7/O
                         net (fo=9, routed)           1.723  6269.716    u_core/u_fabric/r5290
    SLICE_X58Y50         LUT6 (Prop_lut6_I5_O)        0.124  6269.840 r  u_core/u_fabric/i___404_0_i_11/O
                         net (fo=1, routed)           0.502  6270.342    u_core/u_fabric/i___404_0_i_11_n_0
    SLICE_X58Y50         LUT5 (Prop_lut5_I2_O)        0.124  6270.466 r  u_core/u_fabric/i___404_0_i_6/O
                         net (fo=6, routed)           0.695  6271.161    u_core/u_fabric/r6056
    SLICE_X60Y51         LUT4 (Prop_lut4_I0_O)        0.124  6271.285 r  u_core/u_fabric/c_q[33]_i_3/O
                         net (fo=1, routed)           0.162  6271.446    u_core/u_fabric/c_q[33]_i_3_n_0
    SLICE_X60Y51         LUT6 (Prop_lut6_I0_O)        0.124  6271.570 r  u_core/u_fabric/c_q[33]_i_2/O
                         net (fo=1, routed)           1.500  6273.070    u_core/u_store/r3024
    SLICE_X31Y56         LUT3 (Prop_lut3_I2_O)        0.124  6273.194 r  u_core/u_store/c_q[33]_i_1__0/O
                         net (fo=2, routed)           0.162  6273.357    u_core/u_store/drive_reg[214][33]
    SLICE_X31Y56         LUT5 (Prop_lut5_I4_O)        0.124  6273.481 r  u_core/u_store/i__carry__7_i_11__0/O
                         net (fo=1, routed)           0.645  6274.126    u_core/u_store/i__carry__7_i_11__0_n_0
    SLICE_X28Y57         LUT5 (Prop_lut5_I4_O)        0.124  6274.250 r  u_core/u_store/i__carry__7_i_7__0/O
                         net (fo=1, routed)           0.000  6274.250    u_core/u_fabric/u_dsp1/u_core/p_q_reg[35]_0[1]
    SLICE_X28Y57         CARRY4 (Prop_carry4_S[1]_O[3])
                                                      0.640  6274.890 r  u_core/u_fabric/u_dsp1/u_core/__10/i__carry__7/O[3]
                         net (fo=2, routed)           0.646  6275.536    u_core/u_fabric/u_dsp1/u_core/__10/i__carry__7_n_4
    SLICE_X29Y57         LUT3 (Prop_lut3_I2_O)        0.306  6275.842 r  u_core/u_fabric/u_dsp1/u_core/sr[83]_i_2__0/O
                         net (fo=3, routed)           1.688  6277.530    u_core/u_fabric/dsp_p[83]
    SLICE_X52Y47         LUT5 (Prop_lut5_I4_O)        0.124  6277.654 r  u_core/u_fabric/i___359_i_4/O
                         net (fo=2, routed)           0.428  6278.082    u_core/u_fabric/i___359_i_4_n_0
    SLICE_X52Y46         LUT5 (Prop_lut5_I4_O)        0.124  6278.206 r  u_core/u_fabric/i___237_i_9/O
                         net (fo=1, routed)           0.584  6278.790    u_core/u_fabric/u_clb_x7y9/q_i_20__0__0_0
    SLICE_X51Y49         LUT6 (Prop_lut6_I2_O)        0.124  6278.914 r  u_core/u_fabric/u_clb_x7y9/i___237_i_6/O
                         net (fo=7, routed)           0.881  6279.795    u_core/u_fabric/u_bram1/u_core/r5183
    SLICE_X49Y36         LUT6 (Prop_lut6_I4_O)        0.124  6279.919 r  u_core/u_fabric/u_bram1/u_core/i___237_i_3/O
                         net (fo=1, routed)           0.468  6280.387    u_core/u_fabric/u_bram1_n_58
    SLICE_X50Y36         LUT5 (Prop_lut5_I2_O)        0.124  6280.511 r  u_core/u_fabric/i___237_i_2/O
                         net (fo=14, routed)          0.785  6281.296    u_core/u_fabric/r5953
    SLICE_X42Y45         LUT4 (Prop_lut4_I3_O)        0.124  6281.420 r  u_core/u_fabric/i___391_1_i_2__0/O
                         net (fo=2, routed)           0.495  6281.916    u_core/u_fabric/g_frame[81].cfg_reg[10410]
    SLICE_X42Y45         LUT6 (Prop_lut6_I5_O)        0.124  6282.040 r  u_core/u_fabric/i___391_1__0/O
                         net (fo=8, routed)           0.522  6282.562    u_core/u_store/r3562
    SLICE_X49Y46         MUXF7 (Prop_muxf7_S_O)       0.276  6282.837 r  u_core/u_store/q_reg_i_28__13/O
                         net (fo=1, routed)           0.000  6282.837    u_core/u_store/u_fabric/u_clb_x7y8/t_113
    SLICE_X49Y46         MUXF8 (Prop_muxf8_I1_O)      0.094  6282.932 r  u_core/u_store/q_reg_i_17__25/O
                         net (fo=4, routed)           0.683  6283.615    u_core/u_fabric/t_120_378
    SLICE_X47Y46         LUT6 (Prop_lut6_I3_O)        0.316  6283.931 r  u_core/u_fabric/i___356_i_18/O
                         net (fo=13, routed)          0.620  6284.551    u_core/u_fabric/r5157
    SLICE_X41Y44         LUT6 (Prop_lut6_I5_O)        0.124  6284.675 r  u_core/u_fabric/i___356_i_9/O
                         net (fo=4, routed)           0.614  6285.290    u_core/u_fabric/i___356_i_9_n_0
    SLICE_X42Y40         LUT5 (Prop_lut5_I2_O)        0.124  6285.414 r  u_core/u_fabric/i___375_i_11/O
                         net (fo=1, routed)           0.573  6285.987    u_core/u_fabric/i___375_i_11_n_0
    SLICE_X42Y37         LUT6 (Prop_lut6_I0_O)        0.124  6286.111 r  u_core/u_fabric/i___375_i_6/O
                         net (fo=9, routed)           0.691  6286.801    u_core/u_fabric/r5277
    SLICE_X39Y29         LUT6 (Prop_lut6_I5_O)        0.124  6286.925 r  u_core/u_fabric/i___361_i_14/O
                         net (fo=1, routed)           0.000  6286.925    u_core/u_fabric/i___361_i_14_n_0
    SLICE_X39Y29         MUXF7 (Prop_muxf7_I1_O)      0.217  6287.142 r  u_core/u_fabric/i___361_i_11/O
                         net (fo=2, routed)           0.449  6287.591    u_core/u_fabric/i___361_i_11_n_0
    SLICE_X39Y29         LUT6 (Prop_lut6_I5_O)        0.299  6287.890 r  u_core/u_fabric/i___361_i_7/O
                         net (fo=14, routed)          1.547  6289.437    u_core/u_fabric/r5879
    SLICE_X17Y10         LUT6 (Prop_lut6_I5_O)        0.124  6289.561 r  u_core/u_fabric/i___208_i_10/O
                         net (fo=1, routed)           0.402  6289.963    u_core/u_fabric/i___208_i_10_n_0
    SLICE_X17Y10         LUT5 (Prop_lut5_I0_O)        0.124  6290.087 r  u_core/u_fabric/i___208_i_4/O
                         net (fo=5, routed)           1.204  6291.291    u_core/u_fabric/r4933
    SLICE_X39Y13         LUT6 (Prop_lut6_I5_O)        0.124  6291.415 r  u_core/u_fabric/i___76_i_13/O
                         net (fo=1, routed)           0.000  6291.415    u_core/u_fabric/i___76_i_13_n_0
    SLICE_X39Y13         MUXF7 (Prop_muxf7_I1_O)      0.217  6291.632 r  u_core/u_fabric/i___76_i_9/O
                         net (fo=2, routed)           0.448  6292.080    u_core/u_fabric/i___76_i_9_n_0
    SLICE_X39Y13         LUT4 (Prop_lut4_I3_O)        0.299  6292.378 r  u_core/u_fabric/i___76_i_3/O
                         net (fo=14, routed)          0.868  6293.247    u_core/u_fabric/r5808
    SLICE_X32Y11         LUT6 (Prop_lut6_I5_O)        0.124  6293.371 r  u_core/u_fabric/q_i_20__13/O
                         net (fo=1, routed)           0.161  6293.532    u_core/u_fabric/q_i_20__13_n_0
    SLICE_X32Y11         LUT5 (Prop_lut5_I4_O)        0.124  6293.656 r  u_core/u_fabric/q_i_12__1/O
                         net (fo=1, routed)           0.466  6294.122    u_core/u_fabric/q_i_12__1_n_0
    SLICE_X32Y11         LUT5 (Prop_lut5_I0_O)        0.124  6294.246 r  u_core/u_fabric/q_i_7__6__0/O
                         net (fo=11, routed)          1.559  6295.805    u_core/u_fabric/r5174
    SLICE_X48Y40         LUT6 (Prop_lut6_I5_O)        0.124  6295.929 r  u_core/u_fabric/c_q[45]_i_5/O
                         net (fo=1, routed)           0.279  6296.208    u_core/u_fabric/c_q[45]_i_5_n_0
    SLICE_X48Y40         LUT5 (Prop_lut5_I2_O)        0.124  6296.333 r  u_core/u_fabric/c_q[45]_i_2__0/O
                         net (fo=18, routed)          0.790  6297.123    u_core/u_fabric/r6029
    SLICE_X45Y33         LUT6 (Prop_lut6_I5_O)        0.124  6297.247 r  u_core/u_fabric/i___75_i_31/O
                         net (fo=1, routed)           0.403  6297.650    u_core/u_fabric/i___75_i_31_n_0
    SLICE_X45Y33         LUT5 (Prop_lut5_I0_O)        0.124  6297.774 r  u_core/u_fabric/i___75_i_19/O
                         net (fo=13, routed)          1.396  6299.170    u_core/u_fabric/r4841
    SLICE_X30Y15         LUT6 (Prop_lut6_I5_O)        0.124  6299.294 r  u_core/u_fabric/i___452_1_i_3/O
                         net (fo=1, routed)           0.641  6299.935    u_core/u_fabric/i___452_1_i_3_n_0
    SLICE_X30Y9          LUT5 (Prop_lut5_I2_O)        0.124  6300.059 r  u_core/u_fabric/i___452_1_i_1/O
                         net (fo=15, routed)          1.609  6301.667    u_core/u_fabric/r5876
    SLICE_X46Y33         LUT6 (Prop_lut6_I5_O)        0.124  6301.791 r  u_core/u_fabric/i___33_i_13/O
                         net (fo=1, routed)           0.456  6302.247    u_core/u_fabric/i___33_i_13_n_0
    SLICE_X50Y33         LUT5 (Prop_lut5_I2_O)        0.124  6302.371 r  u_core/u_fabric/i___33_i_7/O
                         net (fo=5, routed)           0.871  6303.243    u_core/u_fabric/r5296
    SLICE_X53Y43         LUT6 (Prop_lut6_I3_O)        0.124  6303.367 r  u_core/u_fabric/i___33_i_4/O
                         net (fo=2, routed)           0.638  6304.004    u_core/u_fabric/i___33_i_4_n_0
    SLICE_X51Y43         LUT6 (Prop_lut6_I0_O)        0.124  6304.128 r  u_core/u_fabric/i___159_i_22/O
                         net (fo=1, routed)           0.453  6304.582    u_core/u_fabric/i___159_i_22_n_0
    SLICE_X50Y41         LUT5 (Prop_lut5_I2_O)        0.124  6304.706 r  u_core/u_fabric/i___159_i_15/O
                         net (fo=1, routed)           0.602  6305.307    u_core/u_fabric/i___159_i_15_n_0
    SLICE_X49Y35         LUT6 (Prop_lut6_I2_O)        0.124  6305.431 r  u_core/u_fabric/i___159_i_7/O
                         net (fo=11, routed)          1.222  6306.653    u_core/u_fabric/r4843
    SLICE_X22Y35         LUT6 (Prop_lut6_I5_O)        0.124  6306.777 r  u_core/u_fabric/mem_reg_i_173__0/O
                         net (fo=1, routed)           0.492  6307.269    u_core/u_fabric/mem_reg_i_173__0_n_0
    SLICE_X22Y35         LUT5 (Prop_lut5_I2_O)        0.124  6307.393 r  u_core/u_fabric/mem_reg_i_142/O
                         net (fo=15, routed)          1.759  6309.152    u_core/u_fabric/u_dsp1/u_core/i___374_i_2_2
    SLICE_X52Y10         LUT6 (Prop_lut6_I5_O)        0.124  6309.276 r  u_core/u_fabric/u_dsp1/u_core/i___374_i_6/O
                         net (fo=1, routed)           0.432  6309.708    u_core/u_fabric/u_dsp1_n_85
    SLICE_X51Y8          LUT5 (Prop_lut5_I2_O)        0.124  6309.833 r  u_core/u_fabric/i___374_i_2/O
                         net (fo=15, routed)          1.228  6311.061    u_core/u_fabric/u_clb_x7y8/i___43_i_8
    SLICE_X28Y16         LUT6 (Prop_lut6_I4_O)        0.124  6311.185 r  u_core/u_fabric/u_clb_x7y8/i___43_i_14/O
                         net (fo=1, routed)           0.161  6311.346    u_core/u_fabric/u_clb_x7y8_n_8
    SLICE_X28Y16         LUT5 (Prop_lut5_I2_O)        0.124  6311.470 r  u_core/u_fabric/i___43_i_8/O
                         net (fo=9, routed)           1.101  6312.571    u_core/u_fabric/u_clb_x7y8/r4744
    SLICE_X32Y33         LUT6 (Prop_lut6_I4_O)        0.124  6312.695 r  u_core/u_fabric/u_clb_x7y8/i___43_i_3/O
                         net (fo=1, routed)           0.161  6312.856    u_core/u_fabric/u_clb_x7y8_n_7
    SLICE_X32Y33         LUT5 (Prop_lut5_I2_O)        0.124  6312.980 r  u_core/u_fabric/i___43_i_1/O
                         net (fo=14, routed)          0.946  6313.927    u_core/u_fabric/r5952
    SLICE_X46Y39         LUT6 (Prop_lut6_I4_O)        0.124  6314.051 r  u_core/u_fabric/i___282/O
                         net (fo=2, routed)           0.323  6314.374    u_core/u_fabric/i___282_n_0
    SLICE_X46Y40         LUT5 (Prop_lut5_I2_O)        0.124  6314.498 r  u_core/u_fabric/i___279_i_8/O
                         net (fo=1, routed)           0.403  6314.901    u_core/u_fabric/i___279_i_8_n_0
    SLICE_X47Y41         LUT6 (Prop_lut6_I2_O)        0.124  6315.025 r  u_core/u_fabric/i___279_i_4/O
                         net (fo=3, routed)           0.483  6315.508    u_core/u_fabric/r5982
    SLICE_X47Y40         LUT6 (Prop_lut6_I0_O)        0.124  6315.632 r  u_core/u_fabric/i___279_i_3/O
                         net (fo=2, routed)           1.030  6316.663    u_core/u_fabric/i___279_i_3_n_0
    SLICE_X60Y43         LUT6 (Prop_lut6_I4_O)        0.124  6316.787 r  u_core/u_fabric/i___279/O
                         net (fo=1, routed)           0.775  6317.562    u_core/u_fabric/i___279_n_0
    SLICE_X49Y43         LUT6 (Prop_lut6_I5_O)        0.124  6317.686 r  u_core/u_fabric/i___46_i_13/O
                         net (fo=2, routed)           1.306  6318.992    u_core/u_fabric/r5287
    SLICE_X49Y16         LUT5 (Prop_lut5_I0_O)        0.124  6319.116 r  u_core/u_fabric/i___280_i_23/O
                         net (fo=1, routed)           0.622  6319.737    u_core/u_fabric/i___280_i_23_n_0
    SLICE_X49Y15         LUT5 (Prop_lut5_I4_O)        0.124  6319.861 r  u_core/u_fabric/i___280_i_15/O
                         net (fo=2, routed)           0.793  6320.654    u_core/u_fabric/r5281
    SLICE_X44Y12         LUT6 (Prop_lut6_I5_O)        0.124  6320.778 r  u_core/u_fabric/i___280_i_8/O
                         net (fo=1, routed)           0.307  6321.085    u_core/u_fabric/i___280_i_8_n_0
    SLICE_X43Y11         LUT5 (Prop_lut5_I4_O)        0.124  6321.209 r  u_core/u_fabric/i___280_i_2/O
                         net (fo=2, routed)           0.301  6321.511    u_core/u_fabric/i___280_i_2_n_0
    SLICE_X43Y10         LUT6 (Prop_lut6_I3_O)        0.124  6321.635 f  u_core/u_fabric/i___280/O
                         net (fo=1, routed)           0.422  6322.057    u_core/u_fabric/i___280_n_0
    SLICE_X42Y10         LUT6 (Prop_lut6_I1_O)        0.124  6322.181 r  u_core/u_fabric/i___279_i_22/O
                         net (fo=1, routed)           0.636  6322.816    u_core/u_fabric/i___279_i_22_n_0
    SLICE_X42Y9          LUT5 (Prop_lut5_I0_O)        0.124  6322.940 r  u_core/u_fabric/i___279_i_21/O
                         net (fo=1, routed)           0.455  6323.396    u_core/u_fabric/i___279_i_21_n_0
    SLICE_X42Y11         LUT5 (Prop_lut5_I2_O)        0.124  6323.520 r  u_core/u_fabric/i___279_i_20/O
                         net (fo=1, routed)           1.031  6324.550    u_core/u_store/i___279_i_18_0
    SLICE_X44Y30         LUT6 (Prop_lut6_I4_O)        0.124  6324.674 r  u_core/u_store/i___279_i_19/O
                         net (fo=1, routed)           0.655  6325.329    u_core/u_fabric/i___279_i_16_0
    SLICE_X45Y30         LUT5 (Prop_lut5_I2_O)        0.124  6325.453 r  u_core/u_fabric/i___279_i_18/O
                         net (fo=1, routed)           0.630  6326.083    u_core/u_fabric/i___279_i_18_n_0
    SLICE_X45Y35         LUT5 (Prop_lut5_I2_O)        0.124  6326.208 r  u_core/u_fabric/i___279_i_16/O
                         net (fo=1, routed)           0.550  6326.758    u_core/u_fabric/i___279_i_16_n_0
    SLICE_X47Y37         LUT5 (Prop_lut5_I0_O)        0.124  6326.882 r  u_core/u_fabric/i___279_i_10/O
                         net (fo=2, routed)           0.605  6327.487    u_core/u_fabric/i___279_i_10_n_0
    SLICE_X47Y40         LUT6 (Prop_lut6_I0_O)        0.124  6327.611 r  u_core/u_fabric/i___356_i_6/O
                         net (fo=6, routed)           0.762  6328.373    u_core/u_fabric/r5974
    SLICE_X43Y36         LUT6 (Prop_lut6_I0_O)        0.124  6328.497 r  u_core/u_fabric/i___375_i_19/O
                         net (fo=1, routed)           0.000  6328.497    u_core/u_fabric/i___375_i_19_n_0
    SLICE_X43Y36         MUXF7 (Prop_muxf7_I1_O)      0.217  6328.713 r  u_core/u_fabric/i___375_i_12/O
                         net (fo=2, routed)           0.592  6329.306    u_core/u_fabric/i___375_i_12_n_0
    SLICE_X42Y34         LUT5 (Prop_lut5_I2_O)        0.299  6329.604 r  u_core/u_fabric/i___90_i_28/O
                         net (fo=1, routed)           0.638  6330.242    u_core/u_fabric/i___90_i_28_n_0
    SLICE_X49Y29         LUT5 (Prop_lut5_I2_O)        0.124  6330.366 r  u_core/u_fabric/i___90_i_22/O
                         net (fo=1, routed)           0.404  6330.770    u_core/u_fabric/i___90_i_22_n_0
    SLICE_X49Y28         LUT6 (Prop_lut6_I4_O)        0.124  6330.894 r  u_core/u_fabric/i___90_i_15/O
                         net (fo=1, routed)           0.925  6331.818    u_core/u_fabric/i___90_i_15_n_0
    SLICE_X61Y23         LUT6 (Prop_lut6_I5_O)        0.124  6331.942 r  u_core/u_fabric/i___90_i_7/O
                         net (fo=1, routed)           0.587  6332.530    u_core/u_store/i___90
    SLICE_X69Y21         LUT6 (Prop_lut6_I2_O)        0.124  6332.654 r  u_core/u_store/i___90_i_2/O
                         net (fo=11, routed)          1.381  6334.035    u_core/u_fabric/r5573
    SLICE_X100Y23        LUT4 (Prop_lut4_I0_O)        0.124  6334.159 r  u_core/u_fabric/q_i_41__12/O
                         net (fo=1, routed)           0.689  6334.848    u_core/u_fabric/q_i_41__12_n_0
    SLICE_X100Y23        LUT6 (Prop_lut6_I5_O)        0.124  6334.972 r  u_core/u_fabric/q_i_24__7/O
                         net (fo=18, routed)          1.195  6336.167    u_core/u_store/r3456
    SLICE_X72Y19         LUT6 (Prop_lut6_I4_O)        0.124  6336.291 r  u_core/u_store/q_i_34__32/O
                         net (fo=1, routed)           0.000  6336.291    u_core/u_store/u_fabric/u_clb_x2y8/t_97
    SLICE_X72Y19         MUXF7 (Prop_muxf7_I1_O)      0.217  6336.508 r  u_core/u_store/q_reg_i_17__22/O
                         net (fo=2, routed)           0.631  6337.139    u_core/u_store/u_fabric/u_clb_x2y8/t_112
    SLICE_X85Y19         LUT5 (Prop_lut5_I4_O)        0.299  6337.438 r  u_core/u_store/q_i_7__60/O
                         net (fo=6, routed)           0.586  6338.024    u_core/u_fabric/r3447
    SLICE_X82Y22         LUT5 (Prop_lut5_I4_O)        0.124  6338.148 r  u_core/u_fabric/q_i_11__14/O
                         net (fo=7, routed)           0.870  6339.018    u_core/u_fabric/r5123
    SLICE_X79Y12         LUT5 (Prop_lut5_I4_O)        0.124  6339.142 r  u_core/u_fabric/i___101_i_8/O
                         net (fo=1, routed)           0.000  6339.142    u_core/u_fabric/i___101_i_8_n_0
    SLICE_X79Y12         MUXF7 (Prop_muxf7_I0_O)      0.212  6339.354 r  u_core/u_fabric/i___101_i_5/O
                         net (fo=2, routed)           0.713  6340.067    u_core/u_fabric/i___101_i_5_n_0
    SLICE_X78Y12         LUT6 (Prop_lut6_I5_O)        0.299  6340.366 r  u_core/u_fabric/i___101_i_2/O
                         net (fo=14, routed)          0.761  6341.126    u_core/u_fabric/r5561
    SLICE_X74Y11         LUT3 (Prop_lut3_I2_O)        0.124  6341.250 r  u_core/u_fabric/i___162_i_3/O
                         net (fo=1, routed)           0.661  6341.911    u_core/u_fabric/i___162_i_3_n_0
    SLICE_X74Y11         LUT6 (Prop_lut6_I4_O)        0.124  6342.035 r  u_core/u_fabric/i___162/O
                         net (fo=2, routed)           0.292  6342.328    u_core/u_fabric/g_frame[9].cfg_reg[1159]
    SLICE_X74Y11         LUT5 (Prop_lut5_I0_O)        0.124  6342.452 r  u_core/u_fabric/i___125_i_5/O
                         net (fo=14, routed)          0.869  6343.320    u_core/u_fabric/u_bram1/u_core/i___232_i_11_1
    SLICE_X70Y24         LUT6 (Prop_lut6_I3_O)        0.124  6343.444 r  u_core/u_fabric/u_bram1/u_core/i___232_i_16/O
                         net (fo=1, routed)           0.158  6343.603    u_core/u_fabric/u_bram1_n_54
    SLICE_X70Y24         LUT5 (Prop_lut5_I2_O)        0.124  6343.727 r  u_core/u_fabric/i___232_i_11/O
                         net (fo=2, routed)           0.874  6344.600    u_core/u_fabric/r4714
    SLICE_X86Y26         LUT6 (Prop_lut6_I1_O)        0.124  6344.724 r  u_core/u_fabric/din_qa[15]_i_5/O
                         net (fo=1, routed)           0.296  6345.020    u_core/u_fabric/din_qa[15]_i_5_n_0
    SLICE_X88Y26         LUT5 (Prop_lut5_I2_O)        0.124  6345.144 r  u_core/u_fabric/din_qa[15]_i_2/O
                         net (fo=15, routed)          0.882  6346.026    u_core/u_fabric/r5601
    SLICE_X94Y18         LUT6 (Prop_lut6_I5_O)        0.124  6346.150 r  u_core/u_fabric/din_qa[1]_i_7/O
                         net (fo=1, routed)           0.754  6346.904    u_core/u_fabric/din_qa[1]_i_7_n_0
    SLICE_X95Y8          LUT5 (Prop_lut5_I2_O)        0.124  6347.028 r  u_core/u_fabric/din_qa[1]_i_5/O
                         net (fo=8, routed)           0.613  6347.641    u_core/u_fabric/r5464
    SLICE_X93Y6          LUT6 (Prop_lut6_I5_O)        0.124  6347.765 r  u_core/u_fabric/q_i_53__1/O
                         net (fo=16, routed)          0.719  6348.484    u_core/u_store/r1887
    SLICE_X103Y10        LUT6 (Prop_lut6_I2_O)        0.124  6348.608 r  u_core/u_store/q_i_51__8/O
                         net (fo=1, routed)           0.000  6348.608    u_core/u_store/u_fabric/u_clb_x1y5/t_99
    SLICE_X103Y10        MUXF7 (Prop_muxf7_I1_O)      0.217  6348.825 r  u_core/u_store/q_reg_i_32__7/O
                         net (fo=1, routed)           0.433  6349.259    u_core/u_store/u_fabric/u_clb_x1y5/t_113
    SLICE_X103Y10        LUT3 (Prop_lut3_I2_O)        0.299  6349.558 r  u_core/u_store/q_i_19__8/O
                         net (fo=5, routed)           1.318  6350.875    u_core/u_fabric/t_120_254
    SLICE_X70Y6          LUT4 (Prop_lut4_I1_O)        0.124  6351.000 r  u_core/u_fabric/mem_reg_i_152/O
                         net (fo=15, routed)          0.692  6351.692    u_core/u_fabric/r4802
    SLICE_X62Y11         LUT5 (Prop_lut5_I4_O)        0.124  6351.816 r  u_core/u_fabric/i___74_i_14/O
                         net (fo=1, routed)           0.282  6352.098    u_core/u_fabric/i___74_i_14_n_0
    SLICE_X62Y11         LUT5 (Prop_lut5_I4_O)        0.124  6352.222 r  u_core/u_fabric/i___74_i_10/O
                         net (fo=11, routed)          1.430  6353.652    u_core/u_fabric/r4842
    SLICE_X44Y18         LUT6 (Prop_lut6_I5_O)        0.124  6353.776 r  u_core/u_fabric/i___93_i_17/O
                         net (fo=1, routed)           0.158  6353.935    u_core/u_fabric/i___93_i_17_n_0
    SLICE_X44Y18         LUT5 (Prop_lut5_I4_O)        0.124  6354.059 r  u_core/u_fabric/i___93_i_10/O
                         net (fo=2, routed)           0.670  6354.729    u_core/u_fabric/g_frame[42].cfg_reg[5399]
    SLICE_X45Y18         LUT5 (Prop_lut5_I0_O)        0.124  6354.853 r  u_core/u_fabric/i___93_i_4/O
                         net (fo=15, routed)          1.417  6356.270    u_core/u_fabric/r5798
    SLICE_X23Y9          LUT6 (Prop_lut6_I5_O)        0.124  6356.394 r  u_core/u_fabric/i___39_i_18/O
                         net (fo=1, routed)           0.403  6356.797    u_core/u_fabric/i___39_i_18_n_0
    SLICE_X23Y9          LUT5 (Prop_lut5_I0_O)        0.124  6356.921 r  u_core/u_fabric/i___39_i_12/O
                         net (fo=10, routed)          0.613  6357.534    u_core/u_fabric/r4948
    SLICE_X24Y12         LUT6 (Prop_lut6_I5_O)        0.124  6357.658 r  u_core/u_fabric/i___447_1_i_3/O
                         net (fo=1, routed)           0.000  6357.658    u_core/u_fabric/i___447_1_i_3_n_0
    SLICE_X24Y12         MUXF7 (Prop_muxf7_I1_O)      0.217  6357.875 r  u_core/u_fabric/i___447_1_i_1/O
                         net (fo=2, routed)           0.716  6358.591    u_core/u_fabric/i___447_1_i_1_n_0
    SLICE_X22Y16         LUT6 (Prop_lut6_I2_O)        0.299  6358.890 r  u_core/u_fabric/i___447_1__0/O
                         net (fo=1, routed)           0.769  6359.659    u_core/u_store/q_i_8__31
    SLICE_X23Y23         LUT5 (Prop_lut5_I1_O)        0.124  6359.783 r  u_core/u_store/q_i_17__13/O
                         net (fo=1, routed)           0.151  6359.934    u_core/u_fabric/u_clb_x5y9/t_123_277
    SLICE_X23Y23         LUT5 (Prop_lut5_I0_O)        0.124  6360.058 r  u_core/u_fabric/u_clb_x5y9/q_i_8__31/O
                         net (fo=3, routed)           0.934  6360.992    u_core/u_fabric/u_clb_x5y9/lut_o6
    SLICE_X23Y17         LUT6 (Prop_lut6_I2_O)        0.124  6361.116 r  u_core/u_fabric/u_clb_x5y9/q_i_22__23/O
                         net (fo=1, routed)           0.746  6361.862    u_core/u_store/cy_mux_680
    SLICE_X18Y14         LUT5 (Prop_lut5_I3_O)        0.124  6361.986 r  u_core/u_store/q_i_16__20/O
                         net (fo=1, routed)           0.456  6362.442    u_core/u_store/u_fabric/r3232
    SLICE_X18Y11         LUT4 (Prop_lut4_I3_O)        0.124  6362.566 r  u_core/u_store/q_i_8__62/O
                         net (fo=3, routed)           0.588  6363.154    u_core/u_store/u_fabric/r3500
    SLICE_X18Y7          LUT6 (Prop_lut6_I2_O)        0.124  6363.278 r  u_core/u_store/sr[83]_i_2/O
                         net (fo=3, routed)           1.277  6364.555    u_core/u_fabric/i___8_i_10_0[56]
    SLICE_X37Y19         LUT6 (Prop_lut6_I5_O)        0.124  6364.679 r  u_core/u_fabric/i___90_i_30/O
                         net (fo=2, routed)           0.310  6364.989    u_core/u_fabric/g_frame[58].cfg_reg[7445]
    SLICE_X37Y20         LUT3 (Prop_lut3_I2_O)        0.124  6365.113 r  u_core/u_fabric/i___90_i_23/O
                         net (fo=7, routed)           0.680  6365.793    u_core/u_fabric/r5894
    SLICE_X36Y26         LUT6 (Prop_lut6_I1_O)        0.124  6365.917 r  u_core/u_fabric/i___90_i_17/O
                         net (fo=1, routed)           0.000  6365.917    u_core/u_fabric/i___90_i_17_n_0
    SLICE_X36Y26         MUXF7 (Prop_muxf7_I1_O)      0.214  6366.131 r  u_core/u_fabric/i___90_i_9/O
                         net (fo=9, routed)           1.526  6367.657    u_core/u_fabric/r5377
    SLICE_X72Y13         LUT4 (Prop_lut4_I0_O)        0.297  6367.954 r  u_core/u_fabric/i___90_i_3/O
                         net (fo=14, routed)          1.362  6369.315    u_core/u_fabric/r5575
    SLICE_X96Y22         LUT5 (Prop_lut5_I0_O)        0.124  6369.439 r  u_core/u_fabric/i___382_i_12/O
                         net (fo=2, routed)           0.299  6369.738    u_core/u_fabric/i___382_i_12_n_0
    SLICE_X95Y22         LUT5 (Prop_lut5_I0_O)        0.124  6369.862 r  u_core/u_fabric/i___382_i_8/O
                         net (fo=2, routed)           0.299  6370.161    u_core/u_fabric/r4916
    SLICE_X97Y22         LUT6 (Prop_lut6_I3_O)        0.124  6370.285 r  u_core/u_fabric/i___190_i_22/O
                         net (fo=1, routed)           0.403  6370.688    u_core/u_fabric/i___190_i_22_n_0
    SLICE_X97Y22         LUT5 (Prop_lut5_I2_O)        0.124  6370.812 r  u_core/u_fabric/i___190_i_14/O
                         net (fo=13, routed)          1.118  6371.931    u_core/u_fabric/r5629
    SLICE_X79Y19         LUT4 (Prop_lut4_I2_O)        0.124  6372.055 r  u_core/u_fabric/mem_reg_i_177__0/O
                         net (fo=2, routed)           0.441  6372.495    u_core/u_fabric/mem_reg_i_177__0_n_0
    SLICE_X80Y19         LUT5 (Prop_lut5_I0_O)        0.124  6372.619 r  u_core/u_fabric/mem_reg_i_124/O
                         net (fo=9, routed)           0.743  6373.362    u_core/u_fabric/r5615
    SLICE_X84Y20         LUT5 (Prop_lut5_I4_O)        0.124  6373.486 r  u_core/u_fabric/i___442_1_i_9/O
                         net (fo=2, routed)           0.292  6373.778    u_core/u_fabric/i___442_1_i_9_n_0
    SLICE_X84Y20         LUT5 (Prop_lut5_I0_O)        0.124  6373.902 r  u_core/u_fabric/i___442_1_i_6__0/O
                         net (fo=8, routed)           0.471  6374.373    u_core/u_fabric/r5597
    SLICE_X85Y23         LUT4 (Prop_lut4_I3_O)        0.124  6374.497 r  u_core/u_fabric/q_i_26__27/O
                         net (fo=2, routed)           0.164  6374.660    u_core/u_fabric/g_frame[18].cfg_reg[2314]_0
    SLICE_X85Y23         LUT5 (Prop_lut5_I4_O)        0.124  6374.784 r  u_core/u_fabric/q_i_12__20/O
                         net (fo=4, routed)           0.650  6375.434    u_core/u_fabric/u_bram0/u_core/r1103
    SLICE_X79Y19         LUT5 (Prop_lut5_I3_O)        0.124  6375.558 r  u_core/u_fabric/u_bram0/u_core/i___442_1_i_11/O
                         net (fo=1, routed)           0.519  6376.077    u_core/u_fabric/t_121_13
    SLICE_X83Y22         LUT6 (Prop_lut6_I5_O)        0.124  6376.201 r  u_core/u_fabric/i___442_1_i_10__0/O
                         net (fo=1, routed)           0.282  6376.483    u_core/u_fabric/i___442_1_i_10__0_n_0
    SLICE_X85Y22         LUT5 (Prop_lut5_I4_O)        0.124  6376.607 r  u_core/u_fabric/i___442_1_i_9__0/O
                         net (fo=2, routed)           0.454  6377.061    u_core/u_fabric/r4484
    SLICE_X80Y22         LUT5 (Prop_lut5_I2_O)        0.124  6377.185 r  u_core/u_fabric/mem_reg_i_172/O
                         net (fo=1, routed)           0.280  6377.464    u_core/u_fabric/mem_reg_i_172_n_0
    SLICE_X80Y22         LUT5 (Prop_lut5_I2_O)        0.124  6377.588 r  u_core/u_fabric/mem_reg_i_114__0/O
                         net (fo=16, routed)          0.668  6378.256    u_core/u_fabric/u_bram1/u_core/r5624
    SLICE_X88Y17         LUT6 (Prop_lut6_I1_O)        0.124  6378.380 r  u_core/u_fabric/u_bram1/u_core/i___232_i_4/O
                         net (fo=2, routed)           0.412  6378.792    u_core/u_fabric/u_bram1_n_47
    SLICE_X89Y17         LUT5 (Prop_lut5_I2_O)        0.124  6378.916 r  u_core/u_fabric/i___232_i_1/O
                         net (fo=14, routed)          0.859  6379.775    u_core/u_fabric/r5638
    SLICE_X86Y27         LUT4 (Prop_lut4_I3_O)        0.124  6379.899 r  u_core/u_fabric/i___195_i_8/O
                         net (fo=6, routed)           0.973  6380.872    u_core/u_fabric/r4905
    SLICE_X87Y11         LUT6 (Prop_lut6_I3_O)        0.124  6380.996 r  u_core/u_fabric/i___195_i_2/O
                         net (fo=2, routed)           0.164  6381.160    u_core/u_fabric/i___195_i_2_n_0
    SLICE_X87Y11         LUT6 (Prop_lut6_I2_O)        0.124  6381.284 r  u_core/u_fabric/i___195/O
                         net (fo=1, routed)           0.445  6381.729    u_core/u_fabric/u_bram1/u_core/i___419_0_i_14
    SLICE_X87Y9          LUT6 (Prop_lut6_I1_O)        0.124  6381.853 r  u_core/u_fabric/u_bram1/u_core/i___419_0_i_20/O
                         net (fo=1, routed)           0.598  6382.450    u_core/u_fabric/t_120_18
    SLICE_X87Y16         LUT6 (Prop_lut6_I3_O)        0.124  6382.574 r  u_core/u_fabric/i___419_0_i_14/O
                         net (fo=1, routed)           0.000  6382.574    u_core/u_fabric/i___419_0_i_14_n_0
    SLICE_X87Y16         MUXF7 (Prop_muxf7_I1_O)      0.217  6382.791 r  u_core/u_fabric/i___419_0_i_8/O
                         net (fo=1, routed)           0.433  6383.225    u_core/u_fabric/i___419_0_i_8_n_0
    SLICE_X87Y16         LUT5 (Prop_lut5_I4_O)        0.299  6383.523 r  u_core/u_fabric/i___419_0_i_2/O
                         net (fo=13, routed)          0.893  6384.417    u_core/u_fabric/r5634
    SLICE_X79Y21         LUT5 (Prop_lut5_I4_O)        0.124  6384.541 r  u_core/u_fabric/i___419_0_i_3/O
                         net (fo=1, routed)           0.263  6384.804    u_core/u_fabric/i___419_0_i_3_n_0
    SLICE_X79Y21         LUT5 (Prop_lut5_I0_O)        0.124  6384.928 r  u_core/u_fabric/i___419_0_i_1/O
                         net (fo=14, routed)          0.677  6385.605    u_core/u_fabric/r5636
    SLICE_X66Y20         LUT6 (Prop_lut6_I0_O)        0.124  6385.729 r  u_core/u_fabric/i___419_1/O
                         net (fo=3, routed)           0.785  6386.515    u_core/u_fabric/u_clb_x2y10/r1908
    SLICE_X80Y20         LUT3 (Prop_lut3_I1_O)        0.124  6386.639 r  u_core/u_fabric/u_clb_x2y10/q_i_7__36/O
                         net (fo=4, routed)           0.833  6387.472    u_core/u_fabric/r1903
    SLICE_X81Y22         LUT5 (Prop_lut5_I4_O)        0.124  6387.596 r  u_core/u_fabric/i___135_i_14/O
                         net (fo=1, routed)           0.000  6387.596    u_core/u_fabric/i___135_i_14_n_0
    SLICE_X81Y22         MUXF7 (Prop_muxf7_I0_O)      0.212  6387.808 r  u_core/u_fabric/i___135_i_13/O
                         net (fo=1, routed)           0.433  6388.241    u_core/u_fabric/i___135_i_13_n_0
    SLICE_X81Y22         LUT5 (Prop_lut5_I4_O)        0.299  6388.540 r  u_core/u_fabric/i___135_i_10/O
                         net (fo=14, routed)          1.695  6390.235    u_core/u_fabric/r4826
    SLICE_X42Y9          LUT5 (Prop_lut5_I4_O)        0.124  6390.359 r  u_core/u_fabric/i___74_i_16/O
                         net (fo=2, routed)           0.389  6390.749    u_core/u_fabric/i___74_i_16_n_0
    SLICE_X42Y9          LUT5 (Prop_lut5_I4_O)        0.124  6390.873 r  u_core/u_fabric/i___74_i_11/O
                         net (fo=14, routed)          1.274  6392.146    u_core/u_fabric/r4840
    SLICE_X41Y31         LUT6 (Prop_lut6_I5_O)        0.124  6392.271 r  u_core/u_fabric/i___108_i_8/O
                         net (fo=1, routed)           0.149  6392.419    u_core/u_fabric/i___108_i_8_n_0
    SLICE_X41Y31         LUT5 (Prop_lut5_I2_O)        0.124  6392.543 r  u_core/u_fabric/i___108_i_3/O
                         net (fo=15, routed)          0.625  6393.169    u_core/u_fabric/r5933
    SLICE_X42Y26         LUT6 (Prop_lut6_I4_O)        0.124  6393.293 r  u_core/u_fabric/i___108/O
                         net (fo=2, routed)           0.414  6393.708    u_core/u_fabric/i___108_n_0
    SLICE_X43Y26         LUT5 (Prop_lut5_I0_O)        0.124  6393.832 r  u_core/u_fabric/i___435_1_i_6__0/O
                         net (fo=8, routed)           0.514  6394.346    u_core/u_fabric/r4397
    SLICE_X42Y23         LUT6 (Prop_lut6_I5_O)        0.124  6394.470 r  u_core/u_fabric/i___441_1_i_5/O
                         net (fo=1, routed)           0.499  6394.968    u_core/u_fabric/i___441_1_i_5_n_0
    SLICE_X42Y23         LUT5 (Prop_lut5_I4_O)        0.124  6395.092 r  u_core/u_fabric/i___441_1_i_2/O
                         net (fo=2, routed)           0.339  6395.431    u_core/u_fabric/i___441_1_i_2_n_0
    SLICE_X43Y25         LUT5 (Prop_lut5_I0_O)        0.124  6395.555 r  u_core/u_fabric/i___171_i_1/O
                         net (fo=17, routed)          1.153  6396.708    u_core/u_fabric/r5774
    SLICE_X31Y17         LUT6 (Prop_lut6_I5_O)        0.124  6396.832 r  u_core/u_fabric/p_q[47]_i_9/O
                         net (fo=2, routed)           0.412  6397.244    u_core/u_fabric/g_frame[53].cfg_reg[6856]
    SLICE_X31Y17         LUT5 (Prop_lut5_I2_O)        0.124  6397.368 r  u_core/u_fabric/p_q[47]_i_8/O
                         net (fo=15, routed)          1.328  6398.696    u_core/u_fabric/u_dsp1/u_core/i___86_i_31
    SLICE_X34Y40         LUT6 (Prop_lut6_I0_O)        0.124  6398.820 r  u_core/u_fabric/u_dsp1/u_core/c_q[44]_i_4/O
                         net (fo=2, routed)           0.444  6399.264    u_core/u_fabric/u_dsp1_n_83
    SLICE_X32Y40         LUT6 (Prop_lut6_I3_O)        0.124  6399.388 r  u_core/u_fabric/i___86_i_31/O
                         net (fo=1, routed)           0.000  6399.388    u_core/u_fabric/i___86_i_31_n_0
    SLICE_X32Y40         MUXF7 (Prop_muxf7_I0_O)      0.209  6399.597 r  u_core/u_fabric/i___86_i_22/O
                         net (fo=11, routed)          1.591  6401.188    u_core/u_fabric/u_clb_x7y2/i___86_i_3_0
    SLICE_X30Y13         LUT6 (Prop_lut6_I4_O)        0.297  6401.485 r  u_core/u_fabric/u_clb_x7y2/i___86_i_9/O
                         net (fo=1, routed)           0.171  6401.656    u_core/u_fabric/u_clb_x7y2_n_4
    SLICE_X30Y13         LUT5 (Prop_lut5_I2_O)        0.124  6401.780 r  u_core/u_fabric/i___86_i_3/O
                         net (fo=14, routed)          0.843  6402.624    u_core/u_fabric/r5869
    SLICE_X20Y13         LUT6 (Prop_lut6_I4_O)        0.124  6402.748 r  u_core/u_fabric/i___87/O
                         net (fo=2, routed)           0.446  6403.193    u_core/u_fabric/i___87_n_0
    SLICE_X19Y13         LUT5 (Prop_lut5_I2_O)        0.124  6403.317 r  u_core/u_fabric/i___284_i_17/O
                         net (fo=1, routed)           0.697  6404.014    u_core/u_fabric/i___284_i_17_n_0
    SLICE_X18Y23         LUT6 (Prop_lut6_I2_O)        0.124  6404.138 r  u_core/u_fabric/i___284_i_7/O
                         net (fo=5, routed)           1.204  6405.342    u_core/u_fabric/r4524
    SLICE_X24Y39         LUT6 (Prop_lut6_I5_O)        0.124  6405.466 r  u_core/u_fabric/i___284_i_34/O
                         net (fo=1, routed)           0.162  6405.628    u_core/u_fabric/i___284_i_34_n_0
    SLICE_X24Y39         LUT6 (Prop_lut6_I0_O)        0.124  6405.752 r  u_core/u_fabric/i___284_i_20/O
                         net (fo=2, routed)           0.415  6406.167    u_core/u_fabric/i___284_i_20_n_0
    SLICE_X25Y40         LUT5 (Prop_lut5_I4_O)        0.124  6406.292 r  u_core/u_fabric/i___244_i_25/O
                         net (fo=1, routed)           0.441  6406.733    u_core/u_fabric/i___244_i_25_n_0
    SLICE_X27Y37         LUT5 (Prop_lut5_I0_O)        0.124  6406.857 r  u_core/u_fabric/i___244_i_14/O
                         net (fo=1, routed)           0.154  6407.011    u_core/u_fabric/i___244_i_14_n_0
    SLICE_X27Y37         LUT6 (Prop_lut6_I0_O)        0.124  6407.135 r  u_core/u_fabric/i___244_i_7/O
                         net (fo=4, routed)           0.592  6407.728    u_core/u_fabric/u_dsp1/u_core/i___282_i_2
    SLICE_X29Y37         LUT6 (Prop_lut6_I4_O)        0.124  6407.852 r  u_core/u_fabric/u_dsp1/u_core/i___244_i_2/O
                         net (fo=2, routed)           0.308  6408.160    u_core/u_fabric/u_dsp1_n_87
    SLICE_X29Y38         LUT5 (Prop_lut5_I2_O)        0.124  6408.284 r  u_core/u_fabric/i___282_i_2/O
                         net (fo=15, routed)          0.681  6408.965    u_core/u_fabric/u_bram1/u_core/r5950
    SLICE_X28Y34         LUT6 (Prop_lut6_I3_O)        0.124  6409.089 r  u_core/u_fabric/u_bram1/u_core/i___26_i_28/O
                         net (fo=1, routed)           0.158  6409.247    u_core/u_fabric/u_bram1_n_43
    SLICE_X28Y34         LUT5 (Prop_lut5_I2_O)        0.124  6409.371 r  u_core/u_fabric/i___26_i_20/O
                         net (fo=8, routed)           1.168  6410.540    u_core/u_fabric/u_clb_x6y8/r4943
    SLICE_X48Y26         LUT6 (Prop_lut6_I5_O)        0.124  6410.664 r  u_core/u_fabric/u_clb_x6y8/i___253_i_7/O
                         net (fo=1, routed)           0.626  6411.290    u_core/u_fabric/u_clb_x6y8_n_1
    SLICE_X48Y27         LUT5 (Prop_lut5_I2_O)        0.124  6411.414 r  u_core/u_fabric/i___253_i_2/O
                         net (fo=16, routed)          1.116  6412.530    u_core/u_fabric/r5781
    SLICE_X38Y17         LUT5 (Prop_lut5_I4_O)        0.124  6412.654 r  u_core/u_fabric/i___150_i_18/O
                         net (fo=1, routed)           0.429  6413.083    u_core/u_fabric/i___150_i_18_n_0
    SLICE_X37Y19         LUT5 (Prop_lut5_I0_O)        0.124  6413.207 r  u_core/u_fabric/i___150_i_17/O
                         net (fo=1, routed)           0.263  6413.470    u_core/u_fabric/i___150_i_17_n_0
    SLICE_X37Y19         LUT5 (Prop_lut5_I4_O)        0.124  6413.594 r  u_core/u_fabric/i___150_i_14/O
                         net (fo=1, routed)           0.916  6414.510    u_core/u_fabric/i___150_i_14_n_0
    SLICE_X61Y19         LUT5 (Prop_lut5_I2_O)        0.124  6414.634 r  u_core/u_fabric/i___150_i_8/O
                         net (fo=1, routed)           0.000  6414.634    u_core/u_fabric/i___150_i_8_n_0
    SLICE_X61Y19         MUXF7 (Prop_muxf7_I0_O)      0.212  6414.846 r  u_core/u_fabric/i___150_i_3/O
                         net (fo=13, routed)          0.808  6415.654    u_core/u_fabric/u_bram1/u_core/r5695
    SLICE_X53Y15         LUT6 (Prop_lut6_I0_O)        0.299  6415.953 r  u_core/u_fabric/u_bram1/u_core/i___244_i_22/O
                         net (fo=8, routed)           0.877  6416.830    u_core/u_fabric/u_bram1/u_core/r1672
    SLICE_X52Y6          MUXF7 (Prop_muxf7_S_O)       0.296  6417.126 r  u_core/u_fabric/u_bram1/u_core/i___244_i_15/O
                         net (fo=1, routed)           0.000  6417.126    u_core/u_fabric/u_clb_x7y8/t_112
    SLICE_X52Y6          MUXF8 (Prop_muxf8_I0_O)      0.104  6417.230 r  u_core/u_fabric/u_clb_x7y8/i___244_i_10/O
                         net (fo=4, routed)           0.674  6417.904    u_core/u_fabric/t_120
    SLICE_X53Y13         LUT6 (Prop_lut6_I1_O)        0.316  6418.220 r  u_core/u_fabric/i___244_i_5/O
                         net (fo=13, routed)          1.820  6420.040    u_core/u_fabric/r4718
    SLICE_X24Y30         LUT6 (Prop_lut6_I5_O)        0.124  6420.164 r  u_core/u_fabric/i___148_i_3/O
                         net (fo=2, routed)           0.158  6420.322    u_core/u_fabric/i___148_i_3_n_0
    SLICE_X24Y30         LUT6 (Prop_lut6_I5_O)        0.124  6420.446 r  u_core/u_fabric/a_q[22]_i_13/O
                         net (fo=1, routed)           0.300  6420.746    u_core/u_fabric/a_q[22]_i_13_n_0
    SLICE_X27Y29         LUT6 (Prop_lut6_I2_O)        0.124  6420.870 r  u_core/u_fabric/a_q[22]_i_10/O
                         net (fo=3, routed)           0.449  6421.319    u_core/u_fabric/r5923
    SLICE_X28Y29         LUT6 (Prop_lut6_I1_O)        0.124  6421.443 r  u_core/u_fabric/din_qa[16]_i_13/O
                         net (fo=1, routed)           0.000  6421.443    u_core/u_fabric/din_qa[16]_i_13_n_0
    SLICE_X28Y29         MUXF7 (Prop_muxf7_I1_O)      0.217  6421.660 r  u_core/u_fabric/din_qa_reg[16]_i_7/O
                         net (fo=10, routed)          2.029  6423.689    u_core/u_fabric/r4289
    SLICE_X92Y19         LUT6 (Prop_lut6_I2_O)        0.299  6423.988 r  u_core/u_fabric/din_qa[16]_i_3/O
                         net (fo=14, routed)          0.602  6424.589    u_core/u_fabric/r5594
    SLICE_X94Y25         LUT6 (Prop_lut6_I5_O)        0.124  6424.713 r  u_core/u_fabric/q_i_14__21__0/O
                         net (fo=3, routed)           0.861  6425.574    u_core/u_fabric/u_bram0/u_core/r1104
    SLICE_X82Y21         LUT5 (Prop_lut5_I3_O)        0.124  6425.698 r  u_core/u_fabric/u_bram0/u_core/q_i_8__4/O
                         net (fo=5, routed)           0.559  6426.257    u_core/u_fabric/u_bram0/u_core/g_frame[18].cfg_reg[2313]
    SLICE_X87Y22         LUT5 (Prop_lut5_I4_O)        0.124  6426.381 r  u_core/u_fabric/u_bram0/u_core/q_i_9/O
                         net (fo=4, routed)           0.565  6426.946    u_core/u_store/lut_o6_638
    SLICE_X89Y24         LUT4 (Prop_lut4_I2_O)        0.124  6427.070 r  u_core/u_store/q_i_7__13/O
                         net (fo=1, routed)           0.568  6427.639    u_core/u_store/u_fabric/r1100
    SLICE_X95Y24         LUT5 (Prop_lut5_I0_O)        0.124  6427.763 r  u_core/u_store/q_i_3__16/O
                         net (fo=2, routed)           0.768  6428.530    u_core/u_store/u_fabric/u_clb_x2y3/comb
    SLICE_X89Y21         LUT3 (Prop_lut3_I2_O)        0.124  6428.654 r  u_core/u_store/sr[21]_i_2/O
                         net (fo=3, routed)           0.611  6429.266    u_core/u_fabric/i___8_i_10_0[11]
    SLICE_X81Y22         LUT5 (Prop_lut5_I1_O)        0.124  6429.390 r  u_core/u_fabric/mem_reg_i_173/O
                         net (fo=2, routed)           0.359  6429.749    u_core/u_fabric/mem_reg_i_173_n_0
    SLICE_X80Y22         LUT5 (Prop_lut5_I4_O)        0.124  6429.873 r  u_core/u_fabric/i___96_i_10/O
                         net (fo=1, routed)           0.444  6430.316    u_core/u_fabric/i___96_i_10_n_0
    SLICE_X80Y22         LUT6 (Prop_lut6_I3_O)        0.124  6430.440 r  u_core/u_fabric/i___96_i_6/O
                         net (fo=5, routed)           0.927  6431.368    u_core/u_fabric/r4897
    SLICE_X93Y16         LUT5 (Prop_lut5_I4_O)        0.124  6431.492 r  u_core/u_fabric/i___191_i_12/O
                         net (fo=1, routed)           0.433  6431.925    u_core/u_fabric/i___191_i_12_n_0
    SLICE_X93Y16         LUT5 (Prop_lut5_I4_O)        0.124  6432.049 r  u_core/u_fabric/i___191_i_4/O
                         net (fo=2, routed)           0.898  6432.947    u_core/u_fabric/r4901
    SLICE_X86Y13         LUT5 (Prop_lut5_I0_O)        0.124  6433.071 r  u_core/u_fabric/i___191_i_1/O
                         net (fo=2, routed)           0.293  6433.364    u_core/u_fabric/i___191_i_1_n_0
    SLICE_X86Y13         LUT5 (Prop_lut5_I4_O)        0.124  6433.488 r  u_core/u_fabric/i___190_i_9/O
                         net (fo=11, routed)          0.739  6434.227    u_core/u_fabric/u_bram1/u_core/i___440_1_i_2_0
    SLICE_X73Y9          LUT6 (Prop_lut6_I4_O)        0.124  6434.351 r  u_core/u_fabric/u_bram1/u_core/i___440_1_i_6/O
                         net (fo=2, routed)           0.402  6434.753    u_core/u_fabric/u_bram1_n_46
    SLICE_X73Y9          LUT5 (Prop_lut5_I2_O)        0.124  6434.877 r  u_core/u_fabric/i___440_1_i_2/O
                         net (fo=11, routed)          0.443  6435.320    u_core/u_fabric/r5463
    SLICE_X73Y8          LUT4 (Prop_lut4_I3_O)        0.124  6435.444 r  u_core/u_fabric/i___85_i_24/O
                         net (fo=6, routed)           0.687  6436.131    u_core/u_fabric/r4690
    SLICE_X75Y12         LUT5 (Prop_lut5_I4_O)        0.124  6436.255 r  u_core/u_fabric/i___85_i_9/O
                         net (fo=1, routed)           0.151  6436.406    u_core/u_fabric/i___85_i_9_n_0
    SLICE_X75Y12         LUT5 (Prop_lut5_I4_O)        0.124  6436.530 r  u_core/u_fabric/i___85_i_3/O
                         net (fo=14, routed)          0.993  6437.523    u_core/u_fabric/r5562
    SLICE_X76Y22         LUT3 (Prop_lut3_I2_O)        0.124  6437.647 r  u_core/u_fabric/i___384_i_11/O
                         net (fo=1, routed)           0.280  6437.927    u_core/u_fabric/i___384_i_11_n_0
    SLICE_X76Y22         LUT6 (Prop_lut6_I2_O)        0.124  6438.051 r  u_core/u_fabric/i___384_i_5/O
                         net (fo=14, routed)          1.565  6439.616    u_core/u_fabric/r4828
    SLICE_X42Y15         LUT6 (Prop_lut6_I5_O)        0.124  6439.740 r  u_core/u_fabric/i___176_i_4/O
                         net (fo=1, routed)           0.161  6439.901    u_core/u_fabric/i___176_i_4_n_0
    SLICE_X42Y15         LUT5 (Prop_lut5_I2_O)        0.124  6440.025 r  u_core/u_fabric/i___176_i_2/O
                         net (fo=16, routed)          0.614  6440.639    u_core/u_fabric/r5777
    SLICE_X42Y21         LUT6 (Prop_lut6_I5_O)        0.124  6440.763 r  u_core/u_fabric/i___443_1_i_14/O
                         net (fo=1, routed)           0.432  6441.195    u_core/u_fabric/i___443_1_i_14_n_0
    SLICE_X42Y20         LUT5 (Prop_lut5_I0_O)        0.124  6441.319 r  u_core/u_fabric/i___443_1_i_10/O
                         net (fo=2, routed)           1.045  6442.364    u_core/u_fabric/r4499
    SLICE_X60Y19         LUT5 (Prop_lut5_I0_O)        0.124  6442.488 r  u_core/u_fabric/i___443_1_i_8/O
                         net (fo=1, routed)           0.159  6442.647    u_core/u_fabric/i___443_1_i_8_n_0
    SLICE_X60Y19         LUT5 (Prop_lut5_I4_O)        0.124  6442.771 r  u_core/u_fabric/i___443_1_i_2/O
                         net (fo=8, routed)           0.879  6443.650    u_core/u_fabric/r5675
    SLICE_X54Y24         LUT6 (Prop_lut6_I5_O)        0.124  6443.774 r  u_core/u_fabric/q_i_14__22/O
                         net (fo=17, routed)          0.721  6444.496    u_core/u_fabric/r1134
    SLICE_X54Y18         LUT3 (Prop_lut3_I2_O)        0.124  6444.620 r  u_core/u_fabric/q_i_11__39/O
                         net (fo=3, routed)           0.533  6445.153    u_core/u_store/di_640
    SLICE_X53Y19         LUT4 (Prop_lut4_I1_O)        0.124  6445.277 r  u_core/u_store/q_i_6__8/O
                         net (fo=1, routed)           0.151  6445.429    u_core/u_store/u_fabric/r1126
    SLICE_X53Y19         LUT5 (Prop_lut5_I0_O)        0.124  6445.553 r  u_core/u_store/q_i_3__17/O
                         net (fo=2, routed)           0.589  6446.142    u_core/u_store/u_fabric/u_clb_x4y3/comb
    SLICE_X53Y24         LUT3 (Prop_lut3_I2_O)        0.124  6446.266 r  u_core/u_store/sr[22]_i_2/O
                         net (fo=3, routed)           0.997  6447.263    u_core/u_store/q_reg[12]
    SLICE_X40Y16         LUT5 (Prop_lut5_I1_O)        0.124  6447.387 r  u_core/u_store/i___426_1_i_5/O
                         net (fo=1, routed)           0.579  6447.967    u_core/u_fabric/i___284_i_9
    SLICE_X39Y16         LUT5 (Prop_lut5_I4_O)        0.124  6448.091 r  u_core/u_fabric/i___426_1_i_2/O
                         net (fo=11, routed)          0.669  6448.760    u_core/u_fabric/r5755
    SLICE_X32Y19         LUT6 (Prop_lut6_I5_O)        0.124  6448.884 r  u_core/u_fabric/i___426_1/O
                         net (fo=19, routed)          1.434  6450.317    u_core/u_store/r1428
    SLICE_X13Y7          LUT6 (Prop_lut6_I4_O)        0.124  6450.441 r  u_core/u_store/q_i_38__11/O
                         net (fo=1, routed)           0.000  6450.441    u_core/u_store/u_fabric/u_clb_x5y3/t_101
    SLICE_X13Y7          MUXF7 (Prop_muxf7_I1_O)      0.217  6450.658 r  u_core/u_store/q_reg_i_22__4/O
                         net (fo=2, routed)           0.681  6451.339    u_core/u_store/t_114_154
    SLICE_X20Y12         LUT5 (Prop_lut5_I2_O)        0.299  6451.638 r  u_core/u_store/q_i_14__5/O
                         net (fo=4, routed)           0.807  6452.445    u_core/u_store/r1419
    SLICE_X28Y19         LUT6 (Prop_lut6_I5_O)        0.124  6452.569 r  u_core/u_store/q_i_7__21/O
                         net (fo=4, routed)           0.826  6453.395    u_core/u_store/u_fabric/u_clb_x5y3/lut_o6
    SLICE_X27Y19         LUT6 (Prop_lut6_I4_O)        0.124  6453.519 r  u_core/u_store/q_i_6__16/O
                         net (fo=4, routed)           0.881  6454.400    u_core/u_fabric/u_clb_x6y8/r1420
    SLICE_X23Y24         LUT6 (Prop_lut6_I3_O)        0.124  6454.524 r  u_core/u_fabric/u_clb_x6y8/q_i_6__30/O
                         net (fo=2, routed)           0.644  6455.168    u_core/u_store/cy_mux_669
    SLICE_X23Y17         LUT5 (Prop_lut5_I3_O)        0.124  6455.292 r  u_core/u_store/q_i_6__39/O
                         net (fo=2, routed)           0.674  6455.966    u_core/u_store/u_fabric/r2426
    SLICE_X18Y14         LUT5 (Prop_lut5_I0_O)        0.124  6456.090 r  u_core/u_store/q_i_6__53/O
                         net (fo=1, routed)           0.587  6456.677    u_core/u_store/u_fabric/u_clb_x5y8/cy_sum
    SLICE_X18Y11         LUT5 (Prop_lut5_I0_O)        0.124  6456.801 r  u_core/u_store/q_i_3__61/O
                         net (fo=3, routed)           0.534  6457.335    u_core/u_store/comb_463
    SLICE_X21Y16         LUT3 (Prop_lut3_I2_O)        0.124  6457.459 r  u_core/u_store/sr[73]_i_2/O
                         net (fo=2, routed)           0.583  6458.042    u_core/u_fabric/i___8_i_10_0[49]
    SLICE_X21Y16         LUT5 (Prop_lut5_I4_O)        0.124  6458.166 r  u_core/u_fabric/i___146_i_9/O
                         net (fo=1, routed)           0.000  6458.166    u_core/u_fabric/i___146_i_9_n_0
    SLICE_X21Y16         MUXF7 (Prop_muxf7_I0_O)      0.212  6458.378 r  u_core/u_fabric/i___146_i_7/O
                         net (fo=1, routed)           0.433  6458.811    u_core/u_fabric/i___146_i_7_n_0
    SLICE_X22Y16         LUT3 (Prop_lut3_I1_O)        0.299  6459.109 r  u_core/u_fabric/i___146_i_2/O
                         net (fo=18, routed)          0.704  6459.813    u_core/u_fabric/r5871
    SLICE_X19Y10         LUT5 (Prop_lut5_I4_O)        0.124  6459.938 r  u_core/u_fabric/i___98_i_21/O
                         net (fo=1, routed)           0.591  6460.528    u_core/u_fabric/i___98_i_21_n_0
    SLICE_X16Y14         LUT5 (Prop_lut5_I0_O)        0.124  6460.652 r  u_core/u_fabric/i___98_i_20/O
                         net (fo=1, routed)           0.378  6461.031    u_core/u_fabric/i___98_i_20_n_0
    SLICE_X16Y14         LUT5 (Prop_lut5_I2_O)        0.124  6461.155 r  u_core/u_fabric/i___98_i_18/O
                         net (fo=1, routed)           1.162  6462.317    u_core/u_store/i___98_i_8_0
    SLICE_X35Y17         LUT6 (Prop_lut6_I4_O)        0.124  6462.441 r  u_core/u_store/i___98_i_13/O
                         net (fo=1, routed)           0.474  6462.915    u_core/u_fabric/i___98_i_3_0
    SLICE_X35Y17         LUT5 (Prop_lut5_I2_O)        0.124  6463.039 r  u_core/u_fabric/i___98_i_8/O
                         net (fo=1, routed)           0.650  6463.689    u_core/u_fabric/i___98_i_8_n_0
    SLICE_X38Y14         LUT6 (Prop_lut6_I2_O)        0.124  6463.813 r  u_core/u_fabric/i___98_i_3/O
                         net (fo=11, routed)          0.493  6464.306    u_core/u_fabric/u_clb_x7y8/r5812
    SLICE_X38Y14         LUT6 (Prop_lut6_I3_O)        0.124  6464.430 r  u_core/u_fabric/u_clb_x7y8/i___202_i_11/O
                         net (fo=1, routed)           0.296  6464.726    u_core/u_fabric/u_clb_x7y8_n_10
    SLICE_X39Y14         LUT5 (Prop_lut5_I2_O)        0.124  6464.850 r  u_core/u_fabric/i___202_i_4/O
                         net (fo=2, routed)           0.636  6465.486    u_core/u_fabric/r5159
    SLICE_X40Y9          LUT5 (Prop_lut5_I0_O)        0.124  6465.610 r  u_core/u_fabric/i___202_i_1/O
                         net (fo=2, routed)           0.433  6466.043    u_core/u_fabric/i___202_i_1_n_0
    SLICE_X40Y9          LUT5 (Prop_lut5_I4_O)        0.124  6466.167 r  u_core/u_fabric/mem_reg_i_145__0/O
                         net (fo=7, routed)           0.863  6467.030    u_core/u_fabric/r5738
    SLICE_X49Y19         LUT6 (Prop_lut6_I0_O)        0.124  6467.154 r  u_core/u_fabric/i___46_i_10/O
                         net (fo=1, routed)           0.000  6467.154    u_core/u_fabric/i___46_i_10_n_0
    SLICE_X49Y19         MUXF7 (Prop_muxf7_I1_O)      0.217  6467.371 r  u_core/u_fabric/i___46_i_4/O
                         net (fo=2, routed)           0.611  6467.982    u_core/u_fabric/i___46_i_4_n_0
    SLICE_X48Y22         LUT6 (Prop_lut6_I5_O)        0.299  6468.281 r  u_core/u_fabric/i___46_i_1/O
                         net (fo=15, routed)          1.696  6469.978    u_core/u_fabric/r5384
    SLICE_X60Y43         LUT5 (Prop_lut5_I4_O)        0.124  6470.102 r  u_core/u_fabric/i___279_i_1/O
                         net (fo=2, routed)           0.445  6470.546    u_core/u_fabric/i___279_i_1_n_0
    SLICE_X60Y43         LUT5 (Prop_lut5_I4_O)        0.124  6470.670 r  u_core/u_fabric/i___467_0_i_1/O
                         net (fo=11, routed)          0.806  6471.477    u_core/u_fabric/r5406
    SLICE_X63Y50         LUT6 (Prop_lut6_I3_O)        0.124  6471.601 r  u_core/u_fabric/i___19_i_17/O
                         net (fo=1, routed)           0.000  6471.601    u_core/u_fabric/i___19_i_17_n_0
    SLICE_X63Y50         MUXF7 (Prop_muxf7_I1_O)      0.217  6471.817 r  u_core/u_fabric/i___19_i_9/O
                         net (fo=1, routed)           0.567  6472.385    u_core/u_fabric/i___19_i_9_n_0
    SLICE_X62Y49         LUT6 (Prop_lut6_I5_O)        0.299  6472.684 r  u_core/u_fabric/i___19_i_5/O
                         net (fo=12, routed)          1.486  6474.170    u_core/u_fabric/r5408
    SLICE_X91Y66         LUT5 (Prop_lut5_I4_O)        0.124  6474.294 r  u_core/u_fabric/i___396_0_i_3/O
                         net (fo=3, routed)           0.716  6475.010    u_core/u_fabric/i___396_0_i_3_n_0
    SLICE_X97Y66         LUT4 (Prop_lut4_I1_O)        0.124  6475.134 r  u_core/u_fabric/i___396_0_i_1/O
                         net (fo=16, routed)          0.671  6475.805    u_core/u_fabric/r6433
    SLICE_X99Y72         LUT6 (Prop_lut6_I0_O)        0.124  6475.929 r  u_core/u_fabric/i___396_1__6/O
                         net (fo=1, routed)           0.457  6476.387    u_core/u_fabric/i___396_1__6_n_0
    SLICE_X97Y73         LUT5 (Prop_lut5_I4_O)        0.124  6476.511 r  u_core/u_fabric/i___267_i_17/O
                         net (fo=2, routed)           0.160  6476.670    u_core/u_fabric/i___267_i_17_n_0
    SLICE_X97Y73         LUT5 (Prop_lut5_I2_O)        0.124  6476.794 r  u_core/u_fabric/i___267_i_9/O
                         net (fo=14, routed)          0.999  6477.793    u_core/u_fabric/u_dsp1/u_core/r6265
    SLICE_X89Y70         LUT6 (Prop_lut6_I3_O)        0.124  6477.917 r  u_core/u_fabric/u_dsp1/u_core/i___29_i_19/O
                         net (fo=1, routed)           0.149  6478.066    u_core/u_fabric/u_dsp1_n_93
    SLICE_X89Y70         LUT5 (Prop_lut5_I2_O)        0.124  6478.190 r  u_core/u_fabric/i___29_i_18/O
                         net (fo=5, routed)           0.755  6478.945    u_core/u_fabric/r5110
    SLICE_X100Y70        LUT6 (Prop_lut6_I5_O)        0.124  6479.069 r  u_core/u_fabric/i___29_i_8/O
                         net (fo=1, routed)           0.161  6479.230    u_core/u_fabric/i___29_i_8_n_0
    SLICE_X100Y70        LUT5 (Prop_lut5_I2_O)        0.124  6479.354 r  u_core/u_fabric/i___29_i_3/O
                         net (fo=14, routed)          1.035  6480.389    u_core/u_fabric/r6337
    SLICE_X86Y61         LUT6 (Prop_lut6_I5_O)        0.124  6480.513 r  u_core/u_fabric/q_i_25__0/O
                         net (fo=9, routed)           1.160  6481.672    u_core/u_store/r3398
    SLICE_X106Y56        MUXF7 (Prop_muxf7_S_O)       0.276  6481.948 r  u_core/u_store/q_reg_i_33__10/O
                         net (fo=1, routed)           0.000  6481.948    u_core/u_store/u_fabric/u_clb_x12y7/t_117
    SLICE_X106Y56        MUXF8 (Prop_muxf8_I1_O)      0.094  6482.042 r  u_core/u_store/q_reg_i_18__15/O
                         net (fo=3, routed)           0.785  6482.827    u_core/u_store/u_fabric/u_clb_x12y7/t_122
    SLICE_X101Y61        LUT5 (Prop_lut5_I4_O)        0.316  6483.143 r  u_core/u_store/q_i_7__58/O
                         net (fo=1, routed)           0.661  6483.804    u_core/u_fabric/u_dsp0/u_core/t_125_366
    SLICE_X100Y61        LUT6 (Prop_lut6_I3_O)        0.124  6483.928 r  u_core/u_fabric/u_dsp0/u_core/q_i_3__57/O
                         net (fo=3, routed)           0.579  6484.507    u_core/u_fabric/comb_55
    SLICE_X97Y58         LUT6 (Prop_lut6_I3_O)        0.124  6484.631 r  u_core/u_fabric/i___4_i_3/O
                         net (fo=1, routed)           0.422  6485.053    u_core/u_fabric/i___4_i_3_n_0
    SLICE_X96Y58         LUT5 (Prop_lut5_I4_O)        0.124  6485.177 r  u_core/u_fabric/i___4_i_1/O
                         net (fo=10, routed)          1.071  6486.249    u_core/u_fabric/r6413
    SLICE_X85Y55         LUT6 (Prop_lut6_I5_O)        0.124  6486.373 r  u_core/u_fabric/i___71_i_1/O
                         net (fo=8, routed)           1.254  6487.627    u_core/u_fabric/r4993
    SLICE_X89Y77         LUT6 (Prop_lut6_I5_O)        0.124  6487.751 r  u_core/u_fabric/i___325_i_4/O
                         net (fo=1, routed)           0.263  6488.014    u_core/u_fabric/i___325_i_4_n_0
    SLICE_X89Y77         LUT6 (Prop_lut6_I3_O)        0.124  6488.138 r  u_core/u_fabric/i___325_i_2/O
                         net (fo=15, routed)          1.001  6489.139    u_core/u_fabric/u_clb_x12y2/r6327
    SLICE_X91Y67         LUT6 (Prop_lut6_I2_O)        0.124  6489.263 r  u_core/u_fabric/u_clb_x12y2/i___319_i_3/O
                         net (fo=1, routed)           0.932  6490.195    u_core/u_fabric/u_clb_x12y2_n_5
    SLICE_X90Y78         LUT6 (Prop_lut6_I0_O)        0.124  6490.319 r  u_core/u_fabric/i___319_i_1/O
                         net (fo=15, routed)          0.716  6491.035    u_core/u_fabric/r6311
    SLICE_X88Y82         LUT6 (Prop_lut6_I5_O)        0.124  6491.159 r  u_core/u_fabric/q_i_18__6/O
                         net (fo=3, routed)           0.505  6491.664    u_core/u_fabric/u_clb_x12y8/r1822
    SLICE_X88Y80         LUT5 (Prop_lut5_I3_O)        0.124  6491.788 r  u_core/u_fabric/u_clb_x12y8/q_i_7__32/O
                         net (fo=7, routed)           0.576  6492.364    u_core/u_fabric/u_clb_x12y8/g_frame[123].cfg_reg[15766]
    SLICE_X90Y81         LUT4 (Prop_lut4_I0_O)        0.124  6492.488 r  u_core/u_fabric/u_clb_x12y8/q_i_10__11/O
                         net (fo=2, routed)           0.555  6493.042    u_core/u_fabric/u_clb_x11y4/sr_reg[38]
    SLICE_X90Y81         LUT6 (Prop_lut6_I5_O)        0.124  6493.167 r  u_core/u_fabric/u_clb_x11y4/sr[38]_i_2/O
                         net (fo=3, routed)           0.885  6494.052    u_core/u_fabric/clb_o[13]
    SLICE_X94Y70         LUT6 (Prop_lut6_I5_O)        0.124  6494.176 r  u_core/u_fabric/i___399_1_i_1__0/O
                         net (fo=2, routed)           0.298  6494.473    u_core/u_fabric/i___399_1_i_1__0_n_0
    SLICE_X97Y70         LUT3 (Prop_lut3_I2_O)        0.124  6494.597 r  u_core/u_fabric/i___399_1_i_1/O
                         net (fo=15, routed)          0.840  6495.437    u_core/u_fabric/r6303
    SLICE_X103Y61        LUT6 (Prop_lut6_I5_O)        0.124  6495.561 r  u_core/u_fabric/q_i_12__14/O
                         net (fo=17, routed)          0.462  6496.023    u_core/u_store/r1852
    SLICE_X102Y64        LUT6 (Prop_lut6_I4_O)        0.124  6496.147 r  u_core/u_store/q_i_48__12/O
                         net (fo=1, routed)           0.000  6496.147    u_core/u_store/u_fabric/u_clb_x12y4/t_99
    SLICE_X102Y64        MUXF7 (Prop_muxf7_I1_O)      0.214  6496.361 r  u_core/u_store/q_reg_i_40__2/O
                         net (fo=1, routed)           0.000  6496.361    u_core/u_store/u_fabric/u_clb_x12y4/t_113
    SLICE_X102Y64        MUXF8 (Prop_muxf8_I1_O)      0.088  6496.449 r  u_core/u_store/q_reg_i_24__1/O
                         net (fo=2, routed)           0.791  6497.240    u_core/u_fabric/u_clb_x12y4/t_120_250
    SLICE_X101Y56        LUT3 (Prop_lut3_I2_O)        0.319  6497.559 r  u_core/u_fabric/u_clb_x12y4/q_i_13__8/O
                         net (fo=4, routed)           0.276  6497.835    u_core/u_fabric/r1843
    SLICE_X101Y56        LUT5 (Prop_lut5_I4_O)        0.124  6497.959 r  u_core/u_fabric/i___79_i_18/O
                         net (fo=13, routed)          1.693  6499.652    u_core/u_fabric/r4767
    SLICE_X58Y68         LUT5 (Prop_lut5_I4_O)        0.124  6499.776 r  u_core/u_fabric/i___52_i_20/O
                         net (fo=1, routed)           0.282  6500.058    u_core/u_fabric/i___52_i_20_n_0
    SLICE_X58Y68         LUT5 (Prop_lut5_I4_O)        0.124  6500.182 r  u_core/u_fabric/i___52_i_11/O
                         net (fo=5, routed)           0.981  6501.163    u_core/u_fabric/r4771
    SLICE_X40Y71         LUT6 (Prop_lut6_I5_O)        0.124  6501.287 r  u_core/u_fabric/i___66_i_24/O
                         net (fo=1, routed)           0.000  6501.287    u_core/u_fabric/i___66_i_24_n_0
    SLICE_X40Y71         MUXF7 (Prop_muxf7_I1_O)      0.217  6501.504 r  u_core/u_fabric/i___66_i_14/O
                         net (fo=1, routed)           0.436  6501.940    u_core/u_fabric/i___66_i_14_n_0
    SLICE_X40Y71         LUT6 (Prop_lut6_I5_O)        0.299  6502.239 r  u_core/u_fabric/i___66_i_6/O
                         net (fo=14, routed)          1.133  6503.372    u_core/u_fabric/r6186
    SLICE_X66Y73         LUT6 (Prop_lut6_I5_O)        0.124  6503.496 r  u_core/u_fabric/i___396_1_i_3__0/O
                         net (fo=1, routed)           0.604  6504.100    u_core/u_fabric/i___396_1_i_3__0_n_0
    SLICE_X80Y75         LUT5 (Prop_lut5_I2_O)        0.124  6504.224 r  u_core/u_fabric/i___396_1_i_1/O
                         net (fo=9, routed)           0.661  6504.885    u_core/u_fabric/r5220
    SLICE_X83Y71         LUT6 (Prop_lut6_I5_O)        0.124  6505.009 r  u_core/u_fabric/i___366_i_8/O
                         net (fo=1, routed)           0.149  6505.158    u_core/u_fabric/i___366_i_8_n_0
    SLICE_X83Y71         LUT5 (Prop_lut5_I4_O)        0.124  6505.282 r  u_core/u_fabric/i___366_i_3/O
                         net (fo=2, routed)           0.421  6505.703    u_core/u_fabric/i___366_i_3_n_0
    SLICE_X84Y71         LUT5 (Prop_lut5_I0_O)        0.124  6505.827 r  u_core/u_fabric/i___355_i_11/O
                         net (fo=7, routed)           0.870  6506.696    u_core/u_fabric/r6284
    SLICE_X82Y62         LUT6 (Prop_lut6_I5_O)        0.124  6506.820 r  u_core/u_fabric/i___367_i_12/O
                         net (fo=1, routed)           0.502  6507.322    u_core/u_fabric/i___367_i_12_n_0
    SLICE_X82Y62         LUT5 (Prop_lut5_I0_O)        0.124  6507.446 r  u_core/u_fabric/i___367_i_8/O
                         net (fo=5, routed)           0.777  6508.223    u_core/u_fabric/r5338
    SLICE_X90Y63         LUT6 (Prop_lut6_I5_O)        0.124  6508.347 r  u_core/u_fabric/i___344_i_3/O
                         net (fo=1, routed)           0.571  6508.918    u_core/u_fabric/i___344_i_3_n_0
    SLICE_X90Y65         LUT5 (Prop_lut5_I2_O)        0.124  6509.042 r  u_core/u_fabric/i___344_i_2/O
                         net (fo=14, routed)          0.768  6509.811    u_core/u_fabric/r6349
    SLICE_X98Y57         LUT6 (Prop_lut6_I5_O)        0.124  6509.935 r  u_core/u_fabric/q_i_18__34/O
                         net (fo=7, routed)           0.770  6510.705    u_core/u_store/r3934
    SLICE_X98Y63         MUXF7 (Prop_muxf7_S_O)       0.292  6510.997 r  u_core/u_store/q_reg_i_28__15/O
                         net (fo=2, routed)           1.286  6512.282    u_core/u_store/u_fabric/u_clb_x12y9/t_114
    SLICE_X89Y51         LUT5 (Prop_lut5_I4_O)        0.297  6512.579 r  u_core/u_store/i___364_i_24/O
                         net (fo=3, routed)           0.726  6513.305    u_core/u_fabric/t_121_583
    SLICE_X97Y50         LUT6 (Prop_lut6_I5_O)        0.124  6513.429 r  u_core/u_fabric/i___398_0_i_8/O
                         net (fo=1, routed)           0.403  6513.833    u_core/u_fabric/i___398_0_i_8_n_0
    SLICE_X97Y50         LUT5 (Prop_lut5_I4_O)        0.124  6513.957 r  u_core/u_fabric/i___398_0_i_5/O
                         net (fo=3, routed)           0.863  6514.820    u_core/u_fabric/r5342
    SLICE_X99Y65         LUT6 (Prop_lut6_I5_O)        0.124  6514.944 r  u_core/u_fabric/i___398_0_i_3/O
                         net (fo=1, routed)           0.000  6514.944    u_core/u_fabric/i___398_0_i_3_n_0
    SLICE_X99Y65         MUXF7 (Prop_muxf7_I1_O)      0.217  6515.161 r  u_core/u_fabric/i___398_0_i_1/O
                         net (fo=10, routed)          1.214  6516.375    u_core/u_fabric/r6427
    SLICE_X96Y44         LUT4 (Prop_lut4_I2_O)        0.299  6516.673 r  u_core/u_fabric/i___300_i_4/O
                         net (fo=1, routed)           0.492  6517.165    u_core/u_fabric/i___300_i_4_n_0
    SLICE_X96Y44         LUT5 (Prop_lut5_I0_O)        0.124  6517.289 r  u_core/u_fabric/i___300_i_3/O
                         net (fo=12, routed)          1.238  6518.527    u_core/u_fabric/r6417
    SLICE_X90Y67         LUT6 (Prop_lut6_I5_O)        0.124  6518.651 r  u_core/u_fabric/i___20_i_4/O
                         net (fo=1, routed)           0.611  6519.262    u_core/u_fabric/i___20_i_4_n_0
    SLICE_X95Y70         LUT6 (Prop_lut6_I0_O)        0.124  6519.386 r  u_core/u_fabric/i___20_i_2/O
                         net (fo=16, routed)          0.488  6519.874    u_core/u_fabric/r6352
    SLICE_X98Y68         LUT6 (Prop_lut6_I5_O)        0.124  6519.998 r  u_core/u_fabric/i___354_i_24/O
                         net (fo=1, routed)           0.670  6520.668    u_core/u_fabric/i___354_i_24_n_0
    SLICE_X98Y68         LUT5 (Prop_lut5_I4_O)        0.124  6520.792 r  u_core/u_fabric/i___354_i_10/O
                         net (fo=1, routed)           0.466  6521.258    u_core/u_fabric/i___354_i_10_n_0
    SLICE_X98Y68         LUT5 (Prop_lut5_I0_O)        0.124  6521.382 r  u_core/u_fabric/i___354_i_4/O
                         net (fo=10, routed)          0.839  6522.221    u_core/u_fabric/r5311
    SLICE_X101Y77        LUT5 (Prop_lut5_I1_O)        0.124  6522.345 r  u_core/u_fabric/q_i_31__13/O
                         net (fo=1, routed)           0.620  6522.965    u_core/u_fabric/q_i_31__13_n_0
    SLICE_X101Y77        LUT6 (Prop_lut6_I5_O)        0.124  6523.089 r  u_core/u_fabric/q_i_15__4/O
                         net (fo=7, routed)           1.425  6524.514    u_core/u_fabric/r5309
    SLICE_X58Y78         LUT5 (Prop_lut5_I1_O)        0.124  6524.638 r  u_core/u_fabric/i___460_0_i_7/O
                         net (fo=1, routed)           0.282  6524.920    u_core/u_fabric/i___460_0_i_7_n_0
    SLICE_X58Y78         LUT5 (Prop_lut5_I4_O)        0.124  6525.044 r  u_core/u_fabric/i___460_0_i_3/O
                         net (fo=3, routed)           0.694  6525.738    u_core/u_fabric/r6216
    SLICE_X58Y71         LUT6 (Prop_lut6_I2_O)        0.124  6525.862 r  u_core/u_fabric/i___460_0_i_1/O
                         net (fo=11, routed)          1.582  6527.444    u_core/u_fabric/r5397
    SLICE_X56Y34         LUT5 (Prop_lut5_I4_O)        0.124  6527.568 r  u_core/u_fabric/i___310_i_7/O
                         net (fo=1, routed)           0.000  6527.568    u_core/u_fabric/i___310_i_7_n_0
    SLICE_X56Y34         MUXF7 (Prop_muxf7_I0_O)      0.212  6527.780 r  u_core/u_fabric/i___310_i_3/O
                         net (fo=8, routed)           0.773  6528.553    u_core/u_fabric/r5383
    SLICE_X51Y28         LUT6 (Prop_lut6_I5_O)        0.299  6528.852 r  u_core/u_fabric/i___449_0_i_7/O
                         net (fo=1, routed)           0.000  6528.852    u_core/u_fabric/i___449_0_i_7_n_0
    SLICE_X51Y28         MUXF7 (Prop_muxf7_I1_O)      0.217  6529.069 r  u_core/u_fabric/i___449_0_i_3/O
                         net (fo=2, routed)           0.452  6529.521    u_core/u_fabric/i___449_0_i_3_n_0
    SLICE_X51Y28         LUT6 (Prop_lut6_I5_O)        0.299  6529.820 r  u_core/u_fabric/i___449_0_i_1/O
                         net (fo=11, routed)          1.223  6531.043    u_core/u_fabric/r5373
    SLICE_X62Y24         LUT4 (Prop_lut4_I3_O)        0.124  6531.167 r  u_core/u_fabric/mem_reg_i_119/O
                         net (fo=11, routed)          1.486  6532.653    u_core/u_fabric/r5653
    SLICE_X98Y25         LUT4 (Prop_lut4_I0_O)        0.124  6532.777 r  u_core/u_fabric/i___102_i_7/O
                         net (fo=5, routed)           0.774  6533.552    u_core/u_fabric/r4915
    SLICE_X100Y13        LUT6 (Prop_lut6_I0_O)        0.124  6533.676 r  u_core/u_fabric/i___152_i_9/O
                         net (fo=1, routed)           0.665  6534.340    u_core/u_fabric/i___152_i_9_n_0
    SLICE_X100Y5         LUT6 (Prop_lut6_I0_O)        0.124  6534.464 r  u_core/u_fabric/i___152_i_5/O
                         net (fo=2, routed)           0.702  6535.166    u_core/u_fabric/i___152_i_5_n_0
    SLICE_X100Y5         LUT3 (Prop_lut3_I2_O)        0.124  6535.290 r  u_core/u_fabric/i___152_i_3/O
                         net (fo=14, routed)          0.999  6536.289    u_core/u_fabric/r5551
    SLICE_X83Y8          LUT6 (Prop_lut6_I4_O)        0.124  6536.413 r  u_core/u_fabric/i___152/O
                         net (fo=1, routed)           0.292  6536.705    u_core/u_fabric/i___152_n_0
    SLICE_X84Y8          LUT5 (Prop_lut5_I0_O)        0.124  6536.829 r  u_core/u_fabric/i___118_i_1/O
                         net (fo=16, routed)          1.132  6537.960    u_core/u_fabric/r5531
    SLICE_X102Y11        LUT6 (Prop_lut6_I5_O)        0.124  6538.084 r  u_core/u_fabric/i___436_1_i_12/O
                         net (fo=2, routed)           0.604  6538.688    u_core/u_fabric/i___436_1_i_12_n_0
    SLICE_X103Y11        LUT4 (Prop_lut4_I0_O)        0.124  6538.812 r  u_core/u_fabric/i___436_1_i_8__0/O
                         net (fo=1, routed)           0.651  6539.464    u_core/u_fabric/r4355
    SLICE_X106Y11        LUT5 (Prop_lut5_I0_O)        0.124  6539.588 r  u_core/u_fabric/i___436_1_i_6__0/O
                         net (fo=2, routed)           0.309  6539.896    u_core/u_fabric/i___436_1_i_6__0_n_0
    SLICE_X106Y10        LUT5 (Prop_lut5_I4_O)        0.124  6540.021 r  u_core/u_fabric/i___436_1_i_2__0/O
                         net (fo=8, routed)           1.080  6541.101    u_core/u_fabric/r5439
    SLICE_X97Y3          LUT6 (Prop_lut6_I2_O)        0.124  6541.225 r  u_core/u_fabric/i___436_1/O
                         net (fo=17, routed)          0.586  6541.811    u_core/u_fabric/u_bram0/u_core/r74
    SLICE_X91Y3          LUT5 (Prop_lut5_I4_O)        0.124  6541.935 r  u_core/u_fabric/u_bram0/u_core/q_i_14/O
                         net (fo=1, routed)           0.151  6542.086    u_core/u_fabric/u_bram0/u_core/u_clb_x1y1/di
    SLICE_X91Y3          LUT6 (Prop_lut6_I1_O)        0.124  6542.210 r  u_core/u_fabric/u_bram0/u_core/q_i_7/O
                         net (fo=4, routed)           0.696  6542.906    u_core/u_store/r66
    SLICE_X96Y6          LUT6 (Prop_lut6_I5_O)        0.124  6543.030 r  u_core/u_store/q_i_7__12/O
                         net (fo=3, routed)           0.426  6543.456    u_core/u_store/u_fabric/r1074
    SLICE_X94Y6          LUT4 (Prop_lut4_I3_O)        0.124  6543.580 r  u_core/u_store/sr[30]_i_3/O
                         net (fo=2, routed)           0.668  6544.248    u_core/u_fabric/u_clb_x1y4/r1342
    SLICE_X95Y6          LUT6 (Prop_lut6_I2_O)        0.124  6544.372 r  u_core/u_fabric/u_clb_x1y4/sr[30]_i_2/O
                         net (fo=2, routed)           1.120  6545.492    u_core/u_fabric/clb_o[9]
    SLICE_X79Y13         LUT5 (Prop_lut5_I4_O)        0.124  6545.616 r  u_core/u_fabric/i___422_1_i_9/O
                         net (fo=1, routed)           0.000  6545.616    u_core/u_fabric/i___422_1_i_9_n_0
    SLICE_X79Y13         MUXF7 (Prop_muxf7_I0_O)      0.212  6545.828 r  u_core/u_fabric/i___422_1_i_5/O
                         net (fo=1, routed)           0.433  6546.261    u_core/u_fabric/i___422_1_i_5_n_0
    SLICE_X79Y13         LUT5 (Prop_lut5_I4_O)        0.299  6546.560 r  u_core/u_fabric/i___422_1_i_1/O
                         net (fo=15, routed)          1.313  6547.874    u_core/u_fabric/r5523
    SLICE_X90Y22         LUT4 (Prop_lut4_I3_O)        0.124  6547.998 r  u_core/u_fabric/q_i_43__8/O
                         net (fo=1, routed)           0.492  6548.489    u_core/u_fabric/q_i_43__8_n_0
    SLICE_X90Y22         LUT6 (Prop_lut6_I5_O)        0.124  6548.613 r  u_core/u_fabric/q_i_27__9/O
                         net (fo=17, routed)          1.015  6549.628    u_core/u_fabric/u_bram0/u_core/r1377
    SLICE_X79Y26         MUXF7 (Prop_muxf7_S_O)       0.276  6549.904 r  u_core/u_fabric/u_bram0/u_core/i___100_i_45/O
                         net (fo=1, routed)           0.463  6550.368    u_core/u_fabric/u_bram0/u_core/u_clb_x2y3/t_103
    SLICE_X79Y25         LUT5 (Prop_lut5_I0_O)        0.299  6550.667 r  u_core/u_fabric/u_bram0/u_core/i___100_i_41/O
                         net (fo=1, routed)           0.529  6551.195    u_core/u_fabric/t_121_12
    SLICE_X79Y17         LUT6 (Prop_lut6_I5_O)        0.124  6551.319 r  u_core/u_fabric/i___100_i_37/O
                         net (fo=1, routed)           0.571  6551.891    u_core/u_fabric/i___100_i_37_n_0
    SLICE_X80Y17         LUT5 (Prop_lut5_I4_O)        0.124  6552.015 r  u_core/u_fabric/i___100_i_26/O
                         net (fo=2, routed)           0.307  6552.321    u_core/u_fabric/r4598
    SLICE_X81Y19         LUT6 (Prop_lut6_I3_O)        0.124  6552.445 r  u_core/u_fabric/mem_reg_i_178/O
                         net (fo=2, routed)           0.433  6552.878    u_core/u_fabric/mem_reg_i_178_n_0
    SLICE_X81Y19         LUT6 (Prop_lut6_I0_O)        0.124  6553.002 r  u_core/u_fabric/i___190_i_35/O
                         net (fo=1, routed)           0.665  6553.668    u_core/u_fabric/i___190_i_35_n_0
    SLICE_X81Y19         LUT5 (Prop_lut5_I2_O)        0.124  6553.792 r  u_core/u_fabric/i___190_i_29/O
                         net (fo=1, routed)           0.771  6554.563    u_core/u_fabric/i___190_i_29_n_0
    SLICE_X94Y18         LUT5 (Prop_lut5_I0_O)        0.124  6554.687 r  u_core/u_fabric/i___190_i_20/O
                         net (fo=2, routed)           0.781  6555.468    u_core/u_fabric/r4275
    SLICE_X99Y15         LUT6 (Prop_lut6_I5_O)        0.124  6555.592 r  u_core/u_fabric/i___313_i_19/O
                         net (fo=1, routed)           0.719  6556.312    u_core/u_fabric/i___313_i_19_n_0
    SLICE_X105Y13        LUT5 (Prop_lut5_I2_O)        0.124  6556.436 r  u_core/u_fabric/i___313_i_13/O
                         net (fo=2, routed)           0.724  6557.160    u_core/u_fabric/r4257
    SLICE_X96Y12         LUT6 (Prop_lut6_I1_O)        0.124  6557.284 r  u_core/u_fabric/i___313_i_8/O
                         net (fo=5, routed)           0.690  6557.974    u_core/u_fabric/r4362
    SLICE_X95Y16         LUT6 (Prop_lut6_I1_O)        0.124  6558.098 r  u_core/u_fabric/i___129_i_16/O
                         net (fo=2, routed)           0.489  6558.586    u_core/u_fabric/g_frame[4].cfg_reg[562]
    SLICE_X94Y16         LUT5 (Prop_lut5_I2_O)        0.124  6558.710 r  u_core/u_fabric/i___129_i_11/O
                         net (fo=3, routed)           0.493  6559.203    u_core/u_fabric/r5533
    SLICE_X95Y16         LUT6 (Prop_lut6_I1_O)        0.124  6559.327 r  u_core/u_fabric/capture_reg_i_6__0/O
                         net (fo=1, routed)           0.585  6559.913    u_core/u_fabric/capture_reg_i_6__0_n_0
    SLICE_X96Y16         LUT4 (Prop_lut4_I3_O)        0.124  6560.037 r  u_core/u_fabric/capture_reg_i_4/O
                         net (fo=2, routed)           0.562  6560.599    u_core/u_fabric/r5444
    SLICE_X95Y14         LUT4 (Prop_lut4_I0_O)        0.124  6560.723 r  u_core/u_fabric/i___106_i_12/O
                         net (fo=5, routed)           1.286  6562.008    u_core/u_fabric/u_bram0/u_core/r4366
    SLICE_X78Y19         LUT6 (Prop_lut6_I5_O)        0.124  6562.132 r  u_core/u_fabric/u_bram0/u_core/mem_reg_i_190/O
                         net (fo=1, routed)           0.292  6562.424    u_core/u_fabric/u_bram0_n_43
    SLICE_X76Y19         LUT5 (Prop_lut5_I2_O)        0.124  6562.548 r  u_core/u_fabric/mem_reg_i_149/O
                         net (fo=15, routed)          0.800  6563.349    u_core/u_fabric/r5620
    SLICE_X72Y23         LUT6 (Prop_lut6_I5_O)        0.124  6563.473 r  u_core/u_fabric/i___107_i_15/O
                         net (fo=1, routed)           0.161  6563.634    u_core/u_fabric/i___107_i_15_n_0
    SLICE_X72Y23         LUT5 (Prop_lut5_I2_O)        0.124  6563.758 r  u_core/u_fabric/i___107_i_9/O
                         net (fo=5, routed)           1.114  6564.872    u_core/u_fabric/r4821
    SLICE_X81Y11         LUT3 (Prop_lut3_I2_O)        0.124  6564.996 r  u_core/u_fabric/i___421_0_i_3/O
                         net (fo=2, routed)           0.594  6565.589    u_core/u_fabric/i___421_0_i_3_n_0
    SLICE_X82Y11         LUT5 (Prop_lut5_I4_O)        0.124  6565.713 r  u_core/u_fabric/i___100_i_35/O
                         net (fo=1, routed)           0.452  6566.166    u_core/u_fabric/i___100_i_35_n_0
    SLICE_X82Y11         LUT6 (Prop_lut6_I2_O)        0.124  6566.290 r  u_core/u_fabric/i___100_i_24/O
                         net (fo=6, routed)           0.452  6566.741    u_core/u_fabric/r4584
    SLICE_X80Y12         LUT6 (Prop_lut6_I5_O)        0.124  6566.865 r  u_core/u_fabric/i___189_i_11/O
                         net (fo=2, routed)           0.449  6567.314    u_core/u_fabric/i___189_i_11_n_0
    SLICE_X78Y12         LUT5 (Prop_lut5_I2_O)        0.124  6567.438 r  u_core/u_fabric/i___189_i_4/O
                         net (fo=11, routed)          1.176  6568.614    u_core/u_fabric/r5521
    SLICE_X98Y15         LUT6 (Prop_lut6_I3_O)        0.124  6568.738 r  u_core/u_fabric/i___313_i_27/O
                         net (fo=2, routed)           0.317  6569.055    u_core/u_fabric/i___313_i_27_n_0
    SLICE_X97Y15         LUT5 (Prop_lut5_I2_O)        0.124  6569.179 r  u_core/u_fabric/i___411_1_i_14__0/O
                         net (fo=2, routed)           0.538  6569.717    u_core/u_fabric/r4363
    SLICE_X96Y15         LUT5 (Prop_lut5_I0_O)        0.124  6569.841 r  u_core/u_fabric/q_i_46__2/O
                         net (fo=1, routed)           0.932  6570.773    u_core/u_fabric/q_i_46__2_n_0
    SLICE_X92Y2          LUT6 (Prop_lut6_I2_O)        0.124  6570.897 r  u_core/u_fabric/q_i_44__5/O
                         net (fo=1, routed)           0.000  6570.897    u_core/u_fabric/q_i_44__5_n_0
    SLICE_X92Y2          MUXF7 (Prop_muxf7_I1_O)      0.214  6571.111 r  u_core/u_fabric/q_reg_i_23/O
                         net (fo=7, routed)           0.329  6571.440    u_core/u_fabric/u_clb_x1y1/r76
    SLICE_X93Y3          LUT5 (Prop_lut5_I3_O)        0.297  6571.737 r  u_core/u_fabric/u_clb_x1y1/q_i_20/O
                         net (fo=1, routed)           0.303  6572.040    u_core/u_fabric/u_clb_x1y1/t_115
    SLICE_X91Y3          LUT5 (Prop_lut5_I0_O)        0.124  6572.164 r  u_core/u_fabric/u_clb_x1y1/q_i_12/O
                         net (fo=3, routed)           0.424  6572.587    u_core/u_fabric/u_clb_x1y1/r65
    SLICE_X91Y3          LUT3 (Prop_lut3_I2_O)        0.124  6572.711 r  u_core/u_fabric/u_clb_x1y1/q_i_7__0/O
                         net (fo=3, routed)           0.842  6573.553    u_core/u_fabric/u_clb_x1y1/lut_o6_4
    SLICE_X87Y4          LUT6 (Prop_lut6_I3_O)        0.124  6573.677 r  u_core/u_fabric/u_clb_x1y1/i___154_i_4/O
                         net (fo=4, routed)           1.021  6574.698    u_core/u_fabric/clb_o[0]
    SLICE_X95Y15         LUT6 (Prop_lut6_I5_O)        0.124  6574.822 r  u_core/u_fabric/i___431_1_i_1__0/O
                         net (fo=2, routed)           0.482  6575.304    u_core/u_fabric/i___431_1_i_1__0_n_0
    SLICE_X92Y14         LUT3 (Prop_lut3_I2_O)        0.124  6575.428 r  u_core/u_fabric/i___431_1_i_1/O
                         net (fo=3, routed)           0.768  6576.196    u_core/u_fabric/r5517
    SLICE_X91Y20         LUT6 (Prop_lut6_I2_O)        0.124  6576.320 r  u_core/u_fabric/i___431_1/O
                         net (fo=17, routed)          0.855  6577.174    u_core/u_store/r100
    SLICE_X101Y26        LUT6 (Prop_lut6_I4_O)        0.124  6577.298 r  u_core/u_store/q_i_34__0/O
                         net (fo=1, routed)           0.608  6577.906    u_core/u_store/u_fabric/u_clb_x2y1/t_104
    SLICE_X101Y20        LUT6 (Prop_lut6_I5_O)        0.124  6578.030 r  u_core/u_store/q_i_15__0/O
                         net (fo=2, routed)           1.086  6579.116    u_core/u_store/u_fabric/u_clb_x2y1/t_122
    SLICE_X80Y21         LUT5 (Prop_lut5_I2_O)        0.124  6579.240 r  u_core/u_store/q_i_7__1/O
                         net (fo=4, routed)           0.468  6579.708    u_core/u_store/lut_o6_23
    SLICE_X80Y21         LUT5 (Prop_lut5_I4_O)        0.124  6579.833 r  u_core/u_store/q_i_3__0/O
                         net (fo=3, routed)           0.741  6580.574    u_core/u_fabric/comb_535
    SLICE_X92Y21         LUT6 (Prop_lut6_I3_O)        0.124  6580.698 r  u_core/u_fabric/i___442_1_i_4__0/O
                         net (fo=1, routed)           0.466  6581.164    u_core/u_fabric/i___442_1_i_4__0_n_0
    SLICE_X92Y21         LUT5 (Prop_lut5_I4_O)        0.124  6581.288 r  u_core/u_fabric/i___442_1_i_1/O
                         net (fo=4, routed)           0.438  6581.726    u_core/u_fabric/r5595
    SLICE_X92Y20         LUT6 (Prop_lut6_I3_O)        0.124  6581.850 r  u_core/u_fabric/i___436_0_i_7/O
                         net (fo=1, routed)           0.000  6581.850    u_core/u_fabric/i___436_0_i_7_n_0
    SLICE_X92Y20         MUXF7 (Prop_muxf7_I1_O)      0.214  6582.064 r  u_core/u_fabric/i___436_0_i_5/O
                         net (fo=1, routed)           0.452  6582.516    u_core/u_fabric/i___436_0_i_5_n_0
    SLICE_X92Y20         LUT6 (Prop_lut6_I5_O)        0.297  6582.813 r  u_core/u_fabric/i___436_0_i_3/O
                         net (fo=5, routed)           0.792  6583.605    u_core/u_fabric/r4259
    SLICE_X101Y16        LUT4 (Prop_lut4_I0_O)        0.124  6583.729 r  u_core/u_fabric/i___436_0_i_2/O
                         net (fo=11, routed)          0.910  6584.640    u_core/u_fabric/r5438
    SLICE_X96Y3          LUT6 (Prop_lut6_I5_O)        0.124  6584.764 r  u_core/u_fabric/q_i_30__5/O
                         net (fo=5, routed)           1.211  6585.975    u_core/u_store/r1352
    SLICE_X66Y6          MUXF7 (Prop_muxf7_S_O)       0.292  6586.267 r  u_core/u_store/q_reg_i_18__3/O
                         net (fo=3, routed)           0.975  6587.242    u_core/u_store/t_112_137
    SLICE_X87Y8          LUT5 (Prop_lut5_I4_O)        0.297  6587.539 r  u_core/u_store/q_i_8__12/O
                         net (fo=5, routed)           0.915  6588.454    u_core/u_store/r1341
    SLICE_X100Y6         LUT5 (Prop_lut5_I4_O)        0.124  6588.578 r  u_core/u_store/q_i_9__2/O
                         net (fo=4, routed)           0.775  6589.353    u_core/u_store/u_fabric/u_clb_x1y3/lut_o6
    SLICE_X94Y6          LUT6 (Prop_lut6_I4_O)        0.124  6589.477 r  u_core/u_store/q_i_6__13/O
                         net (fo=1, routed)           0.495  6589.972    u_core/u_store/u_fabric/u_clb_x1y3/cy_mux
    SLICE_X95Y6          LUT5 (Prop_lut5_I0_O)        0.124  6590.096 r  u_core/u_store/q_i_3__25/O
                         net (fo=2, routed)           0.466  6590.562    u_core/u_fabric/comb_497
    SLICE_X92Y6          LUT6 (Prop_lut6_I3_O)        0.124  6590.686 r  u_core/u_fabric/i___233_i_1/O
                         net (fo=2, routed)           0.674  6591.359    u_core/u_fabric/i___233_i_1_n_0
    SLICE_X89Y5          LUT5 (Prop_lut5_I4_O)        0.124  6591.483 r  u_core/u_fabric/i___100_i_4/O
                         net (fo=15, routed)          1.019  6592.502    u_core/u_fabric/r5552
    SLICE_X70Y5          LUT6 (Prop_lut6_I3_O)        0.124  6592.626 r  u_core/u_fabric/i___411_1_i_17/O
                         net (fo=1, routed)           0.158  6592.785    u_core/u_fabric/i___411_1_i_17_n_0
    SLICE_X70Y5          LUT5 (Prop_lut5_I2_O)        0.124  6592.909 r  u_core/u_fabric/i___411_1_i_10/O
                         net (fo=2, routed)           0.604  6593.513    u_core/u_fabric/r4697
    SLICE_X79Y4          LUT5 (Prop_lut5_I0_O)        0.124  6593.637 r  u_core/u_fabric/i___411_1_i_5__0/O
                         net (fo=1, routed)           0.151  6593.788    u_core/u_fabric/i___411_1_i_5__0_n_0
    SLICE_X79Y4          LUT5 (Prop_lut5_I4_O)        0.124  6593.912 r  u_core/u_fabric/i___411_1_i_1/O
                         net (fo=13, routed)          0.690  6594.602    u_core/u_fabric/r5480
    SLICE_X85Y7          LUT5 (Prop_lut5_I2_O)        0.124  6594.726 r  u_core/u_fabric/i___408_0_i_3/O
                         net (fo=1, routed)           0.596  6595.322    u_core/u_fabric/i___408_0_i_3_n_0
    SLICE_X77Y7          LUT6 (Prop_lut6_I2_O)        0.124  6595.446 r  u_core/u_fabric/i___408_0_i_1/O
                         net (fo=11, routed)          1.727  6597.172    u_core/u_fabric/r5348
    SLICE_X40Y13         LUT5 (Prop_lut5_I1_O)        0.124  6597.296 r  u_core/u_fabric/mem_reg_i_160__0/O
                         net (fo=8, routed)           0.542  6597.838    u_core/u_fabric/r5733
    SLICE_X41Y13         LUT5 (Prop_lut5_I1_O)        0.124  6597.962 r  u_core/u_fabric/i___143_i_6/O
                         net (fo=5, routed)           0.682  6598.644    u_core/u_fabric/r5268
    SLICE_X37Y21         LUT5 (Prop_lut5_I4_O)        0.124  6598.768 r  u_core/u_fabric/i___463_0_i_16/O
                         net (fo=1, routed)           0.000  6598.768    u_core/u_fabric/i___463_0_i_16_n_0
    SLICE_X37Y21         MUXF7 (Prop_muxf7_I0_O)      0.212  6598.980 r  u_core/u_fabric/i___463_0_i_13/O
                         net (fo=2, routed)           0.756  6599.736    u_core/u_fabric/i___463_0_i_13_n_0
    SLICE_X35Y20         LUT6 (Prop_lut6_I5_O)        0.299  6600.035 r  u_core/u_fabric/i___463_0_i_7/O
                         net (fo=8, routed)           0.719  6600.754    u_core/u_fabric/r5292
    SLICE_X37Y24         LUT5 (Prop_lut5_I2_O)        0.124  6600.878 r  u_core/u_fabric/i___143_i_3/O
                         net (fo=1, routed)           0.151  6601.030    u_core/u_fabric/i___143_i_3_n_0
    SLICE_X37Y24         LUT5 (Prop_lut5_I2_O)        0.124  6601.154 r  u_core/u_fabric/i___143_i_2/O
                         net (fo=13, routed)          1.762  6602.916    u_core/u_fabric/r5881
    SLICE_X14Y7          LUT4 (Prop_lut4_I2_O)        0.124  6603.040 r  u_core/u_fabric/q_i_27__16/O
                         net (fo=1, routed)           0.165  6603.205    u_core/u_fabric/q_i_27__16_n_0
    SLICE_X14Y7          LUT6 (Prop_lut6_I0_O)        0.124  6603.329 r  u_core/u_fabric/q_i_13__19/O
                         net (fo=5, routed)           0.646  6603.975    u_core/u_store/r3503
    SLICE_X18Y12         LUT5 (Prop_lut5_I3_O)        0.124  6604.099 r  u_core/u_store/q_i_19__22/O
                         net (fo=4, routed)           0.750  6604.849    u_core/u_fabric/t_121_613
    SLICE_X20Y11         LUT4 (Prop_lut4_I2_O)        0.124  6604.973 r  u_core/u_fabric/i___202_i_24/O
                         net (fo=1, routed)           0.311  6605.285    u_core/u_fabric/i___202_i_24_n_0
    SLICE_X22Y11         LUT5 (Prop_lut5_I4_O)        0.124  6605.409 r  u_core/u_fabric/i___202_i_20/O
                         net (fo=1, routed)           0.000  6605.409    u_core/u_fabric/i___202_i_20_n_0
    SLICE_X22Y11         MUXF7 (Prop_muxf7_I0_O)      0.209  6605.618 r  u_core/u_fabric/i___202_i_15/O
                         net (fo=1, routed)           0.469  6606.087    u_core/u_fabric/i___202_i_15_n_0
    SLICE_X22Y11         LUT5 (Prop_lut5_I4_O)        0.297  6606.384 r  u_core/u_fabric/i___202_i_5/O
                         net (fo=7, routed)           1.411  6607.795    u_core/u_fabric/r5153
    SLICE_X44Y20         LUT5 (Prop_lut5_I1_O)        0.124  6607.919 r  u_core/u_fabric/i___159_i_13/O
                         net (fo=1, routed)           0.433  6608.352    u_core/u_fabric/i___159_i_13_n_0
    SLICE_X44Y20         LUT5 (Prop_lut5_I4_O)        0.124  6608.476 r  u_core/u_fabric/i___159_i_6/O
                         net (fo=14, routed)          0.958  6609.434    u_core/u_fabric/r5715
    SLICE_X54Y23         LUT6 (Prop_lut6_I5_O)        0.124  6609.558 r  u_core/u_fabric/q_i_20__20/O
                         net (fo=18, routed)          1.410  6610.968    u_core/u_store/r3482
    SLICE_X41Y4          LUT6 (Prop_lut6_I4_O)        0.124  6611.092 r  u_core/u_store/q_i_52__10/O
                         net (fo=1, routed)           0.000  6611.092    u_core/u_store/u_fabric/u_clb_x4y8/t_107
    SLICE_X41Y4          MUXF7 (Prop_muxf7_I1_O)      0.217  6611.309 r  u_core/u_store/q_reg_i_39__6/O
                         net (fo=1, routed)           0.000  6611.309    u_core/u_store/u_fabric/u_clb_x4y8/t_117
    SLICE_X41Y4          MUXF8 (Prop_muxf8_I1_O)      0.094  6611.403 r  u_core/u_store/q_reg_i_19__7/O
                         net (fo=1, routed)           0.889  6612.292    u_core/u_store/u_fabric/u_clb_x4y8/t_122
    SLICE_X44Y17         LUT5 (Prop_lut5_I2_O)        0.316  6612.607 r  u_core/u_store/q_i_8__60/O
                         net (fo=3, routed)           0.453  6613.060    u_core/u_store/u_fabric/u_clb_x4y8/lut_o6
    SLICE_X44Y17         LUT5 (Prop_lut5_I4_O)        0.124  6613.184 r  u_core/u_store/q_i_3__60/O
                         net (fo=3, routed)           0.321  6613.505    u_core/u_store/comb_459
    SLICE_X47Y16         LUT3 (Prop_lut3_I2_O)        0.124  6613.629 r  u_core/u_store/sr[72]_i_2/O
                         net (fo=2, routed)           0.698  6614.327    u_core/u_fabric/i___8_i_10_0[48]
    SLICE_X38Y11         LUT5 (Prop_lut5_I4_O)        0.124  6614.451 r  u_core/u_fabric/i___403_1_i_3/O
                         net (fo=1, routed)           0.000  6614.451    u_core/u_fabric/i___403_1_i_3_n_0
    SLICE_X38Y11         MUXF7 (Prop_muxf7_I0_O)      0.209  6614.660 r  u_core/u_fabric/i___403_1_i_1/O
                         net (fo=2, routed)           0.466  6615.126    u_core/u_fabric/i___403_1_i_1_n_0
    SLICE_X35Y11         LUT5 (Prop_lut5_I4_O)        0.297  6615.423 r  u_core/u_fabric/i___445_0_i_1/O
                         net (fo=17, routed)          0.515  6615.938    u_core/u_fabric/r5793
    SLICE_X32Y9          LUT6 (Prop_lut6_I5_O)        0.124  6616.062 r  u_core/u_fabric/i___447_1_i_9/O
                         net (fo=1, routed)           0.286  6616.349    u_core/u_fabric/i___447_1_i_9_n_0
    SLICE_X32Y9          LUT5 (Prop_lut5_I0_O)        0.124  6616.473 r  u_core/u_fabric/i___447_1_i_5/O
                         net (fo=9, routed)           1.555  6618.028    u_core/u_fabric/u_dsp0/u_core/r4950
    SLICE_X38Y41         LUT6 (Prop_lut6_I5_O)        0.124  6618.152 r  u_core/u_fabric/u_dsp0/u_core/i___119_i_12/O
                         net (fo=1, routed)           0.689  6618.841    u_core/u_fabric/u_dsp0_n_43
    SLICE_X38Y41         LUT5 (Prop_lut5_I2_O)        0.124  6618.965 r  u_core/u_fabric/i___119_i_5/O
                         net (fo=18, routed)          1.211  6620.177    u_core/u_fabric/r6015
    SLICE_X27Y30         LUT6 (Prop_lut6_I5_O)        0.124  6620.301 r  u_core/u_fabric/i___121_i_5/O
                         net (fo=1, routed)           0.817  6621.118    u_core/u_fabric/i___121_i_5_n_0
    SLICE_X20Y21         LUT6 (Prop_lut6_I0_O)        0.124  6621.242 r  u_core/u_fabric/i___121_i_2/O
                         net (fo=15, routed)          0.882  6622.124    u_core/u_fabric/u_clb_x7y2/r5866
    SLICE_X29Y30         LUT6 (Prop_lut6_I4_O)        0.124  6622.248 r  u_core/u_fabric/u_clb_x7y2/i___38_i_22/O
                         net (fo=1, routed)           0.149  6622.396    u_core/u_fabric/u_clb_x7y2_n_6
    SLICE_X29Y30         LUT5 (Prop_lut5_I2_O)        0.124  6622.521 r  u_core/u_fabric/i___38_i_13/O
                         net (fo=6, routed)           1.123  6623.644    u_core/u_fabric/r4956
    SLICE_X45Y37         LUT6 (Prop_lut6_I5_O)        0.124  6623.768 r  u_core/u_fabric/i___294_i_13/O
                         net (fo=2, routed)           0.819  6624.586    u_core/u_fabric/i___294_i_13_n_0
    SLICE_X45Y35         LUT5 (Prop_lut5_I4_O)        0.124  6624.710 r  u_core/u_fabric/i___294_i_8/O
                         net (fo=1, routed)           0.473  6625.184    u_core/u_fabric/i___294_i_8_n_0
    SLICE_X45Y35         LUT5 (Prop_lut5_I2_O)        0.124  6625.308 r  u_core/u_fabric/i___294_i_3/O
                         net (fo=14, routed)          0.551  6625.859    u_core/u_fabric/r5960
    SLICE_X36Y31         LUT6 (Prop_lut6_I3_O)        0.124  6625.983 r  u_core/u_fabric/i___179_i_16/O
                         net (fo=1, routed)           0.444  6626.427    u_core/u_fabric/i___179_i_16_n_0
    SLICE_X35Y30         LUT5 (Prop_lut5_I2_O)        0.124  6626.551 r  u_core/u_fabric/i___179_i_8/O
                         net (fo=9, routed)           1.145  6627.696    u_core/u_fabric/r5049
    SLICE_X31Y14         LUT6 (Prop_lut6_I5_O)        0.124  6627.820 r  u_core/u_fabric/i___86_i_6/O
                         net (fo=2, routed)           0.275  6628.095    u_core/u_store/i___170_i_5
    SLICE_X31Y14         LUT6 (Prop_lut6_I2_O)        0.124  6628.219 r  u_core/u_store/i___170_i_10/O
                         net (fo=1, routed)           0.318  6628.537    u_core/u_fabric/i___170_i_2_0
    SLICE_X26Y14         LUT6 (Prop_lut6_I3_O)        0.124  6628.661 r  u_core/u_fabric/i___170_i_5/O
                         net (fo=1, routed)           0.721  6629.382    u_core/u_fabric/i___170_i_5_n_0
    SLICE_X23Y19         LUT6 (Prop_lut6_I2_O)        0.124  6629.506 r  u_core/u_fabric/i___170_i_2/O
                         net (fo=4, routed)           1.122  6630.627    u_core/u_fabric/r4623
    SLICE_X36Y16         LUT6 (Prop_lut6_I5_O)        0.124  6630.751 r  u_core/u_fabric/i___435_0_i_13/O
                         net (fo=1, routed)           0.000  6630.751    u_core/u_fabric/i___435_0_i_13_n_0
    SLICE_X36Y16         MUXF7 (Prop_muxf7_I1_O)      0.214  6630.965 r  u_core/u_fabric/i___435_0_i_10/O
                         net (fo=2, routed)           0.460  6631.425    u_core/u_fabric/i___435_0_i_10_n_0
    SLICE_X36Y15         LUT5 (Prop_lut5_I4_O)        0.297  6631.722 r  u_core/u_fabric/i___435_0_i_7/O
                         net (fo=3, routed)           1.266  6632.988    u_core/u_fabric/r4605
    SLICE_X57Y21         LUT5 (Prop_lut5_I1_O)        0.124  6633.112 r  u_core/u_fabric/i___435_0_i_6/O
                         net (fo=1, routed)           0.151  6633.263    u_core/u_fabric/i___435_0_i_6_n_0
    SLICE_X57Y21         LUT5 (Prop_lut5_I4_O)        0.124  6633.387 r  u_core/u_fabric/i___435_0_i_2/O
                         net (fo=12, routed)          1.083  6634.470    u_core/u_fabric/r5685
    SLICE_X39Y22         LUT6 (Prop_lut6_I5_O)        0.124  6634.594 r  u_core/u_fabric/i___437_1/O
                         net (fo=1, routed)           1.056  6635.650    u_core/u_fabric/i___437_1_n_0
    SLICE_X24Y25         LUT5 (Prop_lut5_I2_O)        0.124  6635.774 r  u_core/u_fabric/i___173_i_7/O
                         net (fo=1, routed)           0.291  6636.065    u_core/u_fabric/i___173_i_7_n_0
    SLICE_X25Y25         LUT5 (Prop_lut5_I4_O)        0.124  6636.189 r  u_core/u_fabric/i___173_i_2/O
                         net (fo=2, routed)           0.464  6636.653    u_core/u_fabric/i___173_i_2_n_0
    SLICE_X30Y25         LUT5 (Prop_lut5_I2_O)        0.124  6636.777 r  u_core/u_fabric/i___77_i_7/O
                         net (fo=9, routed)           1.122  6637.899    u_core/u_fabric/r4308
    SLICE_X43Y35         LUT6 (Prop_lut6_I5_O)        0.124  6638.023 r  u_core/u_fabric/a_q[22]_i_5__0/O
                         net (fo=2, routed)           0.715  6638.738    u_core/u_fabric/a_q[22]_i_5__0_n_0
    SLICE_X48Y38         LUT5 (Prop_lut5_I2_O)        0.124  6638.862 r  u_core/u_fabric/a_q[22]_i_2/O
                         net (fo=10, routed)          1.380  6640.242    u_core/u_fabric/r4310
    SLICE_X48Y65         LUT6 (Prop_lut6_I5_O)        0.124  6640.366 r  u_core/u_fabric/i___50_i_6/O
                         net (fo=4, routed)           1.193  6641.560    u_core/u_fabric/r4332
    SLICE_X80Y69         LUT6 (Prop_lut6_I5_O)        0.124  6641.684 r  u_core/u_fabric/i___50_i_8/O
                         net (fo=1, routed)           0.000  6641.684    u_core/u_fabric/i___50_i_8_n_0
    SLICE_X80Y69         MUXF7 (Prop_muxf7_I1_O)      0.217  6641.900 r  u_core/u_fabric/i___50_i_5/O
                         net (fo=1, routed)           0.436  6642.337    u_core/u_fabric/i___50_i_5_n_0
    SLICE_X80Y69         LUT6 (Prop_lut6_I5_O)        0.299  6642.636 r  u_core/u_fabric/i___50_i_3/O
                         net (fo=6, routed)           0.780  6643.416    u_core/u_fabric/r4334
    SLICE_X82Y63         LUT6 (Prop_lut6_I5_O)        0.124  6643.540 r  u_core/u_fabric/i___323_i_11/O
                         net (fo=1, routed)           0.639  6644.179    u_core/u_fabric/i___323_i_11_n_0
    SLICE_X85Y68         LUT6 (Prop_lut6_I0_O)        0.124  6644.303 r  u_core/u_fabric/i___323_i_6/O
                         net (fo=1, routed)           0.937  6645.240    u_core/u_fabric/i___323_i_6_n_0
    SLICE_X88Y80         LUT6 (Prop_lut6_I0_O)        0.124  6645.364 r  u_core/u_fabric/i___323_i_3/O
                         net (fo=14, routed)          1.388  6646.752    u_core/u_fabric/r6336
    SLICE_X99Y67         LUT6 (Prop_lut6_I5_O)        0.124  6646.876 r  u_core/u_fabric/i___79_i_24/O
                         net (fo=1, routed)           0.433  6647.309    u_core/u_fabric/i___79_i_24_n_0
    SLICE_X99Y67         LUT5 (Prop_lut5_I4_O)        0.124  6647.433 r  u_core/u_fabric/i___79_i_20/O
                         net (fo=2, routed)           0.590  6648.023    u_core/u_fabric/i___79_i_20_n_0
    SLICE_X97Y67         LUT5 (Prop_lut5_I0_O)        0.124  6648.147 r  u_core/u_fabric/i___338_i_5/O
                         net (fo=2, routed)           0.534  6648.681    u_core/u_store/r4886
    SLICE_X93Y62         LUT6 (Prop_lut6_I0_O)        0.124  6648.805 r  u_core/u_store/i___338_i_3/O
                         net (fo=1, routed)           0.264  6649.069    u_core/u_fabric/i___3_i_14_0
    SLICE_X93Y62         LUT5 (Prop_lut5_I2_O)        0.124  6649.193 r  u_core/u_fabric/i___338_i_1/O
                         net (fo=16, routed)          0.582  6649.775    u_core/u_fabric/r6422
    SLICE_X94Y68         LUT6 (Prop_lut6_I2_O)        0.124  6649.899 r  u_core/u_fabric/i___335_i_5/O
                         net (fo=1, routed)           0.312  6650.211    u_core/u_fabric/i___335_i_5_n_0
    SLICE_X94Y69         LUT6 (Prop_lut6_I0_O)        0.124  6650.335 r  u_core/u_fabric/i___335_i_2/O
                         net (fo=14, routed)          1.193  6651.528    u_core/u_fabric/r6341
    SLICE_X100Y87        LUT6 (Prop_lut6_I5_O)        0.124  6651.652 r  u_core/u_fabric/i___35_i_18/O
                         net (fo=1, routed)           0.670  6652.323    u_core/u_fabric/i___35_i_18_n_0
    SLICE_X100Y87        LUT5 (Prop_lut5_I0_O)        0.124  6652.447 r  u_core/u_fabric/i___35_i_12/O
                         net (fo=15, routed)          2.286  6654.732    u_core/u_fabric/r4865
    SLICE_X49Y53         LUT6 (Prop_lut6_I5_O)        0.124  6654.856 r  u_core/u_fabric/i___17_i_19/O
                         net (fo=1, routed)           0.000  6654.856    u_core/u_fabric/i___17_i_19_n_0
    SLICE_X49Y53         MUXF7 (Prop_muxf7_I1_O)      0.217  6655.073 r  u_core/u_fabric/i___17_i_9/O
                         net (fo=2, routed)           0.450  6655.523    u_core/u_fabric/i___17_i_9_n_0
    SLICE_X49Y50         LUT5 (Prop_lut5_I4_O)        0.299  6655.822 r  u_core/u_fabric/i___17_i_4/O
                         net (fo=13, routed)          1.087  6656.909    u_core/u_fabric/r4849
    SLICE_X41Y37         LUT6 (Prop_lut6_I5_O)        0.124  6657.033 r  u_core/u_fabric/i___75_i_35/O
                         net (fo=2, routed)           0.414  6657.446    u_core/u_fabric/g_frame[77].cfg_reg[9962]
    SLICE_X41Y37         LUT5 (Prop_lut5_I2_O)        0.124  6657.570 r  u_core/u_fabric/i___75_i_20/O
                         net (fo=13, routed)          0.999  6658.569    u_core/u_fabric/r4839
    SLICE_X36Y19         LUT5 (Prop_lut5_I4_O)        0.124  6658.693 r  u_core/u_fabric/mem_reg_i_161/O
                         net (fo=1, routed)           0.282  6658.975    u_core/u_fabric/mem_reg_i_161_n_0
    SLICE_X36Y19         LUT5 (Prop_lut5_I4_O)        0.124  6659.099 r  u_core/u_fabric/mem_reg_i_101/O
                         net (fo=13, routed)          1.235  6660.334    u_core/u_fabric/r4825
    SLICE_X60Y22         LUT6 (Prop_lut6_I5_O)        0.124  6660.458 r  u_core/u_fabric/i___437_1_i_7/O
                         net (fo=1, routed)           0.161  6660.620    u_core/u_fabric/i___437_1_i_7_n_0
    SLICE_X60Y22         LUT5 (Prop_lut5_I4_O)        0.124  6660.744 r  u_core/u_fabric/i___437_1_i_4/O
                         net (fo=1, routed)           0.280  6661.023    u_core/u_fabric/i___437_1_i_4_n_0
    SLICE_X60Y22         LUT5 (Prop_lut5_I0_O)        0.124  6661.147 r  u_core/u_fabric/i___437_1_i_2/O
                         net (fo=13, routed)          0.807  6661.955    u_core/u_fabric/u_clb_x4y2/r5699
    SLICE_X73Y23         LUT6 (Prop_lut6_I0_O)        0.124  6662.079 r  u_core/u_fabric/u_clb_x4y2/i___435_1_i_9/O
                         net (fo=1, routed)           0.505  6662.583    u_core/u_fabric/u_clb_x4y2_n_1
    SLICE_X82Y23         LUT5 (Prop_lut5_I2_O)        0.124  6662.708 r  u_core/u_fabric/i___435_1_i_5/O
                         net (fo=6, routed)           0.902  6663.610    u_core/u_fabric/r5691
    SLICE_X92Y27         LUT5 (Prop_lut5_I4_O)        0.124  6663.734 r  u_core/u_fabric/i___154_i_5/O
                         net (fo=2, routed)           0.436  6664.170    u_core/u_fabric/i___154_i_5_n_0
    SLICE_X93Y26         LUT5 (Prop_lut5_I0_O)        0.124  6664.294 r  u_core/u_fabric/i___154_i_3/O
                         net (fo=1, routed)           0.852  6665.146    u_core/u_fabric/i___154_i_3_n_0
    SLICE_X97Y17         LUT6 (Prop_lut6_I2_O)        0.124  6665.270 r  u_core/u_fabric/i___154_i_1/O
                         net (fo=15, routed)          0.724  6665.993    u_core/u_fabric/r5516
    SLICE_X96Y23         LUT6 (Prop_lut6_I5_O)        0.124  6666.117 r  u_core/u_fabric/i___442_1_i_13/O
                         net (fo=1, routed)           0.171  6666.288    u_core/u_fabric/i___442_1_i_13_n_0
    SLICE_X96Y23         LUT5 (Prop_lut5_I2_O)        0.124  6666.412 r  u_core/u_fabric/i___442_1_i_7__0/O
                         net (fo=2, routed)           0.926  6667.338    u_core/u_fabric/r4372
    SLICE_X83Y19         LUT3 (Prop_lut3_I0_O)        0.124  6667.462 r  u_core/u_fabric/mem_reg_i_203/O
                         net (fo=2, routed)           0.590  6668.052    u_core/u_fabric/mem_reg_i_203_n_0
    SLICE_X79Y18         LUT5 (Prop_lut5_I4_O)        0.124  6668.176 r  u_core/u_fabric/mem_reg_i_175/O
                         net (fo=1, routed)           0.639  6668.814    u_core/u_fabric/mem_reg_i_175_n_0
    SLICE_X66Y17         LUT5 (Prop_lut5_I2_O)        0.124  6668.938 r  u_core/u_fabric/mem_reg_i_122/O
                         net (fo=11, routed)          0.502  6669.440    u_core/u_fabric/r5622
    SLICE_X62Y15         LUT4 (Prop_lut4_I3_O)        0.124  6669.564 r  u_core/u_fabric/q_i_34__2/O
                         net (fo=1, routed)           0.498  6670.063    u_core/u_fabric/q_i_34__2_n_0
    SLICE_X63Y15         LUT6 (Prop_lut6_I5_O)        0.124  6670.187 r  u_core/u_fabric/q_i_20__16/O
                         net (fo=4, routed)           1.598  6671.785    u_core/u_fabric/u_clb_x2y10/r1907
    SLICE_X101Y22        LUT5 (Prop_lut5_I1_O)        0.124  6671.909 r  u_core/u_fabric/u_clb_x2y10/q_i_12__18/O
                         net (fo=2, routed)           1.066  6672.975    u_core/u_fabric/t_121_28
    SLICE_X77Y20         LUT6 (Prop_lut6_I5_O)        0.124  6673.099 r  u_core/u_fabric/i___107_i_22/O
                         net (fo=1, routed)           0.450  6673.549    u_core/u_fabric/i___107_i_22_n_0
    SLICE_X71Y20         LUT5 (Prop_lut5_I4_O)        0.124  6673.673 r  u_core/u_fabric/i___107_i_12/O
                         net (fo=8, routed)           1.169  6674.842    u_core/u_fabric/r4805
    SLICE_X90Y14         LUT5 (Prop_lut5_I4_O)        0.124  6674.966 r  u_core/u_fabric/i___188_i_6/O
                         net (fo=1, routed)           0.000  6674.966    u_core/u_fabric/i___188_i_6_n_0
    SLICE_X90Y14         MUXF7 (Prop_muxf7_I0_O)      0.209  6675.175 r  u_core/u_fabric/i___188_i_5/O
                         net (fo=1, routed)           0.452  6675.627    u_core/u_fabric/i___188_i_5_n_0
    SLICE_X90Y14         LUT6 (Prop_lut6_I5_O)        0.297  6675.924 r  u_core/u_fabric/i___188_i_1/O
                         net (fo=17, routed)          0.933  6676.857    u_core/u_fabric/r5543
    SLICE_X100Y5         LUT6 (Prop_lut6_I5_O)        0.124  6676.981 r  u_core/u_fabric/i___440_0_i_11/O
                         net (fo=1, routed)           0.161  6677.142    u_core/u_fabric/i___440_0_i_11_n_0
    SLICE_X100Y5         LUT5 (Prop_lut5_I0_O)        0.124  6677.266 r  u_core/u_fabric/i___440_0_i_10/O
                         net (fo=2, routed)           1.052  6678.318    u_core/u_fabric/r4469
    SLICE_X86Y9          LUT5 (Prop_lut5_I0_O)        0.124  6678.442 r  u_core/u_fabric/i___440_0_i_8/O
                         net (fo=1, routed)           0.000  6678.442    u_core/u_fabric/i___440_0_i_8_n_0
    SLICE_X86Y9          MUXF7 (Prop_muxf7_I0_O)      0.209  6678.651 r  u_core/u_fabric/i___440_0_i_4/O
                         net (fo=1, routed)           0.469  6679.120    u_core/u_fabric/i___440_0_i_4_n_0
    SLICE_X86Y9          LUT6 (Prop_lut6_I5_O)        0.297  6679.417 r  u_core/u_fabric/i___440_0_i_1/O
                         net (fo=14, routed)          0.692  6680.109    u_core/u_fabric/r5468
    SLICE_X86Y5          LUT6 (Prop_lut6_I3_O)        0.124  6680.233 r  u_core/u_fabric/i___376_i_22/O
                         net (fo=1, routed)           0.000  6680.233    u_core/u_fabric/i___376_i_22_n_0
    SLICE_X86Y5          MUXF7 (Prop_muxf7_I1_O)      0.214  6680.447 r  u_core/u_fabric/i___376_i_9/O
                         net (fo=10, routed)          1.177  6681.624    u_core/u_fabric/r5482
    SLICE_X104Y12        LUT4 (Prop_lut4_I3_O)        0.297  6681.920 r  u_core/u_fabric/i___376_i_3/O
                         net (fo=7, routed)           0.891  6682.812    u_core/u_fabric/r4904
    SLICE_X93Y15         LUT3 (Prop_lut3_I2_O)        0.124  6682.936 r  u_core/u_fabric/i___152_i_7/O
                         net (fo=1, routed)           0.407  6683.343    u_core/u_fabric/i___152_i_7_n_0
    SLICE_X93Y15         LUT6 (Prop_lut6_I3_O)        0.124  6683.467 r  u_core/u_fabric/i___152_i_4/O
                         net (fo=2, routed)           0.335  6683.802    u_core/u_fabric/i___152_i_4_n_0
    SLICE_X94Y15         LUT5 (Prop_lut5_I2_O)        0.124  6683.926 r  u_core/u_fabric/i___419_1_i_9/O
                         net (fo=1, routed)           0.513  6684.439    u_core/u_fabric/i___419_1_i_9_n_0
    SLICE_X100Y20        LUT6 (Prop_lut6_I2_O)        0.124  6684.563 r  u_core/u_fabric/i___419_1_i_6/O
                         net (fo=1, routed)           1.476  6686.039    u_core/u_store/r4488
    SLICE_X76Y20         LUT6 (Prop_lut6_I4_O)        0.124  6686.163 r  u_core/u_store/i___419_1_i_4/O
                         net (fo=1, routed)           0.158  6686.321    u_core/u_fabric/mem_reg_i_148_0
    SLICE_X76Y20         LUT5 (Prop_lut5_I2_O)        0.124  6686.445 r  u_core/u_fabric/i___419_1_i_1/O
                         net (fo=14, routed)          0.763  6687.208    u_core/u_fabric/r5626
    SLICE_X62Y19         LUT6 (Prop_lut6_I5_O)        0.124  6687.332 r  u_core/u_fabric/i___75_i_37/O
                         net (fo=1, routed)           0.282  6687.614    u_core/u_fabric/i___75_i_37_n_0
    SLICE_X62Y19         LUT6 (Prop_lut6_I5_O)        0.124  6687.738 r  u_core/u_fabric/i___75_i_27/O
                         net (fo=2, routed)           0.296  6688.034    u_core/u_fabric/i___75_i_27_n_0
    SLICE_X61Y19         LUT3 (Prop_lut3_I0_O)        0.124  6688.158 r  u_core/u_fabric/i___75_i_17/O
                         net (fo=15, routed)          1.483  6689.641    u_core/u_fabric/r4836
    SLICE_X32Y13         LUT6 (Prop_lut6_I5_O)        0.124  6689.765 r  u_core/u_fabric/i___74_i_8/O
                         net (fo=1, routed)           0.541  6690.305    u_core/u_fabric/i___74_i_8_n_0
    SLICE_X32Y13         LUT6 (Prop_lut6_I0_O)        0.124  6690.429 r  u_core/u_fabric/i___74_i_5/O
                         net (fo=1, routed)           0.000  6690.429    u_core/u_fabric/i___74_i_5_n_0
    SLICE_X32Y13         MUXF7 (Prop_muxf7_I0_O)      0.209  6690.638 r  u_core/u_fabric/i___74_i_2/O
                         net (fo=15, routed)          0.559  6691.197    u_core/u_fabric/r5878
    SLICE_X38Y15         LUT6 (Prop_lut6_I5_O)        0.297  6691.494 r  u_core/u_fabric/i___81_i_19/O
                         net (fo=2, routed)           0.581  6692.075    u_core/u_fabric/i___81_i_19_n_0
    SLICE_X39Y15         LUT5 (Prop_lut5_I2_O)        0.124  6692.199 r  u_core/u_fabric/i___81_i_15/O
                         net (fo=5, routed)           0.668  6692.867    u_core/u_fabric/r5283
    SLICE_X46Y10         LUT6 (Prop_lut6_I3_O)        0.124  6692.991 r  u_core/u_fabric/i___141_i_19/O
                         net (fo=1, routed)           0.161  6693.152    u_core/u_fabric/i___141_i_19_n_0
    SLICE_X46Y10         LUT5 (Prop_lut5_I2_O)        0.124  6693.276 r  u_core/u_fabric/i___141_i_10/O
                         net (fo=15, routed)          0.685  6693.961    u_core/u_fabric/r5723
    SLICE_X43Y16         LUT6 (Prop_lut6_I2_O)        0.124  6694.085 r  u_core/u_fabric/q_i_23__15__0/O
                         net (fo=17, routed)          0.936  6695.021    u_core/u_store/r3214
    SLICE_X57Y14         LUT6 (Prop_lut6_I4_O)        0.124  6695.145 r  u_core/u_store/q_i_27__30/O
                         net (fo=1, routed)           0.000  6695.145    u_core/u_store/u_fabric/u_clb_x4y7/t_105
    SLICE_X57Y14         MUXF7 (Prop_muxf7_I1_O)      0.217  6695.362 r  u_core/u_store/q_reg_i_18__13/O
                         net (fo=1, routed)           0.893  6696.254    u_core/u_store/u_fabric/u_clb_x4y7/t_116
    SLICE_X49Y7          LUT6 (Prop_lut6_I5_O)        0.299  6696.553 r  u_core/u_store/q_i_12__31/O
                         net (fo=1, routed)           0.433  6696.986    u_core/u_store/u_fabric/u_clb_x4y7/t_125
    SLICE_X49Y7          LUT6 (Prop_lut6_I2_O)        0.124  6697.110 r  u_core/u_store/q_i_9__23/O
                         net (fo=2, routed)           0.441  6697.552    u_core/u_store/u_fabric/u_clb_x4y7/lut_o6
    SLICE_X47Y8          LUT5 (Prop_lut5_I4_O)        0.124  6697.676 r  u_core/u_store/q_i_3__52/O
                         net (fo=3, routed)           0.742  6698.418    u_core/u_store/comb_398
    SLICE_X37Y10         LUT3 (Prop_lut3_I2_O)        0.124  6698.542 r  u_core/u_store/sr[62]_i_2/O
                         net (fo=2, routed)           0.703  6699.246    u_core/u_fabric/i___8_i_10_0[41]
    SLICE_X37Y16         LUT5 (Prop_lut5_I4_O)        0.124  6699.370 r  u_core/u_fabric/i___418_1_i_3/O
                         net (fo=1, routed)           0.000  6699.370    u_core/u_fabric/i___418_1_i_3_n_0
    SLICE_X37Y16         MUXF7 (Prop_muxf7_I0_O)      0.212  6699.582 r  u_core/u_fabric/i___418_1_i_1/O
                         net (fo=2, routed)           0.452  6700.034    u_core/u_fabric/i___418_1_i_1_n_0
    SLICE_X37Y16         LUT5 (Prop_lut5_I4_O)        0.299  6700.333 r  u_core/u_fabric/i___450_0_i_1/O
                         net (fo=16, routed)          1.304  6701.637    u_core/u_fabric/r5787
    SLICE_X18Y9          LUT6 (Prop_lut6_I5_O)        0.124  6701.761 r  u_core/u_fabric/a_q[23]_i_7/O
                         net (fo=1, routed)           0.670  6702.431    u_core/u_fabric/a_q[23]_i_7_n_0
    SLICE_X18Y9          LUT5 (Prop_lut5_I0_O)        0.124  6702.555 r  u_core/u_fabric/a_q[23]_i_3/O
                         net (fo=14, routed)          1.794  6704.349    u_core/u_fabric/r4848
    SLICE_X39Y51         LUT6 (Prop_lut6_I5_O)        0.124  6704.473 r  u_core/u_fabric/d_q[4]_i_2/O
                         net (fo=1, routed)           0.747  6705.220    u_core/u_store/r925
    SLICE_X31Y47         LUT3 (Prop_lut3_I2_O)        0.124  6705.344 r  u_core/u_store/d_q[4]_i_1/O
                         net (fo=3, routed)           0.746  6706.090    u_core/u_store/drive_reg[115][4]
    SLICE_X26Y45         LUT5 (Prop_lut5_I2_O)        0.124  6706.214 r  u_core/u_store/i__carry__0_i_8__1/O
                         net (fo=1, routed)           0.000  6706.214    u_core/u_fabric/u_dsp0/u_core/m_c_1[0]
    SLICE_X26Y45         CARRY4 (Prop_carry4_S[0]_O[3])
                                                      0.608  6706.822 r  u_core/u_fabric/u_dsp0/u_core/__5/i__carry__0/O[3]
                         net (fo=1, routed)           0.659  6707.481    u_core/u_store/m_c_12[3]
    SLICE_X27Y45         LUT3 (Prop_lut3_I0_O)        0.307  6707.789 r  u_core/u_store/m_c_i_36/O
                         net (fo=1, routed)           0.779  6708.568    u_core/u_fabric/u_dsp0/u_core/A[7]
    DSP48_X1Y18          DSP48E1 (Prop_dsp48e1_A[7]_P[0])
                                                      3.841  6712.409 r  u_core/u_fabric/u_dsp0/u_core/m_c/P[0]
                         net (fo=3, routed)           1.425  6713.834    u_core/u_fabric/u_dsp0/u_core/m_c__0[0]
    SLICE_X34Y45         LUT3 (Prop_lut3_I2_O)        0.116  6713.950 r  u_core/u_fabric/u_dsp0/u_core/i__carry_i_4/O
                         net (fo=1, routed)           0.000  6713.950    u_core/u_fabric/u_dsp0/u_core/m_x[0]
    SLICE_X34Y45         CARRY4 (Prop_carry4_DI[0]_O[3])
                                                      0.576  6714.526 r  u_core/u_fabric/u_dsp0/u_core/__10/i__carry/O[3]
                         net (fo=2, routed)           0.479  6715.006    u_core/u_fabric/u_dsp0/u_core/__10/i__carry_n_4
    SLICE_X36Y46         LUT3 (Prop_lut3_I2_O)        0.307  6715.313 r  u_core/u_fabric/u_dsp0/u_core/sr[3]_i_2/O
                         net (fo=3, routed)           1.034  6716.347    u_core/u_fabric/dsp_p[3]
    SLICE_X38Y63         LUT5 (Prop_lut5_I4_O)        0.124  6716.471 r  u_core/u_fabric/i___414_1_i_5/O
                         net (fo=1, routed)           0.165  6716.636    u_core/u_fabric/i___414_1_i_5_n_0
    SLICE_X38Y63         LUT5 (Prop_lut5_I4_O)        0.124  6716.760 r  u_core/u_fabric/i___414_1_i_1/O
                         net (fo=13, routed)          1.342  6718.102    u_core/u_fabric/r6067
    SLICE_X62Y56         LUT5 (Prop_lut5_I4_O)        0.124  6718.226 r  u_core/u_fabric/i___133_i_10/O
                         net (fo=5, routed)           0.920  6719.146    u_core/u_fabric/r4422
    SLICE_X54Y71         LUT6 (Prop_lut6_I5_O)        0.124  6719.270 r  u_core/u_fabric/i___133_i_5/O
                         net (fo=1, routed)           0.000  6719.270    u_core/u_fabric/i___133_i_5_n_0
    SLICE_X54Y71         MUXF7 (Prop_muxf7_I0_O)      0.209  6719.479 r  u_core/u_fabric/i___133_i_2/O
                         net (fo=15, routed)          1.160  6720.638    u_core/u_fabric/r6166
    SLICE_X66Y87         LUT6 (Prop_lut6_I5_O)        0.297  6720.935 r  u_core/u_fabric/q_i_50__1/O
                         net (fo=16, routed)          1.087  6722.021    u_core/u_store/r2069
    SLICE_X47Y86         LUT6 (Prop_lut6_I2_O)        0.124  6722.146 r  u_core/u_store/q_i_54__6/O
                         net (fo=1, routed)           0.000  6722.146    u_core/u_store/u_fabric/u_clb_x10y5/t_103
    SLICE_X47Y86         MUXF7 (Prop_muxf7_I1_O)      0.217  6722.362 r  u_core/u_store/q_reg_i_43__0/O
                         net (fo=1, routed)           0.436  6722.799    u_core/u_fabric/u_clb_x10y5/t_115_285
    SLICE_X47Y86         LUT5 (Prop_lut5_I0_O)        0.299  6723.098 r  u_core/u_fabric/u_clb_x10y5/q_i_29__24/O
                         net (fo=2, routed)           0.895  6723.993    u_core/u_fabric/u_clb_x10y5/t_121
    SLICE_X60Y85         LUT3 (Prop_lut3_I0_O)        0.124  6724.117 r  u_core/u_fabric/u_clb_x10y5/q_i_20__17/O
                         net (fo=4, routed)           0.463  6724.580    u_core/u_fabric/r2059
    SLICE_X63Y83         LUT5 (Prop_lut5_I4_O)        0.124  6724.704 r  u_core/u_fabric/i___339_i_15/O
                         net (fo=1, routed)           0.000  6724.704    u_core/u_fabric/i___339_i_15_n_0
    SLICE_X63Y83         MUXF7 (Prop_muxf7_I0_O)      0.212  6724.916 r  u_core/u_fabric/i___339_i_14/O
                         net (fo=1, routed)           0.436  6725.353    u_core/u_fabric/i___339_i_14_n_0
    SLICE_X63Y83         LUT5 (Prop_lut5_I4_O)        0.299  6725.651 r  u_core/u_fabric/i___339_i_6/O
                         net (fo=10, routed)          1.510  6727.161    u_core/u_fabric/u_clb_x12y8/i___398_1_i_1__0_0
    SLICE_X84Y56         LUT6 (Prop_lut6_I2_O)        0.124  6727.285 r  u_core/u_fabric/u_clb_x12y8/i___398_1_i_4/O
                         net (fo=2, routed)           0.415  6727.700    u_core/u_fabric/u_clb_x12y8_n_11
    SLICE_X85Y55         LUT5 (Prop_lut5_I4_O)        0.124  6727.824 r  u_core/u_fabric/i___398_1_i_1__0/O
                         net (fo=1, routed)           0.557  6728.381    u_core/u_fabric/i___398_1_i_1__0_n_0
    SLICE_X85Y52         LUT6 (Prop_lut6_I3_O)        0.124  6728.505 r  u_core/u_fabric/i___398_1__0/O
                         net (fo=6, routed)           1.453  6729.958    u_core/u_fabric/r5225
    SLICE_X98Y75         LUT6 (Prop_lut6_I3_O)        0.124  6730.083 r  u_core/u_fabric/i___267_i_15/O
                         net (fo=1, routed)           0.689  6730.772    u_core/u_fabric/i___267_i_15_n_0
    SLICE_X98Y75         LUT5 (Prop_lut5_I4_O)        0.124  6730.896 r  u_core/u_fabric/i___267_i_6/O
                         net (fo=1, routed)           0.282  6731.178    u_core/u_fabric/i___267_i_6_n_0
    SLICE_X98Y75         LUT5 (Prop_lut5_I0_O)        0.124  6731.302 r  u_core/u_fabric/i___267_i_2/O
                         net (fo=15, routed)          0.719  6732.021    u_core/u_fabric/u_dsp0/u_core/r6261
    SLICE_X93Y81         LUT6 (Prop_lut6_I4_O)        0.124  6732.146 r  u_core/u_fabric/u_dsp0/u_core/i___397_0_i_13/O
                         net (fo=2, routed)           0.154  6732.299    u_core/u_fabric/u_dsp0_n_50
    SLICE_X93Y81         LUT5 (Prop_lut5_I2_O)        0.124  6732.423 r  u_core/u_fabric/i___397_0_i_7/O
                         net (fo=8, routed)           1.155  6733.578    u_core/u_fabric/r4880
    SLICE_X87Y65         LUT5 (Prop_lut5_I4_O)        0.124  6733.702 r  u_core/u_fabric/i___30_i_6/O
                         net (fo=1, routed)           0.263  6733.965    u_core/u_fabric/i___30_i_6_n_0
    SLICE_X87Y65         LUT5 (Prop_lut5_I2_O)        0.124  6734.089 r  u_core/u_fabric/i___30_i_4/O
                         net (fo=13, routed)          0.947  6735.037    u_core/u_fabric/u_clb_x12y2/i___79_i_5_0
    SLICE_X101Y67        LUT6 (Prop_lut6_I2_O)        0.124  6735.161 r  u_core/u_fabric/u_clb_x12y2/i___79_i_13/O
                         net (fo=1, routed)           0.326  6735.487    u_core/u_fabric/u_clb_x12y2_n_6
    SLICE_X102Y67        LUT5 (Prop_lut5_I2_O)        0.124  6735.611 r  u_core/u_fabric/i___79_i_5/O
                         net (fo=12, routed)          0.950  6736.561    u_core/u_fabric/u_clb_x12y2/r6381
    SLICE_X97Y55         LUT6 (Prop_lut6_I4_O)        0.124  6736.685 r  u_core/u_fabric/u_clb_x12y2/i___465_0_i_3/O
                         net (fo=1, routed)           0.403  6737.088    u_core/u_fabric/u_clb_x12y2_n_2
    SLICE_X97Y55         LUT5 (Prop_lut5_I2_O)        0.124  6737.212 r  u_core/u_fabric/i___465_0_i_1/O
                         net (fo=12, routed)          0.881  6738.093    u_core/u_fabric/r6379
    SLICE_X94Y66         LUT6 (Prop_lut6_I5_O)        0.124  6738.217 r  u_core/u_fabric/i___465_1/O
                         net (fo=1, routed)           0.631  6738.848    u_core/u_fabric/i___465_1_n_0
    SLICE_X95Y69         LUT6 (Prop_lut6_I0_O)        0.124  6738.972 r  u_core/u_fabric/i___23_i_2/O
                         net (fo=15, routed)          0.789  6739.761    u_core/u_fabric/r6322
    SLICE_X99Y81         LUT6 (Prop_lut6_I5_O)        0.124  6739.885 r  u_core/u_fabric/i___52_i_29/O
                         net (fo=1, routed)           0.154  6740.039    u_core/u_fabric/i___52_i_29_n_0
    SLICE_X99Y81         LUT5 (Prop_lut5_I4_O)        0.124  6740.163 r  u_core/u_fabric/i___52_i_21/O
                         net (fo=1, routed)           0.517  6740.680    u_core/u_fabric/i___52_i_21_n_0
    SLICE_X98Y81         LUT5 (Prop_lut5_I0_O)        0.124  6740.804 r  u_core/u_fabric/i___52_i_12/O
                         net (fo=10, routed)          2.013  6742.817    u_core/u_fabric/r4765
    SLICE_X50Y61         LUT5 (Prop_lut5_I1_O)        0.124  6742.941 r  u_core/u_fabric/i___52_i_5/O
                         net (fo=1, routed)           0.282  6743.223    u_core/u_fabric/i___52_i_5_n_0
    SLICE_X50Y61         LUT5 (Prop_lut5_I4_O)        0.124  6743.347 r  u_core/u_fabric/i___52_i_1/O
                         net (fo=19, routed)          0.835  6744.182    u_core/u_fabric/r6106
    SLICE_X50Y68         LUT6 (Prop_lut6_I5_O)        0.124  6744.306 r  u_core/u_fabric/q_i_25__5/O
                         net (fo=17, routed)          1.079  6745.385    u_core/u_fabric/u_dsp1/u_core/r3587
    SLICE_X43Y83         LUT5 (Prop_lut5_I1_O)        0.124  6745.509 r  u_core/u_fabric/u_dsp1/u_core/q_i_16__24/O
                         net (fo=1, routed)           0.683  6746.192    u_core/u_fabric/u_dsp1/u_core/u_clb_x9y8/t_115
    SLICE_X43Y76         LUT5 (Prop_lut5_I0_O)        0.124  6746.316 r  u_core/u_fabric/u_dsp1/u_core/q_i_9__16/O
                         net (fo=5, routed)           0.359  6746.676    u_core/u_fabric/r3577
    SLICE_X44Y75         LUT2 (Prop_lut2_I1_O)        0.124  6746.800 r  u_core/u_fabric/i___53_i_16/O
                         net (fo=14, routed)          1.008  6747.808    u_core/u_fabric/r5192
    SLICE_X59Y79         LUT5 (Prop_lut5_I4_O)        0.124  6747.932 r  u_core/u_fabric/i___53_i_9/O
                         net (fo=1, routed)           0.303  6748.235    u_core/u_fabric/i___53_i_9_n_0
    SLICE_X60Y79         LUT5 (Prop_lut5_I4_O)        0.124  6748.359 r  u_core/u_fabric/i___53_i_3/O
                         net (fo=14, routed)          0.903  6749.262    u_core/u_fabric/r6187
    SLICE_X81Y80         LUT4 (Prop_lut4_I3_O)        0.124  6749.386 r  u_core/u_fabric/q_i_46__9/O
                         net (fo=2, routed)           0.485  6749.871    u_core/u_fabric/g_frame[115].cfg_reg[14816]_0
    SLICE_X81Y80         LUT5 (Prop_lut5_I4_O)        0.124  6749.995 r  u_core/u_fabric/q_i_31__11/O
                         net (fo=7, routed)           0.756  6750.751    u_core/u_store/r3614
    SLICE_X81Y76         MUXF7 (Prop_muxf7_S_O)       0.276  6751.027 r  u_core/u_store/q_reg_i_49/O
                         net (fo=1, routed)           0.000  6751.027    u_core/u_store/u_fabric/u_clb_x10y8/t_113
    SLICE_X81Y76         MUXF8 (Prop_muxf8_I1_O)      0.094  6751.121 r  u_core/u_store/q_reg_i_29__10/O
                         net (fo=1, routed)           0.828  6751.949    u_core/u_fabric/u_clb_x10y8/t_120_391
    SLICE_X84Y86         LUT5 (Prop_lut5_I4_O)        0.316  6752.265 r  u_core/u_fabric/u_clb_x10y8/q_i_17__24/O
                         net (fo=6, routed)           0.858  6753.123    u_core/u_fabric/r3603
    SLICE_X86Y76         LUT5 (Prop_lut5_I4_O)        0.124  6753.247 r  u_core/u_fabric/i___275_i_20/O
                         net (fo=1, routed)           0.544  6753.791    u_core/u_fabric/i___275_i_20_n_0
    SLICE_X86Y76         LUT6 (Prop_lut6_I5_O)        0.124  6753.915 r  u_core/u_fabric/i___275_i_11/O
                         net (fo=7, routed)           1.136  6755.051    u_core/u_fabric/r5195
    SLICE_X56Y80         LUT5 (Prop_lut5_I1_O)        0.124  6755.175 r  u_core/u_fabric/i___275_i_5/O
                         net (fo=1, routed)           0.280  6755.455    u_core/u_fabric/i___275_i_5_n_0
    SLICE_X56Y80         LUT5 (Prop_lut5_I4_O)        0.124  6755.579 r  u_core/u_fabric/i___275_i_2/O
                         net (fo=7, routed)           1.085  6756.664    u_core/u_fabric/r6210
    SLICE_X81Y70         LUT6 (Prop_lut6_I2_O)        0.124  6756.788 r  u_core/u_fabric/i___370/O
                         net (fo=2, routed)           0.474  6757.263    u_core/u_fabric/i___370_n_0
    SLICE_X81Y69         LUT3 (Prop_lut3_I0_O)        0.124  6757.387 r  u_core/u_fabric/i___364_i_7/O
                         net (fo=9, routed)           0.667  6758.054    u_core/u_fabric/r5332
    SLICE_X83Y63         LUT5 (Prop_lut5_I2_O)        0.124  6758.178 r  u_core/u_fabric/i___343_i_3/O
                         net (fo=1, routed)           0.427  6758.605    u_core/u_fabric/i___343_i_3_n_0
    SLICE_X85Y61         LUT5 (Prop_lut5_I2_O)        0.124  6758.729 r  u_core/u_fabric/i___343_i_1/O
                         net (fo=16, routed)          0.565  6759.294    u_core/u_fabric/u_clb_x10y4/i___345_i_8_0
    SLICE_X84Y68         LUT6 (Prop_lut6_I2_O)        0.124  6759.418 r  u_core/u_fabric/u_clb_x10y4/i___345_i_14/O
                         net (fo=1, routed)           0.161  6759.580    u_core/u_fabric/u_clb_x10y4_n_1
    SLICE_X84Y68         LUT5 (Prop_lut5_I2_O)        0.124  6759.704 r  u_core/u_fabric/i___345_i_8/O
                         net (fo=8, routed)           0.883  6760.587    u_core/u_fabric/r5099
    SLICE_X56Y69         LUT6 (Prop_lut6_I5_O)        0.124  6760.711 r  u_core/u_fabric/i___348_i_12/O
                         net (fo=1, routed)           0.488  6761.199    u_core/u_fabric/i___348_i_12_n_0
    SLICE_X56Y69         LUT5 (Prop_lut5_I4_O)        0.124  6761.323 r  u_core/u_fabric/i___348_i_4/O
                         net (fo=1, routed)           0.582  6761.905    u_core/u_fabric/i___348_i_4_n_0
    SLICE_X55Y69         LUT5 (Prop_lut5_I0_O)        0.124  6762.029 r  u_core/u_fabric/i___348_i_1/O
                         net (fo=11, routed)          0.895  6762.924    u_core/u_fabric/r6200
    SLICE_X52Y77         LUT6 (Prop_lut6_I3_O)        0.124  6763.048 r  u_core/u_fabric/i___349_i_14/O
                         net (fo=1, routed)           0.161  6763.209    u_core/u_fabric/i___349_i_14_n_0
    SLICE_X52Y77         LUT5 (Prop_lut5_I2_O)        0.124  6763.333 r  u_core/u_fabric/i___349_i_8/O
                         net (fo=2, routed)           0.996  6764.330    u_core/u_fabric/r5201
    SLICE_X59Y69         LUT6 (Prop_lut6_I5_O)        0.124  6764.454 r  u_core/u_fabric/i___349_i_4/O
                         net (fo=1, routed)           0.000  6764.454    u_core/u_fabric/i___349_i_4_n_0
    SLICE_X59Y69         MUXF7 (Prop_muxf7_I1_O)      0.217  6764.670 r  u_core/u_fabric/i___349_i_1/O
                         net (fo=2, routed)           0.449  6765.120    u_core/u_fabric/i___349_i_1_n_0
    SLICE_X59Y69         LUT6 (Prop_lut6_I5_O)        0.299  6765.418 r  u_core/u_fabric/c_q[1]_i_3__0/O
                         net (fo=9, routed)           0.924  6766.342    u_core/u_fabric/r6128
    SLICE_X57Y78         LUT4 (Prop_lut4_I0_O)        0.124  6766.466 r  u_core/u_fabric/i___7_i_12/O
                         net (fo=6, routed)           1.236  6767.702    u_core/u_fabric/r5326
    SLICE_X83Y69         LUT5 (Prop_lut5_I2_O)        0.124  6767.826 r  u_core/u_fabric/i___7_i_5/O
                         net (fo=1, routed)           0.263  6768.089    u_core/u_fabric/i___7_i_5_n_0
    SLICE_X83Y69         LUT5 (Prop_lut5_I2_O)        0.124  6768.213 r  u_core/u_fabric/i___7_i_2/O
                         net (fo=15, routed)          0.983  6769.196    u_core/u_fabric/r6269
    SLICE_X84Y78         LUT4 (Prop_lut4_I3_O)        0.124  6769.320 r  u_core/u_fabric/q_i_24__22/O
                         net (fo=1, routed)           0.670  6769.991    u_core/u_fabric/q_i_24__22_n_0
    SLICE_X84Y78         LUT6 (Prop_lut6_I5_O)        0.124  6770.115 r  u_core/u_fabric/q_i_13__3/O
                         net (fo=3, routed)           0.712  6770.827    u_core/u_store/r3876
    SLICE_X84Y82         LUT3 (Prop_lut3_I1_O)        0.124  6770.951 r  u_core/u_store/q_i_8__72/O
                         net (fo=4, routed)           0.610  6771.561    u_core/u_store/r3871
    SLICE_X84Y83         LUT5 (Prop_lut5_I3_O)        0.124  6771.685 r  u_core/u_store/q_i_3__95/O
                         net (fo=4, routed)           0.903  6772.587    u_core/u_store/comb_6
    SLICE_X84Y71         LUT4 (Prop_lut4_I2_O)        0.124  6772.711 r  u_core/u_store/i___7_i_17/O
                         net (fo=2, routed)           1.067  6773.779    u_core/u_fabric/i___369_i_14_0
    SLICE_X97Y71         LUT5 (Prop_lut5_I4_O)        0.124  6773.903 r  u_core/u_fabric/i___7_i_11/O
                         net (fo=1, routed)           0.404  6774.307    u_core/u_fabric/i___7_i_11_n_0
    SLICE_X97Y72         LUT5 (Prop_lut5_I4_O)        0.124  6774.431 r  u_core/u_fabric/i___7_i_4/O
                         net (fo=15, routed)          0.818  6775.249    u_core/u_fabric/r6267
    SLICE_X90Y72         LUT6 (Prop_lut6_I3_O)        0.124  6775.373 r  u_core/u_fabric/i___78_i_8/O
                         net (fo=2, routed)           0.299  6775.671    u_core/u_fabric/i___78_i_8_n_0
    SLICE_X90Y72         LUT5 (Prop_lut5_I0_O)        0.124  6775.795 r  u_core/u_fabric/i___78_i_5/O
                         net (fo=14, routed)          1.155  6776.951    u_core/u_fabric/r6253
    SLICE_X90Y90         LUT4 (Prop_lut4_I3_O)        0.124  6777.075 r  u_core/u_fabric/i___272_i_39/O
                         net (fo=1, routed)           0.452  6777.527    u_core/u_fabric/i___272_i_39_n_0
    SLICE_X90Y90         LUT6 (Prop_lut6_I5_O)        0.124  6777.651 r  u_core/u_fabric/i___272_i_33/O
                         net (fo=6, routed)           0.989  6778.640    u_core/u_store/r3104
    SLICE_X94Y75         MUXF7 (Prop_muxf7_S_O)       0.292  6778.932 r  u_core/u_store/q_reg_i_20__8/O
                         net (fo=2, routed)           0.647  6779.578    u_core/u_store/u_fabric/u_clb_x11y6/t_114
    SLICE_X91Y79         LUT5 (Prop_lut5_I2_O)        0.297  6779.875 r  u_core/u_store/q_i_13__19/O
                         net (fo=4, routed)           0.694  6780.568    u_core/u_store/r3093
    SLICE_X96Y84         LUT6 (Prop_lut6_I5_O)        0.124  6780.692 r  u_core/u_store/q_i_7__49/O
                         net (fo=4, routed)           0.502  6781.194    u_core/u_store/lut_o6_365
    SLICE_X95Y84         LUT6 (Prop_lut6_I4_O)        0.124  6781.318 r  u_core/u_store/q_i_8__45/O
                         net (fo=2, routed)           0.434  6781.752    u_core/u_store/u_fabric/r3094
    SLICE_X97Y85         LUT6 (Prop_lut6_I5_O)        0.124  6781.876 r  u_core/u_store/q_i_8__57/O
                         net (fo=3, routed)           0.624  6782.500    u_core/u_store/u_fabric/r3362
    SLICE_X90Y85         LUT5 (Prop_lut5_I0_O)        0.124  6782.624 r  u_core/u_store/q_i_3__86/O
                         net (fo=3, routed)           0.960  6783.584    u_core/u_fabric/comb_566
    SLICE_X90Y75         LUT4 (Prop_lut4_I1_O)        0.124  6783.708 r  u_core/u_fabric/i___3_i_19/O
                         net (fo=1, routed)           0.819  6784.527    u_core/u_fabric/i___3_i_19_n_0
    SLICE_X85Y65         LUT5 (Prop_lut5_I4_O)        0.124  6784.651 r  u_core/u_fabric/i___3_i_11/O
                         net (fo=1, routed)           0.000  6784.651    u_core/u_fabric/i___3_i_11_n_0
    SLICE_X85Y65         MUXF7 (Prop_muxf7_I0_O)      0.212  6784.863 r  u_core/u_fabric/i___3_i_6/O
                         net (fo=1, routed)           0.306  6785.169    u_core/u_fabric/i___3_i_6_n_0
    SLICE_X84Y64         LUT5 (Prop_lut5_I4_O)        0.299  6785.468 r  u_core/u_fabric/i___3_i_1/O
                         net (fo=11, routed)          0.858  6786.326    u_core/u_fabric/r6356
    SLICE_X88Y67         LUT6 (Prop_lut6_I3_O)        0.124  6786.450 r  u_core/u_fabric/i___332_i_8/O
                         net (fo=1, routed)           0.669  6787.119    u_core/u_fabric/i___332_i_8_n_0
    SLICE_X88Y67         LUT5 (Prop_lut5_I2_O)        0.124  6787.243 r  u_core/u_fabric/i___332_i_7/O
                         net (fo=9, routed)           0.703  6787.946    u_core/u_fabric/u_dsp0/u_core/i___405_0_i_2
    SLICE_X90Y71         LUT6 (Prop_lut6_I2_O)        0.124  6788.070 r  u_core/u_fabric/u_dsp0/u_core/i___405_0_i_5/O
                         net (fo=1, routed)           0.161  6788.231    u_core/u_fabric/u_dsp0_n_41
    SLICE_X90Y71         LUT5 (Prop_lut5_I2_O)        0.124  6788.355 r  u_core/u_fabric/i___405_0_i_2/O
                         net (fo=15, routed)          1.012  6789.368    u_core/u_fabric/r6263
    SLICE_X96Y87         LUT6 (Prop_lut6_I5_O)        0.124  6789.492 r  u_core/u_fabric/c_q[39]_i_4__0/O
                         net (fo=1, routed)           0.670  6790.162    u_core/u_fabric/c_q[39]_i_4__0_n_0
    SLICE_X96Y87         LUT5 (Prop_lut5_I0_O)        0.124  6790.286 r  u_core/u_fabric/c_q[39]_i_2/O
                         net (fo=16, routed)          1.740  6792.026    u_core/u_fabric/u_dsp0/u_core/i___410_0_i_6_1
    SLICE_X55Y66         LUT6 (Prop_lut6_I0_O)        0.124  6792.150 r  u_core/u_fabric/u_dsp0/u_core/i___410_0_i_10/O
                         net (fo=1, routed)           0.000  6792.150    u_core/u_fabric/u_dsp0_n_46
    SLICE_X55Y66         MUXF7 (Prop_muxf7_I1_O)      0.217  6792.367 r  u_core/u_fabric/i___410_0_i_6/O
                         net (fo=1, routed)           0.473  6792.840    u_core/u_fabric/i___410_0_i_6_n_0
    SLICE_X55Y65         LUT3 (Prop_lut3_I1_O)        0.299  6793.139 r  u_core/u_fabric/i___410_0_i_2/O
                         net (fo=17, routed)          1.113  6794.251    u_core/u_fabric/r6087
    SLICE_X50Y79         LUT6 (Prop_lut6_I5_O)        0.124  6794.375 r  u_core/u_fabric/i___224_i_6/O
                         net (fo=1, routed)           0.468  6794.843    u_core/u_fabric/i___224_i_6_n_0
    SLICE_X46Y79         LUT6 (Prop_lut6_I2_O)        0.124  6794.967 r  u_core/u_fabric/i___224_i_3/O
                         net (fo=1, routed)           0.000  6794.967    u_core/u_fabric/i___224_i_3_n_0
    SLICE_X46Y79         MUXF7 (Prop_muxf7_I0_O)      0.209  6795.176 r  u_core/u_fabric/i___224_i_2/O
                         net (fo=15, routed)          0.455  6795.631    u_core/u_fabric/r6147
    SLICE_X45Y79         LUT4 (Prop_lut4_I3_O)        0.297  6795.928 r  u_core/u_fabric/q_i_31__2/O
                         net (fo=1, routed)           0.469  6796.397    u_core/u_fabric/q_i_31__2_n_0
    SLICE_X45Y79         LUT6 (Prop_lut6_I5_O)        0.124  6796.521 r  u_core/u_fabric/q_i_25__7/O
                         net (fo=18, routed)          0.585  6797.107    u_core/u_store/r1800
    SLICE_X43Y81         LUT6 (Prop_lut6_I4_O)        0.124  6797.231 r  u_core/u_store/q_i_54__4/O
                         net (fo=1, routed)           0.000  6797.231    u_core/u_store/u_fabric/u_clb_x10y4/t_105
    SLICE_X43Y81         MUXF7 (Prop_muxf7_I1_O)      0.217  6797.448 r  u_core/u_store/q_reg_i_39__4/O
                         net (fo=1, routed)           0.461  6797.909    u_core/u_store/u_fabric/u_clb_x10y4/t_116
    SLICE_X45Y78         LUT6 (Prop_lut6_I5_O)        0.299  6798.208 r  u_core/u_store/q_i_21__9/O
                         net (fo=2, routed)           0.708  6798.915    u_core/u_store/u_fabric/u_clb_x10y4/t_125
    SLICE_X51Y78         LUT4 (Prop_lut4_I2_O)        0.124  6799.039 r  u_core/u_store/sr[37]_i_3/O
                         net (fo=1, routed)           0.407  6799.446    u_core/u_store/sr[37]_i_3_n_0
    SLICE_X51Y78         LUT6 (Prop_lut6_I5_O)        0.124  6799.570 r  u_core/u_store/sr[37]_i_2/O
                         net (fo=3, routed)           0.728  6800.299    u_core/u_fabric/i___8_i_10_0[23]
    SLICE_X56Y81         LUT6 (Prop_lut6_I5_O)        0.124  6800.423 r  u_core/u_fabric/i___14_i_20/O
                         net (fo=1, routed)           0.488  6800.911    u_core/u_fabric/i___14_i_20_n_0
    SLICE_X61Y81         LUT5 (Prop_lut5_I4_O)        0.124  6801.035 r  u_core/u_fabric/i___14_i_19/O
                         net (fo=1, routed)           0.578  6801.612    u_core/u_fabric/i___14_i_19_n_0
    SLICE_X62Y78         LUT5 (Prop_lut5_I2_O)        0.124  6801.736 r  u_core/u_fabric/i___14_i_17/O
                         net (fo=1, routed)           0.452  6802.188    u_core/u_fabric/i___14_i_17_n_0
    SLICE_X62Y78         LUT5 (Prop_lut5_I2_O)        0.124  6802.312 r  u_core/u_fabric/i___14_i_16/O
                         net (fo=1, routed)           0.304  6802.617    u_core/u_store/i___14_i_10_0
    SLICE_X62Y77         LUT6 (Prop_lut6_I4_O)        0.124  6802.741 r  u_core/u_store/i___14_i_13/O
                         net (fo=1, routed)           0.513  6803.254    u_core/u_fabric/i___14_i_9_0
    SLICE_X63Y77         LUT5 (Prop_lut5_I2_O)        0.124  6803.378 r  u_core/u_fabric/i___14_i_10/O
                         net (fo=1, routed)           0.263  6803.642    u_core/u_fabric/i___14_i_10_n_0
    SLICE_X63Y77         LUT6 (Prop_lut6_I0_O)        0.124  6803.766 r  u_core/u_fabric/i___14_i_9/O
                         net (fo=9, routed)           1.191  6804.957    u_core/u_fabric/u_clb_x12y2/i___331_i_8_0
    SLICE_X87Y65         LUT6 (Prop_lut6_I2_O)        0.124  6805.081 r  u_core/u_fabric/u_clb_x12y2/i___30_i_7/O
                         net (fo=2, routed)           0.457  6805.538    u_core/u_fabric/u_clb_x12y2_n_10
    SLICE_X88Y65         LUT5 (Prop_lut5_I4_O)        0.124  6805.662 r  u_core/u_fabric/i___331_i_8/O
                         net (fo=1, routed)           0.403  6806.065    u_core/u_fabric/i___331_i_8_n_0
    SLICE_X89Y63         LUT5 (Prop_lut5_I2_O)        0.124  6806.189 r  u_core/u_fabric/i___331_i_7/O
                         net (fo=2, routed)           0.418  6806.607    u_core/u_fabric/i___331_i_7_n_0
    SLICE_X89Y63         LUT6 (Prop_lut6_I3_O)        0.124  6806.731 r  u_core/u_fabric/i___466_1_i_25/O
                         net (fo=1, routed)           0.433  6807.165    u_core/u_fabric/r4341
    SLICE_X89Y63         LUT6 (Prop_lut6_I2_O)        0.124  6807.289 r  u_core/u_fabric/i___466_1_i_24/O
                         net (fo=1, routed)           0.690  6807.978    u_core/u_fabric/i___466_1_i_24_n_0
    SLICE_X89Y58         LUT6 (Prop_lut6_I2_O)        0.124  6808.102 r  u_core/u_fabric/i___466_1_i_23/O
                         net (fo=1, routed)           0.653  6808.755    u_core/u_fabric/r4458
    SLICE_X92Y57         LUT5 (Prop_lut5_I2_O)        0.124  6808.879 r  u_core/u_fabric/i___466_1_i_20/O
                         net (fo=1, routed)           0.710  6809.589    u_core/u_fabric/i___466_1_i_20_n_0
    SLICE_X97Y49         LUT5 (Prop_lut5_I2_O)        0.124  6809.713 r  u_core/u_fabric/i___466_1_i_9/O
                         net (fo=10, routed)          1.073  6810.786    u_core/u_fabric/r6400
    SLICE_X88Y61         LUT6 (Prop_lut6_I5_O)        0.124  6810.910 r  u_core/u_fabric/i___301_i_16/O
                         net (fo=1, routed)           1.270  6812.180    u_core/u_fabric/i___301_i_16_n_0
    SLICE_X63Y76         LUT5 (Prop_lut5_I2_O)        0.124  6812.304 r  u_core/u_fabric/i___301_i_11/O
                         net (fo=1, routed)           0.264  6812.568    u_core/u_fabric/i___301_i_11_n_0
    SLICE_X63Y76         LUT5 (Prop_lut5_I2_O)        0.124  6812.692 r  u_core/u_fabric/i___301_i_5/O
                         net (fo=1, routed)           0.440  6813.132    u_core/u_fabric/i___301_i_5_n_0
    SLICE_X64Y76         LUT6 (Prop_lut6_I0_O)        0.124  6813.256 r  u_core/u_fabric/i___301_i_2/O
                         net (fo=15, routed)          1.407  6814.663    u_core/u_fabric/r6262
    SLICE_X82Y83         LUT6 (Prop_lut6_I5_O)        0.124  6814.787 r  u_core/u_fabric/i___328_i_18/O
                         net (fo=1, routed)           0.307  6815.094    u_core/u_fabric/i___328_i_18_n_0
    SLICE_X80Y83         LUT5 (Prop_lut5_I4_O)        0.124  6815.218 r  u_core/u_fabric/i___328_i_11/O
                         net (fo=1, routed)           0.161  6815.379    u_core/u_fabric/i___328_i_11_n_0
    SLICE_X80Y83         LUT5 (Prop_lut5_I0_O)        0.124  6815.503 r  u_core/u_fabric/i___328_i_5/O
                         net (fo=8, routed)           1.639  6817.142    u_core/u_fabric/r5081
    SLICE_X46Y72         LUT5 (Prop_lut5_I1_O)        0.124  6817.266 r  u_core/u_fabric/i___410_0_i_15/O
                         net (fo=1, routed)           0.000  6817.266    u_core/u_fabric/i___410_0_i_15_n_0
    SLICE_X46Y72         MUXF7 (Prop_muxf7_I0_O)      0.209  6817.475 r  u_core/u_fabric/i___410_0_i_14/O
                         net (fo=1, routed)           0.452  6817.927    u_core/u_fabric/i___410_0_i_14_n_0
    SLICE_X46Y72         LUT6 (Prop_lut6_I5_O)        0.297  6818.224 r  u_core/u_fabric/i___410_0_i_8/O
                         net (fo=3, routed)           0.940  6819.164    u_core/u_fabric/r5079
    SLICE_X55Y65         LUT5 (Prop_lut5_I1_O)        0.124  6819.288 r  u_core/u_fabric/i___349_i_11/O
                         net (fo=2, routed)           0.307  6819.595    u_core/u_fabric/i___349_i_11_n_0
    SLICE_X57Y65         LUT5 (Prop_lut5_I4_O)        0.124  6819.719 r  u_core/u_fabric/i___371_i_7/O
                         net (fo=11, routed)          0.780  6820.499    u_core/u_fabric/r6126
    SLICE_X57Y71         LUT5 (Prop_lut5_I4_O)        0.124  6820.623 r  u_core/u_fabric/i___373_i_5/O
                         net (fo=2, routed)           0.557  6821.180    u_core/u_fabric/r5312
    SLICE_X57Y73         LUT6 (Prop_lut6_I5_O)        0.124  6821.304 r  u_core/u_fabric/i___373_i_2/O
                         net (fo=2, routed)           0.716  6822.020    u_core/u_fabric/i___373_i_2_n_0
    SLICE_X57Y80         LUT5 (Prop_lut5_I2_O)        0.124  6822.144 r  u_core/u_fabric/i___468_1_i_3__0/O
                         net (fo=4, routed)           1.337  6823.481    u_core/u_fabric/r6212
    SLICE_X83Y74         LUT4 (Prop_lut4_I2_O)        0.124  6823.605 r  u_core/u_fabric/i___468_1_i_2__0/O
                         net (fo=1, routed)           0.577  6824.182    u_core/u_fabric/i___468_1_i_2__0_n_0
    SLICE_X84Y74         LUT6 (Prop_lut6_I5_O)        0.124  6824.306 r  u_core/u_fabric/i___468_1__1/O
                         net (fo=5, routed)           1.077  6825.384    u_core/u_fabric/r6285
    SLICE_X98Y70         LUT6 (Prop_lut6_I1_O)        0.124  6825.508 r  u_core/u_fabric/i___371_i_8/O
                         net (fo=1, routed)           0.492  6826.000    u_core/u_fabric/i___371_i_8_n_0
    SLICE_X98Y70         LUT5 (Prop_lut5_I2_O)        0.124  6826.124 r  u_core/u_fabric/i___371_i_4/O
                         net (fo=5, routed)           1.529  6827.652    u_core/u_fabric/r5317
    SLICE_X52Y64         LUT5 (Prop_lut5_I0_O)        0.124  6827.776 r  u_core/u_fabric/i___371_i_1/O
                         net (fo=2, routed)           0.677  6828.453    u_core/u_fabric/i___371_i_1_n_0
    SLICE_X56Y65         LUT5 (Prop_lut5_I4_O)        0.124  6828.577 r  u_core/u_fabric/a_q[21]_i_2/O
                         net (fo=4, routed)           0.607  6829.185    u_core/u_fabric/r6136
    SLICE_X64Y65         LUT6 (Prop_lut6_I2_O)        0.124  6829.309 r  u_core/u_fabric/i___13_i_3/O
                         net (fo=13, routed)          1.462  6830.771    u_core/u_fabric/r5414
    SLICE_X92Y50         LUT6 (Prop_lut6_I1_O)        0.124  6830.895 r  u_core/u_fabric/i___53_i_14/O
                         net (fo=13, routed)          1.333  6832.229    u_core/u_fabric/r5199
    SLICE_X80Y67         LUT5 (Prop_lut5_I4_O)        0.124  6832.353 r  u_core/u_fabric/i___275_i_15/O
                         net (fo=2, routed)           0.561  6832.914    u_core/u_fabric/i___275_i_15_n_0
    SLICE_X80Y67         LUT5 (Prop_lut5_I4_O)        0.119  6833.033 r  u_core/u_fabric/i___275_i_6/O
                         net (fo=4, routed)           0.804  6833.837    u_core/u_fabric/r5203
    SLICE_X58Y64         LUT5 (Prop_lut5_I0_O)        0.332  6834.169 r  u_core/u_fabric/a_q[20]_i_5__0/O
                         net (fo=2, routed)           0.436  6834.605    u_core/u_fabric/a_q[20]_i_5__0_n_0
    SLICE_X58Y64         LUT5 (Prop_lut5_I4_O)        0.124  6834.729 r  u_core/u_fabric/a_q[20]_i_2__0/O
                         net (fo=7, routed)           0.889  6835.618    u_core/u_fabric/r6130
    SLICE_X59Y51         LUT5 (Prop_lut5_I2_O)        0.124  6835.742 r  u_core/u_fabric/i___32_i_4/O
                         net (fo=2, routed)           0.417  6836.159    u_core/u_fabric/i___32_i_4_n_0
    SLICE_X59Y51         LUT5 (Prop_lut5_I0_O)        0.119  6836.278 r  u_core/u_fabric/i___32_i_3/O
                         net (fo=9, routed)           0.784  6837.062    u_core/u_fabric/r5391
    SLICE_X48Y55         LUT6 (Prop_lut6_I5_O)        0.332  6837.394 r  u_core/u_fabric/c_q[28]_i_2__0/O
                         net (fo=1, routed)           1.213  6838.606    u_core/u_store/r3003
    SLICE_X31Y55         LUT3 (Prop_lut3_I2_O)        0.124  6838.730 r  u_core/u_store/c_q[28]_i_1__0/O
                         net (fo=2, routed)           0.599  6839.330    u_core/u_store/drive_reg[214][28]
    SLICE_X30Y54         LUT5 (Prop_lut5_I4_O)        0.124  6839.454 r  u_core/u_store/i__carry__6_i_12__0/O
                         net (fo=1, routed)           0.437  6839.891    u_core/u_store/i__carry__6_i_12__0_n_0
    SLICE_X28Y56         LUT5 (Prop_lut5_I4_O)        0.124  6840.015 r  u_core/u_store/i__carry__6_i_8__0/O
                         net (fo=1, routed)           0.000  6840.015    u_core/u_fabric/u_dsp1/u_core/p_q_reg[31]_0[0]
    SLICE_X28Y56         CARRY4 (Prop_carry4_S[0]_O[2])
                                                      0.547  6840.562 r  u_core/u_fabric/u_dsp1/u_core/__10/i__carry__6/O[2]
                         net (fo=2, routed)           0.341  6840.903    u_core/u_fabric/u_dsp1/u_core/__10/i__carry__6_n_5
    SLICE_X29Y56         LUT3 (Prop_lut3_I2_O)        0.302  6841.205 r  u_core/u_fabric/u_dsp1/u_core/sr[78]_i_2/O
                         net (fo=3, routed)           1.351  6842.556    u_core/u_fabric/dsp_p[78]
    SLICE_X55Y57         LUT5 (Prop_lut5_I1_O)        0.124  6842.680 r  u_core/u_fabric/c_q[16]_i_11/O
                         net (fo=1, routed)           0.000  6842.680    u_core/u_fabric/c_q[16]_i_11_n_0
    SLICE_X55Y57         MUXF7 (Prop_muxf7_I0_O)      0.212  6842.892 r  u_core/u_fabric/c_q_reg[16]_i_7/O
                         net (fo=1, routed)           0.301  6843.193    u_core/u_fabric/c_q_reg[16]_i_7_n_0
    SLICE_X57Y57         LUT5 (Prop_lut5_I4_O)        0.299  6843.492 r  u_core/u_fabric/c_q[16]_i_3/O
                         net (fo=14, routed)          1.881  6845.373    u_core/u_fabric/r4866
    SLICE_X99Y74         LUT5 (Prop_lut5_I4_O)        0.124  6845.497 r  u_core/u_fabric/i___21_i_10/O
                         net (fo=1, routed)           0.000  6845.497    u_core/u_fabric/i___21_i_10_n_0
    SLICE_X99Y74         MUXF7 (Prop_muxf7_I0_O)      0.212  6845.708 r  u_core/u_fabric/i___21_i_6/O
                         net (fo=1, routed)           0.433  6846.142    u_core/u_fabric/i___21_i_6_n_0
    SLICE_X99Y74         LUT6 (Prop_lut6_I5_O)        0.299  6846.441 r  u_core/u_fabric/i___21_i_2/O
                         net (fo=15, routed)          1.173  6847.614    u_core/u_fabric/r6346
    SLICE_X85Y63         LUT3 (Prop_lut3_I2_O)        0.124  6847.738 r  u_core/u_fabric/i___354_i_37/O
                         net (fo=2, routed)           0.319  6848.057    u_core/u_fabric/i___354_i_37_n_0
    SLICE_X86Y63         LUT5 (Prop_lut5_I4_O)        0.124  6848.181 r  u_core/u_fabric/i___354_i_18/O
                         net (fo=1, routed)           0.670  6848.852    u_core/u_fabric/i___354_i_18_n_0
    SLICE_X86Y63         LUT5 (Prop_lut5_I2_O)        0.124  6848.976 r  u_core/u_fabric/i___354_i_6/O
                         net (fo=9, routed)           1.011  6849.987    u_core/u_fabric/r5327
    SLICE_X101Y58        LUT6 (Prop_lut6_I5_O)        0.124  6850.111 r  u_core/u_fabric/q_i_49__4/O
                         net (fo=1, routed)           1.603  6851.714    u_core/u_fabric/q_i_49__4_n_0
    SLICE_X59Y76         LUT5 (Prop_lut5_I4_O)        0.124  6851.838 r  u_core/u_fabric/q_i_44__8/O
                         net (fo=1, routed)           0.604  6852.441    u_core/u_store/q_i_17__21_1
    SLICE_X59Y83         LUT6 (Prop_lut6_I4_O)        0.124  6852.565 r  u_core/u_store/q_i_35__48/O
                         net (fo=1, routed)           0.640  6853.205    u_core/u_store/q_i_35__48_n_0
    SLICE_X66Y83         LUT5 (Prop_lut5_I3_O)        0.124  6853.329 r  u_core/u_store/q_i_17__21/O
                         net (fo=1, routed)           0.723  6854.052    u_core/u_fabric/u_clb_x10y10/t_114_359
    SLICE_X83Y83         LUT5 (Prop_lut5_I2_O)        0.124  6854.176 r  u_core/u_fabric/u_clb_x10y10/q_i_7__57/O
                         net (fo=4, routed)           0.956  6855.131    u_core/u_fabric/u_clb_x10y10/r3335
    SLICE_X94Y86         LUT6 (Prop_lut6_I2_O)        0.124  6855.255 r  u_core/u_fabric/u_clb_x10y10/q_i_3__84/O
                         net (fo=3, routed)           0.830  6856.086    u_core/u_fabric/u_clb_x10y7/comb
    SLICE_X96Y79         LUT3 (Prop_lut3_I2_O)        0.124  6856.210 r  u_core/u_fabric/u_clb_x10y7/sr[67]_i_2/O
                         net (fo=2, routed)           0.326  6856.536    u_core/u_fabric/clb_o[21]
    SLICE_X98Y79         LUT5 (Prop_lut5_I4_O)        0.124  6856.660 r  u_core/u_fabric/i___60_i_17/O
                         net (fo=1, routed)           0.000  6856.660    u_core/u_fabric/i___60_i_17_n_0
    SLICE_X98Y79         MUXF7 (Prop_muxf7_I0_O)      0.209  6856.869 r  u_core/u_fabric/i___60_i_13/O
                         net (fo=2, routed)           0.484  6857.353    u_core/u_fabric/i___60_i_13_n_0
    SLICE_X98Y79         LUT6 (Prop_lut6_I5_O)        0.297  6857.649 r  u_core/u_fabric/i___60_i_4/O
                         net (fo=15, routed)          1.273  6858.922    u_core/u_fabric/r6255
    SLICE_X64Y83         LUT6 (Prop_lut6_I5_O)        0.124  6859.046 r  u_core/u_fabric/i___338_i_9/O
                         net (fo=1, routed)           0.161  6859.207    u_core/u_fabric/i___338_i_9_n_0
    SLICE_X64Y83         LUT5 (Prop_lut5_I0_O)        0.124  6859.331 r  u_core/u_fabric/i___338_i_6/O
                         net (fo=5, routed)           1.510  6860.841    u_core/u_fabric/r4884
    SLICE_X96Y78         LUT6 (Prop_lut6_I5_O)        0.124  6860.965 r  u_core/u_fabric/i___397_0_i_5/O
                         net (fo=1, routed)           0.313  6861.278    u_core/u_fabric/i___397_0_i_5_n_0
    SLICE_X96Y79         LUT5 (Prop_lut5_I4_O)        0.124  6861.402 r  u_core/u_fabric/i___397_0_i_2/O
                         net (fo=1, routed)           0.282  6861.685    u_core/u_fabric/i___397_0_i_2_n_0
    SLICE_X96Y79         LUT5 (Prop_lut5_I0_O)        0.124  6861.809 r  u_core/u_fabric/i___397_0_i_1/O
                         net (fo=16, routed)          1.174  6862.982    u_core/u_fabric/r6344
    SLICE_X94Y55         LUT6 (Prop_lut6_I5_O)        0.124  6863.106 r  u_core/u_fabric/i___354_i_40/O
                         net (fo=1, routed)           0.000  6863.106    u_core/u_fabric/i___354_i_40_n_0
    SLICE_X94Y55         MUXF7 (Prop_muxf7_I1_O)      0.214  6863.320 r  u_core/u_fabric/i___354_i_22/O
                         net (fo=1, routed)           0.659  6863.979    u_core/u_fabric/i___354_i_22_n_0
    SLICE_X95Y55         LUT6 (Prop_lut6_I5_O)        0.297  6864.276 r  u_core/u_fabric/i___354_i_8/O
                         net (fo=9, routed)           1.668  6865.945    u_core/u_fabric/r5319
    SLICE_X48Y59         LUT6 (Prop_lut6_I5_O)        0.124  6866.069 r  u_core/u_fabric/c_q[26]_i_6/O
                         net (fo=1, routed)           0.158  6866.227    u_core/u_fabric/c_q[26]_i_6_n_0
    SLICE_X48Y59         LUT5 (Prop_lut5_I2_O)        0.124  6866.351 r  u_core/u_fabric/c_q[26]_i_4/O
                         net (fo=4, routed)           0.813  6867.165    u_core/u_fabric/r6138
    SLICE_X53Y49         LUT4 (Prop_lut4_I0_O)        0.124  6867.289 r  u_core/u_fabric/c_q[26]_i_3__0/O
                         net (fo=1, routed)           0.407  6867.696    u_core/u_fabric/c_q[26]_i_3__0_n_0
    SLICE_X53Y49         LUT6 (Prop_lut6_I0_O)        0.124  6867.820 r  u_core/u_fabric/c_q[26]_i_2/O
                         net (fo=1, routed)           1.169  6868.989    u_core/u_store/r3013
    SLICE_X31Y53         LUT3 (Prop_lut3_I2_O)        0.124  6869.113 r  u_core/u_store/c_q[26]_i_1__0/O
                         net (fo=2, routed)           0.499  6869.613    u_core/u_store/drive_reg[214][26]
    SLICE_X30Y53         LUT5 (Prop_lut5_I4_O)        0.124  6869.737 r  u_core/u_store/i__carry__5_i_10__0/O
                         net (fo=1, routed)           0.449  6870.186    u_core/u_store/i__carry__5_i_10__0_n_0
    SLICE_X28Y55         LUT5 (Prop_lut5_I4_O)        0.124  6870.310 r  u_core/u_store/i__carry__5_i_6__0/O
                         net (fo=1, routed)           0.000  6870.310    u_core/u_fabric/u_dsp1/u_core/p_q_reg[27]_0[2]
    SLICE_X28Y55         CARRY4 (Prop_carry4_S[2]_CO[3])
                                                      0.398  6870.708 r  u_core/u_fabric/u_dsp1/u_core/__10/i__carry__5/CO[3]
                         net (fo=1, routed)           0.000  6870.708    u_core/u_fabric/u_dsp1/u_core/__10/i__carry__5_n_0
    SLICE_X28Y56         CARRY4 (Prop_carry4_CI_O[1])
                                                      0.348  6871.056 r  u_core/u_fabric/u_dsp1/u_core/__10/i__carry__6/O[1]
                         net (fo=2, routed)           0.348  6871.404    u_core/u_fabric/u_dsp1/u_core/__10/i__carry__6_n_6
    SLICE_X29Y56         LUT3 (Prop_lut3_I2_O)        0.303  6871.708 r  u_core/u_fabric/u_dsp1/u_core/sr[77]_i_2__0/O
                         net (fo=3, routed)           1.389  6873.097    u_core/u_fabric/dsp_p[77]
    SLICE_X55Y59         LUT5 (Prop_lut5_I4_O)        0.124  6873.221 r  u_core/u_fabric/c_q[37]_i_3/O
                         net (fo=7, routed)           1.483  6874.703    u_core/u_fabric/r6129
    SLICE_X41Y76         LUT4 (Prop_lut4_I0_O)        0.124  6874.827 r  u_core/u_fabric/i___275_i_12/O
                         net (fo=9, routed)           1.584  6876.411    u_core/u_fabric/r5194
    SLICE_X81Y67         LUT5 (Prop_lut5_I4_O)        0.124  6876.535 r  u_core/u_fabric/i___396_1_i_3/O
                         net (fo=1, routed)           0.000  6876.535    u_core/u_fabric/i___396_1_i_3_n_0
    SLICE_X81Y67         MUXF7 (Prop_muxf7_I0_O)      0.212  6876.747 r  u_core/u_fabric/i___396_1_i_2/O
                         net (fo=2, routed)           0.921  6877.668    u_core/u_fabric/i___396_1_i_2_n_0
    SLICE_X95Y65         LUT5 (Prop_lut5_I4_O)        0.299  6877.967 r  u_core/u_fabric/i___2_i_17/O
                         net (fo=1, routed)           0.620  6878.587    u_core/u_store/i___2_i_8_0
    SLICE_X103Y63        LUT6 (Prop_lut6_I4_O)        0.124  6878.711 r  u_core/u_store/i___2_i_14/O
                         net (fo=1, routed)           0.413  6879.125    u_core/u_fabric/i___2_i_3_0
    SLICE_X103Y62        LUT5 (Prop_lut5_I4_O)        0.124  6879.249 r  u_core/u_fabric/i___2_i_8/O
                         net (fo=1, routed)           0.456  6879.704    u_core/u_fabric/i___2_i_8_n_0
    SLICE_X100Y62        LUT5 (Prop_lut5_I2_O)        0.124  6879.828 r  u_core/u_fabric/i___2_i_3/O
                         net (fo=6, routed)           0.958  6880.786    u_core/u_store/r6444
    SLICE_X85Y65         LUT5 (Prop_lut5_I0_O)        0.124  6880.910 r  u_core/u_store/i___10_i_9/O
                         net (fo=15, routed)          0.967  6881.876    u_core/u_fabric/r6277
    SLICE_X96Y68         LUT3 (Prop_lut3_I2_O)        0.124  6882.000 r  u_core/u_fabric/i___10_i_3/O
                         net (fo=1, routed)           0.680  6882.681    u_core/u_fabric/i___10_i_3_n_0
    SLICE_X96Y68         LUT6 (Prop_lut6_I4_O)        0.124  6882.805 r  u_core/u_fabric/i___10/O
                         net (fo=1, routed)           0.492  6883.296    u_core/u_fabric/i___10_n_0
    SLICE_X96Y68         LUT5 (Prop_lut5_I0_O)        0.124  6883.420 r  u_core/u_fabric/i___275_i_8/O
                         net (fo=5, routed)           1.634  6885.055    u_core/u_fabric/r5211
    SLICE_X45Y64         LUT6 (Prop_lut6_I3_O)        0.124  6885.179 r  u_core/u_fabric/b_q[16]_i_5/O
                         net (fo=1, routed)           0.000  6885.179    u_core/u_fabric/b_q[16]_i_5_n_0
    SLICE_X45Y64         MUXF7 (Prop_muxf7_I1_O)      0.217  6885.396 r  u_core/u_fabric/b_q_reg[16]_i_3/O
                         net (fo=1, routed)           0.433  6885.829    u_core/u_fabric/b_q_reg[16]_i_3_n_0
    SLICE_X45Y64         LUT6 (Prop_lut6_I5_O)        0.299  6886.128 r  u_core/u_fabric/b_q[16]_i_2__0/O
                         net (fo=16, routed)          0.797  6886.925    u_core/u_fabric/r6107
    SLICE_X39Y66         LUT4 (Prop_lut4_I3_O)        0.124  6887.049 r  u_core/u_fabric/i___3_i_16/O
                         net (fo=13, routed)          1.667  6888.716    u_core/u_fabric/r5086
    SLICE_X96Y60         LUT5 (Prop_lut5_I4_O)        0.124  6888.840 r  u_core/u_fabric/i___364_i_19/O
                         net (fo=2, routed)           0.174  6889.014    u_core/u_fabric/i___364_i_19_n_0
    SLICE_X96Y60         LUT5 (Prop_lut5_I4_O)        0.124  6889.138 r  u_core/u_fabric/i___330_i_5/O
                         net (fo=5, routed)           0.666  6889.804    u_core/u_fabric/r6438
    SLICE_X90Y60         LUT5 (Prop_lut5_I0_O)        0.124  6889.928 r  u_core/u_fabric/i___330_i_4/O
                         net (fo=14, routed)          1.196  6891.124    u_core/u_fabric/r6355
    SLICE_X89Y75         LUT6 (Prop_lut6_I1_O)        0.124  6891.248 r  u_core/u_fabric/q_i_12__22/O
                         net (fo=1, routed)           0.154  6891.401    u_core/u_fabric/q_i_12__22_n_0
    SLICE_X89Y75         LUT5 (Prop_lut5_I0_O)        0.124  6891.525 r  u_core/u_fabric/q_i_7__2/O
                         net (fo=10, routed)          1.500  6893.026    u_core/u_fabric/r5091
    SLICE_X52Y79         LUT6 (Prop_lut6_I3_O)        0.124  6893.150 r  u_core/u_fabric/i___269_i_10/O
                         net (fo=1, routed)           0.279  6893.429    u_core/u_fabric/i___269_i_10_n_0
    SLICE_X52Y79         LUT5 (Prop_lut5_I2_O)        0.124  6893.553 r  u_core/u_fabric/i___269_i_6/O
                         net (fo=15, routed)          1.166  6894.720    u_core/u_fabric/r6177
    SLICE_X63Y71         LUT6 (Prop_lut6_I3_O)        0.124  6894.844 r  u_core/u_fabric/q_i_24__16/O
                         net (fo=1, routed)           0.475  6895.318    u_core/u_fabric/q_i_24__16_n_0
    SLICE_X63Y71         LUT5 (Prop_lut5_I4_O)        0.124  6895.442 r  u_core/u_fabric/q_i_14__28/O
                         net (fo=1, routed)           0.433  6895.875    u_core/u_fabric/q_i_14__28_n_0
    SLICE_X63Y71         LUT5 (Prop_lut5_I0_O)        0.124  6896.000 r  u_core/u_fabric/q_i_7__0__0/O
                         net (fo=10, routed)          1.341  6897.340    u_core/u_fabric/r4784
    SLICE_X99Y67         LUT5 (Prop_lut5_I4_O)        0.124  6897.464 r  u_core/u_fabric/i___21_i_19/O
                         net (fo=1, routed)           0.000  6897.464    u_core/u_fabric/i___21_i_19_n_0
    SLICE_X99Y67         MUXF7 (Prop_muxf7_I0_O)      0.212  6897.676 r  u_core/u_fabric/i___21_i_15/O
                         net (fo=2, routed)           0.427  6898.103    u_core/u_fabric/i___21_i_15_n_0
    SLICE_X100Y67        LUT5 (Prop_lut5_I4_O)        0.299  6898.401 r  u_core/u_fabric/i___21_i_12/O
                         net (fo=1, routed)           0.750  6899.151    u_core/u_fabric/i___21_i_12_n_0
    SLICE_X95Y66         LUT5 (Prop_lut5_I4_O)        0.124  6899.275 r  u_core/u_fabric/i___21_i_7/O
                         net (fo=2, routed)           0.438  6899.712    u_core/u_fabric/i___21_i_7_n_0
    SLICE_X94Y68         LUT6 (Prop_lut6_I5_O)        0.124  6899.836 r  u_core/u_fabric/i___330_i_3/O
                         net (fo=1, routed)           0.000  6899.836    u_core/u_fabric/i___330_i_3_n_0
    SLICE_X94Y68         MUXF7 (Prop_muxf7_I0_O)      0.209  6900.045 r  u_core/u_fabric/i___330_i_1/O
                         net (fo=1, routed)           0.495  6900.541    u_core/u_fabric/r5229
    SLICE_X94Y69         LUT6 (Prop_lut6_I0_O)        0.297  6900.837 r  u_core/u_fabric/i___330/O
                         net (fo=1, routed)           0.501  6901.339    u_core/u_fabric/i___330_n_0
    SLICE_X94Y70         LUT5 (Prop_lut5_I0_O)        0.124  6901.463 r  u_core/u_fabric/i___66_i_19/O
                         net (fo=1, routed)           0.867  6902.330    u_core/u_fabric/i___66_i_19_n_0
    SLICE_X100Y81        LUT6 (Prop_lut6_I2_O)        0.124  6902.454 r  u_core/u_fabric/i___66_i_9/O
                         net (fo=8, routed)           1.618  6904.072    u_core/u_fabric/r4781
    SLICE_X54Y59         LUT6 (Prop_lut6_I1_O)        0.124  6904.196 r  u_core/u_fabric/i___322_i_16/O
                         net (fo=1, routed)           0.502  6904.698    u_core/u_fabric/i___322_i_16_n_0
    SLICE_X54Y59         LUT5 (Prop_lut5_I2_O)        0.124  6904.822 r  u_core/u_fabric/i___322_i_7/O
                         net (fo=18, routed)          0.710  6905.532    u_core/u_fabric/r6069
    SLICE_X64Y55         LUT6 (Prop_lut6_I5_O)        0.124  6905.656 r  u_core/u_fabric/c_q[12]_i_2__0/O
                         net (fo=1, routed)           1.211  6906.868    u_core/u_store/r880
    SLICE_X38Y54         LUT3 (Prop_lut3_I2_O)        0.124  6906.992 r  u_core/u_store/c_q[12]_i_1/O
                         net (fo=2, routed)           0.643  6907.635    u_core/u_store/drive_reg[90][12]
    SLICE_X36Y49         LUT6 (Prop_lut6_I0_O)        0.124  6907.759 r  u_core/u_store/i__carry__2_i_12/O
                         net (fo=1, routed)           0.821  6908.579    u_core/u_fabric/u_dsp0/u_core/p_q_reg[15]_3
    SLICE_X34Y48         LUT4 (Prop_lut4_I3_O)        0.124  6908.703 r  u_core/u_fabric/u_dsp0/u_core/i__carry__2_i_8/O
                         net (fo=1, routed)           0.000  6908.703    u_core/u_fabric/u_dsp0/u_core/i__carry__2_i_8_n_0
    SLICE_X34Y48         CARRY4 (Prop_carry4_S[0]_O[3])
                                                      0.608  6909.311 r  u_core/u_fabric/u_dsp0/u_core/__10/i__carry__2/O[3]
                         net (fo=2, routed)           0.626  6909.937    u_core/u_fabric/u_dsp0/u_core/__10/i__carry__2_n_4
    SLICE_X35Y48         LUT3 (Prop_lut3_I2_O)        0.307  6910.244 r  u_core/u_fabric/u_dsp0/u_core/sr[15]_i_2/O
                         net (fo=3, routed)           1.166  6911.409    u_core/u_fabric/dsp_p[15]
    SLICE_X47Y62         LUT5 (Prop_lut5_I4_O)        0.124  6911.533 r  u_core/u_fabric/i___430_0_i_8/O
                         net (fo=1, routed)           0.151  6911.685    u_core/u_fabric/i___430_0_i_8_n_0
    SLICE_X47Y62         LUT5 (Prop_lut5_I4_O)        0.124  6911.809 r  u_core/u_fabric/i___430_0_i_2/O
                         net (fo=12, routed)          0.479  6912.288    u_core/u_fabric/r6075
    SLICE_X49Y61         LUT6 (Prop_lut6_I5_O)        0.124  6912.412 r  u_core/u_fabric/d_q[0]_i_2__0/O
                         net (fo=1, routed)           0.808  6913.220    u_core/u_store/r883
    SLICE_X33Y60         LUT3 (Prop_lut3_I2_O)        0.124  6913.344 r  u_core/u_store/d_q[0]_i_1/O
                         net (fo=3, routed)           1.348  6914.692    u_core/u_store/drive_reg[115][0]
    SLICE_X26Y44         LUT5 (Prop_lut5_I2_O)        0.124  6914.816 r  u_core/u_store/i__carry_i_8__1/O
                         net (fo=1, routed)           0.000  6914.816    u_core/u_fabric/u_dsp0/u_core/m_c_0[0]
    SLICE_X26Y44         CARRY4 (Prop_carry4_S[0]_O[3])
                                                      0.608  6915.424 r  u_core/u_fabric/u_dsp0/u_core/__5/i__carry/O[3]
                         net (fo=1, routed)           0.398  6915.822    u_core/u_store/m_c_15[3]
    SLICE_X25Y44         LUT3 (Prop_lut3_I0_O)        0.307  6916.129 r  u_core/u_store/m_c_i_40/O
                         net (fo=1, routed)           0.787  6916.916    u_core/u_fabric/u_dsp0/u_core/A[3]
    DSP48_X1Y18          DSP48E1 (Prop_dsp48e1_A[3]_P[1])
                                                      3.841  6920.756 r  u_core/u_fabric/u_dsp0/u_core/m_c/P[1]
                         net (fo=3, routed)           1.317  6922.074    u_core/u_fabric/u_dsp0/u_core/m_c__0[1]
    SLICE_X34Y45         LUT3 (Prop_lut3_I2_O)        0.150  6922.224 r  u_core/u_fabric/u_dsp0/u_core/i__carry_i_3/O
                         net (fo=1, routed)           0.000  6922.224    u_core/u_fabric/u_dsp0/u_core/m_x[1]
    SLICE_X34Y45         CARRY4 (Prop_carry4_DI[1]_O[2])
                                                      0.497  6922.721 r  u_core/u_fabric/u_dsp0/u_core/__10/i__carry/O[2]
                         net (fo=2, routed)           0.455  6923.175    u_core/u_fabric/u_dsp0/u_core/__10/i__carry_n_5
    SLICE_X36Y45         LUT3 (Prop_lut3_I2_O)        0.301  6923.476 r  u_core/u_fabric/u_dsp0/u_core/sr[2]_i_2/O
                         net (fo=3, routed)           1.139  6924.615    u_core/u_fabric/dsp_p[2]
    SLICE_X50Y53         LUT5 (Prop_lut5_I4_O)        0.124  6924.739 r  u_core/u_fabric/i___410_1_i_3/O
                         net (fo=2, routed)           0.161  6924.900    u_core/u_fabric/i___410_1_i_3_n_0
    SLICE_X50Y53         LUT5 (Prop_lut5_I4_O)        0.124  6925.024 r  u_core/u_fabric/d_q[23]_i_3/O
                         net (fo=7, routed)           0.673  6925.697    u_core/u_fabric/r6065
    SLICE_X43Y54         LUT6 (Prop_lut6_I5_O)        0.124  6925.821 r  u_core/u_fabric/q_i_23__10/O
                         net (fo=18, routed)          0.909  6926.730    u_core/u_store/r1238
    SLICE_X53Y51         LUT6 (Prop_lut6_I4_O)        0.124  6926.854 r  u_core/u_store/q_i_46__5/O
                         net (fo=1, routed)           0.000  6926.854    u_core/u_store/u_fabric/u_clb_x9y2/t_107
    SLICE_X53Y51         MUXF7 (Prop_muxf7_I1_O)      0.217  6927.071 r  u_core/u_store/q_reg_i_42/O
                         net (fo=1, routed)           0.000  6927.071    u_core/u_store/u_fabric/u_clb_x9y2/t_117
    SLICE_X53Y51         MUXF8 (Prop_muxf8_I1_O)      0.094  6927.166 r  u_core/u_store/q_reg_i_31__4/O
                         net (fo=1, routed)           0.485  6927.651    u_core/u_fabric/u_clb_x7y8/t_122_147
    SLICE_X53Y50         LUT5 (Prop_lut5_I4_O)        0.316  6927.967 r  u_core/u_fabric/u_clb_x7y8/q_i_17__3/O
                         net (fo=2, routed)           1.045  6929.012    u_core/u_store/t_125_643
    SLICE_X44Y66         LUT6 (Prop_lut6_I0_O)        0.124  6929.136 r  u_core/u_store/q_i_9__0/O
                         net (fo=4, routed)           0.497  6929.633    u_core/u_store/u_fabric/u_clb_x9y2/lut_o6
    SLICE_X51Y65         LUT5 (Prop_lut5_I4_O)        0.124  6929.757 r  u_core/u_store/q_i_3__11/O
                         net (fo=3, routed)           0.619  6930.376    u_core/u_fabric/comb_477
    SLICE_X52Y66         LUT6 (Prop_lut6_I3_O)        0.124  6930.500 r  u_core/u_fabric/i___147_i_5/O
                         net (fo=1, routed)           0.657  6931.158    u_core/u_fabric/i___147_i_5_n_0
    SLICE_X54Y67         LUT5 (Prop_lut5_I4_O)        0.124  6931.282 r  u_core/u_fabric/i___147_i_1/O
                         net (fo=15, routed)          0.909  6932.190    u_core/u_fabric/r6164
    SLICE_X54Y73         LUT6 (Prop_lut6_I5_O)        0.124  6932.314 r  u_core/u_fabric/q_i_16__20/O
                         net (fo=4, routed)           0.747  6933.061    u_core/u_store/r2037
    SLICE_X47Y75         LUT5 (Prop_lut5_I3_O)        0.124  6933.185 r  u_core/u_store/q_i_7__42/O
                         net (fo=5, routed)           0.802  6933.987    u_core/u_store/r2033
    SLICE_X55Y80         LUT5 (Prop_lut5_I2_O)        0.124  6934.111 r  u_core/u_store/q_i_3__41/O
                         net (fo=3, routed)           0.769  6934.880    u_core/u_fabric/comb_518
    SLICE_X52Y83         LUT6 (Prop_lut6_I3_O)        0.124  6935.004 r  u_core/u_fabric/i___264_i_9/O
                         net (fo=1, routed)           0.488  6935.492    u_core/u_fabric/i___264_i_9_n_0
    SLICE_X52Y83         LUT5 (Prop_lut5_I4_O)        0.124  6935.616 r  u_core/u_fabric/i___264_i_3/O
                         net (fo=15, routed)          1.050  6936.666    u_core/u_fabric/r6165
    SLICE_X60Y73         LUT6 (Prop_lut6_I5_O)        0.124  6936.790 r  u_core/u_fabric/i___71_i_13/O
                         net (fo=1, routed)           0.491  6937.281    u_core/u_fabric/i___71_i_13_n_0
    SLICE_X60Y73         LUT5 (Prop_lut5_I0_O)        0.124  6937.405 r  u_core/u_fabric/i___71_i_7/O
                         net (fo=8, routed)           1.400  6938.805    u_core/u_fabric/r4674
    SLICE_X93Y80         LUT6 (Prop_lut6_I5_O)        0.124  6938.929 r  u_core/u_fabric/i___71_i_11/O
                         net (fo=1, routed)           0.571  6939.500    u_core/u_fabric/i___71_i_11_n_0
    SLICE_X97Y81         LUT5 (Prop_lut5_I2_O)        0.124  6939.624 r  u_core/u_fabric/i___71_i_6/O
                         net (fo=7, routed)           0.864  6940.488    u_core/u_fabric/r4676
    SLICE_X86Y82         LUT6 (Prop_lut6_I1_O)        0.124  6940.612 r  u_core/u_fabric/i___327_i_7/O
                         net (fo=1, routed)           0.000  6940.612    u_core/u_fabric/i___327_i_7_n_0
    SLICE_X86Y82         MUXF7 (Prop_muxf7_I1_O)      0.214  6940.826 r  u_core/u_fabric/i___327_i_5/O
                         net (fo=1, routed)           0.611  6941.437    u_core/u_fabric/i___327_i_5_n_0
    SLICE_X86Y83         LUT5 (Prop_lut5_I4_O)        0.297  6941.734 r  u_core/u_fabric/i___327_i_1/O
                         net (fo=16, routed)          0.937  6942.671    u_core/u_fabric/r6332
    SLICE_X96Y88         LUT6 (Prop_lut6_I5_O)        0.124  6942.795 r  u_core/u_fabric/q_i_16__2/O
                         net (fo=5, routed)           0.975  6943.770    u_core/u_store/r3365
    SLICE_X84Y80         LUT5 (Prop_lut5_I3_O)        0.124  6943.894 r  u_core/u_store/i___60_i_24/O
                         net (fo=1, routed)           0.448  6944.342    u_core/u_fabric/t_121_562
    SLICE_X84Y84         LUT4 (Prop_lut4_I3_O)        0.124  6944.466 r  u_core/u_fabric/i___60_i_23/O
                         net (fo=1, routed)           0.375  6944.841    u_core/u_fabric/i___60_i_23_n_0
    SLICE_X84Y84         LUT5 (Prop_lut5_I4_O)        0.124  6944.965 r  u_core/u_fabric/i___60_i_21/O
                         net (fo=1, routed)           0.564  6945.530    u_core/u_fabric/i___60_i_21_n_0
    SLICE_X83Y84         LUT5 (Prop_lut5_I4_O)        0.124  6945.654 r  u_core/u_fabric/i___60_i_15/O
                         net (fo=10, routed)          1.712  6947.366    u_core/u_fabric/r5083
    SLICE_X45Y67         LUT5 (Prop_lut5_I4_O)        0.124  6947.490 r  u_core/u_fabric/i___345_i_13/O
                         net (fo=2, routed)           0.423  6947.914    u_core/u_fabric/i___345_i_13_n_0
    SLICE_X46Y67         LUT5 (Prop_lut5_I4_O)        0.124  6948.038 r  u_core/u_fabric/i___345_i_7/O
                         net (fo=2, routed)           0.660  6948.698    u_core/u_fabric/r5087
    SLICE_X46Y59         LUT5 (Prop_lut5_I4_O)        0.124  6948.822 r  u_core/u_fabric/d_q[23]_i_8/O
                         net (fo=1, routed)           0.452  6949.274    u_core/u_fabric/d_q[23]_i_8_n_0
    SLICE_X46Y59         LUT5 (Prop_lut5_I2_O)        0.124  6949.398 r  u_core/u_fabric/d_q[23]_i_3__0/O
                         net (fo=16, routed)          1.197  6950.595    u_core/u_fabric/r6099
    SLICE_X52Y82         LUT4 (Prop_lut4_I3_O)        0.124  6950.719 r  u_core/u_fabric/q_i_23__29/O
                         net (fo=1, routed)           0.484  6951.203    u_core/u_fabric/q_i_23__29_n_0
    SLICE_X52Y82         LUT6 (Prop_lut6_I5_O)        0.124  6951.327 r  u_core/u_fabric/q_i_15__6/O
                         net (fo=18, routed)          0.666  6951.993    u_core/u_store/r3318
    SLICE_X55Y83         LUT6 (Prop_lut6_I4_O)        0.124  6952.117 r  u_core/u_store/q_i_54__7/O
                         net (fo=1, routed)           0.000  6952.117    u_core/u_store/u_fabric/u_clb_x9y7/t_107
    SLICE_X55Y83         MUXF7 (Prop_muxf7_I1_O)      0.217  6952.333 r  u_core/u_store/q_reg_i_38__5/O
                         net (fo=1, routed)           0.624  6952.958    u_core/u_store/u_fabric/u_clb_x9y7/t_117
    SLICE_X53Y83         LUT3 (Prop_lut3_I2_O)        0.293  6953.250 r  u_core/u_store/q_i_20__27/O
                         net (fo=2, routed)           0.864  6954.115    u_core/u_store/u_fabric/u_clb_x9y7/t_122
    SLICE_X45Y85         LUT5 (Prop_lut5_I4_O)        0.326  6954.441 r  u_core/u_store/q_i_13__21/O
                         net (fo=1, routed)           0.572  6955.013    u_core/u_fabric/u_clb_x9y7/t_125_351
    SLICE_X45Y84         LUT4 (Prop_lut4_I3_O)        0.124  6955.137 r  u_core/u_fabric/u_clb_x9y7/q_i_6__46/O
                         net (fo=1, routed)           0.154  6955.291    u_core/u_fabric/u_clb_x9y7/cy_sum
    SLICE_X45Y84         LUT5 (Prop_lut5_I0_O)        0.124  6955.415 r  u_core/u_fabric/u_clb_x9y7/q_i_3__56/O
                         net (fo=3, routed)           0.784  6956.198    u_core/u_fabric/u_clb_x9y7/comb_53
    SLICE_X52Y81         LUT3 (Prop_lut3_I2_O)        0.124  6956.322 r  u_core/u_fabric/u_clb_x9y7/sr[66]_i_2/O
                         net (fo=2, routed)           1.091  6957.413    u_core/u_fabric/clb_o[20]
    SLICE_X52Y69         LUT5 (Prop_lut5_I4_O)        0.124  6957.537 r  u_core/u_fabric/i___5_i_18/O
                         net (fo=1, routed)           0.000  6957.537    u_core/u_fabric/i___5_i_18_n_0
    SLICE_X52Y69         MUXF7 (Prop_muxf7_I0_O)      0.212  6957.749 r  u_core/u_fabric/i___5_i_11/O
                         net (fo=2, routed)           0.322  6958.071    u_core/u_fabric/i___5_i_11_n_0
    SLICE_X50Y69         LUT5 (Prop_lut5_I4_O)        0.299  6958.370 r  u_core/u_fabric/i___5_i_4/O
                         net (fo=15, routed)          0.904  6959.274    u_core/u_fabric/r6194
    SLICE_X64Y70         LUT5 (Prop_lut5_I4_O)        0.124  6959.398 r  u_core/u_fabric/i___341_i_12/O
                         net (fo=1, routed)           0.416  6959.815    u_core/u_fabric/i___341_i_12_n_0
    SLICE_X64Y71         LUT6 (Prop_lut6_I0_O)        0.124  6959.939 r  u_core/u_fabric/i___341_i_7/O
                         net (fo=9, routed)           1.268  6961.208    u_core/u_fabric/r5104
    SLICE_X94Y79         LUT6 (Prop_lut6_I3_O)        0.124  6961.332 r  u_core/u_fabric/i___341_i_2/O
                         net (fo=2, routed)           0.303  6961.634    u_core/u_fabric/i___341_i_2_n_0
    SLICE_X94Y80         LUT5 (Prop_lut5_I2_O)        0.124  6961.758 r  u_core/u_fabric/i___29_i_4/O
                         net (fo=15, routed)          1.491  6963.250    u_core/u_fabric/r6333
    SLICE_X86Y56         LUT6 (Prop_lut6_I5_O)        0.124  6963.374 r  u_core/u_fabric/i___402_0_i_11/O
                         net (fo=1, routed)           0.502  6963.875    u_core/u_fabric/i___402_0_i_11_n_0
    SLICE_X86Y56         LUT5 (Prop_lut5_I0_O)        0.124  6964.000 r  u_core/u_fabric/i___402_0_i_9/O
                         net (fo=2, routed)           0.621  6964.621    u_core/u_fabric/r4890
    SLICE_X81Y58         LUT6 (Prop_lut6_I3_O)        0.124  6964.745 r  u_core/u_fabric/i___402_0_i_6/O
                         net (fo=2, routed)           0.411  6965.156    u_core/u_fabric/i___402_0_i_6_n_0
    SLICE_X81Y59         LUT6 (Prop_lut6_I3_O)        0.124  6965.280 r  u_core/u_fabric/i___69_i_13/O
                         net (fo=1, routed)           1.210  6966.490    u_core/u_fabric/i___69_i_13_n_0
    SLICE_X57Y74         LUT6 (Prop_lut6_I1_O)        0.124  6966.614 r  u_core/u_fabric/i___69_i_5/O
                         net (fo=1, routed)           0.713  6967.327    u_core/u_fabric/i___69_i_5_n_0
    SLICE_X56Y74         LUT5 (Prop_lut5_I2_O)        0.124  6967.451 r  u_core/u_fabric/i___69_i_2/O
                         net (fo=15, routed)          0.762  6968.213    u_core/u_fabric/r6178
    SLICE_X65Y75         LUT6 (Prop_lut6_I3_O)        0.124  6968.337 r  u_core/u_fabric/q_i_13__8__0/O
                         net (fo=1, routed)           0.402  6968.739    u_core/u_fabric/q_i_13__8__0_n_0
    SLICE_X65Y75         LUT5 (Prop_lut5_I2_O)        0.124  6968.863 r  u_core/u_fabric/q_i_7__3__0/O
                         net (fo=10, routed)          1.327  6970.190    u_core/u_fabric/r5102
    SLICE_X91Y60         LUT5 (Prop_lut5_I4_O)        0.124  6970.314 r  u_core/u_fabric/i___330_i_9/O
                         net (fo=1, routed)           0.000  6970.314    u_core/u_fabric/i___330_i_9_n_0
    SLICE_X91Y60         MUXF7 (Prop_muxf7_I0_O)      0.212  6970.526 r  u_core/u_fabric/i___330_i_8/O
                         net (fo=3, routed)           0.495  6971.021    u_core/u_fabric/i___330_i_8_n_0
    SLICE_X92Y60         LUT6 (Prop_lut6_I5_O)        0.299  6971.319 r  u_core/u_fabric/i___364_i_32/O
                         net (fo=1, routed)           0.763  6972.082    u_core/u_fabric/r5116
    SLICE_X96Y60         LUT5 (Prop_lut5_I4_O)        0.124  6972.206 r  u_core/u_fabric/i___364_i_20/O
                         net (fo=1, routed)           0.885  6973.091    u_core/u_fabric/i___364_i_20_n_0
    SLICE_X98Y60         LUT6 (Prop_lut6_I2_O)        0.124  6973.215 r  u_core/u_fabric/i___364_i_9/O
                         net (fo=11, routed)          1.850  6975.065    u_core/u_fabric/r5329
    SLICE_X49Y73         LUT6 (Prop_lut6_I0_O)        0.124  6975.189 r  u_core/u_fabric/i___395_1_i_7/O
                         net (fo=1, routed)           0.000  6975.189    u_core/u_fabric/i___395_1_i_7_n_0
    SLICE_X49Y73         MUXF7 (Prop_muxf7_I1_O)      0.217  6975.406 r  u_core/u_fabric/i___395_1_i_5/O
                         net (fo=1, routed)           0.299  6975.705    u_core/u_fabric/i___395_1_i_5_n_0
    SLICE_X49Y74         LUT6 (Prop_lut6_I5_O)        0.299  6976.004 r  u_core/u_fabric/i___395_1_i_2/O
                         net (fo=14, routed)          0.874  6976.878    u_core/u_fabric/r6193
    SLICE_X45Y85         LUT4 (Prop_lut4_I0_O)        0.124  6977.002 r  u_core/u_fabric/q_i_33__7/O
                         net (fo=1, routed)           0.403  6977.405    u_core/u_fabric/q_i_33__7_n_0
    SLICE_X45Y85         LUT6 (Prop_lut6_I5_O)        0.124  6977.529 r  u_core/u_fabric/q_i_17__7__0/O
                         net (fo=4, routed)           0.638  6978.167    u_core/u_fabric/r3314
    SLICE_X53Y83         LUT6 (Prop_lut6_I2_O)        0.124  6978.292 r  u_core/u_fabric/i___3_i_17/O
                         net (fo=13, routed)          1.993  6980.285    u_core/u_fabric/r5078
    SLICE_X98Y72         LUT6 (Prop_lut6_I5_O)        0.124  6980.409 r  u_core/u_fabric/i___29_i_6/O
                         net (fo=2, routed)           0.503  6980.912    u_core/u_fabric/i___29_i_6_n_0
    SLICE_X98Y72         LUT5 (Prop_lut5_I4_O)        0.124  6981.036 r  u_core/u_fabric/i___319_i_10/O
                         net (fo=1, routed)           0.433  6981.468    u_core/u_fabric/i___319_i_10_n_0
    SLICE_X95Y73         LUT6 (Prop_lut6_I2_O)        0.124  6981.592 r  u_core/u_fabric/i___319_i_6/O
                         net (fo=14, routed)          1.351  6982.943    u_core/u_fabric/r6319
    SLICE_X103Y61        LUT4 (Prop_lut4_I3_O)        0.124  6983.067 r  u_core/u_fabric/q_i_41__15/O
                         net (fo=1, routed)           0.154  6983.221    u_core/u_store/q_i_23__15
    SLICE_X103Y61        LUT6 (Prop_lut6_I5_O)        0.124  6983.345 r  u_core/u_store/q_i_25__43/O
                         net (fo=8, routed)           1.104  6984.449    u_core/u_store/r1854
    SLICE_X81Y55         MUXF7 (Prop_muxf7_S_O)       0.276  6984.725 r  u_core/u_store/q_reg_i_36__7/O
                         net (fo=1, routed)           0.706  6985.431    u_core/u_fabric/u_clb_x12y4/t_115_251
    SLICE_X89Y54         LUT5 (Prop_lut5_I0_O)        0.299  6985.730 r  u_core/u_fabric/u_clb_x12y4/q_i_23__15/O
                         net (fo=2, routed)           0.758  6986.488    u_core/u_fabric/t_121_25
    SLICE_X101Y56        LUT6 (Prop_lut6_I5_O)        0.124  6986.612 r  u_core/u_fabric/q_i_21__45/O
                         net (fo=1, routed)           0.482  6987.094    u_core/u_fabric/q_i_21__45_n_0
    SLICE_X104Y55        LUT5 (Prop_lut5_I4_O)        0.124  6987.218 r  u_core/u_fabric/q_i_10__66/O
                         net (fo=3, routed)           0.716  6987.934    u_core/u_fabric/r4796
    SLICE_X94Y61         LUT6 (Prop_lut6_I5_O)        0.124  6988.058 r  u_core/u_fabric/i___324_i_17/O
                         net (fo=2, routed)           0.315  6988.374    u_core/u_fabric/u_clb_x12y2/i___430_1_i_4_1
    SLICE_X94Y59         LUT6 (Prop_lut6_I4_O)        0.124  6988.498 r  u_core/u_fabric/u_clb_x12y2/i___23_i_21/O
                         net (fo=13, routed)          1.416  6989.914    u_core/u_fabric/u_clb_x12y2/g_frame[131].cfg_reg[16890]
    SLICE_X64Y66         LUT6 (Prop_lut6_I4_O)        0.124  6990.038 r  u_core/u_fabric/u_clb_x12y2/i___271_i_14/O
                         net (fo=2, routed)           0.491  6990.529    u_core/u_fabric/u_clb_x12y2_n_8
    SLICE_X64Y66         LUT5 (Prop_lut5_I2_O)        0.124  6990.653 r  u_core/u_fabric/i___457_0_i_4/O
                         net (fo=3, routed)           0.748  6991.401    u_core/u_fabric/r6219
    SLICE_X81Y68         LUT5 (Prop_lut5_I4_O)        0.124  6991.525 r  u_core/u_fabric/i___457_0_i_3/O
                         net (fo=1, routed)           0.000  6991.525    u_core/u_fabric/i___457_0_i_3_n_0
    SLICE_X81Y68         MUXF7 (Prop_muxf7_I1_O)      0.217  6991.742 r  u_core/u_fabric/i___457_0_i_1/O
                         net (fo=3, routed)           1.144  6992.886    u_core/u_fabric/r4336
    SLICE_X94Y59         LUT5 (Prop_lut5_I1_O)        0.299  6993.185 r  u_core/u_fabric/i___457_0/O
                         net (fo=2, routed)           0.414  6993.599    u_core/u_fabric/g_frame[132].cfg_reg[16941]
    SLICE_X96Y59         LUT6 (Prop_lut6_I5_O)        0.124  6993.723 r  u_core/u_fabric/q_i_13__36/O
                         net (fo=4, routed)           0.310  6994.033    u_core/u_fabric/u_clb_x12y2/r1043
    SLICE_X95Y59         LUT5 (Prop_lut5_I3_O)        0.124  6994.157 r  u_core/u_fabric/u_clb_x12y2/q_i_6__7/O
                         net (fo=6, routed)           0.626  6994.783    u_core/u_fabric/r1039
    SLICE_X89Y60         LUT6 (Prop_lut6_I5_O)        0.124  6994.907 r  u_core/u_fabric/i___324_i_7/O
                         net (fo=2, routed)           0.481  6995.388    u_core/u_fabric/i___324_i_7_n_0
    SLICE_X88Y60         LUT5 (Prop_lut5_I4_O)        0.124  6995.512 r  u_core/u_fabric/i___324_i_2/O
                         net (fo=3, routed)           0.648  6996.160    u_core/u_fabric/i___324_i_2_n_0
    SLICE_X83Y62         LUT5 (Prop_lut5_I4_O)        0.124  6996.284 r  u_core/u_fabric/i___94_i_6/O
                         net (fo=1, routed)           0.149  6996.433    u_core/u_fabric/i___94_i_6_n_0
    SLICE_X83Y62         LUT4 (Prop_lut4_I3_O)        0.124  6996.557 r  u_core/u_fabric/i___94_i_2/O
                         net (fo=10, routed)          1.681  6998.238    u_core/u_fabric/r4325
    SLICE_X44Y75         LUT5 (Prop_lut5_I3_O)        0.124  6998.362 r  u_core/u_fabric/q_i_29__13/O
                         net (fo=1, routed)           0.159  6998.521    u_core/u_fabric/q_i_29__13_n_0
    SLICE_X44Y75         LUT6 (Prop_lut6_I5_O)        0.124  6998.645 r  u_core/u_fabric/q_i_17__8/O
                         net (fo=4, routed)           0.701  6999.346    u_core/u_fabric/u_dsp0/u_core/r991
    SLICE_X50Y72         LUT5 (Prop_lut5_I1_O)        0.124  6999.470 r  u_core/u_fabric/u_dsp0/u_core/q_i_10__3/O
                         net (fo=2, routed)           0.874  7000.344    u_core/u_fabric/u_dsp0/u_core/t_121
    SLICE_X45Y81         LUT3 (Prop_lut3_I0_O)        0.124  7000.468 r  u_core/u_fabric/u_dsp0/u_core/q_i_6__5/O
                         net (fo=6, routed)           0.417  7000.885    u_core/u_fabric/u_dsp0/u_core/g_frame[107].cfg_reg[13797]
    SLICE_X47Y82         LUT6 (Prop_lut6_I2_O)        0.124  7001.009 r  u_core/u_fabric/u_dsp0/u_core/q_i_8__2/O
                         net (fo=3, routed)           0.732  7001.742    u_core/u_store/r988
    SLICE_X49Y78         LUT4 (Prop_lut4_I3_O)        0.124  7001.866 r  u_core/u_store/q_i_7__18/O
                         net (fo=2, routed)           0.684  7002.549    u_core/u_store/u_fabric/r1256
    SLICE_X49Y78         LUT4 (Prop_lut4_I3_O)        0.124  7002.673 r  u_core/u_store/q_i_8__18/O
                         net (fo=2, routed)           0.419  7003.092    u_core/u_store/u_fabric/r1524
    SLICE_X51Y78         LUT5 (Prop_lut5_I0_O)        0.124  7003.216 r  u_core/u_store/q_i_3__32/O
                         net (fo=2, routed)           0.685  7003.901    u_core/u_fabric/comb_519
    SLICE_X56Y79         LUT6 (Prop_lut6_I3_O)        0.124  7004.025 r  u_core/u_fabric/i___245_i_6/O
                         net (fo=1, routed)           0.450  7004.475    u_core/u_fabric/i___245_i_6_n_0
    SLICE_X60Y81         LUT5 (Prop_lut5_I4_O)        0.124  7004.599 r  u_core/u_fabric/i___245_i_1/O
                         net (fo=15, routed)          0.668  7005.267    u_core/u_fabric/r6254
    SLICE_X80Y80         LUT6 (Prop_lut6_I3_O)        0.124  7005.391 r  u_core/u_fabric/i___406_1_i_7/O
                         net (fo=1, routed)           0.158  7005.549    u_core/u_fabric/i___406_1_i_7_n_0
    SLICE_X80Y80         LUT5 (Prop_lut5_I2_O)        0.124  7005.673 r  u_core/u_fabric/i___406_1_i_2/O
                         net (fo=6, routed)           1.442  7007.116    u_core/u_fabric/r4998
    SLICE_X99Y61         LUT6 (Prop_lut6_I5_O)        0.124  7007.240 r  u_core/u_fabric/i___8_i_16/O
                         net (fo=2, routed)           0.478  7007.718    u_core/u_fabric/i___8_i_16_n_0
    SLICE_X102Y61        LUT5 (Prop_lut5_I2_O)        0.124  7007.842 r  u_core/u_fabric/i___8_i_7/O
                         net (fo=19, routed)          1.515  7009.357    u_core/u_fabric/r6428
    SLICE_X62Y61         LUT5 (Prop_lut5_I0_O)        0.124  7009.481 r  u_core/u_fabric/c_q[38]_i_4/O
                         net (fo=10, routed)          0.971  7010.452    u_core/u_fabric/r6127
    SLICE_X44Y57         LUT6 (Prop_lut6_I2_O)        0.124  7010.576 r  u_core/u_fabric/c_q[38]_i_2/O
                         net (fo=1, routed)           0.806  7011.382    u_core/u_store/r3014
    SLICE_X33Y59         LUT3 (Prop_lut3_I2_O)        0.124  7011.506 r  u_core/u_store/c_q[38]_i_1__0/O
                         net (fo=2, routed)           0.529  7012.035    u_core/u_store/drive_reg[214][38]
    SLICE_X32Y59         LUT5 (Prop_lut5_I4_O)        0.124  7012.159 r  u_core/u_store/i__carry__8_i_10__0/O
                         net (fo=1, routed)           0.664  7012.823    u_core/u_store/i__carry__8_i_10__0_n_0
    SLICE_X28Y58         LUT5 (Prop_lut5_I4_O)        0.124  7012.947 r  u_core/u_store/i__carry__8_i_6__0/O
                         net (fo=1, routed)           0.000  7012.947    u_core/u_fabric/u_dsp1/u_core/p_q_reg[39]_0[2]
    SLICE_X28Y58         CARRY4 (Prop_carry4_S[2]_O[3])
                                                      0.352  7013.299 r  u_core/u_fabric/u_dsp1/u_core/__10/i__carry__8/O[3]
                         net (fo=2, routed)           0.486  7013.785    u_core/u_fabric/u_dsp1/u_core/__10/i__carry__8_n_4
    SLICE_X29Y58         LUT3 (Prop_lut3_I2_O)        0.306  7014.091 r  u_core/u_fabric/u_dsp1/u_core/i___345_i_4/O
                         net (fo=3, routed)           0.943  7015.034    u_core/u_fabric/dsp_p[87]
    SLICE_X38Y64         LUT5 (Prop_lut5_I1_O)        0.124  7015.158 r  u_core/u_fabric/d_q[24]_i_6__0/O
                         net (fo=1, routed)           0.165  7015.323    u_core/u_fabric/d_q[24]_i_6__0_n_0
    SLICE_X38Y64         LUT5 (Prop_lut5_I4_O)        0.124  7015.447 r  u_core/u_fabric/d_q[24]_i_3__0/O
                         net (fo=18, routed)          0.787  7016.234    u_core/u_fabric/r6105
    SLICE_X36Y72         LUT4 (Prop_lut4_I3_O)        0.124  7016.358 r  u_core/u_fabric/i___328_i_3/O
                         net (fo=9, routed)           1.950  7018.308    u_core/u_fabric/r5080
    SLICE_X98Y73         LUT5 (Prop_lut5_I4_O)        0.124  7018.432 r  u_core/u_fabric/i___60_i_7/O
                         net (fo=1, routed)           0.282  7018.714    u_core/u_fabric/i___60_i_7_n_0
    SLICE_X98Y73         LUT5 (Prop_lut5_I4_O)        0.124  7018.838 r  u_core/u_fabric/i___60_i_2/O
                         net (fo=15, routed)          0.739  7019.577    u_core/u_fabric/r6257
    SLICE_X99Y70         LUT3 (Prop_lut3_I2_O)        0.124  7019.701 r  u_core/u_fabric/i___396_1_i_6__1/O
                         net (fo=2, routed)           0.677  7020.378    u_core/u_fabric/i___396_1_i_6__1_n_0
    SLICE_X99Y70         LUT5 (Prop_lut5_I0_O)        0.124  7020.502 r  u_core/u_fabric/i___266_i_12/O
                         net (fo=1, routed)           0.413  7020.915    u_core/u_fabric/i___266_i_12_n_0
    SLICE_X101Y69        LUT5 (Prop_lut5_I2_O)        0.124  7021.039 r  u_core/u_fabric/i___266_i_11/O
                         net (fo=5, routed)           0.741  7021.780    u_core/u_fabric/r4996
    SLICE_X101Y66        LUT6 (Prop_lut6_I5_O)        0.124  7021.904 r  u_core/u_fabric/i___396_0_i_5/O
                         net (fo=1, routed)           0.149  7022.053    u_core/u_fabric/i___396_0_i_5_n_0
    SLICE_X101Y66        LUT5 (Prop_lut5_I2_O)        0.124  7022.177 r  u_core/u_fabric/i___396_0_i_2/O
                         net (fo=17, routed)          0.770  7022.947    u_core/u_fabric/r6430
    SLICE_X88Y66         LUT4 (Prop_lut4_I3_O)        0.124  7023.071 r  u_core/u_fabric/i___345_i_6/O
                         net (fo=14, routed)          1.304  7024.375    u_core/u_fabric/r5093
    SLICE_X56Y77         LUT5 (Prop_lut5_I4_O)        0.124  7024.499 r  u_core/u_fabric/i___348_i_8/O
                         net (fo=1, routed)           0.159  7024.658    u_core/u_fabric/i___348_i_8_n_0
    SLICE_X56Y77         LUT5 (Prop_lut5_I2_O)        0.124  7024.782 r  u_core/u_fabric/i___348_i_2/O
                         net (fo=11, routed)          0.954  7025.735    u_core/u_fabric/r6202
    SLICE_X55Y74         LUT6 (Prop_lut6_I1_O)        0.124  7025.859 r  u_core/u_fabric/i___0_i_18/O
                         net (fo=1, routed)           0.402  7026.262    u_core/u_fabric/i___0_i_18_n_0
    SLICE_X55Y74         LUT5 (Prop_lut5_I0_O)        0.124  7026.386 r  u_core/u_fabric/i___0_i_9/O
                         net (fo=3, routed)           0.822  7027.208    u_core/u_fabric/r6214
    SLICE_X65Y70         LUT4 (Prop_lut4_I2_O)        0.124  7027.332 r  u_core/u_fabric/i___0_i_3/O
                         net (fo=1, routed)           0.263  7027.595    u_core/u_fabric/i___0_i_3_n_0
    SLICE_X65Y70         LUT5 (Prop_lut5_I0_O)        0.124  7027.719 r  u_core/u_fabric/i___0_i_1/O
                         net (fo=8, routed)           1.348  7029.067    u_core/u_fabric/r5420
    SLICE_X96Y61         LUT3 (Prop_lut3_I0_O)        0.124  7029.191 r  u_core/u_fabric/i___321_i_3/O
                         net (fo=1, routed)           0.661  7029.852    u_core/u_fabric/i___321_i_3_n_0
    SLICE_X96Y61         LUT6 (Prop_lut6_I0_O)        0.124  7029.976 r  u_core/u_fabric/i___321_i_2/O
                         net (fo=16, routed)          0.515  7030.491    u_core/u_fabric/r6351
    SLICE_X92Y61         LUT6 (Prop_lut6_I4_O)        0.124  7030.615 r  u_core/u_fabric/i___321/O
                         net (fo=2, routed)           0.352  7030.967    u_core/u_fabric/i___321_n_0
    SLICE_X93Y61         LUT3 (Prop_lut3_I0_O)        0.124  7031.091 r  u_core/u_fabric/i___369_i_8/O
                         net (fo=2, routed)           0.472  7031.563    u_core/u_fabric/r5002
    SLICE_X97Y60         LUT6 (Prop_lut6_I5_O)        0.124  7031.687 r  u_core/u_fabric/i___369_i_3/O
                         net (fo=2, routed)           0.433  7032.120    u_core/u_fabric/i___369_i_3_n_0
    SLICE_X97Y60         LUT5 (Prop_lut5_I0_O)        0.124  7032.244 r  u_core/u_fabric/i___468_0_i_6/O
                         net (fo=10, routed)          0.691  7032.936    u_core/u_fabric/r6432
    SLICE_X96Y65         LUT6 (Prop_lut6_I4_O)        0.124  7033.060 r  u_core/u_fabric/i___15_i_5/O
                         net (fo=9, routed)           0.574  7033.634    u_core/u_fabric/r5429
    SLICE_X95Y67         LUT6 (Prop_lut6_I3_O)        0.124  7033.758 r  u_core/u_fabric/q_i_25__23/O
                         net (fo=1, routed)           0.000  7033.758    u_core/u_fabric/q_i_25__23_n_0
    SLICE_X95Y67         MUXF7 (Prop_muxf7_I1_O)      0.217  7033.975 r  u_core/u_fabric/q_reg_i_13/O
                         net (fo=1, routed)           0.000  7033.975    u_core/u_fabric/q_reg_i_13_n_0
    SLICE_X95Y67         MUXF8 (Prop_muxf8_I1_O)      0.094  7034.069 r  u_core/u_fabric/q_reg_i_7/O
                         net (fo=7, routed)           0.831  7034.899    u_core/u_fabric/r5108
    SLICE_X91Y60         LUT5 (Prop_lut5_I4_O)        0.316  7035.215 r  u_core/u_fabric/i___335_i_15/O
                         net (fo=1, routed)           0.938  7036.153    u_core/u_fabric/i___335_i_15_n_0
    SLICE_X86Y48         LUT5 (Prop_lut5_I4_O)        0.124  7036.277 r  u_core/u_fabric/i___335_i_10/O
                         net (fo=1, routed)           0.161  7036.438    u_core/u_fabric/i___335_i_10_n_0
    SLICE_X86Y48         LUT5 (Prop_lut5_I2_O)        0.124  7036.562 r  u_core/u_fabric/i___335_i_4/O
                         net (fo=12, routed)          1.270  7037.832    u_core/u_fabric/r6411
    SLICE_X98Y51         LUT4 (Prop_lut4_I3_O)        0.124  7037.956 r  u_core/u_fabric/i___60_i_5/O
                         net (fo=5, routed)           1.237  7039.193    u_core/u_fabric/r4795
    SLICE_X90Y75         LUT6 (Prop_lut6_I0_O)        0.124  7039.317 r  u_core/u_fabric/i___347_i_24/O
                         net (fo=1, routed)           0.000  7039.317    u_core/u_fabric/i___347_i_24_n_0
    SLICE_X90Y75         MUXF7 (Prop_muxf7_I1_O)      0.214  7039.531 r  u_core/u_fabric/i___347_i_19/O
                         net (fo=1, routed)           0.469  7040.000    u_core/u_fabric/i___347_i_19_n_0
    SLICE_X90Y75         LUT6 (Prop_lut6_I5_O)        0.297  7040.297 r  u_core/u_fabric/i___347_i_10/O
                         net (fo=15, routed)          1.119  7041.416    u_core/u_fabric/r6340
    SLICE_X88Y63         LUT6 (Prop_lut6_I3_O)        0.124  7041.540 r  u_core/u_fabric/i___406_0_i_5/O
                         net (fo=1, routed)           0.669  7042.208    u_core/u_fabric/i___406_0_i_5_n_0
    SLICE_X88Y63         LUT5 (Prop_lut5_I0_O)        0.124  7042.333 r  u_core/u_fabric/i___406_0_i_4/O
                         net (fo=3, routed)           1.050  7043.383    u_core/u_store/r4888
    SLICE_X87Y50         LUT6 (Prop_lut6_I5_O)        0.124  7043.507 r  u_core/u_store/i___406_0_i_3/O
                         net (fo=1, routed)           0.000  7043.507    u_core/u_fabric/i___8_i_15_0
    SLICE_X87Y50         MUXF7 (Prop_muxf7_I1_O)      0.217  7043.724 r  u_core/u_fabric/i___406_0_i_1/O
                         net (fo=10, routed)          0.776  7044.500    u_core/u_fabric/r6426
    SLICE_X91Y57         LUT6 (Prop_lut6_I0_O)        0.299  7044.799 r  u_core/u_fabric/q_i_15__36/O
                         net (fo=3, routed)           0.426  7045.225    u_core/u_fabric/u_clb_x12y3/r3124
    SLICE_X91Y57         LUT3 (Prop_lut3_I1_O)        0.124  7045.349 r  u_core/u_fabric/u_clb_x12y3/q_i_8__47/O
                         net (fo=5, routed)           0.820  7046.168    u_core/u_fabric/r3119
    SLICE_X98Y62         LUT5 (Prop_lut5_I4_O)        0.124  7046.292 r  u_core/u_fabric/i___290_i_4/O
                         net (fo=15, routed)          1.194  7047.486    u_core/u_fabric/r4971
    SLICE_X88Y73         LUT5 (Prop_lut5_I1_O)        0.124  7047.610 r  u_core/u_fabric/i___303_i_5/O
                         net (fo=1, routed)           0.280  7047.890    u_core/u_fabric/i___303_i_5_n_0
    SLICE_X88Y73         LUT5 (Prop_lut5_I4_O)        0.124  7048.014 r  u_core/u_fabric/i___303_i_1/O
                         net (fo=15, routed)          1.362  7049.376    u_core/u_fabric/r6329
    SLICE_X101Y62        LUT6 (Prop_lut6_I3_O)        0.124  7049.500 r  u_core/u_fabric/i___457_1_i_6/O
                         net (fo=1, routed)           0.403  7049.903    u_core/u_fabric/i___457_1_i_6_n_0
    SLICE_X101Y62        LUT5 (Prop_lut5_I0_O)        0.124  7050.027 r  u_core/u_fabric/i___457_1_i_4/O
                         net (fo=3, routed)           0.559  7050.586    u_core/u_fabric/r4800
    SLICE_X98Y67         LUT5 (Prop_lut5_I2_O)        0.124  7050.710 r  u_core/u_fabric/i___457_1_i_2/O
                         net (fo=1, routed)           0.416  7051.127    u_core/u_fabric/i___457_1_i_2_n_0
    SLICE_X98Y66         LUT5 (Prop_lut5_I2_O)        0.124  7051.251 r  u_core/u_fabric/i___457_1_i_1/O
                         net (fo=10, routed)          1.012  7052.263    u_core/u_fabric/r6389
    SLICE_X90Y55         LUT4 (Prop_lut4_I3_O)        0.124  7052.387 r  u_core/u_fabric/i___31_i_23/O
                         net (fo=13, routed)          1.170  7053.557    u_core/u_fabric/r4555
    SLICE_X83Y70         LUT6 (Prop_lut6_I5_O)        0.124  7053.681 r  u_core/u_fabric/i___80_i_17/O
                         net (fo=1, routed)           0.403  7054.084    u_core/u_fabric/i___80_i_17_n_0
    SLICE_X83Y70         LUT5 (Prop_lut5_I2_O)        0.124  7054.208 r  u_core/u_fabric/i___80_i_12/O
                         net (fo=10, routed)          1.376  7055.584    u_core/u_fabric/r4537
    SLICE_X48Y69         LUT5 (Prop_lut5_I4_O)        0.124  7055.708 r  u_core/u_fabric/i___410_1_i_10/O
                         net (fo=1, routed)           0.000  7055.708    u_core/u_fabric/i___410_1_i_10_n_0
    SLICE_X48Y69         MUXF7 (Prop_muxf7_I0_O)      0.212  7055.920 r  u_core/u_fabric/i___410_1_i_8/O
                         net (fo=2, routed)           0.452  7056.373    u_core/u_fabric/i___410_1_i_8_n_0
    SLICE_X48Y69         LUT6 (Prop_lut6_I5_O)        0.299  7056.671 r  u_core/u_fabric/i___410_1_i_6/O
                         net (fo=1, routed)           1.079  7057.750    u_core/u_fabric/r4541
    SLICE_X50Y53         LUT6 (Prop_lut6_I5_O)        0.124  7057.875 r  u_core/u_fabric/i___410_1_i_4/O
                         net (fo=2, routed)           0.000  7057.875    u_core/u_fabric/i___410_1_i_4_n_0
    SLICE_X50Y53         MUXF7 (Prop_muxf7_I1_O)      0.214  7058.088 r  u_core/u_fabric/i___410_1_i_1/O
                         net (fo=1, routed)           0.647  7058.735    u_core/u_fabric/i___410_1_i_1_n_0
    SLICE_X51Y53         LUT6 (Prop_lut6_I3_O)        0.297  7059.032 r  u_core/u_fabric/i___410_1/O
                         net (fo=9, routed)           1.324  7060.356    u_core/u_fabric/r4420
    SLICE_X60Y71         LUT6 (Prop_lut6_I5_O)        0.124  7060.480 r  u_core/u_fabric/i___49_i_7/O
                         net (fo=2, routed)           0.173  7060.653    u_core/u_fabric/i___49_i_7_n_0
    SLICE_X60Y71         LUT6 (Prop_lut6_I5_O)        0.124  7060.777 r  u_core/u_fabric/i___245_i_8/O
                         net (fo=1, routed)           0.869  7061.646    u_core/u_fabric/i___245_i_8_n_0
    SLICE_X58Y83         LUT6 (Prop_lut6_I2_O)        0.124  7061.770 r  u_core/u_fabric/i___245_i_2/O
                         net (fo=15, routed)          1.394  7063.164    u_core/u_fabric/r6256
    SLICE_X101Y80        LUT6 (Prop_lut6_I2_O)        0.124  7063.288 r  u_core/u_fabric/i___245/O
                         net (fo=2, routed)           0.801  7064.089    u_core/u_fabric/i___245_n_0
    SLICE_X101Y71        LUT5 (Prop_lut5_I2_O)        0.124  7064.213 r  u_core/u_fabric/i___324_i_20/O
                         net (fo=1, routed)           0.766  7064.979    u_core/u_fabric/i___324_i_20_n_0
    SLICE_X98Y67         LUT5 (Prop_lut5_I2_O)        0.124  7065.103 r  u_core/u_fabric/i___324_i_10/O
                         net (fo=1, routed)           0.307  7065.410    u_core/u_fabric/i___324_i_10_n_0
    SLICE_X97Y66         LUT5 (Prop_lut5_I4_O)        0.124  7065.534 r  u_core/u_fabric/i___324_i_3/O
                         net (fo=2, routed)           0.897  7066.430    u_core/u_fabric/i___324_i_3_n_0
    SLICE_X89Y61         LUT5 (Prop_lut5_I0_O)        0.124  7066.554 r  u_core/u_fabric/q_i_25__20/O
                         net (fo=1, routed)           1.014  7067.568    u_core/u_fabric/r6391
    SLICE_X98Y61         LUT6 (Prop_lut6_I0_O)        0.124  7067.692 r  u_core/u_fabric/q_i_11__32/O
                         net (fo=3, routed)           1.001  7068.693    u_core/u_fabric/r1044
    SLICE_X89Y59         LUT6 (Prop_lut6_I4_O)        0.124  7068.817 r  u_core/u_fabric/i___23_i_32/O
                         net (fo=1, routed)           0.437  7069.255    u_core/u_fabric/i___23_i_32_n_0
    SLICE_X89Y60         LUT5 (Prop_lut5_I4_O)        0.124  7069.379 r  u_core/u_fabric/i___23_i_25/O
                         net (fo=1, routed)           0.568  7069.947    u_core/u_fabric/u_clb_x12y4/r4454
    SLICE_X95Y60         LUT6 (Prop_lut6_I4_O)        0.124  7070.071 r  u_core/u_fabric/u_clb_x12y4/i___23_i_14/O
                         net (fo=1, routed)           0.264  7070.335    u_core/u_fabric/u_clb_x12y4_n_1
    SLICE_X95Y60         LUT5 (Prop_lut5_I2_O)        0.124  7070.459 r  u_core/u_fabric/i___23_i_5/O
                         net (fo=12, routed)          0.831  7071.291    u_core/u_fabric/r6398
    SLICE_X100Y55        LUT4 (Prop_lut4_I3_O)        0.124  7071.415 r  u_core/u_fabric/i___51_i_4/O
                         net (fo=9, routed)           2.078  7073.493    u_core/u_fabric/r4875
    SLICE_X48Y73         LUT6 (Prop_lut6_I5_O)        0.124  7073.617 r  u_core/u_fabric/i___64_i_5/O
                         net (fo=2, routed)           0.451  7074.067    u_core/u_fabric/i___64_i_5_n_0
    SLICE_X48Y74         LUT5 (Prop_lut5_I0_O)        0.124  7074.191 r  u_core/u_fabric/i___64_i_2/O
                         net (fo=17, routed)          0.520  7074.711    u_core/u_fabric/r6167
    SLICE_X48Y77         LUT6 (Prop_lut6_I5_O)        0.124  7074.835 r  u_core/u_fabric/i___264_i_5/O
                         net (fo=1, routed)           0.754  7075.588    u_core/u_fabric/i___264_i_5_n_0
    SLICE_X56Y79         LUT6 (Prop_lut6_I2_O)        0.124  7075.712 r  u_core/u_fabric/i___264_i_2/O
                         net (fo=7, routed)           1.107  7076.819    u_core/u_fabric/r6159
    SLICE_X59Y63         LUT6 (Prop_lut6_I3_O)        0.124  7076.943 r  u_core/u_fabric/i___257_i_19/O
                         net (fo=1, routed)           0.570  7077.513    u_core/u_fabric/i___257_i_19_n_0
    SLICE_X59Y63         LUT5 (Prop_lut5_I4_O)        0.124  7077.637 r  u_core/u_fabric/i___257_i_10/O
                         net (fo=2, routed)           0.362  7077.999    u_core/u_fabric/i___257_i_10_n_0
    SLICE_X58Y63         LUT5 (Prop_lut5_I2_O)        0.124  7078.123 r  u_core/u_fabric/i___77_i_18/O
                         net (fo=1, routed)           0.303  7078.426    u_core/u_fabric/i___77_i_18_n_0
    SLICE_X58Y62         LUT6 (Prop_lut6_I2_O)        0.124  7078.550 r  u_core/u_fabric/i___77_i_13/O
                         net (fo=1, routed)           0.717  7079.267    u_core/u_fabric/i___77_i_13_n_0
    SLICE_X59Y62         LUT5 (Prop_lut5_I2_O)        0.124  7079.391 r  u_core/u_fabric/i___77_i_9/O
                         net (fo=1, routed)           0.151  7079.542    u_core/u_fabric/i___77_i_9_n_0
    SLICE_X59Y62         LUT5 (Prop_lut5_I2_O)        0.124  7079.666 r  u_core/u_fabric/i___77_i_4/O
                         net (fo=7, routed)           0.969  7080.635    u_core/u_fabric/r4326
    SLICE_X44Y65         LUT5 (Prop_lut5_I4_O)        0.124  7080.759 r  u_core/u_fabric/i___304_i_4/O
                         net (fo=2, routed)           0.173  7080.932    u_core/u_fabric/i___304_i_4_n_0
    SLICE_X44Y65         LUT6 (Prop_lut6_I3_O)        0.124  7081.056 r  u_core/u_fabric/i___31_i_17/O
                         net (fo=1, routed)           1.442  7082.499    u_core/u_fabric/r6394
    SLICE_X86Y65         LUT6 (Prop_lut6_I2_O)        0.124  7082.623 r  u_core/u_fabric/i___31_i_7/O
                         net (fo=1, routed)           0.571  7083.193    u_core/u_fabric/i___31_i_7_n_0
    SLICE_X86Y68         LUT6 (Prop_lut6_I0_O)        0.124  7083.317 r  u_core/u_fabric/i___31_i_3/O
                         net (fo=14, routed)          1.112  7084.429    u_core/u_fabric/r6330
    SLICE_X100Y71        LUT6 (Prop_lut6_I4_O)        0.124  7084.553 r  u_core/u_fabric/i___31/O
                         net (fo=1, routed)           0.492  7085.045    u_core/u_fabric/i___31_n_0
    SLICE_X100Y71        LUT5 (Prop_lut5_I0_O)        0.124  7085.169 r  u_core/u_fabric/i___14_i_2/O
                         net (fo=14, routed)          0.866  7086.035    u_core/u_fabric/r6348
    SLICE_X102Y63        LUT6 (Prop_lut6_I1_O)        0.124  7086.159 r  u_core/u_fabric/i___459_1/O
                         net (fo=8, routed)           1.139  7087.298    u_core/u_store/r3130
    SLICE_X93Y51         MUXF7 (Prop_muxf7_S_O)       0.276  7087.574 r  u_core/u_store/q_reg_i_28__10/O
                         net (fo=1, routed)           0.000  7087.574    u_core/u_fabric/u_clb_x12y3/t_113_319
    SLICE_X93Y51         MUXF8 (Prop_muxf8_I1_O)      0.094  7087.668 r  u_core/u_fabric/u_clb_x12y3/q_reg_i_16__16/O
                         net (fo=2, routed)           1.006  7088.674    u_core/u_fabric/t_120_24
    SLICE_X86Y59         LUT6 (Prop_lut6_I3_O)        0.316  7088.990 r  u_core/u_fabric/i___289_i_12/O
                         net (fo=1, routed)           0.581  7089.571    u_core/u_fabric/i___289_i_12_n_0
    SLICE_X80Y60         LUT5 (Prop_lut5_I4_O)        0.124  7089.695 r  u_core/u_fabric/i___289_i_8/O
                         net (fo=3, routed)           0.607  7090.301    u_core/u_store/r5000
    SLICE_X89Y62         LUT6 (Prop_lut6_I5_O)        0.124  7090.425 r  u_core/u_store/i___289_i_5/O
                         net (fo=2, routed)           0.444  7090.869    u_core/u_store/g_frame[138].cfg_reg[17695]_0
    SLICE_X89Y62         LUT6 (Prop_lut6_I4_O)        0.124  7090.993 r  u_core/u_store/i___289_i_1/O
                         net (fo=4, routed)           1.168  7092.161    u_core/u_fabric/u_clb_x12y3/r4567
    SLICE_X90Y77         LUT6 (Prop_lut6_I3_O)        0.124  7092.285 r  u_core/u_fabric/u_clb_x12y3/i___31_i_5/O
                         net (fo=1, routed)           0.161  7092.446    u_core/u_fabric/u_clb_x12y3_n_1
    SLICE_X90Y77         LUT5 (Prop_lut5_I2_O)        0.124  7092.570 r  u_core/u_fabric/i___31_i_2/O
                         net (fo=15, routed)          1.364  7093.934    u_core/u_fabric/r6328
    SLICE_X102Y83        LUT6 (Prop_lut6_I5_O)        0.124  7094.058 r  u_core/u_fabric/i___262_i_15/O
                         net (fo=1, routed)           0.000  7094.058    u_core/u_fabric/i___262_i_15_n_0
    SLICE_X102Y83        MUXF7 (Prop_muxf7_I0_O)      0.209  7094.267 r  u_core/u_fabric/i___262_i_9/O
                         net (fo=1, routed)           0.000  7094.267    u_core/u_fabric/i___262_i_9_n_0
    SLICE_X102Y83        MUXF8 (Prop_muxf8_I1_O)      0.088  7094.354 r  u_core/u_fabric/i___262_i_6/O
                         net (fo=16, routed)          2.892  7097.247    u_core/u_fabric/u_clb_x7y8/i___262
    SLICE_X30Y44         LUT6 (Prop_lut6_I0_O)        0.319  7097.565 r  u_core/u_fabric/u_clb_x7y8/i___262_i_2/O
                         net (fo=2, routed)           0.648  7098.214    u_core/u_fabric/u_clb_x7y8_n_6
    SLICE_X30Y45         LUT5 (Prop_lut5_I2_O)        0.124  7098.338 r  u_core/u_fabric/i___54_i_2/O
                         net (fo=16, routed)          0.900  7099.237    u_core/u_fabric/r6036
    SLICE_X45Y45         LUT5 (Prop_lut5_I4_O)        0.124  7099.361 r  u_core/u_fabric/b_q[15]_i_4__0/O
                         net (fo=2, routed)           0.445  7099.806    u_core/u_fabric/b_q[15]_i_4__0_n_0
    SLICE_X45Y45         LUT5 (Prop_lut5_I0_O)        0.124  7099.930 r  u_core/u_fabric/b_q[15]_i_3/O
                         net (fo=17, routed)          0.877  7100.807    u_core/u_fabric/r6038
    SLICE_X55Y44         LUT4 (Prop_lut4_I2_O)        0.124  7100.931 r  u_core/u_fabric/b_q[2]_i_3__0/O
                         net (fo=1, routed)           0.433  7101.364    u_core/u_fabric/b_q[2]_i_3__0_n_0
    SLICE_X55Y44         LUT6 (Prop_lut6_I0_O)        0.124  7101.488 r  u_core/u_fabric/b_q[2]_i_2/O
                         net (fo=1, routed)           1.535  7103.023    u_core/u_store/r2989
    SLICE_X23Y45         LUT3 (Prop_lut3_I2_O)        0.124  7103.147 r  u_core/u_store/b_q[2]_i_1__0/O
                         net (fo=2, routed)           0.162  7103.310    u_core/u_dsp1/b_v[2]
    SLICE_X23Y45         LUT3 (Prop_lut3_I2_O)        0.124  7103.434 r  u_core/m_c_i_16__0/O
                         net (fo=1, routed)           0.397  7103.831    u_core/u_fabric/u_dsp1/u_core/m_c_1[2]
    DSP48_X1Y19          DSP48E1 (Prop_dsp48e1_B[2]_P[13])
                                                      3.656  7107.487 r  u_core/u_fabric/u_dsp1/u_core/m_c/P[13]
                         net (fo=2, routed)           1.181  7108.668    u_core/u_fabric/u_dsp1/u_core/m_c__0[13]
    SLICE_X27Y51         LUT3 (Prop_lut3_I2_O)        0.124  7108.792 r  u_core/u_fabric/u_dsp1/u_core/i__carry__2_i_3__1/O
                         net (fo=2, routed)           0.491  7109.283    u_core/u_fabric/u_dsp1/u_core/m_x[13]
    SLICE_X28Y52         CARRY4 (Prop_carry4_DI[1]_CO[3])
                                                      0.507  7109.790 r  u_core/u_fabric/u_dsp1/u_core/__10/i__carry__2/CO[3]
                         net (fo=1, routed)           0.000  7109.790    u_core/u_fabric/u_dsp1/u_core/__10/i__carry__2_n_0
    SLICE_X28Y53         CARRY4 (Prop_carry4_CI_O[3])
                                                      0.329  7110.119 r  u_core/u_fabric/u_dsp1/u_core/__10/i__carry__3/O[3]
                         net (fo=2, routed)           0.628  7110.747    u_core/u_fabric/u_dsp1/u_core/__10/i__carry__3_n_4
    SLICE_X29Y53         LUT3 (Prop_lut3_I2_O)        0.306  7111.053 r  u_core/u_fabric/u_dsp1/u_core/sr[67]_i_2__0/O
                         net (fo=3, routed)           1.281  7112.334    u_core/u_fabric/dsp_p[67]
    SLICE_X64Y58         LUT5 (Prop_lut5_I4_O)        0.124  7112.458 r  u_core/u_fabric/i___13_i_9/O
                         net (fo=1, routed)           0.000  7112.458    u_core/u_fabric/i___13_i_9_n_0
    SLICE_X64Y58         MUXF7 (Prop_muxf7_I0_O)      0.212  7112.670 r  u_core/u_fabric/i___13_i_6/O
                         net (fo=1, routed)           0.441  7113.111    u_core/u_fabric/i___13_i_6_n_0
    SLICE_X64Y58         LUT6 (Prop_lut6_I5_O)        0.299  7113.410 r  u_core/u_fabric/i___13_i_4/O
                         net (fo=9, routed)           0.823  7114.233    u_core/u_fabric/r5412
    SLICE_X57Y62         LUT4 (Prop_lut4_I0_O)        0.124  7114.357 r  u_core/u_fabric/i___68_i_10/O
                         net (fo=12, routed)          1.428  7115.785    u_core/u_fabric/r6125
    SLICE_X40Y51         LUT4 (Prop_lut4_I2_O)        0.124  7115.909 r  u_core/u_fabric/b_q[8]_i_3__0/O
                         net (fo=1, routed)           0.489  7116.397    u_core/u_fabric/b_q[8]_i_3__0_n_0
    SLICE_X40Y51         LUT6 (Prop_lut6_I0_O)        0.124  7116.521 r  u_core/u_fabric/b_q[8]_i_2/O
                         net (fo=1, routed)           1.450  7117.972    u_core/u_store/r3010
    SLICE_X19Y46         LUT3 (Prop_lut3_I2_O)        0.124  7118.096 r  u_core/u_store/b_q[8]_i_1__0/O
                         net (fo=2, routed)           0.162  7118.258    u_core/u_dsp1/b_v[8]
    SLICE_X19Y46         LUT3 (Prop_lut3_I2_O)        0.124  7118.382 r  u_core/m_c_i_10__0/O
                         net (fo=1, routed)           0.601  7118.983    u_core/u_fabric/u_dsp1/u_core/m_c_1[8]
    DSP48_X1Y19          DSP48E1 (Prop_dsp48e1_B[8]_P[16])
                                                      3.656  7122.639 r  u_core/u_fabric/u_dsp1/u_core/m_c/P[16]
                         net (fo=2, routed)           1.098  7123.737    u_core/u_fabric/u_dsp1/u_core/m_c__0[16]
    SLICE_X26Y53         LUT3 (Prop_lut3_I2_O)        0.124  7123.861 r  u_core/u_fabric/u_dsp1/u_core/i__carry__3_i_4__1/O
                         net (fo=2, routed)           0.492  7124.353    u_core/u_fabric/u_dsp1/u_core/m_x[16]
    SLICE_X28Y53         CARRY4 (Prop_carry4_DI[0]_O[1])
                                                      0.420  7124.772 r  u_core/u_fabric/u_dsp1/u_core/__10/i__carry__3/O[1]
                         net (fo=2, routed)           0.351  7125.124    u_core/u_fabric/u_dsp1/u_core/__10/i__carry__3_n_6
    SLICE_X29Y53         LUT3 (Prop_lut3_I2_O)        0.303  7125.427 r  u_core/u_fabric/u_dsp1/u_core/i___371_i_5/O
                         net (fo=3, routed)           1.321  7126.747    u_core/u_fabric/dsp_p[65]
    SLICE_X51Y62         LUT5 (Prop_lut5_I4_O)        0.124  7126.871 r  u_core/u_fabric/i___388_0_i_1/O
                         net (fo=13, routed)          0.718  7127.589    u_core/u_fabric/r6123
    SLICE_X47Y52         LUT6 (Prop_lut6_I2_O)        0.124  7127.713 r  u_core/u_fabric/c_q[25]_i_2/O
                         net (fo=1, routed)           0.965  7128.678    u_core/u_store/r2982
    SLICE_X32Y56         LUT3 (Prop_lut3_I2_O)        0.124  7128.802 r  u_core/u_store/c_q[25]_i_1__0/O
                         net (fo=2, routed)           0.173  7128.975    u_core/u_store/drive_reg[214][25]
    SLICE_X32Y56         LUT5 (Prop_lut5_I4_O)        0.124  7129.099 r  u_core/u_store/i__carry__5_i_11__0/O
                         net (fo=1, routed)           0.537  7129.635    u_core/u_store/i__carry__5_i_11__0_n_0
    SLICE_X28Y55         LUT5 (Prop_lut5_I4_O)        0.124  7129.759 r  u_core/u_store/i__carry__5_i_7__0/O
                         net (fo=1, routed)           0.000  7129.759    u_core/u_fabric/u_dsp1/u_core/p_q_reg[27]_0[1]
    SLICE_X28Y55         CARRY4 (Prop_carry4_S[1]_O[1])
                                                      0.227  7129.986 r  u_core/u_fabric/u_dsp1/u_core/__10/i__carry__5/O[1]
                         net (fo=2, routed)           0.348  7130.334    u_core/u_fabric/u_dsp1/u_core/__10/i__carry__5_n_6
    SLICE_X29Y55         LUT3 (Prop_lut3_I2_O)        0.303  7130.638 r  u_core/u_fabric/u_dsp1/u_core/sr[73]_i_2__0/O
                         net (fo=4, routed)           1.211  7131.849    u_core/u_fabric/dsp_p[73]
    SLICE_X53Y56         LUT6 (Prop_lut6_I5_O)        0.124  7131.973 r  u_core/u_fabric/i___10_i_26/O
                         net (fo=1, routed)           0.633  7132.606    u_core/u_fabric/i___10_i_26_n_0
    SLICE_X53Y57         LUT6 (Prop_lut6_I0_O)        0.124  7132.730 r  u_core/u_fabric/i___10_i_18/O
                         net (fo=10, routed)          1.602  7134.332    u_core/u_fabric/r4972
    SLICE_X85Y72         LUT6 (Prop_lut6_I5_O)        0.124  7134.456 r  u_core/u_fabric/i___255_i_30/O
                         net (fo=1, routed)           0.000  7134.456    u_core/u_fabric/i___255_i_30_n_0
    SLICE_X85Y72         MUXF7 (Prop_muxf7_I1_O)      0.217  7134.673 r  u_core/u_fabric/i___255_i_27/O
                         net (fo=2, routed)           0.314  7134.987    u_core/u_fabric/g_frame[113].cfg_reg[14559]
    SLICE_X85Y74         LUT5 (Prop_lut5_I4_O)        0.299  7135.286 r  u_core/u_fabric/i___255_i_19/O
                         net (fo=15, routed)          1.643  7136.928    u_core/u_fabric/r6249
    SLICE_X94Y90         LUT6 (Prop_lut6_I5_O)        0.124  7137.052 r  u_core/u_fabric/i___347_i_20/O
                         net (fo=1, routed)           0.313  7137.366    u_core/u_fabric/i___347_i_20_n_0
    SLICE_X94Y89         LUT5 (Prop_lut5_I0_O)        0.124  7137.490 r  u_core/u_fabric/i___347_i_12/O
                         net (fo=5, routed)           1.512  7139.002    u_core/u_fabric/r4794
    SLICE_X94Y61         LUT5 (Prop_lut5_I0_O)        0.124  7139.126 r  u_core/u_fabric/i___324_i_18/O
                         net (fo=2, routed)           0.586  7139.712    u_core/u_fabric/i___324_i_18_n_0
    SLICE_X94Y59         LUT3 (Prop_lut3_I2_O)        0.124  7139.836 r  u_core/u_fabric/i___324_i_8/O
                         net (fo=13, routed)          0.929  7140.765    u_core/u_fabric/r6397
    SLICE_X90Y51         LUT4 (Prop_lut4_I3_O)        0.124  7140.889 r  u_core/u_fabric/q_i_30__24/O
                         net (fo=1, routed)           0.286  7141.176    u_core/u_fabric/q_i_30__24_n_0
    SLICE_X90Y51         LUT6 (Prop_lut6_I5_O)        0.124  7141.300 r  u_core/u_fabric/q_i_19__49/O
                         net (fo=3, routed)           0.634  7141.934    u_core/u_fabric/u_clb_x12y4/r1848
    SLICE_X92Y56         LUT6 (Prop_lut6_I2_O)        0.124  7142.058 r  u_core/u_fabric/u_clb_x12y4/q_i_12__16/O
                         net (fo=1, routed)           0.609  7142.667    u_core/u_store/t_125_661
    SLICE_X94Y56         LUT6 (Prop_lut6_I0_O)        0.124  7142.791 r  u_core/u_store/q_i_8__28/O
                         net (fo=4, routed)           0.816  7143.607    u_core/u_store/u_fabric/u_clb_x12y4/lut_o6
    SLICE_X91Y51         LUT3 (Prop_lut3_I2_O)        0.124  7143.731 r  u_core/u_store/q_i_9__8/O
                         net (fo=2, routed)           0.416  7144.147    u_core/u_store/q_i_9__8_n_0
    SLICE_X91Y51         LUT6 (Prop_lut6_I5_O)        0.124  7144.271 r  u_core/u_store/sr[39]_i_2/O
                         net (fo=3, routed)           0.842  7145.113    u_core/u_fabric/i___8_i_10_0[24]
    SLICE_X98Y59         LUT6 (Prop_lut6_I5_O)        0.124  7145.237 r  u_core/u_fabric/i___65_i_10/O
                         net (fo=2, routed)           0.692  7145.929    u_core/u_fabric/i___65_i_10_n_0
    SLICE_X90Y55         LUT3 (Prop_lut3_I2_O)        0.124  7146.053 r  u_core/u_fabric/i___65_i_4/O
                         net (fo=12, routed)          0.582  7146.635    u_core/u_fabric/r6410
    SLICE_X84Y56         LUT5 (Prop_lut5_I2_O)        0.124  7146.759 r  u_core/u_fabric/i___398_1_i_3__0/O
                         net (fo=1, routed)           0.575  7147.333    u_core/u_fabric/i___398_1_i_3__0_n_0
    SLICE_X84Y54         LUT5 (Prop_lut5_I2_O)        0.124  7147.458 r  u_core/u_fabric/i___398_1_i_1/O
                         net (fo=14, routed)          0.770  7148.227    u_core/u_fabric/r6424
    SLICE_X85Y61         LUT4 (Prop_lut4_I3_O)        0.124  7148.351 r  u_core/u_fabric/i___342_i_7/O
                         net (fo=13, routed)          1.381  7149.732    u_core/u_fabric/r4979
    SLICE_X48Y66         LUT6 (Prop_lut6_I3_O)        0.124  7149.856 r  u_core/u_fabric/i___242_i_8/O
                         net (fo=1, routed)           0.158  7150.015    u_core/u_fabric/i___242_i_8_n_0
    SLICE_X48Y66         LUT5 (Prop_lut5_I2_O)        0.124  7150.139 r  u_core/u_fabric/i___242_i_3/O
                         net (fo=14, routed)          1.618  7151.757    u_core/u_fabric/r6175
    SLICE_X67Y88         LUT6 (Prop_lut6_I5_O)        0.124  7151.881 r  u_core/u_fabric/q_i_27__14/O
                         net (fo=8, routed)           1.342  7153.223    u_core/u_fabric/u_clb_x12y8/r3078
    SLICE_X95Y78         MUXF7 (Prop_muxf7_S_O)       0.276  7153.499 r  u_core/u_fabric/u_clb_x12y8/q_reg_i_24__9/O
                         net (fo=1, routed)           0.433  7153.933    u_core/u_store/t_112_675
    SLICE_X95Y78         LUT3 (Prop_lut3_I1_O)        0.299  7154.231 r  u_core/u_store/q_i_14__14/O
                         net (fo=3, routed)           1.291  7155.522    u_core/u_fabric/t_120_314
    SLICE_X80Y86         LUT6 (Prop_lut6_I3_O)        0.124  7155.646 r  u_core/u_fabric/i___342_i_14/O
                         net (fo=1, routed)           0.488  7156.134    u_core/u_fabric/i___342_i_14_n_0
    SLICE_X80Y86         LUT5 (Prop_lut5_I4_O)        0.124  7156.258 r  u_core/u_fabric/i___342_i_6/O
                         net (fo=10, routed)          1.429  7157.687    u_core/u_fabric/r4988
    SLICE_X92Y61         LUT5 (Prop_lut5_I4_O)        0.124  7157.811 r  u_core/u_fabric/i___369_i_23/O
                         net (fo=1, routed)           0.000  7157.811    u_core/u_fabric/i___369_i_23_n_0
    SLICE_X92Y61         MUXF7 (Prop_muxf7_I0_O)      0.209  7158.020 r  u_core/u_fabric/i___369_i_20/O
                         net (fo=2, routed)           0.656  7158.675    u_core/u_fabric/i___369_i_20_n_0
    SLICE_X93Y61         LUT5 (Prop_lut5_I2_O)        0.297  7158.972 r  u_core/u_fabric/i___320_i_15/O
                         net (fo=1, routed)           0.434  7159.407    u_core/u_fabric/i___320_i_15_n_0
    SLICE_X93Y58         LUT5 (Prop_lut5_I2_O)        0.124  7159.531 r  u_core/u_fabric/i___320_i_8/O
                         net (fo=1, routed)           0.151  7159.682    u_core/u_fabric/i___320_i_8_n_0
    SLICE_X93Y58         LUT5 (Prop_lut5_I2_O)        0.124  7159.806 r  u_core/u_fabric/i___320_i_2/O
                         net (fo=2, routed)           0.335  7160.142    u_core/u_fabric/i___320_i_2_n_0
    SLICE_X94Y58         LUT5 (Prop_lut5_I2_O)        0.124  7160.266 r  u_core/u_fabric/i___464_0_i_2/O
                         net (fo=6, routed)           0.755  7161.021    u_core/u_fabric/r6395
    SLICE_X87Y57         LUT4 (Prop_lut4_I2_O)        0.124  7161.145 r  u_core/u_fabric/i___428_0_i_6/O
                         net (fo=1, routed)           0.403  7161.548    u_core/u_fabric/i___428_0_i_6_n_0
    SLICE_X87Y57         LUT6 (Prop_lut6_I5_O)        0.124  7161.672 r  u_core/u_fabric/i___428_0_i_2/O
                         net (fo=7, routed)           1.609  7163.281    u_core/u_fabric/r4327
    SLICE_X48Y67         LUT6 (Prop_lut6_I5_O)        0.124  7163.405 r  u_core/u_fabric/i___49_i_17/O
                         net (fo=7, routed)           0.577  7163.982    u_core/u_fabric/r6230
    SLICE_X51Y68         LUT6 (Prop_lut6_I5_O)        0.124  7164.106 r  u_core/u_fabric/i___412_1_i_10/O
                         net (fo=1, routed)           0.439  7164.545    u_core/u_fabric/i___412_1_i_10_n_0
    SLICE_X49Y69         LUT5 (Prop_lut5_I4_O)        0.124  7164.669 r  u_core/u_fabric/i___412_1_i_7/O
                         net (fo=1, routed)           0.151  7164.820    u_core/u_fabric/i___412_1_i_7_n_0
    SLICE_X49Y69         LUT5 (Prop_lut5_I0_O)        0.124  7164.944 r  u_core/u_fabric/i___412_1_i_4/O
                         net (fo=7, routed)           0.701  7165.646    u_core/u_fabric/r4421
    SLICE_X48Y60         LUT6 (Prop_lut6_I5_O)        0.124  7165.770 r  u_core/u_fabric/i___412_1_i_1__0/O
                         net (fo=2, routed)           0.615  7166.385    u_core/u_fabric/i___412_1_i_1__0_n_0
    SLICE_X52Y57         LUT3 (Prop_lut3_I2_O)        0.124  7166.509 r  u_core/u_fabric/i___412_1_i_1/O
                         net (fo=3, routed)           0.524  7167.033    u_core/u_fabric/r6149
    SLICE_X55Y56         LUT6 (Prop_lut6_I2_O)        0.124  7167.157 r  u_core/u_fabric/i___412_1/O
                         net (fo=3, routed)           0.308  7167.465    u_core/u_fabric/u_clb_x9y3/r966
    SLICE_X55Y55         LUT5 (Prop_lut5_I1_O)        0.124  7167.589 r  u_core/u_fabric/u_clb_x9y3/q_i_11__2/O
                         net (fo=1, routed)           0.446  7168.036    u_core/u_store/lut_o6_635
    SLICE_X55Y54         LUT6 (Prop_lut6_I4_O)        0.124  7168.160 r  u_core/u_store/q_i_7__8/O
                         net (fo=4, routed)           1.258  7169.418    u_core/u_store/u_fabric/r962
    SLICE_X45Y68         LUT4 (Prop_lut4_I3_O)        0.124  7169.542 r  u_core/u_store/q_i_6__11/O
                         net (fo=2, routed)           0.275  7169.816    u_core/u_store/u_fabric/r1230
    SLICE_X45Y68         LUT4 (Prop_lut4_I3_O)        0.124  7169.940 r  u_core/u_store/q_i_6__19/O
                         net (fo=2, routed)           0.655  7170.596    u_core/u_store/u_fabric/r1498
    SLICE_X48Y70         LUT5 (Prop_lut5_I0_O)        0.124  7170.720 r  u_core/u_store/q_i_3__31/O
                         net (fo=2, routed)           0.732  7171.452    u_core/u_fabric/comb_526
    SLICE_X47Y78         LUT6 (Prop_lut6_I3_O)        0.124  7171.576 r  u_core/u_fabric/i___69_i_12/O
                         net (fo=1, routed)           0.602  7172.178    u_core/u_fabric/i___69_i_12_n_0
    SLICE_X46Y81         LUT5 (Prop_lut5_I4_O)        0.124  7172.302 r  u_core/u_fabric/i___69_i_4/O
                         net (fo=16, routed)          1.034  7173.336    u_core/u_fabric/r6176
    SLICE_X60Y74         LUT6 (Prop_lut6_I5_O)        0.124  7173.460 r  u_core/u_fabric/i___305_i_7/O
                         net (fo=1, routed)           0.669  7174.129    u_core/u_fabric/i___305_i_7_n_0
    SLICE_X60Y74         LUT5 (Prop_lut5_I0_O)        0.124  7174.253 r  u_core/u_fabric/i___305_i_5/O
                         net (fo=10, routed)          1.231  7175.484    u_core/u_fabric/r4786
    SLICE_X90Y68         LUT5 (Prop_lut5_I2_O)        0.124  7175.608 r  u_core/u_fabric/i___347_i_15/O
                         net (fo=1, routed)           0.303  7175.911    u_core/u_fabric/i___347_i_15_n_0
    SLICE_X90Y69         LUT5 (Prop_lut5_I2_O)        0.124  7176.035 r  u_core/u_fabric/i___347_i_9/O
                         net (fo=13, routed)          1.265  7177.300    u_core/u_fabric/r6342
    SLICE_X82Y86         LUT6 (Prop_lut6_I3_O)        0.124  7177.424 r  u_core/u_fabric/i___10_i_21/O
                         net (fo=1, routed)           0.670  7178.094    u_core/u_fabric/i___10_i_21_n_0
    SLICE_X82Y86         LUT5 (Prop_lut5_I0_O)        0.124  7178.218 r  u_core/u_fabric/i___10_i_16/O
                         net (fo=8, routed)           1.699  7179.917    u_core/u_fabric/r4985
    SLICE_X48Y70         LUT6 (Prop_lut6_I5_O)        0.124  7180.042 r  u_core/u_fabric/i___272_i_12/O
                         net (fo=1, routed)           0.595  7180.637    u_core/u_fabric/i___272_i_12_n_0
    SLICE_X40Y70         LUT5 (Prop_lut5_I4_O)        0.124  7180.761 r  u_core/u_fabric/i___272_i_3/O
                         net (fo=2, routed)           0.159  7180.919    u_core/u_fabric/i___272_i_3_n_0
    SLICE_X40Y70         LUT5 (Prop_lut5_I0_O)        0.124  7181.043 r  u_core/u_fabric/i___147_i_6/O
                         net (fo=15, routed)          0.945  7181.989    u_core/u_fabric/r6171
    SLICE_X52Y71         LUT6 (Prop_lut6_I3_O)        0.124  7182.113 r  u_core/u_fabric/q_i_23__26/O
                         net (fo=1, routed)           0.158  7182.271    u_core/u_fabric/q_i_23__26_n_0
    SLICE_X52Y71         LUT5 (Prop_lut5_I4_O)        0.124  7182.395 r  u_core/u_fabric/q_i_12__12/O
                         net (fo=1, routed)           0.433  7182.828    u_core/u_fabric/q_i_12__12_n_0
    SLICE_X52Y71         LUT5 (Prop_lut5_I0_O)        0.124  7182.952 r  u_core/u_fabric/q_i_7__4__0/O
                         net (fo=10, routed)          1.677  7184.629    u_core/u_fabric/r4670
    SLICE_X95Y57         LUT5 (Prop_lut5_I4_O)        0.124  7184.753 r  u_core/u_fabric/i___71_i_20/O
                         net (fo=1, routed)           0.433  7185.187    u_core/u_fabric/i___71_i_20_n_0
    SLICE_X95Y57         LUT5 (Prop_lut5_I4_O)        0.124  7185.311 r  u_core/u_fabric/i___71_i_9/O
                         net (fo=2, routed)           0.877  7186.188    u_core/u_fabric/r4684
    SLICE_X86Y55         LUT6 (Prop_lut6_I5_O)        0.124  7186.312 r  u_core/u_fabric/i___71_i_4/O
                         net (fo=2, routed)           0.314  7186.625    u_core/u_fabric/i___71_i_4_n_0
    SLICE_X85Y55         LUT3 (Prop_lut3_I0_O)        0.124  7186.750 r  u_core/u_fabric/i___400_0_i_1/O
                         net (fo=11, routed)          0.930  7187.679    u_core/u_fabric/r6414
    SLICE_X97Y51         LUT4 (Prop_lut4_I0_O)        0.124  7187.803 r  u_core/u_fabric/i___339_i_7/O
                         net (fo=11, routed)          1.932  7189.735    u_core/u_fabric/r4873
    SLICE_X65Y86         LUT6 (Prop_lut6_I5_O)        0.124  7189.859 r  u_core/u_fabric/i___318_i_11/O
                         net (fo=1, routed)           0.264  7190.124    u_core/u_fabric/i___318_i_11_n_0
    SLICE_X65Y86         LUT5 (Prop_lut5_I4_O)        0.124  7190.248 r  u_core/u_fabric/i___318_i_3/O
                         net (fo=2, routed)           0.323  7190.571    u_core/u_fabric/i___318_i_3_n_0
    SLICE_X62Y86         LUT6 (Prop_lut6_I4_O)        0.124  7190.695 r  u_core/u_fabric/i___318/O
                         net (fo=1, routed)           0.749  7191.444    u_core/u_store/q_i_10__8_0
    SLICE_X51Y83         LUT6 (Prop_lut6_I1_O)        0.124  7191.568 r  u_core/u_store/q_i_21__5/O
                         net (fo=1, routed)           0.448  7192.017    u_core/u_store/u_fabric/u_clb_x10y2/t_123
    SLICE_X52Y80         LUT5 (Prop_lut5_I0_O)        0.124  7192.141 r  u_core/u_store/q_i_10__8/O
                         net (fo=3, routed)           0.433  7192.574    u_core/u_store/u_fabric/u_clb_x10y2/lut_o6
    SLICE_X52Y80         LUT5 (Prop_lut5_I4_O)        0.124  7192.698 r  u_core/u_store/q_i_3__12/O
                         net (fo=3, routed)           0.446  7193.144    u_core/u_store/comb_118
    SLICE_X52Y80         LUT3 (Prop_lut3_I2_O)        0.124  7193.268 r  u_core/u_store/sr[17]_i_2/O
                         net (fo=2, routed)           1.065  7194.332    u_core/u_fabric/i___8_i_10_0[8]
    SLICE_X62Y68         LUT5 (Prop_lut5_I4_O)        0.124  7194.456 r  u_core/u_fabric/i___49_i_12/O
                         net (fo=1, routed)           0.422  7194.877    u_core/u_fabric/i___49_i_12_n_0
    SLICE_X64Y68         LUT5 (Prop_lut5_I4_O)        0.124  7195.001 r  u_core/u_fabric/i___49_i_4/O
                         net (fo=15, routed)          1.433  7196.435    u_core/u_fabric/r6242
    SLICE_X92Y86         LUT6 (Prop_lut6_I5_O)        0.124  7196.559 r  u_core/u_fabric/q_i_35__9/O
                         net (fo=4, routed)           1.493  7198.052    u_core/u_store/r2063
    SLICE_X37Y86         LUT6 (Prop_lut6_I2_O)        0.124  7198.176 r  u_core/u_store/q_i_30__22/O
                         net (fo=2, routed)           1.080  7199.255    u_core/u_fabric/t_120_284
    SLICE_X60Y85         LUT6 (Prop_lut6_I3_O)        0.124  7199.379 r  u_core/u_fabric/i___64_i_22/O
                         net (fo=1, routed)           0.291  7199.671    u_core/u_fabric/i___64_i_22_n_0
    SLICE_X61Y85         LUT5 (Prop_lut5_I4_O)        0.124  7199.795 r  u_core/u_fabric/i___64_i_13/O
                         net (fo=16, routed)          2.058  7201.853    u_core/u_fabric/r4857
    SLICE_X51Y32         LUT6 (Prop_lut6_I5_O)        0.124  7201.977 r  u_core/u_fabric/i___75_i_8/O
                         net (fo=1, routed)           0.402  7202.379    u_core/u_fabric/i___75_i_8_n_0
    SLICE_X51Y32         LUT5 (Prop_lut5_I0_O)        0.124  7202.503 r  u_core/u_fabric/i___75_i_3/O
                         net (fo=14, routed)          1.224  7203.727    u_core/u_fabric/r5958
    SLICE_X26Y35         LUT6 (Prop_lut6_I2_O)        0.124  7203.851 r  u_core/u_fabric/q_i_16__3/O
                         net (fo=3, routed)           1.043  7204.894    u_core/u_fabric/r3530
    SLICE_X46Y40         LUT6 (Prop_lut6_I4_O)        0.124  7205.018 r  u_core/u_fabric/i___360_i_15/O
                         net (fo=1, routed)           0.756  7205.774    u_core/u_fabric/i___360_i_15_n_0
    SLICE_X49Y32         LUT5 (Prop_lut5_I4_O)        0.124  7205.898 r  u_core/u_fabric/i___360_i_6/O
                         net (fo=8, routed)           1.002  7206.900    u_core/u_fabric/r5180
    SLICE_X48Y44         LUT5 (Prop_lut5_I4_O)        0.124  7207.024 r  u_core/u_fabric/i___1_i_4/O
                         net (fo=1, routed)           0.159  7207.183    u_core/u_fabric/i___1_i_4_n_0
    SLICE_X48Y44         LUT5 (Prop_lut5_I2_O)        0.124  7207.307 r  u_core/u_fabric/i___1_i_2/O
                         net (fo=8, routed)           0.636  7207.943    u_core/u_store/r6054
    SLICE_X44Y48         LUT6 (Prop_lut6_I2_O)        0.124  7208.067 r  u_core/u_store/d_q[21]_i_1__0/O
                         net (fo=3, routed)           1.331  7209.398    u_core/u_store/drive_reg[239][20]
    SLICE_X20Y48         LUT5 (Prop_lut5_I0_O)        0.124  7209.522 r  u_core/u_store/i__carry__4_i_7__2/O
                         net (fo=1, routed)           0.000  7209.522    u_core/u_fabric/u_dsp1/u_core/m_c_9[1]
    SLICE_X20Y48         CARRY4 (Prop_carry4_S[1]_O[3])
                                                      0.643  7210.165 r  u_core/u_fabric/u_dsp1/u_core/__5/i__carry__4/O[3]
                         net (fo=1, routed)           0.425  7210.590    u_core/u_store/m_c_4[3]
    SLICE_X22Y48         LUT5 (Prop_lut5_I0_O)        0.307  7210.897 r  u_core/u_store/m_c_i_20__0/O
                         net (fo=1, routed)           0.766  7211.663    u_core/u_fabric/u_dsp1/u_core/m_c_2[23]
    DSP48_X1Y19          DSP48E1 (Prop_dsp48e1_A[23]_P[17])
                                                      3.841  7215.504 r  u_core/u_fabric/u_dsp1/u_core/m_c/P[17]
                         net (fo=2, routed)           0.901  7216.405    u_core/u_fabric/u_dsp1/u_core/m_c__0[17]
    SLICE_X27Y51         LUT3 (Prop_lut3_I2_O)        0.124  7216.529 r  u_core/u_fabric/u_dsp1/u_core/i__carry__3_i_3__1/O
                         net (fo=2, routed)           0.503  7217.032    u_core/u_fabric/u_dsp1/u_core/m_x[17]
    SLICE_X28Y53         CARRY4 (Prop_carry4_DI[1]_CO[3])
                                                      0.507  7217.539 r  u_core/u_fabric/u_dsp1/u_core/__10/i__carry__3/CO[3]
                         net (fo=1, routed)           0.000  7217.539    u_core/u_fabric/u_dsp1/u_core/__10/i__carry__3_n_0
    SLICE_X28Y54         CARRY4 (Prop_carry4_CI_O[2])
                                                      0.256  7217.795 r  u_core/u_fabric/u_dsp1/u_core/__10/i__carry__4/O[2]
                         net (fo=2, routed)           0.341  7218.136    u_core/u_fabric/u_dsp1/u_core/__10/i__carry__4_n_5
    SLICE_X29Y54         LUT3 (Prop_lut3_I2_O)        0.302  7218.438 r  u_core/u_fabric/u_dsp1/u_core/sr[70]_i_2__0/O
                         net (fo=3, routed)           1.192  7219.629    u_core/u_fabric/dsp_p[70]
    SLICE_X51Y46         LUT5 (Prop_lut5_I4_O)        0.124  7219.753 r  u_core/u_fabric/d_q[20]_i_6/O
                         net (fo=2, routed)           0.160  7219.913    u_core/u_fabric/d_q[20]_i_6_n_0
    SLICE_X51Y46         LUT5 (Prop_lut5_I4_O)        0.124  7220.037 r  u_core/u_fabric/i___207_i_9/O
                         net (fo=1, routed)           0.737  7220.774    u_core/u_fabric/u_bram1/u_core/i___207_i_4_0
    SLICE_X51Y43         LUT6 (Prop_lut6_I2_O)        0.124  7220.898 r  u_core/u_fabric/u_bram1/u_core/i___207_i_6/O
                         net (fo=1, routed)           0.804  7221.702    u_core/u_fabric/r5189
    SLICE_X49Y39         LUT6 (Prop_lut6_I3_O)        0.124  7221.826 r  u_core/u_fabric/i___207_i_4/O
                         net (fo=1, routed)           0.491  7222.317    u_core/u_fabric/i___207_i_4_n_0
    SLICE_X48Y39         LUT5 (Prop_lut5_I2_O)        0.124  7222.441 r  u_core/u_fabric/i___207_i_2/O
                         net (fo=16, routed)          0.699  7223.140    u_core/u_fabric/u_clb_x7y4/r5949
    SLICE_X39Y36         LUT6 (Prop_lut6_I2_O)        0.124  7223.264 r  u_core/u_fabric/u_clb_x7y4/i___204_i_3/O
                         net (fo=1, routed)           0.906  7224.170    u_core/u_fabric/u_clb_x7y4_n_1
    SLICE_X31Y29         LUT6 (Prop_lut6_I0_O)        0.124  7224.294 r  u_core/u_fabric/i___204_i_1/O
                         net (fo=17, routed)          0.803  7225.097    u_core/u_fabric/u_clb_x7y4/r5939
    SLICE_X29Y40         LUT6 (Prop_lut6_I4_O)        0.124  7225.221 r  u_core/u_fabric/u_clb_x7y4/q_i_7__40/O
                         net (fo=4, routed)           0.672  7225.893    u_core/u_fabric/u_clb_x6y5/lut_o6_37
    SLICE_X33Y40         LUT6 (Prop_lut6_I3_O)        0.124  7226.017 r  u_core/u_fabric/u_clb_x6y5/sr[44]_i_2/O
                         net (fo=3, routed)           0.740  7226.756    u_core/u_fabric/clb_o[16]
    SLICE_X37Y38         LUT6 (Prop_lut6_I5_O)        0.124  7226.880 r  u_core/u_fabric/i___282_i_5/O
                         net (fo=2, routed)           0.414  7227.294    u_core/u_fabric/i___282_i_5_n_0
    SLICE_X37Y40         LUT3 (Prop_lut3_I2_O)        0.124  7227.418 r  u_core/u_fabric/i___282_i_3/O
                         net (fo=14, routed)          0.971  7228.390    u_core/u_fabric/r5948
    SLICE_X26Y35         LUT6 (Prop_lut6_I5_O)        0.124  7228.514 r  u_core/u_fabric/q_i_14__30/O
                         net (fo=5, routed)           0.720  7229.234    u_core/u_store/r3529
    SLICE_X21Y38         LUT5 (Prop_lut5_I3_O)        0.124  7229.358 r  u_core/u_store/q_i_18__24/O
                         net (fo=1, routed)           0.808  7230.166    u_core/u_store/u_fabric/u_clb_x6y8/t_123
    SLICE_X26Y38         LUT5 (Prop_lut5_I0_O)        0.124  7230.290 r  u_core/u_store/q_i_8__63/O
                         net (fo=3, routed)           0.459  7230.749    u_core/u_store/u_fabric/u_clb_x6y8/lut_o6
    SLICE_X25Y37         LUT6 (Prop_lut6_I4_O)        0.124  7230.873 r  u_core/u_store/q_i_6__54/O
                         net (fo=1, routed)           0.969  7231.841    u_core/u_store/u_fabric/u_clb_x6y8/cy_mux
    SLICE_X37Y35         LUT5 (Prop_lut5_I0_O)        0.124  7231.965 r  u_core/u_store/q_i_3__70/O
                         net (fo=2, routed)           0.697  7232.662    u_core/u_fabric/comb_577
    SLICE_X48Y41         LUT6 (Prop_lut6_I3_O)        0.124  7232.786 r  u_core/u_fabric/i___360_i_1/O
                         net (fo=2, routed)           0.652  7233.438    u_core/u_fabric/i___360_i_1_n_0
    SLICE_X52Y41         LUT5 (Prop_lut5_I4_O)        0.124  7233.562 r  u_core/u_fabric/i___389_0_i_1/O
                         net (fo=7, routed)           0.597  7234.160    u_core/u_fabric/r5972
    SLICE_X60Y42         LUT6 (Prop_lut6_I0_O)        0.124  7234.284 r  u_core/u_fabric/i___46_i_12/O
                         net (fo=1, routed)           0.000  7234.284    u_core/u_fabric/i___46_i_12_n_0
    SLICE_X60Y42         MUXF7 (Prop_muxf7_I1_O)      0.217  7234.500 r  u_core/u_fabric/i___46_i_5/O
                         net (fo=2, routed)           0.315  7234.816    u_core/u_fabric/i___46_i_5_n_0
    SLICE_X60Y44         LUT6 (Prop_lut6_I5_O)        0.299  7235.115 r  u_core/u_fabric/i___46_i_2/O
                         net (fo=13, routed)          1.187  7236.302    u_core/u_fabric/r5402
    SLICE_X50Y29         LUT5 (Prop_lut5_I3_O)        0.124  7236.426 r  u_core/u_fabric/i___276/O
                         net (fo=1, routed)           0.000  7236.426    u_core/u_fabric/i___276_n_0
    SLICE_X50Y29         MUXF7 (Prop_muxf7_I1_O)      0.214  7236.640 r  u_core/u_fabric/i___44_i_1/O
                         net (fo=4, routed)           0.671  7237.311    u_core/u_fabric/r5299
    SLICE_X49Y36         LUT6 (Prop_lut6_I0_O)        0.297  7237.607 r  u_core/u_fabric/i___175_i_41/O
                         net (fo=1, routed)           0.000  7237.607    u_core/u_fabric/i___175_i_41_n_0
    SLICE_X49Y36         MUXF7 (Prop_muxf7_I1_O)      0.217  7237.824 r  u_core/u_fabric/i___175_i_27/O
                         net (fo=1, routed)           0.496  7238.320    u_core/u_fabric/i___175_i_27_n_0
    SLICE_X48Y34         LUT5 (Prop_lut5_I4_O)        0.299  7238.619 r  u_core/u_fabric/i___175_i_16/O
                         net (fo=8, routed)           1.172  7239.791    u_core/u_fabric/r5285
    SLICE_X48Y10         LUT6 (Prop_lut6_I5_O)        0.124  7239.915 r  u_core/u_fabric/i___197_i_21/O
                         net (fo=1, routed)           0.433  7240.348    u_core/u_fabric/i___197_i_21_n_0
    SLICE_X48Y10         LUT5 (Prop_lut5_I4_O)        0.124  7240.472 r  u_core/u_fabric/i___197_i_15/O
                         net (fo=2, routed)           0.351  7240.823    u_core/u_fabric/i___197_i_15_n_0
    SLICE_X49Y10         LUT5 (Prop_lut5_I0_O)        0.124  7240.947 r  u_core/u_fabric/i___197_i_9/O
                         net (fo=15, routed)          0.896  7241.844    u_core/u_fabric/r5799
    SLICE_X32Y10         LUT6 (Prop_lut6_I5_O)        0.124  7241.968 r  u_core/u_fabric/i___86_i_28/O
                         net (fo=1, routed)           0.670  7242.638    u_core/u_fabric/i___86_i_28_n_0
    SLICE_X32Y10         LUT5 (Prop_lut5_I0_O)        0.124  7242.762 r  u_core/u_fabric/i___86_i_21/O
                         net (fo=8, routed)           1.039  7243.801    u_core/u_fabric/r5064
    SLICE_X32Y27         LUT6 (Prop_lut6_I5_O)        0.124  7243.925 r  u_core/u_fabric/i___326_i_8/O
                         net (fo=1, routed)           0.161  7244.086    u_core/u_fabric/i___326_i_8_n_0
    SLICE_X32Y27         LUT5 (Prop_lut5_I4_O)        0.124  7244.210 r  u_core/u_fabric/i___326_i_3/O
                         net (fo=2, routed)           0.176  7244.386    u_core/u_fabric/i___326_i_3_n_0
    SLICE_X32Y27         LUT6 (Prop_lut6_I4_O)        0.124  7244.510 r  u_core/u_fabric/i___326/O
                         net (fo=2, routed)           0.978  7245.489    u_core/u_store/q_i_13__26_0
    SLICE_X34Y42         LUT6 (Prop_lut6_I1_O)        0.124  7245.613 r  u_core/u_store/q_i_22__31/O
                         net (fo=2, routed)           0.707  7246.320    u_core/u_store/u_fabric/u_clb_x6y8/t_79
    SLICE_X41Y42         LUT5 (Prop_lut5_I0_O)        0.124  7246.444 r  u_core/u_store/q_i_13__26/O
                         net (fo=1, routed)           0.433  7246.877    u_core/u_store/u_fabric/u_clb_x6y8/t_115
    SLICE_X41Y42         LUT5 (Prop_lut5_I0_O)        0.124  7247.001 r  u_core/u_store/q_i_7__63/O
                         net (fo=4, routed)           0.969  7247.971    u_core/u_store/r3525
    SLICE_X25Y36         LUT5 (Prop_lut5_I2_O)        0.124  7248.095 r  u_core/u_store/q_i_3__62/O
                         net (fo=3, routed)           1.090  7249.185    u_core/u_fabric/comb_572
    SLICE_X43Y33         LUT6 (Prop_lut6_I3_O)        0.124  7249.309 r  u_core/u_fabric/i___311_i_6/O
                         net (fo=1, routed)           0.502  7249.811    u_core/u_fabric/i___311_i_6_n_0
    SLICE_X50Y34         LUT5 (Prop_lut5_I4_O)        0.124  7249.935 r  u_core/u_fabric/i___311_i_1/O
                         net (fo=11, routed)          0.795  7250.730    u_core/u_fabric/r5966
    SLICE_X40Y33         LUT6 (Prop_lut6_I3_O)        0.124  7250.854 r  u_core/u_fabric/i___142_i_12/O
                         net (fo=1, routed)           0.670  7251.524    u_core/u_fabric/i___142_i_12_n_0
    SLICE_X40Y33         LUT5 (Prop_lut5_I2_O)        0.124  7251.648 r  u_core/u_fabric/i___142_i_8/O
                         net (fo=9, routed)           1.192  7252.841    u_core/u_fabric/r5163
    SLICE_X42Y10         LUT6 (Prop_lut6_I5_O)        0.124  7252.965 r  u_core/u_fabric/i___451_1_i_14/O
                         net (fo=1, routed)           0.000  7252.965    u_core/u_fabric/i___451_1_i_14_n_0
    SLICE_X42Y10         MUXF7 (Prop_muxf7_I1_O)      0.214  7253.179 r  u_core/u_fabric/i___451_1_i_9/O
                         net (fo=1, routed)           0.469  7253.648    u_core/u_fabric/i___451_1_i_9_n_0
    SLICE_X42Y10         LUT6 (Prop_lut6_I5_O)        0.297  7253.945 r  u_core/u_fabric/i___451_1_i_5/O
                         net (fo=5, routed)           0.875  7254.820    u_core/u_fabric/r5742
    SLICE_X57Y11         LUT4 (Prop_lut4_I0_O)        0.124  7254.944 r  u_core/u_fabric/i___451_1_i_2__0__0/O
                         net (fo=13, routed)          0.868  7255.812    u_core/u_fabric/r5272
    SLICE_X47Y11         LUT6 (Prop_lut6_I5_O)        0.124  7255.936 r  u_core/u_fabric/i___451_1/O
                         net (fo=1, routed)           0.000  7255.936    u_core/u_fabric/i___451_1_n_0
    SLICE_X47Y11         MUXF7 (Prop_muxf7_I0_O)      0.212  7256.148 r  u_core/u_fabric/i___201_i_6/O
                         net (fo=2, routed)           0.660  7256.808    u_core/u_fabric/g_frame[45].cfg_reg[5848]
    SLICE_X40Y10         LUT5 (Prop_lut5_I2_O)        0.299  7257.107 r  u_core/u_fabric/i___201_i_3/O
                         net (fo=15, routed)          0.720  7257.827    u_core/u_fabric/r5803
    SLICE_X33Y12         LUT6 (Prop_lut6_I5_O)        0.124  7257.951 r  u_core/u_fabric/q_i_32__10/O
                         net (fo=8, routed)           0.775  7258.726    u_core/u_fabric/u_clb_x5y9/r3778
    SLICE_X31Y20         MUXF7 (Prop_muxf7_S_O)       0.276  7259.001 r  u_core/u_fabric/u_clb_x5y9/q_reg_i_31__14/O
                         net (fo=2, routed)           0.726  7259.728    u_core/u_fabric/u_clb_x5y9/t_112_65
    SLICE_X23Y16         LUT5 (Prop_lut5_I4_O)        0.299  7260.027 r  u_core/u_fabric/u_clb_x5y9/q_i_18__26/O
                         net (fo=4, routed)           1.005  7261.032    u_core/u_fabric/r3767
    SLICE_X35Y13         LUT5 (Prop_lut5_I4_O)        0.124  7261.156 r  u_core/u_fabric/i___175_i_42/O
                         net (fo=1, routed)           0.000  7261.156    u_core/u_fabric/i___175_i_42_n_0
    SLICE_X35Y13         MUXF7 (Prop_muxf7_I0_O)      0.212  7261.368 r  u_core/u_fabric/i___175_i_34/O
                         net (fo=2, routed)           0.485  7261.853    u_core/u_fabric/i___175_i_34_n_0
    SLICE_X37Y13         LUT6 (Prop_lut6_I5_O)        0.299  7262.151 r  u_core/u_fabric/i___175_i_18/O
                         net (fo=7, routed)           0.671  7262.823    u_core/u_fabric/r5267
    SLICE_X43Y7          LUT5 (Prop_lut5_I4_O)        0.124  7262.947 r  u_core/u_fabric/i___201_i_10/O
                         net (fo=1, routed)           0.306  7263.253    u_core/u_fabric/i___201_i_10_n_0
    SLICE_X44Y7          LUT6 (Prop_lut6_I5_O)        0.124  7263.377 r  u_core/u_fabric/i___201_i_5/O
                         net (fo=1, routed)           0.000  7263.377    u_core/u_fabric/i___201_i_5_n_0
    SLICE_X44Y7          MUXF7 (Prop_muxf7_I0_O)      0.212  7263.589 r  u_core/u_fabric/i___201_i_2/O
                         net (fo=18, routed)          0.696  7264.285    u_core/u_fabric/r5801
    SLICE_X42Y13         LUT6 (Prop_lut6_I5_O)        0.299  7264.584 r  u_core/u_fabric/i___443_1_i_18/O
                         net (fo=2, routed)           0.601  7265.185    u_core/u_fabric/i___443_1_i_18_n_0
    SLICE_X43Y13         LUT4 (Prop_lut4_I0_O)        0.124  7265.309 r  u_core/u_fabric/i___443_1_i_17/O
                         net (fo=2, routed)           0.778  7266.087    u_core/u_fabric/r4931
    SLICE_X48Y8          LUT5 (Prop_lut5_I0_O)        0.124  7266.211 r  u_core/u_fabric/mem_reg_i_183/O
                         net (fo=1, routed)           0.000  7266.211    u_core/u_fabric/mem_reg_i_183_n_0
    SLICE_X48Y8          MUXF7 (Prop_muxf7_I0_O)      0.212  7266.423 r  u_core/u_fabric/mem_reg_i_159/O
                         net (fo=1, routed)           0.436  7266.860    u_core/u_fabric/mem_reg_i_159_n_0
    SLICE_X48Y8          LUT6 (Prop_lut6_I5_O)        0.299  7267.159 r  u_core/u_fabric/mem_reg_i_102__0/O
                         net (fo=15, routed)          0.684  7267.842    u_core/u_fabric/r5726
    SLICE_X46Y11         LUT5 (Prop_lut5_I4_O)        0.124  7267.966 r  u_core/u_fabric/i___358_i_23/O
                         net (fo=1, routed)           0.558  7268.525    u_core/u_fabric/i___358_i_23_n_0
    SLICE_X43Y13         LUT5 (Prop_lut5_I0_O)        0.124  7268.649 r  u_core/u_fabric/i___358_i_22/O
                         net (fo=1, routed)           0.361  7269.009    u_core/u_store/i___358_i_11_0
    SLICE_X42Y13         LUT6 (Prop_lut6_I2_O)        0.124  7269.133 r  u_core/u_store/i___358_i_17/O
                         net (fo=1, routed)           0.860  7269.994    u_core/u_store/u_fabric/r5170
    SLICE_X31Y15         LUT5 (Prop_lut5_I2_O)        0.124  7270.118 r  u_core/u_store/i___358_i_11/O
                         net (fo=1, routed)           0.361  7270.478    u_core/u_fabric/i___1_i_10
    SLICE_X30Y15         LUT5 (Prop_lut5_I4_O)        0.124  7270.602 r  u_core/u_fabric/i___358_i_5/O
                         net (fo=9, routed)           0.660  7271.262    u_core/u_fabric/r5178
    SLICE_X30Y23         LUT6 (Prop_lut6_I1_O)        0.124  7271.386 r  u_core/u_fabric/i___229_i_7/O
                         net (fo=1, routed)           0.000  7271.386    u_core/u_fabric/i___229_i_7_n_0
    SLICE_X30Y23         MUXF7 (Prop_muxf7_I1_O)      0.214  7271.600 r  u_core/u_fabric/i___229_i_5/O
                         net (fo=1, routed)           0.452  7272.052    u_core/u_fabric/i___229_i_5_n_0
    SLICE_X30Y23         LUT6 (Prop_lut6_I5_O)        0.297  7272.349 r  u_core/u_fabric/i___229_i_2/O
                         net (fo=15, routed)          1.029  7273.377    u_core/u_fabric/r5875
    SLICE_X21Y12         LUT6 (Prop_lut6_I4_O)        0.124  7273.501 r  u_core/u_fabric/i___229/O
                         net (fo=2, routed)           0.300  7273.802    u_core/u_fabric/i___229_n_0
    SLICE_X21Y12         LUT5 (Prop_lut5_I2_O)        0.124  7273.926 r  u_core/u_fabric/i___423_1_i_15/O
                         net (fo=1, routed)           0.637  7274.563    u_core/u_fabric/i___423_1_i_15_n_0
    SLICE_X18Y16         LUT6 (Prop_lut6_I0_O)        0.124  7274.687 r  u_core/u_fabric/i___423_1_i_7/O
                         net (fo=5, routed)           1.153  7275.840    u_core/u_fabric/r4615
    SLICE_X34Y18         LUT5 (Prop_lut5_I4_O)        0.124  7275.964 r  u_core/u_fabric/i___441_1_i_2__0/O
                         net (fo=1, routed)           0.162  7276.126    u_core/u_fabric/i___441_1_i_2__0_n_0
    SLICE_X34Y18         LUT5 (Prop_lut5_I2_O)        0.124  7276.250 r  u_core/u_fabric/i___441_1_i_1/O
                         net (fo=15, routed)          1.042  7277.292    u_core/u_fabric/r5790
    SLICE_X22Y13         LUT6 (Prop_lut6_I5_O)        0.124  7277.417 r  u_core/u_fabric/i___75_i_42/O
                         net (fo=1, routed)           0.579  7277.995    u_core/u_fabric/i___75_i_42_n_0
    SLICE_X21Y13         LUT5 (Prop_lut5_I4_O)        0.124  7278.119 r  u_core/u_fabric/i___75_i_30/O
                         net (fo=1, routed)           0.433  7278.552    u_core/u_fabric/i___75_i_30_n_0
    SLICE_X21Y13         LUT3 (Prop_lut3_I2_O)        0.124  7278.676 r  u_core/u_fabric/i___75_i_18/O
                         net (fo=16, routed)          2.084  7280.761    u_core/u_fabric/r4844
    SLICE_X56Y33         LUT6 (Prop_lut6_I5_O)        0.124  7280.885 r  u_core/u_fabric/c_q[42]_i_4__0/O
                         net (fo=1, routed)           0.491  7281.376    u_core/u_fabric/c_q[42]_i_4__0_n_0
    SLICE_X56Y33         LUT5 (Prop_lut5_I2_O)        0.124  7281.500 r  u_core/u_fabric/c_q[42]_i_2/O
                         net (fo=18, routed)          1.167  7282.667    u_core/u_fabric/r6011
    SLICE_X36Y29         LUT6 (Prop_lut6_I5_O)        0.124  7282.791 r  u_core/u_fabric/i___198_i_1/O
                         net (fo=9, routed)           1.229  7284.020    u_core/u_fabric/r4747
    SLICE_X48Y14         LUT6 (Prop_lut6_I5_O)        0.124  7284.144 r  u_core/u_fabric/i___137_i_3/O
                         net (fo=1, routed)           0.488  7284.632    u_core/u_fabric/i___137_i_3_n_0
    SLICE_X48Y14         LUT5 (Prop_lut5_I0_O)        0.124  7284.756 r  u_core/u_fabric/i___137_i_2/O
                         net (fo=14, routed)          0.870  7285.626    u_core/u_fabric/r5773
    SLICE_X35Y16         LUT6 (Prop_lut6_I4_O)        0.124  7285.750 r  u_core/u_fabric/i___139/O
                         net (fo=2, routed)           0.588  7286.338    u_core/u_fabric/i___139_n_0
    SLICE_X35Y21         LUT5 (Prop_lut5_I2_O)        0.124  7286.462 r  u_core/u_fabric/i___185_i_10/O
                         net (fo=1, routed)           0.673  7287.135    u_core/u_fabric/i___185_i_10_n_0
    SLICE_X30Y22         LUT6 (Prop_lut6_I0_O)        0.124  7287.259 r  u_core/u_fabric/i___185_i_5/O
                         net (fo=9, routed)           0.919  7288.179    u_core/u_fabric/u_clb_x7y1/i___444_0_i_1
    SLICE_X24Y33         LUT6 (Prop_lut6_I5_O)        0.124  7288.303 r  u_core/u_fabric/u_clb_x7y1/i___444_0_i_4/O
                         net (fo=1, routed)           0.279  7288.582    u_core/u_fabric/u_clb_x7y1_n_3
    SLICE_X24Y33         LUT5 (Prop_lut5_I2_O)        0.124  7288.706 r  u_core/u_fabric/i___444_0_i_1/O
                         net (fo=19, routed)          0.546  7289.252    u_core/u_fabric/r6008
    SLICE_X24Y32         LUT6 (Prop_lut6_I2_O)        0.124  7289.376 r  u_core/u_fabric/i___226_i_1/O
                         net (fo=1, routed)           0.306  7289.682    u_core/u_fabric/i___226_i_1_n_0
    SLICE_X24Y30         LUT6 (Prop_lut6_I0_O)        0.124  7289.806 r  u_core/u_fabric/i___226/O
                         net (fo=1, routed)           0.000  7289.806    u_core/u_fabric/i___226_n_0
    SLICE_X24Y30         MUXF7 (Prop_muxf7_I1_O)      0.217  7290.023 r  u_core/u_fabric/i___148_i_1/O
                         net (fo=15, routed)          1.273  7291.296    u_core/u_fabric/u_dsp0/u_core/r5921
    SLICE_X42Y41         LUT6 (Prop_lut6_I2_O)        0.299  7291.595 r  u_core/u_fabric/u_dsp0/u_core/i___458_1_i_3/O
                         net (fo=2, routed)           0.578  7292.173    u_core/u_fabric/u_dsp0_n_47
    SLICE_X44Y41         LUT3 (Prop_lut3_I0_O)        0.124  7292.297 r  u_core/u_fabric/c_q[3]_i_4/O
                         net (fo=8, routed)           1.334  7293.631    u_core/u_fabric/r4314
    SLICE_X51Y68         LUT4 (Prop_lut4_I3_O)        0.124  7293.755 r  u_core/u_fabric/i___49_i_16/O
                         net (fo=6, routed)           0.800  7294.556    u_core/u_fabric/r6238
    SLICE_X66Y69         LUT6 (Prop_lut6_I5_O)        0.124  7294.680 r  u_core/u_fabric/i___308_i_10/O
                         net (fo=1, routed)           0.502  7295.182    u_core/u_fabric/i___308_i_10_n_0
    SLICE_X66Y69         LUT5 (Prop_lut5_I0_O)        0.124  7295.306 r  u_core/u_fabric/i___308_i_7/O
                         net (fo=5, routed)           0.947  7296.252    u_core/u_fabric/r4452
    SLICE_X88Y66         LUT3 (Prop_lut3_I2_O)        0.124  7296.376 r  u_core/u_fabric/i___250_i_13/O
                         net (fo=2, routed)           0.424  7296.801    u_core/u_fabric/i___250_i_13_n_0
    SLICE_X87Y67         LUT5 (Prop_lut5_I0_O)        0.124  7296.925 r  u_core/u_fabric/i___71_i_28/O
                         net (fo=1, routed)           0.482  7297.407    u_core/u_fabric/i___71_i_28_n_0
    SLICE_X87Y66         LUT6 (Prop_lut6_I3_O)        0.124  7297.531 r  u_core/u_fabric/i___71_i_24/O
                         net (fo=1, routed)           0.447  7297.979    u_core/u_fabric/i___71_i_24_n_0
    SLICE_X88Y64         LUT5 (Prop_lut5_I0_O)        0.124  7298.103 r  u_core/u_fabric/i___71_i_16/O
                         net (fo=1, routed)           0.635  7298.737    u_core/u_fabric/i___71_i_16_n_0
    SLICE_X88Y57         LUT6 (Prop_lut6_I0_O)        0.124  7298.861 r  u_core/u_fabric/i___71_i_8/O
                         net (fo=11, routed)          0.638  7299.500    u_core/u_fabric/r6374
    SLICE_X86Y55         LUT5 (Prop_lut5_I4_O)        0.124  7299.624 r  u_core/u_fabric/i___72_i_5/O
                         net (fo=9, routed)           0.897  7300.520    u_core/u_fabric/r4443
    SLICE_X83Y66         LUT6 (Prop_lut6_I5_O)        0.124  7300.644 r  u_core/u_fabric/i___23_i_31/O
                         net (fo=1, routed)           0.000  7300.644    u_core/u_fabric/i___23_i_31_n_0
    SLICE_X83Y66         MUXF7 (Prop_muxf7_I1_O)      0.217  7300.861 r  u_core/u_fabric/i___23_i_24/O
                         net (fo=2, routed)           0.420  7301.281    u_core/u_fabric/i___23_i_24_n_0
    SLICE_X84Y66         LUT5 (Prop_lut5_I4_O)        0.299  7301.580 r  u_core/u_fabric/i___470_0_i_11/O
                         net (fo=2, routed)           0.502  7302.081    u_core/u_fabric/r6297
    SLICE_X82Y66         LUT6 (Prop_lut6_I3_O)        0.124  7302.205 r  u_core/u_fabric/i___470_0_i_7/O
                         net (fo=1, routed)           0.000  7302.205    u_core/u_fabric/i___470_0_i_7_n_0
    SLICE_X82Y66         MUXF7 (Prop_muxf7_I1_O)      0.214  7302.419 r  u_core/u_fabric/i___470_0_i_3/O
                         net (fo=2, routed)           0.624  7303.043    u_core/u_fabric/i___470_0_i_3_n_0
    SLICE_X80Y67         LUT6 (Prop_lut6_I5_O)        0.297  7303.340 r  u_core/u_fabric/i___470_0_i_1/O
                         net (fo=11, routed)          1.057  7304.397    u_core/u_fabric/r4317
    SLICE_X58Y58         LUT5 (Prop_lut5_I4_O)        0.124  7304.521 r  u_core/u_fabric/i___250_i_1/O
                         net (fo=2, routed)           0.293  7304.814    u_core/u_fabric/i___250_i_1_n_0
    SLICE_X58Y58         LUT5 (Prop_lut5_I4_O)        0.124  7304.938 r  u_core/u_fabric/i___114_i_6/O
                         net (fo=10, routed)          0.682  7305.620    u_core/u_fabric/r4307
    SLICE_X58Y55         LUT6 (Prop_lut6_I5_O)        0.124  7305.744 r  u_core/u_fabric/i___130_i_12/O
                         net (fo=1, routed)           0.689  7306.433    u_core/u_fabric/i___130_i_12_n_0
    SLICE_X58Y55         LUT5 (Prop_lut5_I2_O)        0.124  7306.557 r  u_core/u_fabric/i___130_i_8/O
                         net (fo=9, routed)           1.861  7308.418    u_core/u_fabric/r4299
    SLICE_X31Y27         LUT5 (Prop_lut5_I4_O)        0.124  7308.542 r  u_core/u_fabric/i___155_i_10/O
                         net (fo=1, routed)           0.000  7308.542    u_core/u_fabric/i___155_i_10_n_0
    SLICE_X31Y27         MUXF7 (Prop_muxf7_I0_O)      0.212  7308.754 r  u_core/u_fabric/i___155_i_6/O
                         net (fo=9, routed)           1.816  7310.570    u_core/u_fabric/r4285
    SLICE_X89Y23         LUT6 (Prop_lut6_I5_O)        0.299  7310.869 r  u_core/u_fabric/mem_reg_i_196/O
                         net (fo=1, routed)           0.000  7310.869    u_core/u_fabric/mem_reg_i_196_n_0
    SLICE_X89Y23         MUXF7 (Prop_muxf7_I1_O)      0.217  7311.085 r  u_core/u_fabric/mem_reg_i_163__0/O
                         net (fo=1, routed)           0.430  7311.515    u_core/u_fabric/mem_reg_i_163__0_n_0
    SLICE_X88Y23         LUT6 (Prop_lut6_I5_O)        0.299  7311.814 r  u_core/u_fabric/mem_reg_i_103/O
                         net (fo=7, routed)           1.010  7312.824    u_core/u_fabric/r4269
    SLICE_X96Y12         LUT2 (Prop_lut2_I1_O)        0.124  7312.948 r  u_core/u_fabric/i___100_i_34/O
                         net (fo=7, routed)           1.217  7314.166    u_core/u_fabric/r5448
    SLICE_X70Y8          LUT5 (Prop_lut5_I4_O)        0.124  7314.290 r  u_core/u_fabric/i___100_i_23/O
                         net (fo=5, routed)           0.916  7315.206    u_core/u_fabric/r4592
    SLICE_X84Y18         LUT6 (Prop_lut6_I3_O)        0.124  7315.330 r  u_core/u_fabric/i___446_0_i_14/O
                         net (fo=1, routed)           0.000  7315.330    u_core/u_fabric/i___446_0_i_14_n_0
    SLICE_X84Y18         MUXF7 (Prop_muxf7_I1_O)      0.217  7315.546 r  u_core/u_fabric/i___446_0_i_8/O
                         net (fo=1, routed)           0.441  7315.987    u_core/u_fabric/i___446_0_i_8_n_0
    SLICE_X84Y18         LUT6 (Prop_lut6_I5_O)        0.299  7316.286 r  u_core/u_fabric/i___446_0_i_2/O
                         net (fo=12, routed)          0.335  7316.621    u_core/u_fabric/r5599
    SLICE_X82Y18         LUT6 (Prop_lut6_I5_O)        0.124  7316.745 r  u_core/u_fabric/i___446_1__0/O
                         net (fo=1, routed)           0.659  7317.404    u_core/u_fabric/i___446_1__0_n_0
    SLICE_X77Y13         LUT6 (Prop_lut6_I0_O)        0.124  7317.528 r  u_core/u_fabric/i___106_i_2/O
                         net (fo=16, routed)          0.703  7318.232    u_core/u_fabric/u_bram1/u_core/r5542
    SLICE_X73Y23         LUT6 (Prop_lut6_I4_O)        0.124  7318.356 r  u_core/u_fabric/u_bram1/u_core/i___232_i_14/O
                         net (fo=1, routed)           0.439  7318.795    u_core/u_fabric/u_bram1_n_52
    SLICE_X71Y24         LUT5 (Prop_lut5_I2_O)        0.124  7318.919 r  u_core/u_fabric/i___232_i_9/O
                         net (fo=2, routed)           0.613  7319.533    u_core/u_store/r4716
    SLICE_X77Y24         LUT6 (Prop_lut6_I0_O)        0.124  7319.657 r  u_core/u_store/i___401_1_i_4/O
                         net (fo=1, routed)           0.264  7319.921    u_core/u_fabric/i___401_0_i_4_0
    SLICE_X77Y24         LUT5 (Prop_lut5_I2_O)        0.124  7320.045 r  u_core/u_fabric/i___401_1_i_1/O
                         net (fo=17, routed)          1.061  7321.106    u_core/u_fabric/r5609
    SLICE_X86Y16         LUT4 (Prop_lut4_I3_O)        0.124  7321.230 r  u_core/u_fabric/i___401_1__0/O
                         net (fo=3, routed)           0.456  7321.687    u_core/u_fabric/r4373
    SLICE_X84Y15         LUT5 (Prop_lut5_I2_O)        0.124  7321.811 r  u_core/u_fabric/i___105_i_9/O
                         net (fo=1, routed)           0.300  7322.110    u_core/u_fabric/i___105_i_9_n_0
    SLICE_X84Y14         LUT5 (Prop_lut5_I2_O)        0.124  7322.234 r  u_core/u_fabric/i___105_i_4/O
                         net (fo=16, routed)          0.353  7322.587    u_core/u_fabric/r5540
    SLICE_X84Y13         LUT5 (Prop_lut5_I4_O)        0.124  7322.711 r  u_core/u_fabric/i___440_1_i_14/O
                         net (fo=1, routed)           0.280  7322.991    u_core/u_fabric/i___440_1_i_14_n_0
    SLICE_X84Y13         LUT5 (Prop_lut5_I2_O)        0.124  7323.115 r  u_core/u_fabric/i___440_1_i_11/O
                         net (fo=2, routed)           0.795  7323.910    u_core/u_fabric/r4811
    SLICE_X87Y13         LUT5 (Prop_lut5_I0_O)        0.124  7324.034 r  u_core/u_fabric/i___411_1_i_7__0/O
                         net (fo=1, routed)           0.263  7324.297    u_core/u_fabric/i___411_1_i_7__0_n_0
    SLICE_X87Y13         LUT5 (Prop_lut5_I4_O)        0.124  7324.421 r  u_core/u_fabric/i___411_1_i_3__0/O
                         net (fo=13, routed)          1.026  7325.447    u_core/u_fabric/r5486
    SLICE_X86Y5          LUT4 (Prop_lut4_I0_O)        0.124  7325.571 r  u_core/u_fabric/q_i_29__16/O
                         net (fo=1, routed)           0.466  7326.037    u_core/u_fabric/q_i_29__16_n_0
    SLICE_X86Y5          LUT6 (Prop_lut6_I0_O)        0.124  7326.161 r  u_core/u_fabric/q_i_19__33/O
                         net (fo=17, routed)          0.694  7326.854    u_core/u_store/r2154
    SLICE_X91Y5          LUT6 (Prop_lut6_I4_O)        0.124  7326.979 r  u_core/u_store/i___376_i_35/O
                         net (fo=1, routed)           0.000  7326.979    u_core/u_store/u_fabric/u_clb_x1y6/t_103
    SLICE_X91Y5          MUXF7 (Prop_muxf7_I1_O)      0.217  7327.195 r  u_core/u_store/i___376_i_14/O
                         net (fo=2, routed)           0.701  7327.897    u_core/u_fabric/t_115_538
    SLICE_X83Y4          LUT6 (Prop_lut6_I5_O)        0.299  7328.196 r  u_core/u_fabric/i___376_i_4/O
                         net (fo=7, routed)           1.045  7329.241    u_core/u_fabric/r4892
    SLICE_X76Y17         LUT5 (Prop_lut5_I1_O)        0.124  7329.365 r  u_core/u_fabric/i___376_i_1/O
                         net (fo=2, routed)           0.169  7329.534    u_core/u_fabric/i___376_i_1_n_0
    SLICE_X76Y17         LUT5 (Prop_lut5_I4_O)        0.124  7329.658 r  u_core/u_fabric/i___448_0_i_1/O
                         net (fo=12, routed)          1.141  7330.798    u_core/u_fabric/r5652
    SLICE_X56Y19         LUT3 (Prop_lut3_I0_O)        0.124  7330.922 r  u_core/u_fabric/i___408_1_i_4/O
                         net (fo=2, routed)           0.654  7331.577    u_core/u_fabric/i___408_1_i_4_n_0
    SLICE_X56Y21         LUT5 (Prop_lut5_I4_O)        0.124  7331.701 r  u_core/u_fabric/i___408_1_i_2/O
                         net (fo=1, routed)           0.162  7331.862    u_core/u_fabric/i___408_1_i_2_n_0
    SLICE_X56Y21         LUT5 (Prop_lut5_I2_O)        0.124  7331.986 r  u_core/u_fabric/i___408_1_i_1/O
                         net (fo=10, routed)          1.292  7333.278    u_core/u_fabric/r5382
    SLICE_X48Y43         LUT6 (Prop_lut6_I3_O)        0.124  7333.402 r  u_core/u_fabric/i___408_1/O
                         net (fo=1, routed)           0.562  7333.964    u_core/u_fabric/i___408_1_n_0
    SLICE_X48Y46         LUT6 (Prop_lut6_I2_O)        0.124  7334.088 r  u_core/u_fabric/d_q[20]_i_7__0/O
                         net (fo=2, routed)           0.466  7334.554    u_core/u_fabric/r5074
    SLICE_X50Y47         LUT6 (Prop_lut6_I3_O)        0.124  7334.678 r  u_core/u_fabric/d_q[20]_i_5/O
                         net (fo=1, routed)           0.304  7334.982    u_core/u_fabric/d_q[20]_i_5_n_0
    SLICE_X51Y46         LUT5 (Prop_lut5_I2_O)        0.124  7335.106 r  u_core/u_fabric/d_q[20]_i_2__0/O
                         net (fo=22, routed)          0.914  7336.021    u_core/u_fabric/r6048
    SLICE_X59Y49         LUT5 (Prop_lut5_I4_O)        0.124  7336.145 r  u_core/u_fabric/i___19_i_10/O
                         net (fo=1, routed)           0.566  7336.710    u_core/u_fabric/i___19_i_10_n_0
    SLICE_X58Y49         LUT5 (Prop_lut5_I0_O)        0.124  7336.834 r  u_core/u_fabric/i___19_i_7/O
                         net (fo=8, routed)           0.464  7337.298    u_core/u_fabric/r6050
    SLICE_X59Y52         LUT4 (Prop_lut4_I0_O)        0.124  7337.422 r  u_core/u_fabric/c_q[32]_i_3__0/O
                         net (fo=1, routed)           0.403  7337.825    u_core/u_fabric/c_q[32]_i_3__0_n_0
    SLICE_X59Y52         LUT6 (Prop_lut6_I0_O)        0.124  7337.949 r  u_core/u_fabric/c_q[32]_i_2__0/O
                         net (fo=1, routed)           1.373  7339.323    u_core/u_store/r2993
    SLICE_X31Y57         LUT3 (Prop_lut3_I2_O)        0.124  7339.447 r  u_core/u_store/c_q[32]_i_1__0/O
                         net (fo=2, routed)           0.530  7339.977    u_core/u_store/drive_reg[214][32]
    SLICE_X30Y57         LUT5 (Prop_lut5_I4_O)        0.124  7340.101 r  u_core/u_store/i__carry__7_i_12__0/O
                         net (fo=1, routed)           0.294  7340.395    u_core/u_store/i__carry__7_i_12__0_n_0
    SLICE_X28Y57         LUT5 (Prop_lut5_I4_O)        0.124  7340.519 r  u_core/u_store/i__carry__7_i_8__0/O
                         net (fo=1, routed)           0.000  7340.519    u_core/u_fabric/u_dsp1/u_core/p_q_reg[35]_0[0]
    SLICE_X28Y57         CARRY4 (Prop_carry4_S[0]_O[0])
                                                      0.247  7340.766 r  u_core/u_fabric/u_dsp1/u_core/__10/i__carry__7/O[0]
                         net (fo=3, routed)           0.931  7341.697    u_core/u_store/i___75_i_12[0]
    SLICE_X29Y47         LUT5 (Prop_lut5_I4_O)        0.299  7341.996 r  u_core/u_store/i___75_i_23/O
                         net (fo=1, routed)           0.441  7342.437    u_core/u_fabric/i___216_i_24
    SLICE_X31Y44         LUT6 (Prop_lut6_I2_O)        0.124  7342.561 r  u_core/u_fabric/i___75_i_12/O
                         net (fo=2, routed)           0.853  7343.415    u_core/u_fabric/g_frame[79].cfg_reg[10153]
    SLICE_X38Y44         LUT3 (Prop_lut3_I2_O)        0.124  7343.539 r  u_core/u_fabric/i___75_i_4/O
                         net (fo=17, routed)          0.910  7344.449    u_core/u_fabric/r6032
    SLICE_X48Y50         LUT6 (Prop_lut6_I5_O)        0.124  7344.573 r  u_core/u_fabric/b_q[14]_i_2__0/O
                         net (fo=2, routed)           1.545  7346.118    u_core/u_store/r2990
    SLICE_X18Y48         LUT5 (Prop_lut5_I2_O)        0.124  7346.242 r  u_core/u_store/m_c_i_4/O
                         net (fo=1, routed)           0.552  7346.793    u_core/u_fabric/u_dsp1/u_core/m_c_1[14]
    DSP48_X1Y19          DSP48E1 (Prop_dsp48e1_B[14]_P[20])
                                                      3.656  7350.449 r  u_core/u_fabric/u_dsp1/u_core/m_c/P[20]
                         net (fo=2, routed)           1.215  7351.665    u_core/u_fabric/u_dsp1/u_core/m_c__0[20]
    SLICE_X27Y51         LUT3 (Prop_lut3_I2_O)        0.124  7351.789 r  u_core/u_fabric/u_dsp1/u_core/i__carry__4_i_4__1/O
                         net (fo=2, routed)           0.636  7352.425    u_core/u_fabric/u_dsp1/u_core/m_x[20]
    SLICE_X28Y54         CARRY4 (Prop_carry4_DI[0]_O[1])
                                                      0.420  7352.845 r  u_core/u_fabric/u_dsp1/u_core/__10/i__carry__4/O[1]
                         net (fo=2, routed)           0.348  7353.193    u_core/u_fabric/u_dsp1/u_core/__10/i__carry__4_n_6
    SLICE_X29Y54         LUT3 (Prop_lut3_I2_O)        0.303  7353.496 r  u_core/u_fabric/u_dsp1/u_core/sr[69]_i_2__0/O
                         net (fo=3, routed)           1.314  7354.810    u_core/u_fabric/dsp_p[69]
    SLICE_X48Y43         LUT5 (Prop_lut5_I4_O)        0.124  7354.934 r  u_core/u_fabric/i___227_i_10/O
                         net (fo=2, routed)           0.475  7355.409    u_core/u_fabric/i___227_i_10_n_0
    SLICE_X50Y44         LUT5 (Prop_lut5_I4_O)        0.124  7355.533 r  u_core/u_fabric/i___227_i_4/O
                         net (fo=16, routed)          0.726  7356.259    u_core/u_fabric/r6042
    SLICE_X54Y43         LUT5 (Prop_lut5_I4_O)        0.124  7356.383 r  u_core/u_fabric/i___451_1_i_2__0/O
                         net (fo=2, routed)           0.625  7357.008    u_core/u_fabric/i___451_1_i_2__0_n_0
    SLICE_X54Y42         LUT5 (Prop_lut5_I0_O)        0.124  7357.132 r  u_core/u_fabric/i___451_1_i_1__0/O
                         net (fo=9, routed)           1.122  7358.254    u_core/u_fabric/r6052
    SLICE_X48Y30         LUT6 (Prop_lut6_I3_O)        0.124  7358.378 r  u_core/u_fabric/i___451_1__0/O
                         net (fo=1, routed)           0.444  7358.822    u_core/u_fabric/i___451_1__0_n_0
    SLICE_X48Y30         LUT6 (Prop_lut6_I2_O)        0.124  7358.946 r  u_core/u_fabric/i___280_i_14/O
                         net (fo=2, routed)           0.500  7359.446    u_core/u_fabric/i___280_i_14_n_0
    SLICE_X48Y30         LUT3 (Prop_lut3_I2_O)        0.124  7359.570 r  u_core/u_fabric/i___280_i_5/O
                         net (fo=10, routed)          0.663  7360.233    u_core/u_fabric/r5269
    SLICE_X49Y29         LUT5 (Prop_lut5_I1_O)        0.124  7360.357 r  u_core/u_fabric/i___449_0_i_5/O
                         net (fo=2, routed)           0.166  7360.522    u_core/u_fabric/i___449_0_i_5_n_0
    SLICE_X49Y29         LUT5 (Prop_lut5_I4_O)        0.124  7360.646 r  u_core/u_fabric/i___449_0_i_2/O
                         net (fo=3, routed)           1.059  7361.706    u_core/u_fabric/u_clb_x12y8/r5904
    SLICE_X50Y43         LUT6 (Prop_lut6_I3_O)        0.124  7361.830 r  u_core/u_fabric/u_clb_x12y8/i___346_i_7/O
                         net (fo=2, routed)           0.000  7361.830    u_core/u_fabric/u_clb_x12y8_n_1
    SLICE_X50Y43         MUXF7 (Prop_muxf7_I1_O)      0.214  7362.043 r  u_core/u_fabric/i___409_0_i_1/O
                         net (fo=9, routed)           1.000  7363.043    u_core/u_fabric/r5400
    SLICE_X38Y44         LUT4 (Prop_lut4_I0_O)        0.297  7363.340 r  u_core/u_fabric/i___409_0/O
                         net (fo=11, routed)          0.684  7364.024    u_core/u_fabric/r5969
    SLICE_X38Y35         LUT6 (Prop_lut6_I4_O)        0.124  7364.148 r  u_core/u_fabric/i___353/O
                         net (fo=2, routed)           0.531  7364.679    u_core/u_fabric/i___353_n_0
    SLICE_X37Y31         LUT5 (Prop_lut5_I2_O)        0.124  7364.803 r  u_core/u_fabric/i___418_1_i_6/O
                         net (fo=1, routed)           0.734  7365.537    u_core/u_fabric/i___418_1_i_6_n_0
    SLICE_X37Y17         LUT5 (Prop_lut5_I4_O)        0.124  7365.661 r  u_core/u_fabric/i___418_1_i_2/O
                         net (fo=1, routed)           0.574  7366.235    u_core/u_fabric/i___418_1_i_2_n_0
    SLICE_X34Y16         LUT6 (Prop_lut6_I4_O)        0.124  7366.359 r  u_core/u_fabric/i___418_1__0/O
                         net (fo=1, routed)           0.976  7367.335    u_core/u_store/q_i_17__16_0
    SLICE_X19Y16         LUT5 (Prop_lut5_I1_O)        0.124  7367.459 r  u_core/u_store/q_i_32__26/O
                         net (fo=1, routed)           0.455  7367.915    u_core/u_store/u_fabric/u_clb_x5y6/t_111
    SLICE_X21Y17         LUT5 (Prop_lut5_I0_O)        0.124  7368.039 r  u_core/u_store/q_i_17__16/O
                         net (fo=1, routed)           0.565  7368.604    u_core/u_store/u_fabric/u_clb_x5y6/t_123
    SLICE_X23Y17         LUT5 (Prop_lut5_I0_O)        0.124  7368.728 r  u_core/u_store/q_i_8__40/O
                         net (fo=3, routed)           0.427  7369.154    u_core/u_store/lut_o6_343
    SLICE_X23Y17         LUT6 (Prop_lut6_I5_O)        0.124  7369.278 r  u_core/u_store/q_i_3__45/O
                         net (fo=3, routed)           0.311  7369.589    u_core/u_store/comb_342
    SLICE_X23Y18         LUT3 (Prop_lut3_I2_O)        0.124  7369.713 r  u_core/u_store/sr[53]_i_2/O
                         net (fo=2, routed)           0.451  7370.165    u_core/u_fabric/i___8_i_10_0[34]
    SLICE_X22Y18         LUT5 (Prop_lut5_I4_O)        0.124  7370.289 r  u_core/u_fabric/i___296_i_6/O
                         net (fo=1, routed)           0.000  7370.289    u_core/u_fabric/i___296_i_6_n_0
    SLICE_X22Y18         MUXF7 (Prop_muxf7_I0_O)      0.209  7370.498 r  u_core/u_fabric/i___296_i_5/O
                         net (fo=1, routed)           0.469  7370.967    u_core/u_fabric/i___296_i_5_n_0
    SLICE_X22Y18         LUT5 (Prop_lut5_I4_O)        0.297  7371.264 r  u_core/u_fabric/i___296_i_1/O
                         net (fo=15, routed)          1.088  7372.352    u_core/u_fabric/r5859
    SLICE_X18Y38         LUT4 (Prop_lut4_I3_O)        0.124  7372.476 r  u_core/u_fabric/q_i_41__1/O
                         net (fo=1, routed)           0.680  7373.156    u_core/u_fabric/q_i_41__1_n_0
    SLICE_X18Y38         LUT6 (Prop_lut6_I5_O)        0.124  7373.280 r  u_core/u_fabric/q_i_23__4/O
                         net (fo=18, routed)          1.436  7374.716    u_core/u_store/r2460
    SLICE_X41Y43         LUT6 (Prop_lut6_I4_O)        0.124  7374.840 r  u_core/u_store/q_i_43__28/O
                         net (fo=1, routed)           0.000  7374.840    u_core/u_store/u_fabric/u_clb_x6y6/t_109
    SLICE_X41Y43         MUXF7 (Prop_muxf7_I1_O)      0.217  7375.057 r  u_core/u_store/q_reg_i_34__9/O
                         net (fo=2, routed)           0.947  7376.004    u_core/u_store/u_fabric/u_clb_x6y6/t_118
    SLICE_X25Y39         LUT5 (Prop_lut5_I4_O)        0.299  7376.303 r  u_core/u_store/q_i_17__17/O
                         net (fo=1, routed)           0.433  7376.736    u_core/u_fabric/u_clb_x7y7/t_123_303
    SLICE_X25Y39         LUT5 (Prop_lut5_I0_O)        0.124  7376.860 r  u_core/u_fabric/u_clb_x7y7/q_i_8__41/O
                         net (fo=4, routed)           0.585  7377.444    u_core/u_store/lut_o6_671
    SLICE_X31Y40         LUT5 (Prop_lut5_I4_O)        0.124  7377.568 r  u_core/u_store/q_i_6__40/O
                         net (fo=2, routed)           0.163  7377.731    u_core/u_store/u_fabric/u_clb_x6y6/cy_sum
    SLICE_X31Y40         LUT5 (Prop_lut5_I0_O)        0.124  7377.855 r  u_core/u_store/q_i_3__46/O
                         net (fo=3, routed)           0.850  7378.705    u_core/u_fabric/comb_575
    SLICE_X36Y39         LUT4 (Prop_lut4_I1_O)        0.124  7378.829 r  u_core/u_fabric/i___38_i_21/O
                         net (fo=1, routed)           0.670  7379.500    u_core/u_fabric/i___38_i_21_n_0
    SLICE_X36Y39         LUT5 (Prop_lut5_I4_O)        0.124  7379.624 r  u_core/u_fabric/i___38_i_12/O
                         net (fo=2, routed)           0.581  7380.204    u_core/u_fabric/i___38_i_12_n_0
    SLICE_X35Y37         LUT5 (Prop_lut5_I4_O)        0.124  7380.328 r  u_core/u_fabric/i___443_0_i_16/O
                         net (fo=1, routed)           0.263  7380.591    u_core/u_fabric/i___443_0_i_16_n_0
    SLICE_X35Y37         LUT5 (Prop_lut5_I4_O)        0.124  7380.715 r  u_core/u_fabric/i___443_0_i_15/O
                         net (fo=1, routed)           0.758  7381.474    u_core/u_fabric/i___443_0_i_15_n_0
    SLICE_X26Y33         LUT5 (Prop_lut5_I2_O)        0.124  7381.598 r  u_core/u_fabric/i___443_0_i_12/O
                         net (fo=1, routed)           0.312  7381.910    u_core/u_fabric/i___443_0_i_12_n_0
    SLICE_X26Y32         LUT5 (Prop_lut5_I0_O)        0.124  7382.034 r  u_core/u_fabric/i___443_0_i_7/O
                         net (fo=1, routed)           0.739  7382.772    u_core/u_fabric/i___443_0_i_7_n_0
    SLICE_X23Y29         LUT6 (Prop_lut6_I0_O)        0.124  7382.896 r  u_core/u_fabric/i___443_0_i_5/O
                         net (fo=7, routed)           0.595  7383.491    u_core/u_fabric/r5925
    SLICE_X30Y29         LUT6 (Prop_lut6_I2_O)        0.124  7383.615 r  u_core/u_fabric/i___443_0_i_3/O
                         net (fo=10, routed)          1.037  7384.652    u_core/u_fabric/r4287
    SLICE_X48Y25         LUT5 (Prop_lut5_I4_O)        0.124  7384.776 r  u_core/u_fabric/i___151_i_12/O
                         net (fo=2, routed)           0.528  7385.304    u_core/u_fabric/i___151_i_12_n_0
    SLICE_X48Y24         LUT6 (Prop_lut6_I0_O)        0.124  7385.428 r  u_core/u_fabric/mem_reg_i_109/O
                         net (fo=5, routed)           0.690  7386.118    u_core/u_fabric/r5676
    SLICE_X35Y24         LUT6 (Prop_lut6_I5_O)        0.124  7386.242 r  u_core/u_fabric/i___91_i_9/O
                         net (fo=1, routed)           0.000  7386.242    u_core/u_fabric/i___91_i_9_n_0
    SLICE_X35Y24         MUXF7 (Prop_muxf7_I0_O)      0.212  7386.454 r  u_core/u_fabric/i___91_i_5/O
                         net (fo=2, routed)           1.091  7387.545    u_core/u_fabric/i___91_i_5_n_0
    SLICE_X18Y27         LUT3 (Prop_lut3_I2_O)        0.299  7387.844 r  u_core/u_fabric/q_i_44__9/O
                         net (fo=1, routed)           0.438  7388.282    u_core/u_fabric/q_i_44__9_n_0
    SLICE_X19Y30         LUT6 (Prop_lut6_I2_O)        0.124  7388.406 r  u_core/u_fabric/q_i_40__5/O
                         net (fo=1, routed)           0.000  7388.406    u_core/u_fabric/q_i_40__5_n_0
    SLICE_X19Y30         MUXF7 (Prop_muxf7_I1_O)      0.217  7388.623 r  u_core/u_fabric/q_reg_i_21/O
                         net (fo=17, routed)          1.075  7389.697    u_core/u_store/r1990
    SLICE_X35Y36         LUT6 (Prop_lut6_I4_O)        0.299  7389.996 r  u_core/u_store/q_i_49__12/O
                         net (fo=1, routed)           0.000  7389.996    u_core/u_store/u_fabric/u_clb_x6y5/t_99
    SLICE_X35Y36         MUXF7 (Prop_muxf7_I1_O)      0.217  7390.213 r  u_core/u_store/q_reg_i_30__6/O
                         net (fo=1, routed)           0.000  7390.213    u_core/u_store/u_fabric/u_clb_x6y5/t_113
    SLICE_X35Y36         MUXF8 (Prop_muxf8_I1_O)      0.094  7390.307 r  u_core/u_store/q_reg_i_17__13/O
                         net (fo=4, routed)           0.722  7391.029    u_core/u_store/t_120_304
    SLICE_X33Y40         LUT5 (Prop_lut5_I2_O)        0.316  7391.345 r  u_core/u_store/q_i_11__26/O
                         net (fo=2, routed)           0.400  7391.746    u_core/u_store/u_fabric/u_clb_x6y5/di
    SLICE_X31Y40         LUT6 (Prop_lut6_I1_O)        0.124  7391.870 r  u_core/u_store/q_i_11__25/O
                         net (fo=2, routed)           0.465  7392.334    u_core/u_store/u_fabric/r1982
    SLICE_X26Y39         LUT5 (Prop_lut5_I0_O)        0.124  7392.458 r  u_core/u_store/q_i_6__43/O
                         net (fo=1, routed)           0.439  7392.897    u_core/u_store/u_fabric/u_clb_x6y7/cy_sum
    SLICE_X25Y37         LUT5 (Prop_lut5_I0_O)        0.124  7393.021 r  u_core/u_store/q_i_3__54/O
                         net (fo=3, routed)           0.327  7393.348    u_core/u_fabric/comb_576
    SLICE_X24Y35         LUT6 (Prop_lut6_I3_O)        0.124  7393.472 r  u_core/u_fabric/i___407_1_i_5/O
                         net (fo=1, routed)           1.037  7394.509    u_core/u_fabric/i___407_1_i_5_n_0
    SLICE_X42Y33         LUT5 (Prop_lut5_I4_O)        0.124  7394.633 r  u_core/u_fabric/i___407_1_i_1/O
                         net (fo=15, routed)          0.992  7395.625    u_core/u_fabric/r5943
    SLICE_X31Y35         LUT6 (Prop_lut6_I5_O)        0.124  7395.750 r  u_core/u_fabric/q_i_11__31/O
                         net (fo=17, routed)          1.064  7396.814    u_core/u_store/r3292
    SLICE_X15Y37         LUT6 (Prop_lut6_I4_O)        0.124  7396.938 r  u_core/u_store/q_i_39__32/O
                         net (fo=1, routed)           0.000  7396.938    u_core/u_store/u_fabric/u_clb_x7y7/t_99
    SLICE_X15Y37         MUXF7 (Prop_muxf7_I1_O)      0.217  7397.155 r  u_core/u_store/q_reg_i_25__12/O
                         net (fo=1, routed)           0.891  7398.045    u_core/u_fabric/u_clb_x7y8/t_113_349
    SLICE_X26Y38         LUT3 (Prop_lut3_I2_O)        0.299  7398.344 r  u_core/u_fabric/u_clb_x7y8/q_i_14__16/O
                         net (fo=2, routed)           1.043  7399.387    u_core/u_fabric/u_clb_x7y8/t_120_52
    SLICE_X43Y40         LUT3 (Prop_lut3_I2_O)        0.124  7399.511 r  u_core/u_fabric/u_clb_x7y8/q_i_7__55/O
                         net (fo=5, routed)           1.041  7400.551    u_core/u_fabric/r3283
    SLICE_X48Y54         LUT5 (Prop_lut5_I4_O)        0.124  7400.675 r  u_core/u_fabric/i___179_i_4/O
                         net (fo=13, routed)          1.761  7402.436    u_core/u_fabric/r5043
    SLICE_X34Y16         LUT5 (Prop_lut5_I4_O)        0.124  7402.560 r  u_core/u_fabric/i___97_i_14/O
                         net (fo=1, routed)           0.000  7402.560    u_core/u_fabric/i___97_i_14_n_0
    SLICE_X34Y16         MUXF7 (Prop_muxf7_I0_O)      0.209  7402.769 r  u_core/u_fabric/i___97_i_11/O
                         net (fo=2, routed)           0.736  7403.504    u_core/u_fabric/i___97_i_11_n_0
    SLICE_X38Y16         LUT4 (Prop_lut4_I3_O)        0.297  7403.801 r  u_core/u_fabric/i___97_i_8/O
                         net (fo=5, routed)           0.481  7404.282    u_core/u_fabric/u_clb_x4y7/r5047
    SLICE_X41Y16         LUT5 (Prop_lut5_I2_O)        0.124  7404.406 r  u_core/u_fabric/u_clb_x4y7/i___166_i_7/O
                         net (fo=1, routed)           0.263  7404.669    u_core/u_fabric/u_clb_x4y7_n_1
    SLICE_X41Y16         LUT5 (Prop_lut5_I4_O)        0.124  7404.793 r  u_core/u_fabric/i___166_i_2/O
                         net (fo=15, routed)          0.781  7405.574    u_core/u_fabric/r5789
    SLICE_X50Y16         LUT6 (Prop_lut6_I5_O)        0.124  7405.698 r  u_core/u_fabric/i___236_i_11/O
                         net (fo=1, routed)           0.502  7406.200    u_core/u_fabric/i___236_i_11_n_0
    SLICE_X50Y16         LUT5 (Prop_lut5_I0_O)        0.124  7406.324 r  u_core/u_fabric/i___236_i_9/O
                         net (fo=2, routed)           1.065  7407.389    u_core/u_fabric/r4727
    SLICE_X63Y25         LUT5 (Prop_lut5_I0_O)        0.124  7407.513 r  u_core/u_fabric/i___283_i_23/O
                         net (fo=1, routed)           0.000  7407.513    u_core/u_fabric/i___283_i_23_n_0
    SLICE_X63Y25         MUXF7 (Prop_muxf7_I0_O)      0.212  7407.725 r  u_core/u_fabric/i___283_i_15/O
                         net (fo=2, routed)           0.955  7408.680    u_core/u_fabric/i___283_i_15_n_0
    SLICE_X84Y25         LUT6 (Prop_lut6_I5_O)        0.299  7408.979 r  u_core/u_fabric/i___283_i_7/O
                         net (fo=14, routed)          1.368  7410.347    u_core/u_fabric/r5679
    SLICE_X60Y9          LUT6 (Prop_lut6_I5_O)        0.124  7410.471 r  u_core/u_fabric/q_i_19__21/O
                         net (fo=17, routed)          1.346  7411.817    u_core/u_store/r1670
    SLICE_X51Y26         LUT6 (Prop_lut6_I4_O)        0.124  7411.941 r  u_core/u_store/q_i_31__17/O
                         net (fo=1, routed)           0.000  7411.941    u_core/u_store/u_fabric/u_clb_x4y4/t_107
    SLICE_X51Y26         MUXF7 (Prop_muxf7_I1_O)      0.217  7412.158 r  u_core/u_store/q_reg_i_27__1/O
                         net (fo=1, routed)           0.000  7412.158    u_core/u_fabric/u_clb_x7y8/t_117
    SLICE_X51Y26         MUXF8 (Prop_muxf8_I1_O)      0.094  7412.252 r  u_core/u_fabric/u_clb_x7y8/q_reg_i_20__1/O
                         net (fo=1, routed)           0.716  7412.968    u_core/u_fabric/u_clb_x7y8/u_clb_x4y4/t_122
    SLICE_X50Y20         LUT5 (Prop_lut5_I4_O)        0.316  7413.284 r  u_core/u_fabric/u_clb_x7y8/q_i_12__11/O
                         net (fo=2, routed)           0.645  7413.929    u_core/u_fabric/u_clb_x7y8/u_clb_x4y4/t_125
    SLICE_X52Y13         LUT6 (Prop_lut6_I4_O)        0.124  7414.053 r  u_core/u_fabric/u_clb_x7y8/q_i_6__24/O
                         net (fo=4, routed)           0.474  7414.527    u_core/u_fabric/u_clb_x7y8/r1662
    SLICE_X49Y14         LUT5 (Prop_lut5_I0_O)        0.124  7414.651 r  u_core/u_fabric/u_clb_x7y8/q_i_3__37/O
                         net (fo=3, routed)           0.469  7415.121    u_core/u_fabric/comb_32
    SLICE_X48Y17         LUT6 (Prop_lut6_I3_O)        0.124  7415.245 r  u_core/u_fabric/i___197_i_6/O
                         net (fo=1, routed)           0.587  7415.832    u_core/u_fabric/i___197_i_6_n_0
    SLICE_X46Y18         LUT5 (Prop_lut5_I4_O)        0.124  7415.956 r  u_core/u_fabric/i___197_i_1/O
                         net (fo=15, routed)          0.540  7416.496    u_core/u_fabric/r5792
    SLICE_X44Y23         LUT6 (Prop_lut6_I5_O)        0.124  7416.620 r  u_core/u_fabric/q_i_14__14/O
                         net (fo=5, routed)           0.779  7417.398    u_core/u_fabric/r3477
    SLICE_X53Y18         LUT6 (Prop_lut6_I4_O)        0.124  7417.522 r  u_core/u_fabric/i___17_i_16/O
                         net (fo=13, routed)          1.100  7418.622    u_core/u_fabric/r5150
    SLICE_X46Y35         LUT5 (Prop_lut5_I4_O)        0.124  7418.746 r  u_core/u_fabric/i___38_i_17/O
                         net (fo=1, routed)           0.000  7418.746    u_core/u_fabric/i___38_i_17_n_0
    SLICE_X46Y35         MUXF7 (Prop_muxf7_I0_O)      0.209  7418.955 r  u_core/u_fabric/i___38_i_9/O
                         net (fo=1, routed)           0.452  7419.407    u_core/u_fabric/i___38_i_9_n_0
    SLICE_X46Y35         LUT6 (Prop_lut6_I5_O)        0.297  7419.704 r  u_core/u_fabric/i___38_i_3/O
                         net (fo=15, routed)          0.536  7420.240    u_core/u_fabric/r5951
    SLICE_X44Y29         LUT6 (Prop_lut6_I4_O)        0.124  7420.364 r  u_core/u_fabric/i___38/O
                         net (fo=1, routed)           0.279  7420.644    u_core/u_fabric/i___38_n_0
    SLICE_X44Y29         LUT5 (Prop_lut5_I0_O)        0.124  7420.768 r  u_core/u_fabric/c_q[41]_i_7__0/O
                         net (fo=2, routed)           0.637  7421.404    u_core/u_fabric/u_dsp1/u_core/r4758
    SLICE_X47Y34         LUT6 (Prop_lut6_I4_O)        0.124  7421.528 r  u_core/u_fabric/u_dsp1/u_core/c_q[43]_i_4/O
                         net (fo=1, routed)           0.264  7421.792    u_core/u_fabric/u_dsp1_n_86
    SLICE_X47Y34         LUT5 (Prop_lut5_I2_O)        0.124  7421.917 r  u_core/u_fabric/c_q[43]_i_2/O
                         net (fo=19, routed)          0.358  7422.275    u_core/u_fabric/r6028
    SLICE_X47Y35         LUT4 (Prop_lut4_I3_O)        0.124  7422.399 r  u_core/u_fabric/i___26_i_15/O
                         net (fo=10, routed)          1.413  7423.812    u_core/u_fabric/r4949
    SLICE_X34Y10         LUT6 (Prop_lut6_I3_O)        0.124  7423.936 r  u_core/u_fabric/i___160_i_7/O
                         net (fo=1, routed)           0.171  7424.107    u_core/u_fabric/i___160_i_7_n_0
    SLICE_X34Y10         LUT5 (Prop_lut5_I4_O)        0.124  7424.231 r  u_core/u_fabric/i___160_i_3/O
                         net (fo=1, routed)           0.282  7424.513    u_core/u_fabric/i___160_i_3_n_0
    SLICE_X34Y10         LUT5 (Prop_lut5_I0_O)        0.124  7424.637 r  u_core/u_fabric/i___160_i_1/O
                         net (fo=15, routed)          0.761  7425.398    u_core/u_fabric/r5804
    SLICE_X38Y10         LUT6 (Prop_lut6_I3_O)        0.124  7425.522 r  u_core/u_fabric/i___159_i_33/O
                         net (fo=1, routed)           0.000  7425.522    u_core/u_fabric/i___159_i_33_n_0
    SLICE_X38Y10         MUXF7 (Prop_muxf7_I1_O)      0.214  7425.736 r  u_core/u_fabric/i___159_i_31/O
                         net (fo=1, routed)           0.452  7426.188    u_core/u_fabric/i___159_i_31_n_0
    SLICE_X38Y10         LUT6 (Prop_lut6_I5_O)        0.297  7426.485 r  u_core/u_fabric/i___159_i_27/O
                         net (fo=2, routed)           0.604  7427.089    u_core/u_store/r5167
    SLICE_X38Y12         LUT6 (Prop_lut6_I5_O)        0.124  7427.213 r  u_core/u_store/i___159_i_20/O
                         net (fo=1, routed)           0.161  7427.374    u_core/u_fabric/mem_reg_i_132_0
    SLICE_X38Y12         LUT5 (Prop_lut5_I2_O)        0.124  7427.498 r  u_core/u_fabric/i___159_i_9/O
                         net (fo=12, routed)          0.748  7428.246    u_core/u_fabric/r5719
    SLICE_X40Y7          LUT4 (Prop_lut4_I2_O)        0.124  7428.370 r  u_core/u_fabric/i___170_i_13/O
                         net (fo=1, routed)           0.280  7428.649    u_core/u_fabric/i___170_i_13_n_0
    SLICE_X40Y7          LUT5 (Prop_lut5_I0_O)        0.124  7428.773 r  u_core/u_fabric/i___170_i_7/O
                         net (fo=15, routed)          1.384  7430.157    u_core/u_fabric/r5705
    SLICE_X76Y15         LUT6 (Prop_lut6_I1_O)        0.124  7430.281 r  u_core/u_fabric/i___432_1_i_9/O
                         net (fo=1, routed)           0.488  7430.769    u_core/u_fabric/i___432_1_i_9_n_0
    SLICE_X76Y15         LUT6 (Prop_lut6_I5_O)        0.124  7430.893 r  u_core/u_fabric/i___432_1_i_7/O
                         net (fo=2, routed)           0.594  7431.487    u_core/u_fabric/i___432_1_i_7_n_0
    SLICE_X76Y14         LUT6 (Prop_lut6_I5_O)        0.124  7431.611 r  u_core/u_fabric/i___425_0_i_12/O
                         net (fo=1, routed)           0.295  7431.906    u_core/u_fabric/i___425_0_i_12_n_0
    SLICE_X78Y14         LUT5 (Prop_lut5_I2_O)        0.124  7432.030 r  u_core/u_fabric/i___425_0_i_11/O
                         net (fo=1, routed)           0.974  7433.004    u_core/u_store/i___425_0_i_9_0
    SLICE_X91Y16         LUT6 (Prop_lut6_I4_O)        0.124  7433.128 r  u_core/u_store/i___425_0_i_10/O
                         net (fo=1, routed)           0.475  7433.603    u_core/u_store/i___425_0_i_10_n_0
    SLICE_X91Y16         LUT6 (Prop_lut6_I4_O)        0.124  7433.727 r  u_core/u_store/i___425_0_i_9/O
                         net (fo=1, routed)           0.433  7434.160    u_core/u_fabric/i___425_0_i_6_0
    SLICE_X91Y16         LUT5 (Prop_lut5_I2_O)        0.124  7434.284 r  u_core/u_fabric/i___425_0_i_7/O
                         net (fo=1, routed)           0.503  7434.786    u_core/u_fabric/i___425_0_i_7_n_0
    SLICE_X90Y23         LUT5 (Prop_lut5_I0_O)        0.124  7434.910 r  u_core/u_fabric/i___425_0_i_6/O
                         net (fo=1, routed)           1.381  7436.291    u_core/u_fabric/i___425_0_i_6_n_0
    SLICE_X52Y23         LUT5 (Prop_lut5_I4_O)        0.124  7436.415 r  u_core/u_fabric/i___425_0_i_3/O
                         net (fo=1, routed)           0.658  7437.073    u_core/u_fabric/i___425_0_i_3_n_0
    SLICE_X39Y23         LUT5 (Prop_lut5_I2_O)        0.124  7437.197 r  u_core/u_fabric/i___425_0_i_1/O
                         net (fo=16, routed)          1.081  7438.278    u_core/u_fabric/r5828
    SLICE_X26Y18         LUT6 (Prop_lut6_I5_O)        0.124  7438.402 r  u_core/u_fabric/i___283_i_10/O
                         net (fo=1, routed)           0.502  7438.904    u_core/u_fabric/i___283_i_10_n_0
    SLICE_X26Y18         LUT5 (Prop_lut5_I2_O)        0.124  7439.028 r  u_core/u_fabric/i___283_i_4/O
                         net (fo=5, routed)           1.033  7440.061    u_core/u_fabric/r4387
    SLICE_X45Y19         LUT6 (Prop_lut6_I5_O)        0.124  7440.185 r  u_core/u_fabric/i___171_i_23/O
                         net (fo=1, routed)           0.000  7440.185    u_core/u_fabric/i___171_i_23_n_0
    SLICE_X45Y19         MUXF7 (Prop_muxf7_I1_O)      0.217  7440.402 r  u_core/u_fabric/i___171_i_16/O
                         net (fo=2, routed)           0.328  7440.729    u_core/u_fabric/i___171_i_16_n_0
    SLICE_X42Y19         LUT6 (Prop_lut6_I5_O)        0.299  7441.028 r  u_core/u_fabric/i___171_i_8/O
                         net (fo=14, routed)          1.230  7442.258    u_core/u_fabric/r5778
    SLICE_X17Y22         LUT6 (Prop_lut6_I5_O)        0.124  7442.382 r  u_core/u_fabric/i___205_i_19/O
                         net (fo=1, routed)           0.631  7443.013    u_core/u_fabric/i___205_i_19_n_0
    SLICE_X17Y25         LUT5 (Prop_lut5_I4_O)        0.124  7443.137 r  u_core/u_fabric/i___205_i_16/O
                         net (fo=1, routed)           0.351  7443.487    u_core/u_fabric/i___205_i_16_n_0
    SLICE_X16Y25         LUT5 (Prop_lut5_I0_O)        0.124  7443.611 r  u_core/u_fabric/i___205_i_8/O
                         net (fo=10, routed)          0.844  7444.455    u_core/u_fabric/u_bram1/u_core/r4628
    SLICE_X27Y30         LUT6 (Prop_lut6_I4_O)        0.124  7444.579 r  u_core/u_fabric/u_bram1/u_core/i___205_i_2/O
                         net (fo=2, routed)           0.437  7445.016    u_core/u_fabric/u_bram1_n_53
    SLICE_X26Y30         LUT5 (Prop_lut5_I2_O)        0.124  7445.140 r  u_core/u_fabric/i___206_i_3/O
                         net (fo=14, routed)          1.176  7446.316    u_core/u_fabric/r5946
    SLICE_X40Y40         LUT6 (Prop_lut6_I5_O)        0.124  7446.440 r  u_core/u_fabric/a_q[22]_i_10__0/O
                         net (fo=1, routed)           0.402  7446.842    u_core/u_fabric/a_q[22]_i_10__0_n_0
    SLICE_X41Y40         LUT5 (Prop_lut5_I4_O)        0.124  7446.966 r  u_core/u_fabric/a_q[22]_i_4/O
                         net (fo=1, routed)           0.263  7447.229    u_core/u_fabric/a_q[22]_i_4_n_0
    SLICE_X41Y40         LUT5 (Prop_lut5_I0_O)        0.124  7447.354 r  u_core/u_fabric/a_q[22]_i_2__0/O
                         net (fo=16, routed)          2.293  7449.646    u_core/u_fabric/r4856
    SLICE_X99Y79         LUT5 (Prop_lut5_I4_O)        0.124  7449.771 r  u_core/u_fabric/i___258_i_5/O
                         net (fo=2, routed)           0.324  7450.094    u_core/u_fabric/i___258_i_5_n_0
    SLICE_X100Y80        LUT5 (Prop_lut5_I4_O)        0.124  7450.218 r  u_core/u_fabric/i___258_i_2/O
                         net (fo=14, routed)          1.562  7451.780    u_core/u_fabric/r6247
    SLICE_X58Y66         LUT6 (Prop_lut6_I4_O)        0.124  7451.904 r  u_core/u_fabric/i___258/O
                         net (fo=2, routed)           0.423  7452.327    u_core/u_fabric/i___258_n_0
    SLICE_X56Y66         LUT6 (Prop_lut6_I5_O)        0.124  7452.451 f  u_core/u_fabric/i___298/O
                         net (fo=1, routed)           0.845  7453.296    u_core/u_fabric/i___298_n_0
    SLICE_X46Y65         LUT6 (Prop_lut6_I1_O)        0.124  7453.420 r  u_core/u_fabric/d_q[22]_i_3/O
                         net (fo=1, routed)           0.914  7454.334    u_core/u_fabric/d_q[22]_i_3_n_0
    SLICE_X60Y61         LUT6 (Prop_lut6_I2_O)        0.124  7454.458 r  u_core/u_fabric/d_q[22]_i_2/O
                         net (fo=15, routed)          1.110  7455.568    u_core/u_fabric/r6062
    SLICE_X44Y58         LUT6 (Prop_lut6_I5_O)        0.124  7455.692 r  u_core/u_fabric/c_q[11]_i_2__0/O
                         net (fo=1, routed)           0.725  7456.417    u_core/u_store/r859
    SLICE_X36Y58         LUT3 (Prop_lut3_I2_O)        0.124  7456.541 r  u_core/u_store/c_q[11]_i_1/O
                         net (fo=2, routed)           0.671  7457.212    u_core/u_store/drive_reg[90][11]
    SLICE_X36Y49         LUT6 (Prop_lut6_I0_O)        0.124  7457.336 r  u_core/u_store/i__carry__1_i_9/O
                         net (fo=1, routed)           0.592  7457.928    u_core/u_fabric/u_dsp0/u_core/p_q_reg[11]_3
    SLICE_X34Y47         LUT4 (Prop_lut4_I3_O)        0.124  7458.052 r  u_core/u_fabric/u_dsp0/u_core/i__carry__1_i_5/O
                         net (fo=1, routed)           0.000  7458.052    u_core/u_fabric/u_dsp0/u_core/i__carry__1_i_5_n_0
    SLICE_X34Y47         CARRY4 (Prop_carry4_S[3]_O[3])
                                                      0.255  7458.307 r  u_core/u_fabric/u_dsp0/u_core/__10/i__carry__1/O[3]
                         net (fo=2, routed)           0.340  7458.646    u_core/u_fabric/u_dsp0/u_core/__10/i__carry__1_n_4
    SLICE_X36Y47         LUT3 (Prop_lut3_I2_O)        0.307  7458.954 r  u_core/u_fabric/u_dsp0/u_core/sr[11]_i_2/O
                         net (fo=3, routed)           0.820  7459.773    u_core/u_fabric/dsp_p[11]
    SLICE_X41Y38         LUT5 (Prop_lut5_I4_O)        0.124  7459.897 r  u_core/u_fabric/i___444_1_i_12/O
                         net (fo=1, routed)           0.433  7460.331    u_core/u_fabric/i___444_1_i_12_n_0
    SLICE_X41Y38         LUT5 (Prop_lut5_I4_O)        0.124  7460.455 r  u_core/u_fabric/i___444_1_i_2/O
                         net (fo=17, routed)          0.958  7461.412    u_core/u_fabric/r5991
    SLICE_X27Y36         LUT6 (Prop_lut6_I5_O)        0.124  7461.536 r  u_core/u_fabric/q_i_16__17__0/O
                         net (fo=3, routed)           0.447  7461.983    u_core/u_fabric/u_clb_x7y4/r1744
    SLICE_X28Y36         LUT5 (Prop_lut5_I3_O)        0.124  7462.107 r  u_core/u_fabric/u_clb_x7y4/q_i_7__30/O
                         net (fo=4, routed)           0.800  7462.907    u_core/u_fabric/r1739
    SLICE_X32Y35         LUT5 (Prop_lut5_I4_O)        0.124  7463.031 r  u_core/u_fabric/q_i_32__5/O
                         net (fo=2, routed)           0.308  7463.339    u_core/u_fabric/q_i_32__5_n_0
    SLICE_X33Y36         LUT5 (Prop_lut5_I4_O)        0.124  7463.463 r  u_core/u_fabric/q_i_17__21/O
                         net (fo=3, routed)           0.673  7464.136    u_core/u_fabric/r4754
    SLICE_X37Y32         LUT6 (Prop_lut6_I3_O)        0.124  7464.260 r  u_core/u_fabric/d_q[19]_i_5/O
                         net (fo=1, routed)           0.264  7464.524    u_core/u_fabric/d_q[19]_i_5_n_0
    SLICE_X37Y32         LUT5 (Prop_lut5_I2_O)        0.124  7464.648 r  u_core/u_fabric/d_q[19]_i_3/O
                         net (fo=17, routed)          0.764  7465.412    u_core/u_fabric/u_dsp0/u_core/r6007
    SLICE_X28Y31         LUT6 (Prop_lut6_I2_O)        0.124  7465.536 r  u_core/u_fabric/u_dsp0/u_core/i___108_i_13/O
                         net (fo=1, routed)           0.586  7466.122    u_core/u_fabric/u_dsp0_n_39
    SLICE_X26Y29         LUT5 (Prop_lut5_I4_O)        0.124  7466.246 r  u_core/u_fabric/i___108_i_5/O
                         net (fo=1, routed)           0.564  7466.810    u_core/u_fabric/i___108_i_5_n_0
    SLICE_X25Y29         LUT5 (Prop_lut5_I2_O)        0.124  7466.934 r  u_core/u_fabric/i___108_i_2/O
                         net (fo=11, routed)          1.165  7468.099    u_core/u_fabric/r5927
    SLICE_X40Y38         LUT6 (Prop_lut6_I2_O)        0.124  7468.223 r  u_core/u_fabric/i___306/O
                         net (fo=2, routed)           0.470  7468.693    u_core/u_fabric/i___306_n_0
    SLICE_X39Y41         LUT5 (Prop_lut5_I2_O)        0.124  7468.817 r  u_core/u_fabric/i___469_1_i_10__0/O
                         net (fo=1, routed)           0.533  7469.350    u_core/u_fabric/i___469_1_i_10__0_n_0
    SLICE_X33Y41         LUT5 (Prop_lut5_I0_O)        0.124  7469.474 r  u_core/u_fabric/i___469_1_i_7__1/O
                         net (fo=1, routed)           0.453  7469.927    u_core/u_fabric/i___469_1_i_7__1_n_0
    SLICE_X34Y43         LUT5 (Prop_lut5_I4_O)        0.124  7470.051 r  u_core/u_fabric/i___469_1_i_3__1/O
                         net (fo=1, routed)           1.326  7471.376    u_core/u_fabric/i___469_1_i_3__1_n_0
    SLICE_X53Y55         LUT5 (Prop_lut5_I0_O)        0.124  7471.500 r  u_core/u_fabric/i___469_1_i_1__1/O
                         net (fo=1, routed)           0.928  7472.428    u_core/u_fabric/i___469_1_i_1__1_n_0
    SLICE_X66Y58         LUT6 (Prop_lut6_I3_O)        0.124  7472.552 r  u_core/u_fabric/i___469_1__1/O
                         net (fo=4, routed)           0.944  7473.496    u_core/u_fabric/r6316
    SLICE_X85Y58         LUT6 (Prop_lut6_I3_O)        0.124  7473.620 r  u_core/u_fabric/i___267_i_21/O
                         net (fo=1, routed)           0.403  7474.023    u_core/u_fabric/i___267_i_21_n_0
    SLICE_X85Y58         LUT5 (Prop_lut5_I0_O)        0.124  7474.147 r  u_core/u_fabric/i___267_i_19/O
                         net (fo=2, routed)           0.467  7474.615    u_core/u_fabric/r4572
    SLICE_X82Y61         LUT6 (Prop_lut6_I3_O)        0.124  7474.739 r  u_core/u_fabric/i___256_i_28/O
                         net (fo=1, routed)           0.162  7474.901    u_core/u_fabric/i___256_i_28_n_0
    SLICE_X82Y61         LUT6 (Prop_lut6_I0_O)        0.124  7475.025 r  u_core/u_fabric/i___256_i_15/O
                         net (fo=3, routed)           0.466  7475.491    u_core/u_fabric/i___256_i_15_n_0
    SLICE_X82Y63         LUT4 (Prop_lut4_I1_O)        0.124  7475.615 r  u_core/u_fabric/i___270_i_9/O
                         net (fo=1, routed)           0.451  7476.066    u_core/u_fabric/r4343
    SLICE_X84Y65         LUT6 (Prop_lut6_I2_O)        0.124  7476.190 r  u_core/u_fabric/i___270_i_4/O
                         net (fo=14, routed)          0.744  7476.935    u_core/u_fabric/r6296
    SLICE_X90Y61         LUT6 (Prop_lut6_I5_O)        0.124  7477.059 r  u_core/u_fabric/q_i_24__1/O
                         net (fo=17, routed)          1.035  7478.094    u_core/u_store/r1317
    SLICE_X105Y58        LUT6 (Prop_lut6_I2_O)        0.124  7478.218 r  u_core/u_store/q_i_31__9/O
                         net (fo=1, routed)           0.000  7478.218    u_core/u_store/u_fabric/u_clb_x12y2/t_99
    SLICE_X105Y58        MUXF7 (Prop_muxf7_I1_O)      0.217  7478.435 r  u_core/u_store/q_reg_i_22__3/O
                         net (fo=1, routed)           0.000  7478.435    u_core/u_store/u_fabric/u_clb_x12y2/t_113
    SLICE_X105Y58        MUXF8 (Prop_muxf8_I1_O)      0.094  7478.529 r  u_core/u_store/q_reg_i_13__4/O
                         net (fo=4, routed)           0.902  7479.431    u_core/u_store/t_120_126
    SLICE_X91Y55         LUT5 (Prop_lut5_I4_O)        0.316  7479.747 r  u_core/u_store/sr[19]_i_9/O
                         net (fo=3, routed)           0.542  7480.289    u_core/u_fabric/r1307
    SLICE_X87Y55         LUT5 (Prop_lut5_I4_O)        0.124  7480.413 r  u_core/u_fabric/i___256_i_48/O
                         net (fo=1, routed)           0.000  7480.413    u_core/u_fabric/i___256_i_48_n_0
    SLICE_X87Y55         MUXF7 (Prop_muxf7_I0_O)      0.212  7480.625 r  u_core/u_fabric/i___256_i_40/O
                         net (fo=1, routed)           0.436  7481.061    u_core/u_fabric/i___256_i_40_n_0
    SLICE_X87Y55         LUT5 (Prop_lut5_I4_O)        0.299  7481.360 r  u_core/u_fabric/i___256_i_25/O
                         net (fo=4, routed)           0.530  7481.890    u_core/u_fabric/r4568
    SLICE_X88Y61         LUT5 (Prop_lut5_I4_O)        0.124  7482.014 r  u_core/u_fabric/i___256_i_10/O
                         net (fo=3, routed)           0.804  7482.818    u_core/u_fabric/i___256_i_10_n_0
    SLICE_X82Y53         LUT6 (Prop_lut6_I2_O)        0.124  7482.942 r  u_core/u_fabric/q_i_20__35/O
                         net (fo=1, routed)           0.282  7483.224    u_core/u_fabric/q_i_20__35_n_0
    SLICE_X82Y53         LUT6 (Prop_lut6_I5_O)        0.124  7483.348 r  u_core/u_fabric/q_i_12__19/O
                         net (fo=6, routed)           0.779  7484.127    u_core/u_fabric/r1312
    SLICE_X92Y58         LUT6 (Prop_lut6_I2_O)        0.124  7484.251 r  u_core/u_fabric/q_i_42__10/O
                         net (fo=1, routed)           0.000  7484.251    u_core/u_fabric/q_i_42__10_n_0
    SLICE_X92Y58         MUXF7 (Prop_muxf7_I0_O)      0.209  7484.460 r  u_core/u_fabric/q_reg_i_21__0/O
                         net (fo=14, routed)          1.362  7485.822    u_core/u_fabric/r4539
    SLICE_X59Y66         LUT6 (Prop_lut6_I5_O)        0.297  7486.119 r  u_core/u_fabric/i___273_i_22/O
                         net (fo=2, routed)           0.307  7486.426    u_core/u_fabric/i___273_i_22_n_0
    SLICE_X59Y64         LUT3 (Prop_lut3_I2_O)        0.124  7486.550 r  u_core/u_fabric/i___273_i_21/O
                         net (fo=2, routed)           0.713  7487.264    u_core/u_fabric/r4549
    SLICE_X62Y62         LUT6 (Prop_lut6_I5_O)        0.124  7487.388 r  u_core/u_fabric/c_q[23]_i_6/O
                         net (fo=1, routed)           0.286  7487.674    u_core/u_fabric/c_q[23]_i_6_n_0
    SLICE_X62Y62         LUT5 (Prop_lut5_I2_O)        0.124  7487.798 r  u_core/u_fabric/c_q[23]_i_4/O
                         net (fo=9, routed)           0.657  7488.456    u_core/u_fabric/u_dsp1/u_core/q_i_8__2__0
    SLICE_X55Y61         LUT4 (Prop_lut4_I2_O)        0.124  7488.580 r  u_core/u_fabric/u_dsp1/u_core/i___133_i_12/O
                         net (fo=3, routed)           0.658  7489.238    u_core/u_fabric/r4432
    SLICE_X55Y68         LUT5 (Prop_lut5_I2_O)        0.124  7489.362 r  u_core/u_fabric/i___133_i_6/O
                         net (fo=1, routed)           0.475  7489.837    u_core/u_fabric/i___133_i_6_n_0
    SLICE_X54Y68         LUT5 (Prop_lut5_I2_O)        0.124  7489.961 r  u_core/u_fabric/i___133_i_3/O
                         net (fo=14, routed)          0.613  7490.574    u_core/u_fabric/r6168
    SLICE_X54Y70         LUT6 (Prop_lut6_I3_O)        0.124  7490.698 r  u_core/u_fabric/a_q[20]_i_11/O
                         net (fo=1, routed)           0.502  7491.200    u_core/u_fabric/a_q[20]_i_11_n_0
    SLICE_X54Y70         LUT5 (Prop_lut5_I0_O)        0.124  7491.324 r  u_core/u_fabric/a_q[20]_i_8/O
                         net (fo=2, routed)           0.956  7492.281    u_core/u_fabric/u_dsp1/u_core/r4663
    SLICE_X52Y61         LUT6 (Prop_lut6_I2_O)        0.124  7492.405 r  u_core/u_fabric/u_dsp1/u_core/a_q[20]_i_5/O
                         net (fo=1, routed)           0.279  7492.684    u_core/u_fabric/u_dsp1_n_72
    SLICE_X52Y61         LUT5 (Prop_lut5_I2_O)        0.124  7492.808 r  u_core/u_fabric/a_q[20]_i_2/O
                         net (fo=18, routed)          1.288  7494.096    u_core/u_fabric/r6100
    SLICE_X48Y83         LUT4 (Prop_lut4_I3_O)        0.124  7494.220 r  u_core/u_fabric/i___272_i_8/O
                         net (fo=11, routed)          1.028  7495.248    u_core/u_fabric/r4974
    SLICE_X66Y82         LUT5 (Prop_lut5_I1_O)        0.124  7495.372 r  u_core/u_fabric/i___342_i_11/O
                         net (fo=1, routed)           0.466  7495.837    u_core/u_fabric/i___342_i_11_n_0
    SLICE_X66Y82         LUT5 (Prop_lut5_I4_O)        0.124  7495.961 r  u_core/u_fabric/i___342_i_5/O
                         net (fo=9, routed)           1.451  7497.413    u_core/u_fabric/r4990
    SLICE_X89Y62         LUT5 (Prop_lut5_I1_O)        0.124  7497.537 r  u_core/u_fabric/i___289_i_4/O
                         net (fo=2, routed)           0.445  7497.981    u_core/u_fabric/g_frame[138].cfg_reg[17696]
    SLICE_X89Y62         LUT3 (Prop_lut3_I2_O)        0.124  7498.105 r  u_core/u_fabric/i___258_i_3/O
                         net (fo=9, routed)           0.872  7498.978    u_core/u_fabric/r6409
    SLICE_X89Y50         LUT4 (Prop_lut4_I0_O)        0.124  7499.102 r  u_core/u_fabric/i___72_i_20/O
                         net (fo=14, routed)          1.941  7501.042    u_core/u_fabric/u_clb_x12y2/i___72_i_3_0
    SLICE_X48Y78         LUT6 (Prop_lut6_I4_O)        0.124  7501.167 r  u_core/u_fabric/u_clb_x12y2/i___72_i_9/O
                         net (fo=2, routed)           0.491  7501.658    u_core/u_fabric/u_clb_x12y2_n_7
    SLICE_X48Y78         LUT5 (Prop_lut5_I2_O)        0.124  7501.782 r  u_core/u_fabric/i___72_i_3/O
                         net (fo=12, routed)          0.677  7502.459    u_core/u_fabric/u_dsp0/u_core/r6161
    SLICE_X38Y76         LUT6 (Prop_lut6_I3_O)        0.124  7502.583 r  u_core/u_fabric/u_dsp0/u_core/i___298_i_17/O
                         net (fo=1, routed)           0.171  7502.754    u_core/u_fabric/u_dsp0_n_48
    SLICE_X38Y76         LUT5 (Prop_lut5_I2_O)        0.124  7502.878 r  u_core/u_fabric/i___298_i_8/O
                         net (fo=9, routed)           1.187  7504.065    u_core/u_fabric/u_dsp0/u_core/r4558
    SLICE_X56Y66         LUT6 (Prop_lut6_I5_O)        0.124  7504.189 r  u_core/u_fabric/u_dsp0/u_core/i___298_i_2/O
                         net (fo=2, routed)           0.172  7504.361    u_core/u_fabric/u_dsp0_n_40
    SLICE_X56Y66         LUT5 (Prop_lut5_I2_O)        0.124  7504.485 r  u_core/u_fabric/i___80_i_9/O
                         net (fo=7, routed)           0.638  7505.123    u_core/u_fabric/r6237
    SLICE_X67Y68         LUT3 (Prop_lut3_I2_O)        0.124  7505.247 r  u_core/u_fabric/i___80_i_3/O
                         net (fo=1, routed)           0.422  7505.669    u_core/u_fabric/i___80_i_3_n_0
    SLICE_X66Y68         LUT6 (Prop_lut6_I4_O)        0.124  7505.793 r  u_core/u_fabric/i___80/O
                         net (fo=2, routed)           0.464  7506.257    u_core/u_fabric/i___80_n_0
    SLICE_X67Y68         LUT3 (Prop_lut3_I0_O)        0.124  7506.381 r  u_core/u_fabric/i___308_i_8/O
                         net (fo=5, routed)           1.212  7507.593    u_core/u_fabric/r4450
    SLICE_X95Y71         LUT6 (Prop_lut6_I0_O)        0.124  7507.717 r  u_core/u_fabric/i___308_i_5/O
                         net (fo=1, routed)           0.000  7507.717    u_core/u_fabric/i___308_i_5_n_0
    SLICE_X95Y71         MUXF7 (Prop_muxf7_I1_O)      0.217  7507.934 r  u_core/u_fabric/i___308_i_1/O
                         net (fo=2, routed)           0.662  7508.596    u_core/u_fabric/i___308_i_1_n_0
    SLICE_X102Y71        LUT5 (Prop_lut5_I4_O)        0.299  7508.895 r  u_core/u_fabric/i___30_i_2/O
                         net (fo=15, routed)          1.223  7510.117    u_core/u_fabric/r6320
    SLICE_X92Y57         LUT3 (Prop_lut3_I2_O)        0.124  7510.241 r  u_core/u_fabric/i___325_i_1/O
                         net (fo=1, routed)           0.416  7510.658    u_core/u_fabric/i___325_i_1_n_0
    SLICE_X92Y56         LUT6 (Prop_lut6_I0_O)        0.124  7510.782 r  u_core/u_fabric/i___325/O
                         net (fo=2, routed)           0.313  7511.094    u_core/u_fabric/i___325_n_0
    SLICE_X92Y55         LUT5 (Prop_lut5_I2_O)        0.124  7511.218 r  u_core/u_fabric/i___464_0_i_4/O
                         net (fo=1, routed)           0.165  7511.383    u_core/u_fabric/i___464_0_i_4_n_0
    SLICE_X92Y55         LUT5 (Prop_lut5_I2_O)        0.124  7511.507 r  u_core/u_fabric/i___464_0_i_1/O
                         net (fo=10, routed)          0.891  7512.398    u_core/u_fabric/r6408
    SLICE_X94Y46         LUT4 (Prop_lut4_I0_O)        0.124  7512.522 r  u_core/u_fabric/i___52_i_9/O
                         net (fo=11, routed)          2.391  7514.913    u_core/u_fabric/r4783
    SLICE_X47Y81         LUT6 (Prop_lut6_I0_O)        0.124  7515.037 r  u_core/u_fabric/i___251_i_5/O
                         net (fo=1, routed)           0.149  7515.186    u_core/u_fabric/i___251_i_5_n_0
    SLICE_X47Y81         LUT5 (Prop_lut5_I2_O)        0.124  7515.310 r  u_core/u_fabric/i___251_i_2/O
                         net (fo=14, routed)          0.924  7516.234    u_core/u_fabric/r6163
    SLICE_X52Y74         LUT6 (Prop_lut6_I5_O)        0.124  7516.358 r  u_core/u_fabric/q_i_26__3/O
                         net (fo=9, routed)           0.860  7517.218    u_core/u_fabric/u_clb_x10y4/r1802
    SLICE_X45Y82         LUT5 (Prop_lut5_I1_O)        0.124  7517.342 r  u_core/u_fabric/u_clb_x10y4/q_i_16__13/O
                         net (fo=1, routed)           0.399  7517.742    u_core/u_fabric/u_clb_x10y4/t_115
    SLICE_X47Y82         LUT5 (Prop_lut5_I0_O)        0.124  7517.866 r  u_core/u_fabric/u_clb_x10y4/q_i_9__6/O
                         net (fo=6, routed)           0.818  7518.684    u_core/u_store/r1791
    SLICE_X48Y76         LUT3 (Prop_lut3_I0_O)        0.124  7518.808 r  u_core/u_store/q_i_17__11/O
                         net (fo=1, routed)           0.574  7519.382    u_core/u_store/u_fabric/u_clb_x10y4/di
    SLICE_X49Y78         LUT5 (Prop_lut5_I1_O)        0.124  7519.506 r  u_core/u_store/q_i_8__27/O
                         net (fo=3, routed)           0.968  7520.474    u_core/u_store/u_fabric/r1792
    SLICE_X63Y85         LUT6 (Prop_lut6_I2_O)        0.124  7520.598 r  u_core/u_store/i___318_i_6/O
                         net (fo=3, routed)           0.435  7521.033    u_core/u_fabric/i___8_i_10_0[28]
    SLICE_X62Y86         LUT5 (Prop_lut5_I4_O)        0.124  7521.157 r  u_core/u_fabric/i___318_i_1/O
                         net (fo=2, routed)           0.466  7521.623    u_core/u_fabric/i___318_i_1_n_0
    SLICE_X62Y86         LUT5 (Prop_lut5_I4_O)        0.124  7521.747 r  u_core/u_fabric/i___80_i_8/O
                         net (fo=15, routed)          1.607  7523.354    u_core/u_fabric/r6243
    SLICE_X92Y75         LUT6 (Prop_lut6_I3_O)        0.124  7523.479 r  u_core/u_fabric/q_i_22__18/O
                         net (fo=1, routed)           0.161  7523.640    u_core/u_fabric/q_i_22__18_n_0
    SLICE_X92Y75         LUT5 (Prop_lut5_I4_O)        0.124  7523.764 r  u_core/u_fabric/q_i_12__17/O
                         net (fo=1, routed)           0.466  7524.229    u_core/u_fabric/q_i_12__17_n_0
    SLICE_X92Y75         LUT5 (Prop_lut5_I0_O)        0.124  7524.354 r  u_core/u_fabric/q_i_7__1__0/O
                         net (fo=7, routed)           1.166  7525.519    u_core/u_fabric/r4562
    SLICE_X95Y56         LUT6 (Prop_lut6_I5_O)        0.124  7525.643 r  u_core/u_fabric/i___256_i_31/O
                         net (fo=1, routed)           0.000  7525.643    u_core/u_fabric/i___256_i_31_n_0
    SLICE_X95Y56         MUXF7 (Prop_muxf7_I1_O)      0.217  7525.860 r  u_core/u_fabric/i___256_i_17/O
                         net (fo=2, routed)           0.613  7526.473    u_core/u_fabric/i___256_i_17_n_0
    SLICE_X95Y58         LUT6 (Prop_lut6_I5_O)        0.299  7526.771 r  u_core/u_fabric/i___256_i_7/O
                         net (fo=5, routed)           0.904  7527.676    u_core/u_fabric/r6377
    SLICE_X86Y55         LUT5 (Prop_lut5_I1_O)        0.124  7527.800 r  u_core/u_fabric/i___257_i_4/O
                         net (fo=14, routed)          1.406  7529.206    u_core/u_fabric/r4425
    SLICE_X53Y64         LUT5 (Prop_lut5_I4_O)        0.124  7529.330 r  u_core/u_fabric/i___322_i_22/O
                         net (fo=1, routed)           0.000  7529.330    u_core/u_fabric/i___322_i_22_n_0
    SLICE_X53Y64         MUXF7 (Prop_muxf7_I0_O)      0.212  7529.542 r  u_core/u_fabric/i___322_i_18/O
                         net (fo=2, routed)           0.449  7529.991    u_core/u_fabric/i___322_i_18_n_0
    SLICE_X53Y64         LUT6 (Prop_lut6_I5_O)        0.299  7530.290 r  u_core/u_fabric/c_q[14]_i_8/O
                         net (fo=1, routed)           0.962  7531.251    u_core/u_fabric/r4435
    SLICE_X64Y56         LUT6 (Prop_lut6_I5_O)        0.124  7531.375 r  u_core/u_fabric/c_q[14]_i_6/O
                         net (fo=1, routed)           0.279  7531.655    u_core/u_fabric/c_q[14]_i_6_n_0
    SLICE_X64Y56         LUT5 (Prop_lut5_I2_O)        0.124  7531.779 r  u_core/u_fabric/c_q[14]_i_4/O
                         net (fo=16, routed)          0.769  7532.548    u_core/u_fabric/r6088
    SLICE_X58Y45         LUT6 (Prop_lut6_I5_O)        0.124  7532.672 r  u_core/u_fabric/c_q[14]_i_2__0/O
                         net (fo=1, routed)           1.133  7533.805    u_core/u_store/r932
    SLICE_X36Y48         LUT3 (Prop_lut3_I2_O)        0.124  7533.929 r  u_core/u_store/c_q[14]_i_1/O
                         net (fo=2, routed)           0.505  7534.434    u_core/u_store/drive_reg[90][14]
    SLICE_X36Y48         LUT6 (Prop_lut6_I0_O)        0.124  7534.558 r  u_core/u_store/i__carry__2_i_10/O
                         net (fo=1, routed)           0.588  7535.146    u_core/u_fabric/u_dsp0/u_core/p_q_reg[15]_2
    SLICE_X34Y48         LUT4 (Prop_lut4_I3_O)        0.124  7535.271 r  u_core/u_fabric/u_dsp0/u_core/i__carry__2_i_6/O
                         net (fo=1, routed)           0.000  7535.271    u_core/u_fabric/u_dsp0/u_core/i__carry__2_i_6_n_0
    SLICE_X34Y48         CARRY4 (Prop_carry4_S[2]_O[2])
                                                      0.250  7535.521 r  u_core/u_fabric/u_dsp0/u_core/__10/i__carry__2/O[2]
                         net (fo=2, routed)           0.586  7536.107    u_core/u_fabric/u_dsp0/u_core/__10/i__carry__2_n_5
    SLICE_X36Y48         LUT3 (Prop_lut3_I2_O)        0.301  7536.408 r  u_core/u_fabric/u_dsp0/u_core/sr[14]_i_2/O
                         net (fo=3, routed)           1.366  7537.773    u_core/u_fabric/dsp_p[14]
    SLICE_X60Y50         LUT5 (Prop_lut5_I4_O)        0.124  7537.897 r  u_core/u_fabric/d_q[10]_i_6/O
                         net (fo=1, routed)           0.000  7537.897    u_core/u_fabric/d_q[10]_i_6_n_0
    SLICE_X60Y50         MUXF7 (Prop_muxf7_I0_O)      0.212  7538.109 r  u_core/u_fabric/d_q_reg[10]_i_5/O
                         net (fo=1, routed)           0.741  7538.851    u_core/u_fabric/d_q_reg[10]_i_5_n_0
    SLICE_X60Y50         LUT6 (Prop_lut6_I5_O)        0.299  7539.149 r  u_core/u_fabric/d_q[10]_i_3/O
                         net (fo=7, routed)           0.624  7539.774    u_core/u_fabric/r6073
    SLICE_X65Y53         LUT4 (Prop_lut4_I3_O)        0.124  7539.898 r  u_core/u_fabric/i___256_i_5/O
                         net (fo=13, routed)          1.126  7541.024    u_core/u_fabric/r4426
    SLICE_X47Y58         LUT6 (Prop_lut6_I5_O)        0.124  7541.148 r  u_core/u_fabric/i___439_1_i_3/O
                         net (fo=1, routed)           0.000  7541.148    u_core/u_fabric/i___439_1_i_3_n_0
    SLICE_X47Y58         MUXF7 (Prop_muxf7_I1_O)      0.217  7541.365 r  u_core/u_fabric/i___439_1_i_1/O
                         net (fo=3, routed)           0.456  7541.820    u_core/u_fabric/g_frame[95].cfg_reg[12208]
    SLICE_X46Y58         LUT5 (Prop_lut5_I4_O)        0.299  7542.119 r  u_core/u_fabric/i___250_i_3/O
                         net (fo=2, routed)           0.864  7542.983    u_core/u_fabric/i___250_i_3_n_0
    SLICE_X58Y58         LUT6 (Prop_lut6_I4_O)        0.124  7543.107 r  u_core/u_fabric/i___250/O
                         net (fo=1, routed)           1.405  7544.512    u_core/u_fabric/i___250_n_0
    SLICE_X42Y41         LUT6 (Prop_lut6_I2_O)        0.124  7544.636 r  u_core/u_fabric/i___249_i_1/O
                         net (fo=8, routed)           1.361  7545.997    u_core/u_fabric/r4401
    SLICE_X39Y21         LUT6 (Prop_lut6_I5_O)        0.124  7546.121 r  u_core/u_fabric/i___182_i_14/O
                         net (fo=1, routed)           0.264  7546.385    u_core/u_fabric/i___182_i_14_n_0
    SLICE_X39Y21         LUT5 (Prop_lut5_I0_O)        0.124  7546.509 r  u_core/u_fabric/i___182_i_10/O
                         net (fo=3, routed)           0.761  7547.270    u_core/u_fabric/u_dsp0/u_core/r5759
    SLICE_X30Y19         LUT6 (Prop_lut6_I4_O)        0.124  7547.394 r  u_core/u_fabric/u_dsp0/u_core/i___182_i_7/O
                         net (fo=2, routed)           0.658  7548.052    u_core/u_fabric/u_dsp0_n_44
    SLICE_X30Y19         LUT6 (Prop_lut6_I2_O)        0.124  7548.176 r  u_core/u_fabric/i___182_i_2/O
                         net (fo=7, routed)           0.786  7548.962    u_core/u_fabric/r5840
    SLICE_X28Y15         LUT6 (Prop_lut6_I5_O)        0.124  7549.086 r  u_core/u_fabric/i___435_1_i_18/O
                         net (fo=1, routed)           0.650  7549.736    u_core/u_fabric/i___435_1_i_18_n_0
    SLICE_X28Y15         LUT5 (Prop_lut5_I4_O)        0.124  7549.860 r  u_core/u_fabric/i___435_1_i_15/O
                         net (fo=1, routed)           0.311  7550.170    u_core/u_fabric/i___435_1_i_15_n_0
    SLICE_X30Y16         LUT5 (Prop_lut5_I0_O)        0.124  7550.294 r  u_core/u_fabric/i___435_1_i_8__0/O
                         net (fo=7, routed)           0.962  7551.256    u_core/u_fabric/r4379
    SLICE_X44Y19         LUT5 (Prop_lut5_I1_O)        0.124  7551.380 r  u_core/u_fabric/q_i_18__17/O
                         net (fo=1, routed)           0.667  7552.047    u_core/u_fabric/q_i_18__17_n_0
    SLICE_X44Y19         LUT5 (Prop_lut5_I4_O)        0.124  7552.171 r  u_core/u_fabric/q_i_10__41/O
                         net (fo=3, routed)           1.057  7553.228    u_core/u_fabric/r4377
    SLICE_X58Y22         LUT5 (Prop_lut5_I1_O)        0.124  7553.352 r  u_core/u_fabric/i___437_0_i_4/O
                         net (fo=1, routed)           0.000  7553.352    u_core/u_fabric/i___437_0_i_4_n_0
    SLICE_X58Y22         MUXF7 (Prop_muxf7_I0_O)      0.209  7553.561 r  u_core/u_fabric/i___437_0_i_3/O
                         net (fo=1, routed)           0.452  7554.013    u_core/u_fabric/i___437_0_i_3_n_0
    SLICE_X58Y22         LUT6 (Prop_lut6_I5_O)        0.297  7554.310 r  u_core/u_fabric/i___437_0_i_1/O
                         net (fo=13, routed)          1.144  7555.453    u_core/u_fabric/r5700
    SLICE_X43Y14         LUT5 (Prop_lut5_I4_O)        0.124  7555.577 r  u_core/u_fabric/i___37_i_27/O
                         net (fo=5, routed)           1.216  7556.793    u_core/u_fabric/r4722
    SLICE_X17Y13         LUT5 (Prop_lut5_I4_O)        0.124  7556.917 r  u_core/u_fabric/i___43_i_21/O
                         net (fo=1, routed)           0.000  7556.917    u_core/u_fabric/i___43_i_21_n_0
    SLICE_X17Y13         MUXF7 (Prop_muxf7_I0_O)      0.212  7557.129 r  u_core/u_fabric/i___43_i_13/O
                         net (fo=2, routed)           0.448  7557.577    u_core/u_fabric/i___43_i_13_n_0
    SLICE_X17Y13         LUT3 (Prop_lut3_I2_O)        0.299  7557.875 r  u_core/u_fabric/i___43_i_7/O
                         net (fo=8, routed)           0.492  7558.368    u_core/u_fabric/r4746
    SLICE_X22Y13         LUT6 (Prop_lut6_I5_O)        0.124  7558.492 r  u_core/u_fabric/i___416_1_i_5/O
                         net (fo=1, routed)           0.313  7558.805    u_core/u_fabric/i___416_1_i_5_n_0
    SLICE_X22Y12         LUT5 (Prop_lut5_I4_O)        0.124  7558.929 r  u_core/u_fabric/i___416_1_i_2/O
                         net (fo=1, routed)           0.282  7559.211    u_core/u_fabric/i___416_1_i_2_n_0
    SLICE_X22Y12         LUT5 (Prop_lut5_I0_O)        0.124  7559.335 r  u_core/u_fabric/i___416_1_i_1/O
                         net (fo=15, routed)          0.742  7560.077    u_core/u_fabric/r5870
    SLICE_X31Y10         LUT6 (Prop_lut6_I5_O)        0.124  7560.201 r  u_core/u_fabric/i___17_i_22/O
                         net (fo=1, routed)           0.403  7560.604    u_core/u_fabric/i___17_i_22_n_0
    SLICE_X31Y10         LUT5 (Prop_lut5_I2_O)        0.124  7560.729 r  u_core/u_fabric/i___17_i_12/O
                         net (fo=5, routed)           0.795  7561.523    u_core/u_store/r5161
    SLICE_X40Y11         LUT5 (Prop_lut5_I2_O)        0.124  7561.647 r  u_core/u_store/i___17_i_6/O
                         net (fo=1, routed)           0.280  7561.927    u_core/u_fabric/q_i_9__23_0
    SLICE_X40Y11         LUT5 (Prop_lut5_I4_O)        0.124  7562.051 r  u_core/u_fabric/i___17_i_2/O
                         net (fo=16, routed)          0.863  7562.914    u_core/u_fabric/r5795
    SLICE_X42Y16         LUT6 (Prop_lut6_I5_O)        0.124  7563.038 r  u_core/u_fabric/mem_reg_i_201__0/O
                         net (fo=1, routed)           0.670  7563.708    u_core/u_fabric/mem_reg_i_201__0_n_0
    SLICE_X42Y16         LUT5 (Prop_lut5_I0_O)        0.124  7563.833 r  u_core/u_fabric/mem_reg_i_189/O
                         net (fo=2, routed)           0.513  7564.345    u_core/u_fabric/r4939
    SLICE_X46Y11         LUT6 (Prop_lut6_I5_O)        0.124  7564.469 r  u_core/u_fabric/reg_qa[17]_i_9/O
                         net (fo=1, routed)           0.000  7564.469    u_core/u_fabric/reg_qa[17]_i_9_n_0
    SLICE_X46Y11         MUXF7 (Prop_muxf7_I1_O)      0.214  7564.683 r  u_core/u_fabric/reg_qa_reg[17]_i_7/O
                         net (fo=2, routed)           0.456  7565.140    u_core/u_fabric/reg_qa_reg[17]_i_7_n_0
    SLICE_X42Y11         LUT6 (Prop_lut6_I5_O)        0.297  7565.437 r  u_core/u_fabric/reg_qa[17]_i_5__0/O
                         net (fo=11, routed)          0.780  7566.216    u_core/u_fabric/r5707
    SLICE_X47Y6          LUT6 (Prop_lut6_I5_O)        0.124  7566.340 r  u_core/u_fabric/q_i_21__25/O
                         net (fo=5, routed)           1.094  7567.435    u_core/u_store/r2410
    SLICE_X39Y20         MUXF7 (Prop_muxf7_S_O)       0.276  7567.710 r  u_core/u_store/q_reg_i_24__7/O
                         net (fo=1, routed)           0.589  7568.299    u_core/u_store/u_fabric/u_clb_x4y6/t_114
    SLICE_X45Y18         LUT5 (Prop_lut5_I4_O)        0.299  7568.598 r  u_core/u_store/q_i_13__15/O
                         net (fo=2, routed)           0.789  7569.387    u_core/u_store/u_fabric/u_clb_x4y6/t_121
    SLICE_X46Y9          LUT3 (Prop_lut3_I0_O)        0.124  7569.511 r  u_core/u_store/q_i_8__39/O
                         net (fo=5, routed)           0.584  7570.095    u_core/u_fabric/r2399
    SLICE_X46Y6          LUT5 (Prop_lut5_I4_O)        0.124  7570.219 r  u_core/u_fabric/i___216_i_14/O
                         net (fo=1, routed)           0.466  7570.685    u_core/u_fabric/i___216_i_14_n_0
    SLICE_X46Y6          LUT5 (Prop_lut5_I4_O)        0.124  7570.809 r  u_core/u_fabric/i___216_i_5/O
                         net (fo=3, routed)           0.648  7571.456    u_core/u_fabric/r4923
    SLICE_X45Y12         LUT5 (Prop_lut5_I1_O)        0.124  7571.580 r  u_core/u_fabric/i___216_i_1/O
                         net (fo=2, routed)           0.498  7572.078    u_core/u_fabric/i___216_i_1_n_0
    SLICE_X44Y12         LUT5 (Prop_lut5_I4_O)        0.124  7572.202 r  u_core/u_fabric/mem_reg_i_105__0/O
                         net (fo=11, routed)          0.618  7572.820    u_core/u_fabric/r5730
    SLICE_X43Y13         LUT4 (Prop_lut4_I2_O)        0.124  7572.944 r  u_core/u_fabric/i___236_i_6/O
                         net (fo=2, routed)           0.276  7573.219    u_core/u_fabric/g_frame[33].cfg_reg[4264]
    SLICE_X43Y13         LUT5 (Prop_lut5_I0_O)        0.124  7573.343 r  u_core/u_fabric/i___236_i_2/O
                         net (fo=14, routed)          0.866  7574.209    u_core/u_store/r5732
    SLICE_X38Y23         LUT6 (Prop_lut6_I4_O)        0.124  7574.333 r  u_core/u_store/i___142_i_6/O
                         net (fo=1, routed)           0.544  7574.877    u_core/u_fabric/i___142_i_1_0
    SLICE_X38Y25         LUT5 (Prop_lut5_I0_O)        0.124  7575.001 r  u_core/u_fabric/i___142_i_4/O
                         net (fo=1, routed)           0.162  7575.163    u_core/u_fabric/i___142_i_4_n_0
    SLICE_X38Y25         LUT5 (Prop_lut5_I2_O)        0.124  7575.287 r  u_core/u_fabric/i___142_i_1/O
                         net (fo=16, routed)          1.618  7576.905    u_core/u_fabric/r5873
    SLICE_X18Y14         LUT6 (Prop_lut6_I4_O)        0.124  7577.029 r  u_core/u_fabric/q_i_8__51/O
                         net (fo=3, routed)           0.512  7577.542    u_core/u_store/lut_o6_679
    SLICE_X18Y14         LUT5 (Prop_lut5_I4_O)        0.124  7577.666 r  u_core/u_store/q_i_3__53/O
                         net (fo=2, routed)           0.656  7578.322    u_core/u_store/u_fabric/u_clb_x5y7/comb
    SLICE_X15Y18         LUT3 (Prop_lut3_I2_O)        0.124  7578.446 r  u_core/u_store/sr[63]_i_2/O
                         net (fo=3, routed)           1.084  7579.530    u_core/u_store/q_reg[42]
    SLICE_X30Y14         LUT5 (Prop_lut5_I1_O)        0.124  7579.654 r  u_core/u_store/i___86_i_13/O
                         net (fo=1, routed)           0.282  7579.936    u_core/u_fabric/i___296_i_4
    SLICE_X30Y14         LUT5 (Prop_lut5_I4_O)        0.124  7580.060 r  u_core/u_fabric/i___86_i_4/O
                         net (fo=15, routed)          1.321  7581.381    u_core/u_fabric/r5865
    SLICE_X23Y30         LUT4 (Prop_lut4_I3_O)        0.124  7581.505 r  u_core/u_fabric/q_i_41__11/O
                         net (fo=1, routed)           0.407  7581.913    u_core/u_fabric/q_i_41__11_n_0
    SLICE_X23Y30         LUT6 (Prop_lut6_I5_O)        0.124  7582.037 r  u_core/u_fabric/q_i_21__2/O
                         net (fo=17, routed)          1.385  7583.421    u_core/u_store/r3266
    SLICE_X45Y39         LUT6 (Prop_lut6_I4_O)        0.124  7583.545 r  u_core/u_store/q_i_33__29/O
                         net (fo=1, routed)           0.000  7583.545    u_core/u_store/u_fabric/u_clb_x6y7/t_97
    SLICE_X45Y39         MUXF7 (Prop_muxf7_I1_O)      0.217  7583.762 r  u_core/u_store/q_reg_i_17__20/O
                         net (fo=1, routed)           0.296  7584.058    u_core/u_fabric/u_clb_x6y8/t_112_347
    SLICE_X45Y38         LUT5 (Prop_lut5_I4_O)        0.299  7584.357 r  u_core/u_fabric/u_clb_x6y8/q_i_7__54/O
                         net (fo=5, routed)           0.964  7585.320    u_core/u_fabric/r3257
    SLICE_X38Y31         LUT5 (Prop_lut5_I4_O)        0.124  7585.444 r  u_core/u_fabric/i___86_i_32/O
                         net (fo=1, routed)           0.000  7585.444    u_core/u_fabric/i___86_i_32_n_0
    SLICE_X38Y31         MUXF7 (Prop_muxf7_I0_O)      0.241  7585.686 r  u_core/u_fabric/i___86_i_26/O
                         net (fo=1, routed)           0.000  7585.686    u_core/u_fabric/i___86_i_26_n_0
    SLICE_X38Y31         MUXF8 (Prop_muxf8_I0_O)      0.098  7585.784 r  u_core/u_fabric/i___86_i_19/O
                         net (fo=11, routed)          0.841  7586.625    u_core/u_fabric/r5041
    SLICE_X40Y23         LUT5 (Prop_lut5_I4_O)        0.319  7586.944 r  u_core/u_fabric/i___141_i_23/O
                         net (fo=1, routed)           0.299  7587.243    u_core/u_fabric/i___141_i_23_n_0
    SLICE_X40Y22         LUT5 (Prop_lut5_I4_O)        0.124  7587.367 r  u_core/u_fabric/i___141_i_11/O
                         net (fo=2, routed)           1.108  7588.475    u_core/u_fabric/r5045
    SLICE_X37Y6          LUT5 (Prop_lut5_I0_O)        0.124  7588.599 r  u_core/u_fabric/i___141_i_6/O
                         net (fo=1, routed)           0.151  7588.750    u_core/u_fabric/i___141_i_6_n_0
    SLICE_X37Y6          LUT5 (Prop_lut5_I4_O)        0.124  7588.875 r  u_core/u_fabric/i___141_i_1/O
                         net (fo=14, routed)          0.689  7589.563    u_core/u_fabric/r5709
    SLICE_X51Y6          LUT4 (Prop_lut4_I3_O)        0.124  7589.687 r  u_core/u_fabric/i___26_i_19/O
                         net (fo=9, routed)           1.326  7591.013    u_core/u_fabric/r4924
    SLICE_X37Y28         LUT5 (Prop_lut5_I4_O)        0.124  7591.137 r  u_core/u_fabric/i___38_i_6/O
                         net (fo=2, routed)           0.275  7591.412    u_core/u_fabric/i___38_i_6_n_0
    SLICE_X37Y28         LUT5 (Prop_lut5_I4_O)        0.124  7591.536 r  u_core/u_fabric/i___38_i_2/O
                         net (fo=14, routed)          0.737  7592.273    u_core/u_fabric/r5941
    SLICE_X41Y39         LUT4 (Prop_lut4_I3_O)        0.124  7592.397 r  u_core/u_fabric/q_i_47__9/O
                         net (fo=1, routed)           0.263  7592.660    u_core/u_fabric/q_i_47__9_n_0
    SLICE_X41Y39         LUT6 (Prop_lut6_I5_O)        0.124  7592.784 r  u_core/u_fabric/q_i_32__7/O
                         net (fo=8, routed)           0.681  7593.465    u_core/u_fabric/u_clb_x7y7/r2488
    SLICE_X34Y41         MUXF7 (Prop_muxf7_S_O)       0.314  7593.779 r  u_core/u_fabric/u_clb_x7y7/q_reg_i_27__7/O
                         net (fo=1, routed)           0.000  7593.779    u_core/u_fabric/u_clb_x7y7/u_clb_x7y6/t_112
    SLICE_X34Y41         MUXF8 (Prop_muxf8_I0_O)      0.098  7593.877 r  u_core/u_fabric/u_clb_x7y7/q_reg_i_17__16/O
                         net (fo=4, routed)           0.626  7594.503    u_core/u_store/t_120_672
    SLICE_X38Y39         LUT5 (Prop_lut5_I4_O)        0.319  7594.822 r  u_core/u_store/i___216_i_11/O
                         net (fo=4, routed)           0.410  7595.232    u_core/u_fabric/u_clb_x7y6/r2477
    SLICE_X37Y39         LUT3 (Prop_lut3_I2_O)        0.124  7595.356 r  u_core/u_fabric/u_clb_x7y6/q_i_8__42/O
                         net (fo=4, routed)           0.310  7595.666    u_core/u_fabric/u_clb_x7y6/lut_o6_45
    SLICE_X39Y39         LUT6 (Prop_lut6_I3_O)        0.124  7595.790 r  u_core/u_fabric/u_clb_x7y6/sr[55]_i_2/O
                         net (fo=3, routed)           0.797  7596.587    u_core/u_fabric/clb_o[18]
    SLICE_X37Y43         LUT5 (Prop_lut5_I4_O)        0.124  7596.711 r  u_core/u_fabric/i___39_i_10/O
                         net (fo=1, routed)           0.407  7597.119    u_core/u_fabric/i___39_i_10_n_0
    SLICE_X37Y43         LUT5 (Prop_lut5_I4_O)        0.124  7597.243 r  u_core/u_fabric/i___39_i_3/O
                         net (fo=1, routed)           0.000  7597.243    u_core/u_fabric/i___39_i_3_n_0
    SLICE_X37Y43         MUXF7 (Prop_muxf7_I0_O)      0.212  7597.455 r  u_core/u_fabric/i___39_i_1/O
                         net (fo=18, routed)          1.210  7598.665    u_core/u_fabric/r6017
    SLICE_X28Y33         LUT4 (Prop_lut4_I3_O)        0.299  7598.964 r  u_core/u_fabric/q_i_11__37/O
                         net (fo=3, routed)           0.935  7599.899    u_core/u_fabric/r4643
    SLICE_X17Y29         LUT6 (Prop_lut6_I3_O)        0.124  7600.023 r  u_core/u_fabric/i___427_1_i_5/O
                         net (fo=1, routed)           0.452  7600.476    u_core/u_fabric/i___427_1_i_5_n_0
    SLICE_X15Y29         LUT5 (Prop_lut5_I4_O)        0.124  7600.600 r  u_core/u_fabric/i___427_1_i_2/O
                         net (fo=1, routed)           0.263  7600.863    u_core/u_fabric/i___427_1_i_2_n_0
    SLICE_X15Y29         LUT5 (Prop_lut5_I0_O)        0.124  7600.987 r  u_core/u_fabric/i___427_1_i_1/O
                         net (fo=12, routed)          0.929  7601.916    u_core/u_fabric/r5911
    SLICE_X28Y30         LUT6 (Prop_lut6_I4_O)        0.124  7602.040 r  u_core/u_fabric/q_i_26__13/O
                         net (fo=1, routed)           0.442  7602.482    u_core/u_store/q_i_6__2
    SLICE_X28Y33         LUT5 (Prop_lut5_I1_O)        0.124  7602.606 r  u_core/u_store/q_i_13__0/O
                         net (fo=1, routed)           0.601  7603.208    u_core/u_fabric/u_clb_x7y7/t_114_107
    SLICE_X30Y38         LUT5 (Prop_lut5_I2_O)        0.124  7603.332 r  u_core/u_fabric/u_clb_x7y7/q_i_6__2/O
                         net (fo=5, routed)           0.517  7603.849    u_core/u_fabric/u_clb_x7y7/r397
    SLICE_X33Y38         LUT6 (Prop_lut6_I2_O)        0.124  7603.973 r  u_core/u_fabric/u_clb_x7y7/q_i_6__3/O
                         net (fo=3, routed)           0.529  7604.502    u_core/u_store/r398
    SLICE_X33Y39         LUT4 (Prop_lut4_I3_O)        0.124  7604.626 r  u_core/u_store/q_i_6__10/O
                         net (fo=2, routed)           0.418  7605.044    u_core/u_store/r1204
    SLICE_X33Y39         LUT5 (Prop_lut5_I0_O)        0.124  7605.168 r  u_core/u_store/q_i_3__20/O
                         net (fo=3, routed)           0.476  7605.644    u_core/u_store/comb_169
    SLICE_X35Y41         LUT3 (Prop_lut3_I2_O)        0.124  7605.768 r  u_core/u_store/sr[25]_i_2/O
                         net (fo=2, routed)           0.722  7606.490    u_core/u_fabric/i___8_i_10_0[15]
    SLICE_X28Y37         LUT5 (Prop_lut5_I1_O)        0.124  7606.614 r  u_core/u_fabric/i___228_i_8/O
                         net (fo=2, routed)           0.174  7606.788    u_core/u_fabric/i___228_i_8_n_0
    SLICE_X28Y37         LUT5 (Prop_lut5_I4_O)        0.124  7606.912 r  u_core/u_fabric/i___228_i_4/O
                         net (fo=19, routed)          0.960  7607.873    u_core/u_fabric/r6014
    SLICE_X31Y47         LUT6 (Prop_lut6_I5_O)        0.124  7607.997 r  u_core/u_fabric/d_q[17]_i_2__0/O
                         net (fo=1, routed)           0.710  7608.707    u_core/u_store/r2933
    SLICE_X21Y47         LUT3 (Prop_lut3_I2_O)        0.124  7608.831 r  u_core/u_store/d_q[17]_i_1__0/O
                         net (fo=3, routed)           0.475  7609.306    u_core/u_store/drive_reg[239][16]
    SLICE_X20Y47         LUT5 (Prop_lut5_I2_O)        0.124  7609.430 r  u_core/u_store/i__carry__3_i_7__2/O
                         net (fo=1, routed)           0.000  7609.430    u_core/u_fabric/u_dsp1/u_core/m_c_8[1]
    SLICE_X20Y47         CARRY4 (Prop_carry4_S[1]_O[2])
                                                      0.578  7610.008 r  u_core/u_fabric/u_dsp1/u_core/__5/i__carry__3/O[2]
                         net (fo=1, routed)           0.548  7610.556    u_core/u_store/m_c_6[2]
    SLICE_X21Y48         LUT3 (Prop_lut3_I0_O)        0.301  7610.857 r  u_core/u_store/m_c_i_25__0/O
                         net (fo=1, routed)           0.394  7611.251    u_core/u_fabric/u_dsp1/u_core/m_c_2[18]
    DSP48_X1Y19          DSP48E1 (Prop_dsp48e1_A[18]_P[21])
                                                      3.841  7615.092 r  u_core/u_fabric/u_dsp1/u_core/m_c/P[21]
                         net (fo=2, routed)           0.805  7615.897    u_core/u_fabric/u_dsp1/u_core/m_c__0[21]
    SLICE_X22Y47         LUT3 (Prop_lut3_I2_O)        0.124  7616.021 r  u_core/u_fabric/u_dsp1/u_core/i__carry__4_i_3__1/O
                         net (fo=2, routed)           0.936  7616.957    u_core/u_fabric/u_dsp1/u_core/m_x[21]
    SLICE_X28Y54         CARRY4 (Prop_carry4_DI[1]_CO[3])
                                                      0.507  7617.464 r  u_core/u_fabric/u_dsp1/u_core/__10/i__carry__4/CO[3]
                         net (fo=1, routed)           0.000  7617.464    u_core/u_fabric/u_dsp1/u_core/__10/i__carry__4_n_0
    SLICE_X28Y55         CARRY4 (Prop_carry4_CI_O[0])
                                                      0.235  7617.699 r  u_core/u_fabric/u_dsp1/u_core/__10/i__carry__5/O[0]
                         net (fo=2, routed)           0.487  7618.186    u_core/u_fabric/u_dsp1/u_core/__10/i__carry__5_n_7
    SLICE_X29Y55         LUT3 (Prop_lut3_I2_O)        0.299  7618.485 r  u_core/u_fabric/u_dsp1/u_core/sr[72]_i_2__0/O
                         net (fo=3, routed)           1.496  7619.981    u_core/u_fabric/dsp_p[72]
    SLICE_X59Y50         LUT5 (Prop_lut5_I4_O)        0.124  7620.105 r  u_core/u_fabric/i___44_i_6/O
                         net (fo=7, routed)           0.603  7620.708    u_core/u_fabric/r6051
    SLICE_X61Y47         LUT4 (Prop_lut4_I0_O)        0.124  7620.832 r  u_core/u_fabric/d_q[9]_i_4/O
                         net (fo=1, routed)           0.154  7620.986    u_core/u_fabric/d_q[9]_i_4_n_0
    SLICE_X61Y47         LUT6 (Prop_lut6_I5_O)        0.124  7621.110 r  u_core/u_fabric/d_q[9]_i_2/O
                         net (fo=1, routed)           1.745  7622.854    u_core/u_store/r3026
    SLICE_X21Y45         LUT3 (Prop_lut3_I2_O)        0.124  7622.979 r  u_core/u_store/d_q[9]_i_1__0/O
                         net (fo=3, routed)           0.449  7623.427    u_core/u_store/drive_reg[239][8]
    SLICE_X20Y45         LUT5 (Prop_lut5_I2_O)        0.124  7623.551 r  u_core/u_store/i__carry__1_i_7__2/O
                         net (fo=1, routed)           0.000  7623.551    u_core/u_fabric/u_dsp1/u_core/m_c_6[1]
    SLICE_X20Y45         CARRY4 (Prop_carry4_S[1]_O[1])
                                                      0.230  7623.781 r  u_core/u_fabric/u_dsp1/u_core/__5/i__carry__1/O[1]
                         net (fo=1, routed)           0.604  7624.385    u_core/u_store/m_c_7[1]
    SLICE_X19Y47         LUT3 (Prop_lut3_I0_O)        0.306  7624.691 r  u_core/u_store/m_c_i_34__0/O
                         net (fo=1, routed)           0.553  7625.244    u_core/u_fabric/u_dsp1/u_core/m_c_2[9]
    DSP48_X1Y19          DSP48E1 (Prop_dsp48e1_A[9]_P[28])
                                                      3.841  7629.085 r  u_core/u_fabric/u_dsp1/u_core/m_c/P[28]
                         net (fo=2, routed)           0.753  7629.838    u_core/u_fabric/u_dsp1/u_core/m_c__0[28]
    SLICE_X23Y49         LUT3 (Prop_lut3_I2_O)        0.124  7629.962 r  u_core/u_fabric/u_dsp1/u_core/i__carry__6_i_4__0/O
                         net (fo=2, routed)           1.073  7631.035    u_core/u_fabric/u_dsp1/u_core/m_x[28]
    SLICE_X28Y56         CARRY4 (Prop_carry4_DI[0]_CO[3])
                                                      0.526  7631.561 r  u_core/u_fabric/u_dsp1/u_core/__10/i__carry__6/CO[3]
                         net (fo=1, routed)           0.000  7631.561    u_core/u_fabric/u_dsp1/u_core/__10/i__carry__6_n_0
    SLICE_X28Y57         CARRY4 (Prop_carry4_CI_CO[3])
                                                      0.114  7631.674 r  u_core/u_fabric/u_dsp1/u_core/__10/i__carry__7/CO[3]
                         net (fo=1, routed)           0.000  7631.674    u_core/u_fabric/u_dsp1/u_core/__10/i__carry__7_n_0
    SLICE_X28Y58         CARRY4 (Prop_carry4_CI_O[0])
                                                      0.235  7631.909 r  u_core/u_fabric/u_dsp1/u_core/__10/i__carry__8/O[0]
                         net (fo=2, routed)           0.455  7632.364    u_core/u_fabric/u_dsp1/u_core/__10/i__carry__8_n_7
    SLICE_X29Y58         LUT3 (Prop_lut3_I2_O)        0.299  7632.663 r  u_core/u_fabric/u_dsp1/u_core/sr[84]_i_2__0/O
                         net (fo=3, routed)           1.090  7633.752    u_core/u_fabric/dsp_p[84]
    SLICE_X50Y58         LUT5 (Prop_lut5_I4_O)        0.124  7633.876 r  u_core/u_fabric/b_q[15]_i_2__0/O
                         net (fo=2, routed)           0.632  7634.509    u_core/u_fabric/u_bram1/u_core/r6057
    SLICE_X48Y53         LUT5 (Prop_lut5_I2_O)        0.124  7634.633 r  u_core/u_fabric/u_bram1/u_core/i___451_1_i_1/O
                         net (fo=15, routed)          1.252  7635.885    u_core/u_fabric/r5271
    SLICE_X37Y27         LUT5 (Prop_lut5_I0_O)        0.124  7636.009 r  u_core/u_fabric/i___361_i_6/O
                         net (fo=1, routed)           0.433  7636.442    u_core/u_fabric/i___361_i_6_n_0
    SLICE_X37Y27         LUT5 (Prop_lut5_I4_O)        0.124  7636.566 r  u_core/u_fabric/i___361_i_2/O
                         net (fo=15, routed)          1.184  7637.750    u_core/u_fabric/r5877
    SLICE_X24Y16         LUT6 (Prop_lut6_I2_O)        0.124  7637.874 r  u_core/u_fabric/i___361/O
                         net (fo=2, routed)           0.418  7638.292    u_core/u_fabric/i___361_n_0
    SLICE_X22Y16         LUT3 (Prop_lut3_I0_O)        0.124  7638.416 r  u_core/u_fabric/i___228_i_3/O
                         net (fo=14, routed)          0.772  7639.188    u_core/u_fabric/r5863
    SLICE_X16Y11         LUT6 (Prop_lut6_I4_O)        0.124  7639.312 r  u_core/u_fabric/i___228/O
                         net (fo=1, routed)           0.670  7639.982    u_core/u_fabric/i___228_n_0
    SLICE_X16Y11         LUT5 (Prop_lut5_I0_O)        0.124  7640.106 r  u_core/u_fabric/i___37_i_1/O
                         net (fo=16, routed)          0.568  7640.674    u_core/u_fabric/r5843
    SLICE_X16Y19         LUT6 (Prop_lut6_I5_O)        0.124  7640.798 r  u_core/u_fabric/i___423_1_i_24/O
                         net (fo=1, routed)           0.620  7641.418    u_core/u_fabric/i___423_1_i_24_n_0
    SLICE_X15Y19         LUT5 (Prop_lut5_I4_O)        0.124  7641.542 r  u_core/u_fabric/i___423_1_i_18/O
                         net (fo=1, routed)           0.423  7641.966    u_core/u_fabric/i___423_1_i_18_n_0
    SLICE_X14Y17         LUT5 (Prop_lut5_I0_O)        0.124  7642.090 r  u_core/u_fabric/i___423_1_i_9/O
                         net (fo=7, routed)           1.326  7643.416    u_core/u_fabric/r4607
    SLICE_X49Y18         LUT5 (Prop_lut5_I4_O)        0.124  7643.540 r  u_core/u_fabric/i___423_1_i_3/O
                         net (fo=1, routed)           0.263  7643.803    u_core/u_fabric/i___423_1_i_3_n_0
    SLICE_X49Y18         LUT5 (Prop_lut5_I4_O)        0.124  7643.927 r  u_core/u_fabric/i___423_1_i_1/O
                         net (fo=11, routed)          0.759  7644.686    u_core/u_fabric/r5763
    SLICE_X51Y20         LUT6 (Prop_lut6_I5_O)        0.124  7644.810 r  u_core/u_fabric/i___181_i_19/O
                         net (fo=1, routed)           0.399  7645.209    u_core/u_fabric/i___181_i_19_n_0
    SLICE_X53Y20         LUT5 (Prop_lut5_I4_O)        0.124  7645.333 r  u_core/u_fabric/i___181_i_11/O
                         net (fo=1, routed)           0.149  7645.482    u_core/u_fabric/i___181_i_11_n_0
    SLICE_X53Y20         LUT5 (Prop_lut5_I0_O)        0.124  7645.606 r  u_core/u_fabric/i___181_i_5/O
                         net (fo=3, routed)           1.009  7646.615    u_core/u_fabric/r4491
    SLICE_X64Y20         LUT5 (Prop_lut5_I1_O)        0.124  7646.739 r  u_core/u_fabric/i___435_1_i_13__0/O
                         net (fo=1, routed)           0.291  7647.030    u_core/u_fabric/i___435_1_i_13__0_n_0
    SLICE_X65Y21         LUT5 (Prop_lut5_I4_O)        0.124  7647.154 r  u_core/u_fabric/i___435_1_i_6/O
                         net (fo=6, routed)           1.261  7648.416    u_core/u_fabric/r5683
    SLICE_X42Y23         LUT4 (Prop_lut4_I3_O)        0.124  7648.540 r  u_core/u_fabric/i___109_i_19/O
                         net (fo=13, routed)          0.661  7649.200    u_core/u_fabric/r4384
    SLICE_X35Y23         LUT6 (Prop_lut6_I5_O)        0.124  7649.324 r  u_core/u_fabric/i___425_1_i_7/O
                         net (fo=1, routed)           0.403  7649.728    u_core/u_fabric/i___425_1_i_7_n_0
    SLICE_X35Y23         LUT5 (Prop_lut5_I2_O)        0.124  7649.852 r  u_core/u_fabric/i___425_1_i_2/O
                         net (fo=3, routed)           0.504  7650.356    u_core/u_fabric/u_clb_x7y4/r5829
    SLICE_X34Y27         LUT6 (Prop_lut6_I2_O)        0.124  7650.480 r  u_core/u_fabric/u_clb_x7y4/c_q[39]_i_3/O
                         net (fo=2, routed)           0.569  7651.049    u_core/u_fabric/u_clb_x7y4_n_3
    SLICE_X39Y27         LUT3 (Prop_lut3_I0_O)        0.124  7651.173 r  u_core/u_fabric/c_q[39]_i_2__0/O
                         net (fo=10, routed)          2.055  7653.228    u_core/u_fabric/r4306
    SLICE_X61Y59         LUT6 (Prop_lut6_I5_O)        0.124  7653.352 r  u_core/u_fabric/i___63_i_9/O
                         net (fo=1, routed)           0.403  7653.755    u_core/u_fabric/i___63_i_9_n_0
    SLICE_X61Y59         LUT5 (Prop_lut5_I2_O)        0.124  7653.879 r  u_core/u_fabric/i___63_i_5/O
                         net (fo=11, routed)          1.017  7654.896    u_core/u_fabric/r4318
    SLICE_X89Y65         LUT5 (Prop_lut5_I4_O)        0.124  7655.020 r  u_core/u_fabric/i___331_i_4/O
                         net (fo=2, routed)           0.164  7655.184    u_core/u_fabric/i___331_i_4_n_0
    SLICE_X89Y65         LUT6 (Prop_lut6_I5_O)        0.124  7655.308 r  u_core/u_fabric/i___331_i_1/O
                         net (fo=2, routed)           0.597  7655.904    u_core/u_fabric/r6318
    SLICE_X91Y70         LUT6 (Prop_lut6_I0_O)        0.124  7656.028 r  u_core/u_fabric/i___322_i_13/O
                         net (fo=1, routed)           0.433  7656.461    u_core/u_fabric/i___322_i_13_n_0
    SLICE_X91Y70         LUT5 (Prop_lut5_I2_O)        0.124  7656.585 r  u_core/u_fabric/i___322_i_5/O
                         net (fo=10, routed)          1.235  7657.820    u_core/u_fabric/r4423
    SLICE_X60Y63         LUT5 (Prop_lut5_I4_O)        0.124  7657.944 r  u_core/u_fabric/i___430_1_i_12/O
                         net (fo=1, routed)           0.433  7658.377    u_core/u_fabric/i___430_1_i_12_n_0
    SLICE_X60Y63         LUT5 (Prop_lut5_I4_O)        0.124  7658.501 r  u_core/u_fabric/i___430_1_i_7/O
                         net (fo=2, routed)           0.755  7659.256    u_core/u_store/r4427
    SLICE_X65Y57         LUT6 (Prop_lut6_I5_O)        0.124  7659.380 r  u_core/u_store/i___430_1_i_4/O
                         net (fo=1, routed)           0.149  7659.529    u_core/u_fabric/d_q_reg[22]
    SLICE_X65Y57         LUT5 (Prop_lut5_I2_O)        0.124  7659.653 r  u_core/u_fabric/i___430_1_i_1/O
                         net (fo=4, routed)           0.622  7660.275    u_core/u_fabric/r6063
    SLICE_X61Y62         LUT6 (Prop_lut6_I5_O)        0.124  7660.399 r  u_core/u_fabric/i___271_i_6/O
                         net (fo=2, routed)           0.707  7661.106    u_core/u_fabric/i___271_i_6_n_0
    SLICE_X67Y62         LUT3 (Prop_lut3_I0_O)        0.124  7661.230 r  u_core/u_fabric/i___80_i_7/O
                         net (fo=15, routed)          0.893  7662.124    u_core/u_fabric/r4324
    SLICE_X83Y59         LUT5 (Prop_lut5_I3_O)        0.124  7662.248 r  u_core/u_fabric/i___308_i_9/O
                         net (fo=12, routed)          0.683  7662.931    u_core/u_fabric/r4445
    SLICE_X85Y66         LUT5 (Prop_lut5_I0_O)        0.124  7663.055 r  u_core/u_fabric/i___270_i_16/O
                         net (fo=1, routed)           0.894  7663.949    u_core/u_fabric/i___270_i_16_n_0
    SLICE_X56Y64         LUT5 (Prop_lut5_I4_O)        0.124  7664.073 r  u_core/u_fabric/i___270_i_12/O
                         net (fo=1, routed)           0.322  7664.395    u_core/u_fabric/i___270_i_12_n_0
    SLICE_X54Y64         LUT5 (Prop_lut5_I2_O)        0.124  7664.519 r  u_core/u_fabric/i___270_i_7/O
                         net (fo=2, routed)           0.674  7665.193    u_core/u_fabric/i___270_i_7_n_0
    SLICE_X51Y66         LUT6 (Prop_lut6_I3_O)        0.124  7665.317 r  u_core/u_fabric/i___270_i_3/O
                         net (fo=15, routed)          1.452  7666.770    u_core/u_fabric/r6312
    SLICE_X92Y65         LUT6 (Prop_lut6_I3_O)        0.124  7666.894 r  u_core/u_fabric/i___402_0_i_10/O
                         net (fo=1, routed)           0.466  7667.359    u_core/u_fabric/i___402_0_i_10_n_0
    SLICE_X92Y65         LUT6 (Prop_lut6_I2_O)        0.124  7667.483 r  u_core/u_fabric/i___402_0_i_8/O
                         net (fo=1, routed)           0.628  7668.111    u_core/u_fabric/i___402_0_i_8_n_0
    SLICE_X92Y58         LUT6 (Prop_lut6_I5_O)        0.124  7668.235 r  u_core/u_fabric/i___402_0_i_3/O
                         net (fo=2, routed)           0.863  7669.099    u_core/u_fabric/g_frame[132].cfg_reg[16947]
    SLICE_X94Y47         LUT3 (Prop_lut3_I0_O)        0.124  7669.223 r  u_core/u_fabric/i___402_0_i_1/O
                         net (fo=9, routed)           1.234  7670.457    u_core/u_fabric/r6402
    SLICE_X82Y57         LUT4 (Prop_lut4_I0_O)        0.124  7670.581 r  u_core/u_fabric/i___72_i_19/O
                         net (fo=10, routed)          1.116  7671.697    u_core/u_fabric/r4669
    SLICE_X64Y69         LUT6 (Prop_lut6_I5_O)        0.124  7671.821 r  u_core/u_fabric/i___255_i_21/O
                         net (fo=1, routed)           0.414  7672.235    u_core/u_fabric/i___255_i_21_n_0
    SLICE_X63Y69         LUT5 (Prop_lut5_I4_O)        0.124  7672.359 r  u_core/u_fabric/i___255_i_12/O
                         net (fo=1, routed)           0.154  7672.513    u_core/u_fabric/i___255_i_12_n_0
    SLICE_X63Y69         LUT5 (Prop_lut5_I0_O)        0.124  7672.637 r  u_core/u_fabric/i___255_i_4/O
                         net (fo=11, routed)          1.167  7673.804    u_core/u_fabric/r6223
    SLICE_X81Y79         LUT6 (Prop_lut6_I3_O)        0.124  7673.928 r  u_core/u_fabric/i___267_i_25/O
                         net (fo=1, routed)           0.149  7674.077    u_core/u_fabric/i___267_i_25_n_0
    SLICE_X81Y79         LUT5 (Prop_lut5_I2_O)        0.124  7674.201 r  u_core/u_fabric/i___267_i_20/O
                         net (fo=5, routed)           1.076  7675.277    u_core/u_fabric/r4564
    SLICE_X90Y74         LUT6 (Prop_lut6_I5_O)        0.124  7675.401 r  u_core/u_fabric/i___470_0_i_10/O
                         net (fo=1, routed)           0.000  7675.401    u_core/u_fabric/i___470_0_i_10_n_0
    SLICE_X90Y74         MUXF7 (Prop_muxf7_I1_O)      0.214  7675.615 r  u_core/u_fabric/i___470_0_i_5/O
                         net (fo=2, routed)           0.729  7676.344    u_core/u_fabric/i___470_0_i_5_n_0
    SLICE_X80Y73         LUT6 (Prop_lut6_I4_O)        0.297  7676.641 r  u_core/u_fabric/q_i_51__6/O
                         net (fo=1, routed)           0.726  7677.367    u_core/u_fabric/q_i_51__6_n_0
    SLICE_X67Y67         LUT5 (Prop_lut5_I2_O)        0.124  7677.491 r  u_core/u_fabric/q_i_50__9/O
                         net (fo=1, routed)           0.883  7678.374    u_core/u_fabric/q_i_50__9_n_0
    SLICE_X56Y55         LUT6 (Prop_lut6_I2_O)        0.124  7678.498 r  u_core/u_fabric/q_i_49__3/O
                         net (fo=1, routed)           1.266  7679.764    u_core/u_store/q_i_34__52_0
    SLICE_X53Y28         LUT6 (Prop_lut6_I2_O)        0.124  7679.888 r  u_core/u_store/q_i_46__56/O
                         net (fo=1, routed)           1.463  7681.351    u_core/u_store/u_fabric/r5842
    SLICE_X28Y19         LUT6 (Prop_lut6_I4_O)        0.124  7681.475 r  u_core/u_store/q_i_34__52/O
                         net (fo=16, routed)          0.767  7682.242    u_core/u_store/u_fabric/r381
    SLICE_X17Y18         LUT6 (Prop_lut6_I2_O)        0.124  7682.366 r  u_core/u_store/q_i_42__2/O
                         net (fo=1, routed)           0.604  7682.970    u_core/u_store/u_fabric/u_clb_x6y1/t_104
    SLICE_X14Y15         LUT6 (Prop_lut6_I5_O)        0.124  7683.094 r  u_core/u_store/q_i_18__0/O
                         net (fo=1, routed)           0.171  7683.265    u_core/u_fabric/u_clb_x7y7/t_122_102
    SLICE_X14Y15         LUT5 (Prop_lut5_I4_O)        0.124  7683.389 r  u_core/u_fabric/u_clb_x7y7/q_i_8__1/O
                         net (fo=2, routed)           0.646  7684.034    u_core/u_fabric/u_clb_x7y7/t_125_2
    SLICE_X23Y13         LUT6 (Prop_lut6_I1_O)        0.124  7684.158 r  u_core/u_fabric/u_clb_x7y7/q_i_3__88/O
                         net (fo=3, routed)           0.995  7685.153    u_core/u_fabric/u_clb_x6y1/comb_1
    SLICE_X25Y21         LUT3 (Prop_lut3_I2_O)        0.124  7685.277 r  u_core/u_fabric/u_clb_x6y1/user_dr[8]_i_2/O
                         net (fo=4, routed)           0.416  7685.693    u_core/u_fabric/clb_o[3]
    SLICE_X25Y21         LUT6 (Prop_lut6_I5_O)        0.124  7685.817 r  u_core/u_fabric/i___427_0_i_2/O
                         net (fo=14, routed)          0.466  7686.283    u_core/u_fabric/r5906
    SLICE_X24Y21         LUT6 (Prop_lut6_I5_O)        0.124  7686.407 r  u_core/u_fabric/i___91_i_18/O
                         net (fo=2, routed)           0.670  7687.078    u_core/u_fabric/i___91_i_18_n_0
    SLICE_X24Y21         LUT5 (Prop_lut5_I2_O)        0.124  7687.202 r  u_core/u_fabric/i___91_i_14/O
                         net (fo=8, routed)           1.119  7688.321    u_core/u_fabric/r4511
    SLICE_X40Y15         LUT6 (Prop_lut6_I5_O)        0.124  7688.445 r  u_core/u_fabric/i___424_0_i_5/O
                         net (fo=1, routed)           0.648  7689.093    u_core/u_fabric/i___424_0_i_5_n_0
    SLICE_X46Y14         LUT5 (Prop_lut5_I4_O)        0.124  7689.217 r  u_core/u_fabric/i___424_0_i_2/O
                         net (fo=1, routed)           0.162  7689.379    u_core/u_fabric/i___424_0_i_2_n_0
    SLICE_X46Y14         LUT5 (Prop_lut5_I0_O)        0.124  7689.503 r  u_core/u_fabric/i___424_0_i_1/O
                         net (fo=7, routed)           0.811  7690.314    u_core/u_fabric/r5753
    SLICE_X51Y23         LUT6 (Prop_lut6_I5_O)        0.124  7690.438 r  u_core/u_fabric/i___124_i_8/O
                         net (fo=3, routed)           1.407  7691.845    u_core/u_fabric/i___124_i_8_n_0
    SLICE_X79Y15         LUT6 (Prop_lut6_I3_O)        0.124  7691.969 r  u_core/u_fabric/i___440_0_i_5/O
                         net (fo=1, routed)           0.849  7692.818    u_core/u_fabric/i___440_0_i_5_n_0
    SLICE_X90Y15         LUT5 (Prop_lut5_I0_O)        0.124  7692.942 r  u_core/u_fabric/i___440_0_i_3/O
                         net (fo=9, routed)           1.200  7694.142    u_core/u_fabric/r5466
    SLICE_X76Y2          LUT5 (Prop_lut5_I4_O)        0.124  7694.266 r  u_core/u_fabric/i___85_i_19/O
                         net (fo=5, routed)           1.174  7695.440    u_core/u_fabric/r4692
    SLICE_X73Y27         LUT5 (Prop_lut5_I1_O)        0.124  7695.564 r  u_core/u_fabric/i___446_0_i_17/O
                         net (fo=1, routed)           0.151  7695.716    u_core/u_fabric/i___446_0_i_17_n_0
    SLICE_X73Y27         LUT5 (Prop_lut5_I4_O)        0.124  7695.840 r  u_core/u_fabric/i___446_0_i_11/O
                         net (fo=1, routed)           0.000  7695.840    u_core/u_fabric/i___446_0_i_11_n_0
    SLICE_X73Y27         MUXF7 (Prop_muxf7_I0_O)      0.212  7696.052 r  u_core/u_fabric/i___446_0_i_7/O
                         net (fo=12, routed)          1.056  7697.107    u_core/u_fabric/r5617
    SLICE_X90Y26         LUT6 (Prop_lut6_I3_O)        0.299  7697.406 r  u_core/u_fabric/i___173_i_4/O
                         net (fo=9, routed)           1.747  7699.153    u_core/u_fabric/r4286
    SLICE_X34Y22         LUT5 (Prop_lut5_I4_O)        0.124  7699.277 r  u_core/u_fabric/i___61_i_5/O
                         net (fo=1, routed)           0.000  7699.277    u_core/u_fabric/i___61_i_5_n_0
    SLICE_X34Y22         MUXF7 (Prop_muxf7_I0_O)      0.209  7699.486 r  u_core/u_fabric/i___61_i_3/O
                         net (fo=9, routed)           1.557  7701.043    u_core/u_fabric/r4300
    SLICE_X53Y44         LUT6 (Prop_lut6_I5_O)        0.297  7701.340 r  u_core/u_fabric/d_q[3]_i_2__0/O
                         net (fo=1, routed)           0.863  7702.203    u_core/u_store/r792
    SLICE_X32Y45         LUT3 (Prop_lut3_I2_O)        0.124  7702.327 r  u_core/u_store/d_q[3]_i_1/O
                         net (fo=3, routed)           1.003  7703.330    u_core/u_store/drive_reg[115][3]
    SLICE_X26Y44         LUT5 (Prop_lut5_I2_O)        0.124  7703.454 r  u_core/u_store/i__carry_i_5__1/O
                         net (fo=1, routed)           0.000  7703.454    u_core/u_fabric/u_dsp0/u_core/m_c_0[3]
    SLICE_X26Y44         CARRY4 (Prop_carry4_S[3]_CO[3])
                                                      0.376  7703.830 r  u_core/u_fabric/u_dsp0/u_core/__5/i__carry/CO[3]
                         net (fo=1, routed)           0.000  7703.830    u_core/u_fabric/u_dsp0/u_core/__5/i__carry_n_0
    SLICE_X26Y45         CARRY4 (Prop_carry4_CI_O[2])
                                                      0.239  7704.069 r  u_core/u_fabric/u_dsp0/u_core/__5/i__carry__0/O[2]
                         net (fo=1, routed)           0.296  7704.364    u_core/u_store/m_c_12[2]
    SLICE_X27Y45         LUT3 (Prop_lut3_I0_O)        0.301  7704.665 r  u_core/u_store/m_c_i_37/O
                         net (fo=1, routed)           0.940  7705.604    u_core/u_fabric/u_dsp0/u_core/A[6]
    DSP48_X1Y18          DSP48E1 (Prop_dsp48e1_A[6]_P[2])
                                                      3.841  7709.445 r  u_core/u_fabric/u_dsp0/u_core/m_c/P[2]
                         net (fo=3, routed)           1.427  7710.872    u_core/u_fabric/u_dsp0/u_core/m_c__0[2]
    SLICE_X34Y45         LUT3 (Prop_lut3_I2_O)        0.153  7711.025 r  u_core/u_fabric/u_dsp0/u_core/i__carry_i_2/O
                         net (fo=1, routed)           0.000  7711.025    u_core/u_fabric/u_dsp0/u_core/m_x[2]
    SLICE_X34Y45         CARRY4 (Prop_carry4_DI[2]_CO[3])
                                                      0.327  7711.352 r  u_core/u_fabric/u_dsp0/u_core/__10/i__carry/CO[3]
                         net (fo=1, routed)           0.000  7711.352    u_core/u_fabric/u_dsp0/u_core/__10/i__carry_n_0
    SLICE_X34Y46         CARRY4 (Prop_carry4_CI_O[0])
                                                      0.232  7711.584 r  u_core/u_fabric/u_dsp0/u_core/__10/i__carry__0/O[0]
                         net (fo=2, routed)           0.577  7712.161    u_core/u_fabric/u_dsp0/u_core/__10/i__carry__0_n_7
    SLICE_X35Y45         LUT3 (Prop_lut3_I2_O)        0.295  7712.456 r  u_core/u_fabric/u_dsp0/u_core/sr[4]_i_2/O
                         net (fo=3, routed)           1.509  7713.964    u_core/u_fabric/dsp_p[4]
    SLICE_X60Y59         LUT5 (Prop_lut5_I4_O)        0.124  7714.088 r  u_core/u_fabric/i___273_i_11/O
                         net (fo=2, routed)           0.169  7714.257    u_core/u_fabric/i___273_i_11_n_0
    SLICE_X60Y59         LUT5 (Prop_lut5_I4_O)        0.124  7714.381 r  u_core/u_fabric/i___273_i_4/O
                         net (fo=17, routed)          0.772  7715.153    u_core/u_fabric/r6098
    SLICE_X50Y60         LUT5 (Prop_lut5_I2_O)        0.124  7715.277 r  u_core/u_fabric/i___48_i_3/O
                         net (fo=1, routed)           0.312  7715.589    u_core/u_fabric/i___48_i_3_n_0
    SLICE_X50Y59         LUT5 (Prop_lut5_I2_O)        0.124  7715.713 r  u_core/u_fabric/i___48_i_1/O
                         net (fo=14, routed)          1.141  7716.854    u_core/u_fabric/r6112
    SLICE_X55Y51         LUT6 (Prop_lut6_I5_O)        0.124  7716.978 r  u_core/u_fabric/c_q[13]_i_2/O
                         net (fo=1, routed)           1.102  7718.080    u_core/u_store/r2981
    SLICE_X32Y52         LUT3 (Prop_lut3_I2_O)        0.124  7718.204 r  u_core/u_store/c_q[13]_i_1__0/O
                         net (fo=2, routed)           0.294  7718.498    u_core/u_store/drive_reg[214][13]
    SLICE_X32Y52         LUT5 (Prop_lut5_I4_O)        0.124  7718.622 r  u_core/u_store/i__carry__2_i_11__0/O
                         net (fo=1, routed)           0.527  7719.149    u_core/u_store/i__carry__2_i_11__0_n_0
    SLICE_X28Y52         LUT5 (Prop_lut5_I4_O)        0.124  7719.273 r  u_core/u_store/i__carry__2_i_7__0/O
                         net (fo=1, routed)           0.000  7719.273    u_core/u_fabric/u_dsp1/u_core/p_q_reg[15]_0[1]
    SLICE_X28Y52         CARRY4 (Prop_carry4_S[1]_O[1])
                                                      0.227  7719.500 r  u_core/u_fabric/u_dsp1/u_core/__10/i__carry__2/O[1]
                         net (fo=2, routed)           0.411  7719.912    u_core/u_fabric/u_dsp1/u_core/__10/i__carry__2_n_6
    SLICE_X29Y52         LUT3 (Prop_lut3_I2_O)        0.303  7720.215 r  u_core/u_fabric/u_dsp1/u_core/i___290_i_6/O
                         net (fo=3, routed)           1.292  7721.507    u_core/u_fabric/dsp_p[61]
    SLICE_X48Y62         LUT5 (Prop_lut5_I4_O)        0.124  7721.631 r  u_core/u_fabric/i___290_i_1/O
                         net (fo=2, routed)           0.169  7721.800    u_core/u_fabric/i___290_i_1_n_0
    SLICE_X48Y62         LUT5 (Prop_lut5_I4_O)        0.124  7721.924 r  u_core/u_fabric/i___298_i_13/O
                         net (fo=17, routed)          0.960  7722.884    u_core/u_fabric/r6095
    SLICE_X36Y61         LUT4 (Prop_lut4_I3_O)        0.124  7723.008 r  u_core/u_fabric/a_q[17]_i_3/O
                         net (fo=1, routed)           0.492  7723.500    u_core/u_fabric/a_q[17]_i_3_n_0
    SLICE_X36Y61         LUT6 (Prop_lut6_I5_O)        0.124  7723.624 r  u_core/u_fabric/a_q[17]_i_2__0/O
                         net (fo=1, routed)           1.441  7725.064    u_core/u_store/r2856
    SLICE_X18Y49         LUT3 (Prop_lut3_I2_O)        0.124  7725.188 r  u_core/u_store/a_q[17]_i_1__0/O
                         net (fo=2, routed)           0.173  7725.361    u_core/u_store/drive_reg[148][17]
    SLICE_X18Y49         LUT3 (Prop_lut3_I2_O)        0.124  7725.485 r  u_core/u_store/m_c_i_46__0/O
                         net (fo=2, routed)           0.586  7726.071    u_core/u_store/u_fabric/u_dsp1/u_core/a_v__24[17]
    SLICE_X19Y49         LUT3 (Prop_lut3_I2_O)        0.124  7726.195 r  u_core/u_store/m_c_i_26__0/O
                         net (fo=1, routed)           0.540  7726.735    u_core/u_fabric/u_dsp1/u_core/m_c_2[17]
    DSP48_X1Y19          DSP48E1 (Prop_dsp48e1_A[17]_P[36])
                                                      3.841  7730.576 r  u_core/u_fabric/u_dsp1/u_core/m_c/P[36]
                         net (fo=2, routed)           1.221  7731.797    u_core/u_fabric/u_dsp1/u_core/m_c__0[36]
    SLICE_X27Y57         LUT3 (Prop_lut3_I2_O)        0.124  7731.921 r  u_core/u_fabric/u_dsp1/u_core/i__carry__8_i_4__0/O
                         net (fo=2, routed)           0.354  7732.275    u_core/u_fabric/u_dsp1/u_core/m_x[36]
    SLICE_X28Y58         CARRY4 (Prop_carry4_DI[0]_CO[3])
                                                      0.526  7732.801 r  u_core/u_fabric/u_dsp1/u_core/__10/i__carry__8/CO[3]
                         net (fo=1, routed)           0.000  7732.801    u_core/u_fabric/u_dsp1/u_core/__10/i__carry__8_n_0
    SLICE_X28Y59         CARRY4 (Prop_carry4_CI_CO[3])
                                                      0.114  7732.915 r  u_core/u_fabric/u_dsp1/u_core/__10/i__carry__9/CO[3]
                         net (fo=1, routed)           0.000  7732.915    u_core/u_fabric/u_dsp1/u_core/__10/i__carry__9_n_0
    SLICE_X28Y60         CARRY4 (Prop_carry4_CI_O[1])
                                                      0.348  7733.263 r  u_core/u_fabric/u_dsp1/u_core/__10/i__carry__10/O[1]
                         net (fo=2, routed)           0.503  7733.766    u_core/u_fabric/u_dsp1/u_core/__10/i__carry__10_n_6
    SLICE_X29Y60         LUT3 (Prop_lut3_I2_O)        0.303  7734.069 r  u_core/u_fabric/u_dsp1/u_core/sr[93]_i_2__0/O
                         net (fo=3, routed)           1.201  7735.270    u_core/u_fabric/dsp_p[93]
    SLICE_X42Y46         LUT5 (Prop_lut5_I1_O)        0.124  7735.394 r  u_core/u_fabric/c_q[45]_i_6/O
                         net (fo=1, routed)           0.000  7735.394    u_core/u_fabric/c_q[45]_i_6_n_0
    SLICE_X42Y46         MUXF7 (Prop_muxf7_I0_O)      0.209  7735.603 r  u_core/u_fabric/c_q_reg[45]_i_5/O
                         net (fo=1, routed)           0.452  7736.055    u_core/u_fabric/c_q_reg[45]_i_5_n_0
    SLICE_X42Y46         LUT6 (Prop_lut6_I5_O)        0.297  7736.352 r  u_core/u_fabric/c_q[45]_i_3__0/O
                         net (fo=19, routed)          1.350  7737.702    u_core/u_fabric/r6040
    SLICE_X56Y59         LUT4 (Prop_lut4_I3_O)        0.124  7737.826 r  u_core/u_fabric/i___326_i_7/O
                         net (fo=14, routed)          1.438  7739.263    u_core/u_fabric/r5051
    SLICE_X38Y32         LUT6 (Prop_lut6_I5_O)        0.124  7739.387 r  u_core/u_fabric/i___120_i_8/O
                         net (fo=1, routed)           0.162  7739.549    u_core/u_fabric/i___120_i_8_n_0
    SLICE_X38Y32         LUT6 (Prop_lut6_I0_O)        0.124  7739.673 r  u_core/u_fabric/i___120_i_4/O
                         net (fo=1, routed)           0.000  7739.673    u_core/u_fabric/i___120_i_4_n_0
    SLICE_X38Y32         MUXF7 (Prop_muxf7_I0_O)      0.209  7739.882 r  u_core/u_fabric/i___120_i_2/O
                         net (fo=15, routed)          1.361  7741.244    u_core/u_fabric/r5945
    SLICE_X21Y30         LUT6 (Prop_lut6_I5_O)        0.297  7741.541 r  u_core/u_fabric/i___159_i_17/O
                         net (fo=2, routed)           0.538  7742.079    u_core/u_fabric/i___159_i_17_n_0
    SLICE_X20Y30         LUT6 (Prop_lut6_I0_O)        0.124  7742.203 r  u_core/u_fabric/i___425_1_i_14/O
                         net (fo=1, routed)           1.087  7743.289    u_core/u_fabric/i___425_1_i_14_n_0
    SLICE_X19Y15         LUT5 (Prop_lut5_I0_O)        0.124  7743.413 r  u_core/u_fabric/i___425_1_i_9/O
                         net (fo=1, routed)           0.517  7743.930    u_core/u_fabric/i___425_1_i_9_n_0
    SLICE_X18Y15         LUT5 (Prop_lut5_I4_O)        0.124  7744.054 r  u_core/u_fabric/i___425_1_i_4/O
                         net (fo=1, routed)           0.558  7744.612    u_core/u_fabric/i___425_1_i_4_n_0
    SLICE_X15Y17         LUT6 (Prop_lut6_I2_O)        0.124  7744.736 r  u_core/u_fabric/i___425_1_i_1/O
                         net (fo=11, routed)          1.154  7745.890    u_core/u_fabric/r5841
    SLICE_X29Y22         LUT6 (Prop_lut6_I5_O)        0.124  7746.014 r  u_core/u_fabric/i___178_i_21/O
                         net (fo=1, routed)           0.433  7746.447    u_core/u_fabric/i___178_i_21_n_0
    SLICE_X29Y22         LUT5 (Prop_lut5_I4_O)        0.124  7746.571 r  u_core/u_fabric/i___178_i_16/O
                         net (fo=1, routed)           0.521  7747.093    u_core/u_fabric/i___178_i_16_n_0
    SLICE_X32Y22         LUT3 (Prop_lut3_I2_O)        0.124  7747.217 r  u_core/u_fabric/i___178_i_11/O
                         net (fo=8, routed)           0.635  7747.852    u_core/u_fabric/r4493
    SLICE_X35Y19         LUT5 (Prop_lut5_I4_O)        0.124  7747.976 r  u_core/u_fabric/i___151_i_29/O
                         net (fo=1, routed)           0.151  7748.127    u_core/u_fabric/i___151_i_29_n_0
    SLICE_X35Y19         LUT5 (Prop_lut5_I4_O)        0.124  7748.251 r  u_core/u_fabric/i___151_i_21/O
                         net (fo=7, routed)           0.773  7749.024    u_core/u_fabric/r5761
    SLICE_X44Y25         LUT6 (Prop_lut6_I5_O)        0.124  7749.148 r  u_core/u_fabric/i___284_i_12/O
                         net (fo=3, routed)           0.702  7749.851    u_core/u_fabric/r1130
    SLICE_X50Y20         LUT6 (Prop_lut6_I2_O)        0.124  7749.975 r  u_core/u_fabric/i___284_i_5/O
                         net (fo=13, routed)          1.631  7751.606    u_core/u_fabric/r4490
    SLICE_X19Y29         LUT6 (Prop_lut6_I5_O)        0.124  7751.730 r  u_core/u_fabric/q_i_43__6/O
                         net (fo=1, routed)           0.000  7751.730    u_core/u_fabric/q_i_43__6_n_0
    SLICE_X19Y29         MUXF7 (Prop_muxf7_I0_O)      0.212  7751.942 r  u_core/u_fabric/q_reg_i_19/O
                         net (fo=7, routed)           0.782  7752.724    u_core/u_fabric/r5917
    SLICE_X24Y27         LUT6 (Prop_lut6_I5_O)        0.299  7753.022 r  u_core/u_fabric/q_i_15__13/O
                         net (fo=3, routed)           0.668  7753.691    u_core/u_fabric/u_dsp1/u_core/r1182
    SLICE_X25Y22         LUT5 (Prop_lut5_I1_O)        0.124  7753.815 r  u_core/u_fabric/u_dsp1/u_core/q_i_8__7/O
                         net (fo=3, routed)           0.161  7753.976    u_core/u_store/lut_o6_641
    SLICE_X25Y22         LUT5 (Prop_lut5_I4_O)        0.124  7754.100 r  u_core/u_store/q_i_3__9/O
                         net (fo=3, routed)           0.499  7754.600    u_core/u_fabric/comb_541
    SLICE_X24Y26         LUT6 (Prop_lut6_I3_O)        0.124  7754.724 r  u_core/u_fabric/i___129__0_i_10/O
                         net (fo=1, routed)           0.629  7755.353    u_core/u_fabric/i___129__0_i_10_n_0
    SLICE_X23Y26         LUT5 (Prop_lut5_I4_O)        0.124  7755.477 r  u_core/u_fabric/i___129__0_i_4/O
                         net (fo=7, routed)           1.388  7756.864    u_core/u_fabric/r5909
    SLICE_X32Y24         LUT6 (Prop_lut6_I5_O)        0.124  7756.988 r  u_core/u_fabric/i___129__0_i_2/O
                         net (fo=2, routed)           0.502  7757.490    u_core/u_fabric/i___129__0_i_2_n_0
    SLICE_X32Y24         LUT6 (Prop_lut6_I5_O)        0.124  7757.614 r  u_core/u_fabric/i___129__0/O
                         net (fo=6, routed)           0.878  7758.492    u_core/u_fabric/r5762
    SLICE_X31Y25         LUT6 (Prop_lut6_I1_O)        0.124  7758.616 r  u_core/u_fabric/i___109_i_35/O
                         net (fo=1, routed)           0.000  7758.616    u_core/u_fabric/i___109_i_35_n_0
    SLICE_X31Y25         MUXF7 (Prop_muxf7_I1_O)      0.217  7758.833 r  u_core/u_fabric/i___109_i_29/O
                         net (fo=1, routed)           0.433  7759.267    u_core/u_fabric/i___109_i_29_n_0
    SLICE_X31Y25         LUT6 (Prop_lut6_I5_O)        0.299  7759.565 r  u_core/u_fabric/i___109_i_21/O
                         net (fo=8, routed)           0.938  7760.504    u_core/u_fabric/r4404
    SLICE_X20Y21         LUT6 (Prop_lut6_I5_O)        0.124  7760.628 r  u_core/u_fabric/i___185_i_9/O
                         net (fo=1, routed)           0.596  7761.224    u_core/u_fabric/i___185_i_9_n_0
    SLICE_X15Y21         LUT5 (Prop_lut5_I4_O)        0.124  7761.348 r  u_core/u_fabric/i___185_i_3/O
                         net (fo=2, routed)           0.433  7761.781    u_core/u_fabric/i___185_i_3_n_0
    SLICE_X15Y21         LUT6 (Prop_lut6_I4_O)        0.124  7761.905 r  u_core/u_fabric/i___185/O
                         net (fo=4, routed)           0.803  7762.708    u_core/u_store/q_reg_i_23__1_0
    SLICE_X21Y14         LUT6 (Prop_lut6_I1_O)        0.124  7762.832 r  u_core/u_store/q_i_39__4/O
                         net (fo=1, routed)           0.000  7762.832    u_core/u_store/u_fabric/u_clb_x6y2/t_79
    SLICE_X21Y14         MUXF7 (Prop_muxf7_I1_O)      0.217  7763.049 r  u_core/u_store/q_reg_i_23__1/O
                         net (fo=1, routed)           0.000  7763.049    u_core/u_store/u_fabric/u_clb_x6y2/t_103
    SLICE_X21Y14         MUXF8 (Prop_muxf8_I1_O)      0.094  7763.143 r  u_core/u_store/q_reg_i_12__3/O
                         net (fo=2, routed)           1.008  7764.151    u_core/u_store/t_115_95
    SLICE_X24Y19         LUT5 (Prop_lut5_I0_O)        0.316  7764.467 r  u_core/u_store/q_i_7__16/O
                         net (fo=4, routed)           0.519  7764.986    u_core/u_store/r1177
    SLICE_X25Y19         LUT3 (Prop_lut3_I0_O)        0.124  7765.110 r  u_core/u_store/q_i_16__5/O
                         net (fo=2, routed)           0.641  7765.751    u_core/u_store/di_100
    SLICE_X25Y26         LUT4 (Prop_lut4_I1_O)        0.124  7765.875 r  u_core/u_store/q_i_8__8/O
                         net (fo=2, routed)           0.414  7766.290    u_core/u_store/u_fabric/r1178
    SLICE_X25Y26         LUT4 (Prop_lut4_I3_O)        0.124  7766.414 r  u_core/u_store/q_i_6__17/O
                         net (fo=2, routed)           1.224  7767.638    u_core/u_store/u_fabric/r1446
    SLICE_X40Y30         LUT5 (Prop_lut5_I0_O)        0.124  7767.762 r  u_core/u_store/q_i_3__29/O
                         net (fo=3, routed)           0.652  7768.415    u_core/u_fabric/comb_524
    SLICE_X32Y30         LUT6 (Prop_lut6_I3_O)        0.124  7768.539 r  u_core/u_fabric/i___206_i_9/O
                         net (fo=1, routed)           0.492  7769.030    u_core/u_fabric/i___206_i_9_n_0
    SLICE_X32Y30         LUT5 (Prop_lut5_I4_O)        0.124  7769.154 r  u_core/u_fabric/i___206_i_5/O
                         net (fo=14, routed)          0.853  7770.007    u_core/u_fabric/r5942
    SLICE_X20Y30         LUT6 (Prop_lut6_I3_O)        0.124  7770.131 r  u_core/u_fabric/i___159_i_26/O
                         net (fo=1, routed)           0.000  7770.131    u_core/u_fabric/i___159_i_26_n_0
    SLICE_X20Y30         MUXF7 (Prop_muxf7_I1_O)      0.214  7770.345 r  u_core/u_fabric/i___159_i_18/O
                         net (fo=2, routed)           0.661  7771.005    u_core/u_fabric/i___159_i_18_n_0
    SLICE_X21Y30         LUT4 (Prop_lut4_I3_O)        0.297  7771.302 r  u_core/u_fabric/i___159_i_8/O
                         net (fo=12, routed)          1.410  7772.713    u_core/u_fabric/r4837
    SLICE_X24Y11         LUT6 (Prop_lut6_I5_O)        0.124  7772.837 r  u_core/u_fabric/i___74_i_6/O
                         net (fo=1, routed)           0.669  7773.506    u_core/u_fabric/i___74_i_6_n_0
    SLICE_X24Y11         LUT5 (Prop_lut5_I2_O)        0.124  7773.630 r  u_core/u_fabric/i___74_i_3/O
                         net (fo=15, routed)          0.335  7773.965    u_core/u_fabric/r5880
    SLICE_X25Y9          LUT6 (Prop_lut6_I3_O)        0.124  7774.089 r  u_core/u_fabric/i___179_i_12/O
                         net (fo=1, routed)           0.402  7774.491    u_core/u_fabric/i___179_i_12_n_0
    SLICE_X25Y9          LUT5 (Prop_lut5_I0_O)        0.124  7774.615 r  u_core/u_fabric/i___179_i_7/O
                         net (fo=5, routed)           1.360  7775.975    u_core/u_fabric/r5055
    SLICE_X45Y9          LUT6 (Prop_lut6_I3_O)        0.124  7776.099 r  u_core/u_fabric/i___141_i_14/O
                         net (fo=1, routed)           0.000  7776.099    u_core/u_fabric/i___141_i_14_n_0
    SLICE_X45Y9          MUXF7 (Prop_muxf7_I1_O)      0.217  7776.316 r  u_core/u_fabric/i___141_i_8/O
                         net (fo=1, routed)           0.436  7776.752    u_core/u_fabric/i___141_i_8_n_0
    SLICE_X45Y9          LUT6 (Prop_lut6_I5_O)        0.299  7777.051 r  u_core/u_fabric/i___141_i_2/O
                         net (fo=16, routed)          0.637  7777.689    u_core/u_fabric/r5711
    SLICE_X43Y11         LUT6 (Prop_lut6_I5_O)        0.124  7777.813 r  u_core/u_fabric/i___163_i_10/O
                         net (fo=1, routed)           0.000  7777.813    u_core/u_fabric/i___163_i_10_n_0
    SLICE_X43Y11         MUXF7 (Prop_muxf7_I0_O)      0.212  7778.025 r  u_core/u_fabric/i___163_i_8/O
                         net (fo=2, routed)           0.405  7778.430    u_core/u_fabric/i___163_i_8_n_0
    SLICE_X43Y12         LUT5 (Prop_lut5_I4_O)        0.293  7778.723 r  u_core/u_fabric/i___163_i_2/O
                         net (fo=15, routed)          0.723  7779.446    u_core/u_fabric/r5788
    SLICE_X48Y18         LUT6 (Prop_lut6_I5_O)        0.326  7779.772 r  u_core/u_fabric/i___141_i_31/O
                         net (fo=1, routed)           0.158  7779.930    u_core/u_fabric/i___141_i_31_n_0
    SLICE_X48Y18         LUT5 (Prop_lut5_I2_O)        0.124  7780.054 r  u_core/u_fabric/i___141_i_27/O
                         net (fo=2, routed)           0.993  7781.047    u_core/u_fabric/r5053
    SLICE_X50Y7          LUT3 (Prop_lut3_I2_O)        0.124  7781.171 r  u_core/u_fabric/i___141_i_24/O
                         net (fo=2, routed)           0.311  7781.482    u_core/u_fabric/i___141_i_24_n_0
    SLICE_X50Y6          LUT5 (Prop_lut5_I4_O)        0.124  7781.606 r  u_core/u_fabric/i___141_i_16/O
                         net (fo=1, routed)           0.573  7782.180    u_core/u_fabric/i___141_i_16_n_0
    SLICE_X50Y3          LUT5 (Prop_lut5_I2_O)        0.124  7782.304 r  u_core/u_fabric/i___141_i_9/O
                         net (fo=12, routed)          0.500  7782.804    u_core/u_fabric/r5713
    SLICE_X51Y7          LUT6 (Prop_lut6_I5_O)        0.124  7782.928 r  u_core/u_fabric/i___291_i_32/O
                         net (fo=8, routed)           0.675  7783.604    u_core/u_fabric/u_dsp0/u_core/r3216
    SLICE_X51Y10         MUXF7 (Prop_muxf7_S_O)       0.296  7783.899 r  u_core/u_fabric/u_dsp0/u_core/i___291_i_24/O
                         net (fo=1, routed)           0.000  7783.899    u_core/u_fabric/u_dsp0/u_core/u_clb_x4y7/t_112
    SLICE_X51Y10         MUXF8 (Prop_muxf8_I0_O)      0.104  7784.003 r  u_core/u_fabric/u_dsp0/u_core/i___291_i_12/O
                         net (fo=3, routed)           0.792  7784.796    u_core/u_fabric/t_120_50
    SLICE_X48Y7          LUT6 (Prop_lut6_I1_O)        0.316  7785.112 r  u_core/u_fabric/i___291_i_5/O
                         net (fo=13, routed)          0.817  7785.929    u_core/u_fabric/r5036
    SLICE_X50Y14         LUT5 (Prop_lut5_I4_O)        0.124  7786.053 r  u_core/u_fabric/i___166_i_10/O
                         net (fo=1, routed)           0.480  7786.534    u_core/u_fabric/i___166_i_10_n_0
    SLICE_X51Y14         LUT5 (Prop_lut5_I4_O)        0.124  7786.658 r  u_core/u_fabric/i___166_i_3/O
                         net (fo=14, routed)          0.726  7787.383    u_core/u_fabric/r5791
    SLICE_X54Y12         LUT3 (Prop_lut3_I1_O)        0.124  7787.507 r  u_core/u_fabric/i___312_i_1/O
                         net (fo=1, routed)           0.282  7787.790    u_core/u_fabric/i___312_i_1_n_0
    SLICE_X54Y12         LUT6 (Prop_lut6_I4_O)        0.124  7787.914 r  u_core/u_fabric/i___312/O
                         net (fo=2, routed)           0.668  7788.582    u_core/u_fabric/i___312_n_0
    SLICE_X58Y17         LUT3 (Prop_lut3_I0_O)        0.124  7788.706 r  u_core/u_fabric/mem_reg_i_209/O
                         net (fo=1, routed)           0.658  7789.364    u_core/u_fabric/r4613
    SLICE_X59Y17         LUT5 (Prop_lut5_I0_O)        0.124  7789.488 r  u_core/u_fabric/mem_reg_i_185/O
                         net (fo=1, routed)           0.263  7789.751    u_core/u_fabric/mem_reg_i_185_n_0
    SLICE_X59Y17         LUT5 (Prop_lut5_I4_O)        0.124  7789.875 r  u_core/u_fabric/mem_reg_i_142__0/O
                         net (fo=11, routed)          0.984  7790.859    u_core/u_fabric/r5677
    SLICE_X50Y19         LUT4 (Prop_lut4_I3_O)        0.124  7790.983 r  u_core/u_fabric/q_i_21__28/O
                         net (fo=1, routed)           0.162  7791.146    u_core/u_fabric/q_i_21__28_n_0
    SLICE_X50Y19         LUT6 (Prop_lut6_I5_O)        0.124  7791.270 r  u_core/u_fabric/q_i_17__10__0/O
                         net (fo=17, routed)          1.066  7792.336    u_core/u_store/r1402
    SLICE_X49Y4          LUT6 (Prop_lut6_I4_O)        0.124  7792.460 r  u_core/u_store/i___295_i_33/O
                         net (fo=1, routed)           0.000  7792.460    u_core/u_store/u_fabric/u_clb_x4y3/t_99
    SLICE_X49Y4          MUXF7 (Prop_muxf7_I1_O)      0.217  7792.677 r  u_core/u_store/i___295_i_18/O
                         net (fo=1, routed)           0.000  7792.677    u_core/u_store/u_fabric/u_clb_x4y3/t_113
    SLICE_X49Y4          MUXF8 (Prop_muxf8_I1_O)      0.094  7792.771 r  u_core/u_store/i___295_i_10/O
                         net (fo=3, routed)           0.673  7793.444    u_core/u_fabric/t_120_168
    SLICE_X51Y9          LUT6 (Prop_lut6_I1_O)        0.316  7793.760 r  u_core/u_fabric/i___295_i_5/O
                         net (fo=13, routed)          0.568  7794.328    u_core/u_fabric/r4604
    SLICE_X51Y11         LUT6 (Prop_lut6_I5_O)        0.124  7794.452 r  u_core/u_fabric/i___182_i_13/O
                         net (fo=2, routed)           0.362  7794.814    u_core/u_fabric/i___182_i_13_n_0
    SLICE_X50Y11         LUT5 (Prop_lut5_I4_O)        0.124  7794.938 r  u_core/u_fabric/i___283_i_17/O
                         net (fo=1, routed)           0.709  7795.647    u_core/u_fabric/i___283_i_17_n_0
    SLICE_X52Y24         LUT6 (Prop_lut6_I2_O)        0.124  7795.771 r  u_core/u_fabric/i___283_i_8/O
                         net (fo=2, routed)           0.551  7796.322    u_core/u_fabric/r4393
    SLICE_X59Y23         LUT6 (Prop_lut6_I5_O)        0.124  7796.446 r  u_core/u_fabric/i___283_i_2/O
                         net (fo=2, routed)           0.313  7796.759    u_core/u_fabric/i___283_i_2_n_0
    SLICE_X59Y22         LUT6 (Prop_lut6_I2_O)        0.124  7796.883 r  u_core/u_fabric/i___283/O
                         net (fo=1, routed)           0.830  7797.713    u_core/u_store/user_dr[6]_i_4_0
    SLICE_X55Y11         LUT6 (Prop_lut6_I1_O)        0.124  7797.837 r  u_core/u_store/user_dr[6]_i_5/O
                         net (fo=1, routed)           0.292  7798.129    u_core/u_store/u_fabric/u_clb_x4y1/t_119
    SLICE_X55Y12         LUT5 (Prop_lut5_I0_O)        0.124  7798.253 r  u_core/u_store/user_dr[6]_i_4/O
                         net (fo=1, routed)           0.538  7798.792    u_core/u_fabric/t_125_99
    SLICE_X53Y14         LUT4 (Prop_lut4_I2_O)        0.124  7798.916 r  u_core/u_fabric/user_dr[6]_i_3/O
                         net (fo=1, routed)           0.547  7799.462    u_core/u_fabric/u_clb_x4y1/user_dr_reg[6]
    SLICE_X53Y17         LUT6 (Prop_lut6_I5_O)        0.124  7799.586 r  u_core/u_fabric/u_clb_x4y1/user_dr[6]_i_2/O
                         net (fo=3, routed)           0.710  7800.297    u_core/u_fabric/clb_o[2]
    SLICE_X53Y23         LUT6 (Prop_lut6_I5_O)        0.124  7800.421 r  u_core/u_fabric/i___423_0_i_1/O
                         net (fo=15, routed)          1.069  7801.490    u_core/u_fabric/r5750
    SLICE_X36Y14         LUT6 (Prop_lut6_I5_O)        0.124  7801.614 r  u_core/u_fabric/i___434_1_i_6/O
                         net (fo=1, routed)           0.161  7801.775    u_core/u_fabric/i___434_1_i_6_n_0
    SLICE_X36Y14         LUT5 (Prop_lut5_I2_O)        0.124  7801.899 r  u_core/u_fabric/i___434_1_i_5/O
                         net (fo=2, routed)           1.540  7803.440    u_core/u_fabric/r4507
    SLICE_X62Y18         LUT6 (Prop_lut6_I5_O)        0.124  7803.564 r  u_core/u_fabric/i___434_1_i_3/O
                         net (fo=1, routed)           0.286  7803.851    u_core/u_fabric/i___434_1_i_3_n_0
    SLICE_X62Y18         LUT5 (Prop_lut5_I2_O)        0.124  7803.975 r  u_core/u_fabric/i___434_1_i_1/O
                         net (fo=14, routed)          1.196  7805.170    u_core/u_fabric/r5704
    SLICE_X46Y25         LUT5 (Prop_lut5_I4_O)        0.124  7805.294 r  u_core/u_fabric/i___26_i_17/O
                         net (fo=8, routed)           1.669  7806.963    u_core/u_fabric/r4940
    SLICE_X22Y10         LUT5 (Prop_lut5_I2_O)        0.124  7807.087 r  u_core/u_fabric/i___228_i_10/O
                         net (fo=1, routed)           0.000  7807.087    u_core/u_fabric/i___228_i_10_n_0
    SLICE_X22Y10         MUXF7 (Prop_muxf7_I1_O)      0.214  7807.301 r  u_core/u_fabric/i___228_i_5/O
                         net (fo=2, routed)           0.466  7807.767    u_core/u_fabric/i___228_i_5_n_0
    SLICE_X21Y12         LUT3 (Prop_lut3_I2_O)        0.297  7808.064 r  u_core/u_fabric/i___228_i_2/O
                         net (fo=14, routed)          0.881  7808.945    u_core/u_fabric/r5861
    SLICE_X16Y20         LUT5 (Prop_lut5_I4_O)        0.124  7809.069 r  u_core/u_fabric/i___175_i_20/O
                         net (fo=1, routed)           0.429  7809.498    u_core/u_fabric/i___175_i_20_n_0
    SLICE_X16Y21         LUT6 (Prop_lut6_I0_O)        0.124  7809.622 r  u_core/u_fabric/i___175_i_14/O
                         net (fo=5, routed)           1.612  7811.234    u_core/u_fabric/r4737
    SLICE_X52Y15         LUT6 (Prop_lut6_I5_O)        0.124  7811.358 r  u_core/u_fabric/i___175_i_39/O
                         net (fo=1, routed)           0.000  7811.358    u_core/u_fabric/i___175_i_39_n_0
    SLICE_X52Y15         MUXF7 (Prop_muxf7_I1_O)      0.217  7811.575 r  u_core/u_fabric/i___175_i_25/O
                         net (fo=1, routed)           0.436  7812.012    u_core/u_fabric/i___175_i_25_n_0
    SLICE_X52Y15         LUT5 (Prop_lut5_I4_O)        0.299  7812.311 r  u_core/u_fabric/i___175_i_15/O
                         net (fo=3, routed)           0.944  7813.255    u_core/u_fabric/r4719
    SLICE_X59Y25         LUT5 (Prop_lut5_I1_O)        0.124  7813.379 r  u_core/u_fabric/i___175_i_7/O
                         net (fo=1, routed)           0.151  7813.530    u_core/u_fabric/i___175_i_7_n_0
    SLICE_X59Y25         LUT5 (Prop_lut5_I4_O)        0.124  7813.654 r  u_core/u_fabric/i___175_i_2/O
                         net (fo=13, routed)          1.303  7814.958    u_core/u_fabric/r5718
    SLICE_X48Y8          LUT6 (Prop_lut6_I5_O)        0.124  7815.082 r  u_core/u_fabric/i___112_i_9/O
                         net (fo=1, routed)           0.302  7815.384    u_core/u_fabric/i___112_i_9_n_0
    SLICE_X48Y10         LUT6 (Prop_lut6_I2_O)        0.124  7815.508 r  u_core/u_fabric/i___112_i_6/O
                         net (fo=1, routed)           0.000  7815.508    u_core/u_fabric/i___112_i_6_n_0
    SLICE_X48Y10         MUXF7 (Prop_muxf7_I0_O)      0.212  7815.720 r  u_core/u_fabric/i___112_i_3/O
                         net (fo=14, routed)          0.649  7816.369    u_core/u_fabric/r5785
    SLICE_X50Y11         LUT6 (Prop_lut6_I4_O)        0.299  7816.668 r  u_core/u_fabric/i___112/O
                         net (fo=2, routed)           0.171  7816.839    u_core/u_fabric/i___112_n_0
    SLICE_X50Y11         LUT3 (Prop_lut3_I0_O)        0.124  7816.963 r  u_core/u_fabric/i___182_i_9/O
                         net (fo=10, routed)          0.802  7817.765    u_core/u_fabric/r5771
    SLICE_X40Y13         LUT4 (Prop_lut4_I0_O)        0.124  7817.889 r  u_core/u_fabric/q_i_30__6/O
                         net (fo=1, routed)           0.537  7818.426    u_core/u_fabric/q_i_30__6_n_0
    SLICE_X40Y13         LUT6 (Prop_lut6_I0_O)        0.124  7818.550 r  u_core/u_fabric/q_i_13__20/O
                         net (fo=4, routed)           0.739  7819.289    u_core/u_fabric/u_clb_x4y2/r324
    SLICE_X41Y13         LUT5 (Prop_lut5_I3_O)        0.124  7819.413 r  u_core/u_fabric/u_clb_x4y2/q_i_7__3/O
                         net (fo=6, routed)           1.002  7820.415    u_core/u_store/r319
    SLICE_X54Y14         LUT5 (Prop_lut5_I4_O)        0.124  7820.539 r  u_core/u_store/q_i_8__0/O
                         net (fo=4, routed)           0.648  7821.187    u_core/u_store/lut_o6_29
    SLICE_X53Y14         LUT5 (Prop_lut5_I4_O)        0.124  7821.311 r  u_core/u_store/q_i_3__1/O
                         net (fo=2, routed)           0.616  7821.927    u_core/u_fabric/comb_478
    SLICE_X48Y17         LUT4 (Prop_lut4_I1_O)        0.124  7822.051 r  u_core/u_fabric/i___423_1_i_14/O
                         net (fo=1, routed)           0.406  7822.458    u_core/u_fabric/i___423_1_i_14_n_0
    SLICE_X49Y19         LUT5 (Prop_lut5_I4_O)        0.124  7822.582 r  u_core/u_fabric/i___423_1_i_6/O
                         net (fo=1, routed)           0.289  7822.871    u_core/u_fabric/i___423_1_i_6_n_0
    SLICE_X49Y20         LUT5 (Prop_lut5_I4_O)        0.124  7822.995 r  u_core/u_fabric/i___423_1_i_2/O
                         net (fo=3, routed)           0.739  7823.734    u_core/u_fabric/r5751
    SLICE_X49Y23         LUT6 (Prop_lut6_I3_O)        0.124  7823.858 r  u_core/u_fabric/i___446_1_i_5/O
                         net (fo=1, routed)           0.000  7823.858    u_core/u_fabric/i___446_1_i_5_n_0
    SLICE_X49Y23         MUXF7 (Prop_muxf7_I1_O)      0.217  7824.075 r  u_core/u_fabric/i___446_1_i_3/O
                         net (fo=2, routed)           0.303  7824.377    u_core/u_fabric/i___446_1_i_3_n_0
    SLICE_X49Y24         LUT6 (Prop_lut6_I5_O)        0.299  7824.676 r  u_core/u_fabric/i___446_1_i_2/O
                         net (fo=14, routed)          0.447  7825.123    u_core/u_fabric/r4263
    SLICE_X53Y24         LUT6 (Prop_lut6_I5_O)        0.124  7825.247 r  u_core/u_fabric/mem_reg_i_165/O
                         net (fo=2, routed)           0.662  7825.910    u_core/u_fabric/r5694
    SLICE_X46Y25         LUT5 (Prop_lut5_I0_O)        0.124  7826.034 r  u_core/u_fabric/i___109_i_18/O
                         net (fo=11, routed)          0.997  7827.031    u_core/u_fabric/r4392
    SLICE_X28Y21         LUT6 (Prop_lut6_I5_O)        0.124  7827.155 r  u_core/u_fabric/i___185_i_14/O
                         net (fo=1, routed)           0.491  7827.646    u_core/u_fabric/i___185_i_14_n_0
    SLICE_X28Y21         LUT5 (Prop_lut5_I2_O)        0.124  7827.771 r  u_core/u_fabric/i___185_i_6/O
                         net (fo=10, routed)          1.162  7828.933    u_core/u_fabric/r4400
    SLICE_X37Y34         LUT5 (Prop_lut5_I4_O)        0.124  7829.057 r  u_core/u_fabric/i___198_i_17/O
                         net (fo=1, routed)           0.363  7829.420    u_core/u_fabric/i___198_i_17_n_0
    SLICE_X37Y34         LUT5 (Prop_lut5_I4_O)        0.124  7829.544 r  u_core/u_fabric/i___198_i_14/O
                         net (fo=2, routed)           0.319  7829.863    u_core/u_fabric/r4414
    SLICE_X36Y35         LUT6 (Prop_lut6_I3_O)        0.124  7829.987 r  u_core/u_fabric/i___198_i_10/O
                         net (fo=1, routed)           0.000  7829.987    u_core/u_fabric/i___198_i_10_n_0
    SLICE_X36Y35         MUXF7 (Prop_muxf7_I1_O)      0.214  7830.201 r  u_core/u_fabric/i___198_i_4/O
                         net (fo=2, routed)           0.725  7830.925    u_core/u_fabric/i___198_i_4_n_0
    SLICE_X36Y29         LUT6 (Prop_lut6_I5_O)        0.297  7831.222 r  u_core/u_fabric/p_q[47]_i_5/O
                         net (fo=16, routed)          1.360  7832.583    u_core/u_fabric/r6012
    SLICE_X62Y44         LUT6 (Prop_lut6_I5_O)        0.124  7832.707 r  u_core/u_fabric/c_q[21]_i_2__0/O
                         net (fo=1, routed)           1.354  7834.060    u_core/u_store/r943
    SLICE_X37Y49         LUT3 (Prop_lut3_I2_O)        0.124  7834.184 r  u_core/u_store/c_q[21]_i_1/O
                         net (fo=2, routed)           0.669  7834.853    u_core/u_store/drive_reg[90][21]
    SLICE_X36Y50         LUT6 (Prop_lut6_I0_O)        0.124  7834.977 r  u_core/u_store/i__carry__4_i_11/O
                         net (fo=1, routed)           0.741  7835.718    u_core/u_fabric/u_dsp0/u_core/p_q_reg[23]_1
    SLICE_X34Y50         LUT4 (Prop_lut4_I3_O)        0.124  7835.842 r  u_core/u_fabric/u_dsp0/u_core/i__carry__4_i_7/O
                         net (fo=1, routed)           0.000  7835.842    u_core/u_fabric/u_dsp0/u_core/i__carry__4_i_7_n_0
    SLICE_X34Y50         CARRY4 (Prop_carry4_S[1]_O[3])
                                                      0.643  7836.485 r  u_core/u_fabric/u_dsp0/u_core/__10/i__carry__4/O[3]
                         net (fo=2, routed)           0.639  7837.124    u_core/u_fabric/u_dsp0/u_core/__10/i__carry__4_n_4
    SLICE_X35Y50         LUT3 (Prop_lut3_I2_O)        0.307  7837.431 r  u_core/u_fabric/u_dsp0/u_core/sr[23]_i_2__0/O
                         net (fo=5, routed)           1.051  7838.482    u_core/u_fabric/dsp_p[23]
    SLICE_X43Y37         LUT6 (Prop_lut6_I5_O)        0.124  7838.606 r  u_core/u_fabric/i___113_i_11/O
                         net (fo=1, routed)           0.412  7839.018    u_core/u_fabric/i___113_i_11_n_0
    SLICE_X43Y36         LUT6 (Prop_lut6_I1_O)        0.124  7839.142 r  u_core/u_fabric/i___113_i_10/O
                         net (fo=1, routed)           0.544  7839.686    u_core/u_fabric/i___113_i_10_n_0
    SLICE_X43Y33         LUT5 (Prop_lut5_I0_O)        0.124  7839.810 r  u_core/u_fabric/i___113_i_8/O
                         net (fo=1, routed)           0.473  7840.283    u_core/u_fabric/i___113_i_8_n_0
    SLICE_X51Y33         LUT5 (Prop_lut5_I2_O)        0.124  7840.407 r  u_core/u_fabric/i___113_i_5/O
                         net (fo=10, routed)          1.231  7841.638    u_core/u_fabric/r4295
    SLICE_X68Y19         LUT6 (Prop_lut6_I2_O)        0.124  7841.762 r  u_core/u_fabric/i___435_1_i_5__0/O
                         net (fo=12, routed)          1.410  7843.172    u_core/u_fabric/r5672
    SLICE_X40Y15         LUT5 (Prop_lut5_I4_O)        0.124  7843.296 r  u_core/u_fabric/i___91_i_11/O
                         net (fo=8, routed)           0.614  7843.910    u_core/u_fabric/u_bram0/u_core/r4508
    SLICE_X35Y15         LUT6 (Prop_lut6_I4_O)        0.124  7844.034 r  u_core/u_fabric/u_bram0/u_core/i___178_i_5/O
                         net (fo=1, routed)           0.149  7844.183    u_core/u_fabric/u_bram0_n_40
    SLICE_X35Y15         LUT5 (Prop_lut5_I2_O)        0.124  7844.307 r  u_core/u_fabric/i___178_i_3/O
                         net (fo=15, routed)          1.505  7845.812    u_core/u_fabric/r5784
    SLICE_X23Y22         LUT6 (Prop_lut6_I5_O)        0.124  7845.936 r  u_core/u_fabric/i___43_i_18/O
                         net (fo=1, routed)           0.154  7846.090    u_core/u_fabric/i___43_i_18_n_0
    SLICE_X23Y22         LUT5 (Prop_lut5_I4_O)        0.124  7846.214 r  u_core/u_fabric/i___43_i_11/O
                         net (fo=2, routed)           1.016  7847.230    u_core/u_fabric/i___43_i_11_n_0
    SLICE_X33Y28         LUT6 (Prop_lut6_I5_O)        0.124  7847.354 r  u_core/u_fabric/i___444_1_i_39/O
                         net (fo=1, routed)           0.645  7847.999    u_core/u_fabric/i___444_1_i_39_n_0
    SLICE_X40Y29         LUT5 (Prop_lut5_I4_O)        0.124  7848.123 r  u_core/u_fabric/i___444_1_i_27/O
                         net (fo=2, routed)           0.839  7848.961    u_core/u_fabric/r4756
    SLICE_X40Y39         LUT6 (Prop_lut6_I3_O)        0.124  7849.085 r  u_core/u_fabric/i___75_i_14/O
                         net (fo=1, routed)           0.669  7849.754    u_core/u_fabric/i___75_i_14_n_0
    SLICE_X40Y39         LUT5 (Prop_lut5_I2_O)        0.124  7849.878 r  u_core/u_fabric/i___75_i_5/O
                         net (fo=17, routed)          0.688  7850.566    u_core/u_fabric/r6030
    SLICE_X41Y39         LUT4 (Prop_lut4_I0_O)        0.124  7850.690 r  u_core/u_fabric/i___76_i_10/O
                         net (fo=11, routed)          1.366  7852.056    u_core/u_fabric/r4945
    SLICE_X16Y34         LUT6 (Prop_lut6_I5_O)        0.124  7852.180 r  u_core/u_fabric/i___26_i_31/O
                         net (fo=1, routed)           0.304  7852.484    u_core/u_fabric/i___26_i_31_n_0
    SLICE_X15Y34         LUT5 (Prop_lut5_I2_O)        0.124  7852.608 r  u_core/u_fabric/i___26_i_24/O
                         net (fo=10, routed)          1.766  7854.374    u_core/u_fabric/r4927
    SLICE_X48Y15         LUT5 (Prop_lut5_I1_O)        0.124  7854.498 r  u_core/u_fabric/mem_reg_i_130/O
                         net (fo=2, routed)           0.590  7855.088    u_core/u_fabric/mem_reg_i_130_n_0
    SLICE_X48Y13         LUT5 (Prop_lut5_I4_O)        0.124  7855.212 r  u_core/u_fabric/mem_reg_i_81__0/O
                         net (fo=14, routed)          0.899  7856.112    u_core/u_fabric/r5728
    SLICE_X47Y18         LUT6 (Prop_lut6_I3_O)        0.124  7856.236 r  u_core/u_fabric/i___448_0_i_10/O
                         net (fo=1, routed)           0.000  7856.236    u_core/u_fabric/i___448_0_i_10_n_0
    SLICE_X47Y18         MUXF7 (Prop_muxf7_I1_O)      0.217  7856.453 r  u_core/u_fabric/i___448_0_i_5/O
                         net (fo=1, routed)           0.433  7856.886    u_core/u_fabric/i___448_0_i_5_n_0
    SLICE_X47Y18         LUT6 (Prop_lut6_I5_O)        0.299  7857.185 r  u_core/u_fabric/i___448_0_i_3/O
                         net (fo=6, routed)           1.184  7858.370    u_core/u_store/r5369
    SLICE_X64Y10         LUT5 (Prop_lut5_I2_O)        0.124  7858.494 r  u_core/u_store/i___153_i_11/O
                         net (fo=11, routed)          1.263  7859.756    u_core/u_fabric/r5493
    SLICE_X89Y14         LUT4 (Prop_lut4_I0_O)        0.124  7859.880 r  u_core/u_fabric/i___102_i_12/O
                         net (fo=6, routed)           0.689  7860.569    u_core/u_fabric/r4894
    SLICE_X81Y11         LUT6 (Prop_lut6_I5_O)        0.124  7860.693 r  u_core/u_fabric/i___195_i_5/O
                         net (fo=2, routed)           0.428  7861.121    u_core/u_fabric/i___195_i_5_n_0
    SLICE_X84Y11         LUT5 (Prop_lut5_I2_O)        0.124  7861.245 r  u_core/u_fabric/i___105_i_7/O
                         net (fo=1, routed)           0.000  7861.245    u_core/u_fabric/i___105_i_7_n_0
    SLICE_X84Y11         MUXF7 (Prop_muxf7_I0_O)      0.212  7861.457 r  u_core/u_fabric/i___105_i_3/O
                         net (fo=16, routed)          0.708  7862.166    u_core/u_fabric/r5547
    SLICE_X75Y10         LUT5 (Prop_lut5_I4_O)        0.299  7862.464 r  u_core/u_fabric/i___421_1_i_11/O
                         net (fo=1, routed)           0.556  7863.020    u_core/u_fabric/i___421_1_i_11_n_0
    SLICE_X71Y8          LUT5 (Prop_lut5_I0_O)        0.124  7863.144 r  u_core/u_fabric/i___421_1_i_10/O
                         net (fo=1, routed)           0.403  7863.547    u_core/u_fabric/i___421_1_i_10_n_0
    SLICE_X71Y8          LUT6 (Prop_lut6_I3_O)        0.124  7863.671 r  u_core/u_fabric/i___421_1_i_7/O
                         net (fo=1, routed)           0.439  7864.110    u_core/u_fabric/i___421_1_i_7_n_0
    SLICE_X73Y8          LUT6 (Prop_lut6_I2_O)        0.124  7864.234 r  u_core/u_fabric/i___421_1_i_5/O
                         net (fo=10, routed)          0.788  7865.022    u_core/u_fabric/r5461
    SLICE_X83Y6          LUT6 (Prop_lut6_I5_O)        0.124  7865.146 r  u_core/u_fabric/i___118_i_25/O
                         net (fo=9, routed)           0.964  7866.110    u_core/u_fabric/r1620
    SLICE_X96Y12         LUT5 (Prop_lut5_I1_O)        0.124  7866.234 r  u_core/u_fabric/i___118_i_21/O
                         net (fo=2, routed)           0.459  7866.694    u_core/u_fabric/t_115_0
    SLICE_X96Y9          LUT6 (Prop_lut6_I5_O)        0.124  7866.818 r  u_core/u_fabric/i___118_i_14/O
                         net (fo=7, routed)           0.768  7867.586    u_core/u_fabric/r4688
    SLICE_X87Y8          LUT5 (Prop_lut5_I4_O)        0.124  7867.710 r  u_core/u_fabric/i___118_i_7/O
                         net (fo=1, routed)           0.298  7868.008    u_core/u_fabric/i___118_i_7_n_0
    SLICE_X87Y6          LUT5 (Prop_lut5_I4_O)        0.124  7868.132 r  u_core/u_fabric/i___118_i_2/O
                         net (fo=15, routed)          0.594  7868.727    u_core/u_fabric/r5539
    SLICE_X87Y9          LUT3 (Prop_lut3_I2_O)        0.124  7868.851 r  u_core/u_fabric/q_i_35__16/O
                         net (fo=2, routed)           0.582  7869.433    u_core/u_fabric/q_i_35__16_n_0
    SLICE_X87Y9          LUT5 (Prop_lut5_I2_O)        0.124  7869.557 r  u_core/u_fabric/q_i_17__15/O
                         net (fo=5, routed)           0.631  7870.188    u_core/u_fabric/r1345
    SLICE_X86Y7          LUT6 (Prop_lut6_I2_O)        0.124  7870.312 r  u_core/u_fabric/i___189_i_16/O
                         net (fo=6, routed)           0.665  7870.977    u_core/u_fabric/r4574
    SLICE_X76Y6          LUT5 (Prop_lut5_I4_O)        0.124  7871.101 r  u_core/u_fabric/i___189_i_9/O
                         net (fo=1, routed)           0.159  7871.259    u_core/u_fabric/i___189_i_9_n_0
    SLICE_X76Y6          LUT5 (Prop_lut5_I4_O)        0.124  7871.383 r  u_core/u_fabric/i___189_i_3/O
                         net (fo=12, routed)          0.852  7872.235    u_core/u_fabric/r5537
    SLICE_X86Y11         LUT6 (Prop_lut6_I4_O)        0.124  7872.359 r  u_core/u_fabric/i___189/O
                         net (fo=2, routed)           0.824  7873.183    u_core/u_fabric/i___189_n_0
    SLICE_X83Y8          LUT6 (Prop_lut6_I4_O)        0.124  7873.307 r  u_core/u_fabric/q_i_25__9/O
                         net (fo=1, routed)           0.151  7873.458    u_core/u_fabric/q_i_25__9_n_0
    SLICE_X83Y8          LUT6 (Prop_lut6_I0_O)        0.124  7873.583 r  u_core/u_fabric/q_i_14__15/O
                         net (fo=6, routed)           0.711  7874.293    u_core/u_fabric/r70
    SLICE_X91Y10         LUT6 (Prop_lut6_I4_O)        0.124  7874.417 r  u_core/u_fabric/q_i_21__29/O
                         net (fo=2, routed)           0.446  7874.863    u_core/u_fabric/q_i_21__29_n_0
    SLICE_X91Y12         LUT6 (Prop_lut6_I1_O)        0.124  7874.987 r  u_core/u_fabric/din_qa[12]_i_5/O
                         net (fo=1, routed)           0.313  7875.300    u_core/u_fabric/din_qa[12]_i_5_n_0
    SLICE_X92Y12         LUT6 (Prop_lut6_I1_O)        0.124  7875.424 r  u_core/u_fabric/din_qa[12]_i_3__0/O
                         net (fo=6, routed)           1.165  7876.589    u_core/u_fabric/r4266
    SLICE_X80Y23         LUT4 (Prop_lut4_I3_O)        0.124  7876.713 r  u_core/u_fabric/din_qa[2]_i_4/O
                         net (fo=3, routed)           0.565  7877.277    u_core/u_fabric/r5608
    SLICE_X79Y23         LUT4 (Prop_lut4_I0_O)        0.124  7877.401 r  u_core/u_fabric/i___106_i_10/O
                         net (fo=7, routed)           1.251  7878.652    u_core/u_fabric/r4353
    SLICE_X97Y16         LUT6 (Prop_lut6_I5_O)        0.124  7878.776 r  u_core/u_fabric/i___313_i_26/O
                         net (fo=1, routed)           0.452  7879.229    u_core/u_fabric/i___313_i_26_n_0
    SLICE_X97Y15         LUT5 (Prop_lut5_I2_O)        0.124  7879.353 r  u_core/u_fabric/i___313_i_22/O
                         net (fo=1, routed)           0.351  7879.703    u_core/u_fabric/i___313_i_22_n_0
    SLICE_X96Y15         LUT6 (Prop_lut6_I3_O)        0.124  7879.827 r  u_core/u_fabric/i___313_i_15/O
                         net (fo=8, routed)           1.449  7881.276    u_core/u_fabric/r4274
    SLICE_X60Y21         LUT6 (Prop_lut6_I2_O)        0.124  7881.400 r  u_core/u_fabric/i___171_i_21/O
                         net (fo=1, routed)           0.000  7881.400    u_core/u_fabric/i___171_i_21_n_0
    SLICE_X60Y21         MUXF7 (Prop_muxf7_I1_O)      0.217  7881.617 r  u_core/u_fabric/i___171_i_14/O
                         net (fo=5, routed)           0.607  7882.224    u_core/u_fabric/r4380
    SLICE_X50Y21         LUT5 (Prop_lut5_I4_O)        0.299  7882.523 r  u_core/u_fabric/i___171_i_7/O
                         net (fo=1, routed)           0.162  7882.685    u_core/u_fabric/i___171_i_7_n_0
    SLICE_X50Y21         LUT5 (Prop_lut5_I4_O)        0.124  7882.809 r  u_core/u_fabric/i___171_i_2/O
                         net (fo=15, routed)          0.663  7883.472    u_core/u_fabric/r5776
    SLICE_X45Y19         LUT5 (Prop_lut5_I4_O)        0.124  7883.596 r  u_core/u_fabric/i___197_i_19/O
                         net (fo=1, routed)           0.658  7884.254    u_core/u_fabric/i___197_i_19_n_0
    SLICE_X46Y19         LUT6 (Prop_lut6_I2_O)        0.124  7884.378 r  u_core/u_fabric/i___197_i_10/O
                         net (fo=14, routed)          0.859  7885.238    u_core/u_fabric/r5796
    SLICE_X50Y12         LUT6 (Prop_lut6_I3_O)        0.124  7885.362 r  u_core/u_fabric/i___384_i_15/O
                         net (fo=2, routed)           0.416  7885.778    u_core/u_fabric/i___384_i_15_n_0
    SLICE_X51Y12         LUT5 (Prop_lut5_I0_O)        0.124  7885.902 r  u_core/u_fabric/i___384_i_8/O
                         net (fo=14, routed)          1.196  7887.098    u_core/u_fabric/r4817
    SLICE_X74Y15         LUT6 (Prop_lut6_I5_O)        0.124  7887.222 r  u_core/u_fabric/i___432_1_i_11/O
                         net (fo=1, routed)           0.000  7887.222    u_core/u_fabric/i___432_1_i_11_n_0
    SLICE_X74Y15         MUXF7 (Prop_muxf7_I1_O)      0.217  7887.439 r  u_core/u_fabric/i___432_1_i_8/O
                         net (fo=2, routed)           0.609  7888.048    u_core/u_fabric/i___432_1_i_8_n_0
    SLICE_X76Y14         LUT3 (Prop_lut3_I2_O)        0.299  7888.347 r  u_core/u_fabric/i___432_1_i_6/O
                         net (fo=11, routed)          0.671  7889.018    u_core/u_fabric/r4807
    SLICE_X78Y21         LUT5 (Prop_lut5_I0_O)        0.124  7889.142 r  u_core/u_fabric/i___411_0_i_7/O
                         net (fo=1, routed)           0.000  7889.142    u_core/u_fabric/i___411_0_i_7_n_0
    SLICE_X78Y21         MUXF7 (Prop_muxf7_I0_O)      0.212  7889.354 r  u_core/u_fabric/i___411_0_i_4/O
                         net (fo=2, routed)           0.307  7889.661    u_core/u_fabric/i___411_0_i_4_n_0
    SLICE_X79Y22         LUT5 (Prop_lut5_I4_O)        0.299  7889.959 r  u_core/u_fabric/i___411_0_i_1/O
                         net (fo=16, routed)          0.910  7890.870    u_core/u_fabric/r5646
    SLICE_X88Y13         LUT4 (Prop_lut4_I0_O)        0.124  7890.994 r  u_core/u_fabric/i___411_1__2/O
                         net (fo=4, routed)           0.735  7891.729    u_core/u_fabric/r5025
    SLICE_X92Y11         LUT6 (Prop_lut6_I5_O)        0.124  7891.853 r  u_core/u_fabric/i___440_1_i_3/O
                         net (fo=2, routed)           0.294  7892.146    u_core/u_fabric/i___440_1_i_3_n_0
    SLICE_X92Y11         LUT6 (Prop_lut6_I0_O)        0.124  7892.271 r  u_core/u_fabric/i___440_1_i_1/O
                         net (fo=10, routed)          0.674  7892.944    u_core/u_fabric/r5477
    SLICE_X99Y14         LUT4 (Prop_lut4_I3_O)        0.124  7893.068 r  u_core/u_fabric/i___152_i_12/O
                         net (fo=5, routed)           0.751  7893.820    u_core/u_fabric/r4900
    SLICE_X92Y18         LUT5 (Prop_lut5_I0_O)        0.124  7893.944 r  u_core/u_fabric/i___125_i_9/O
                         net (fo=1, routed)           0.000  7893.944    u_core/u_fabric/i___125_i_9_n_0
    SLICE_X92Y18         MUXF7 (Prop_muxf7_I0_O)      0.209  7894.153 r  u_core/u_fabric/i___125_i_6/O
                         net (fo=2, routed)           0.316  7894.469    u_core/u_fabric/i___125_i_6_n_0
    SLICE_X93Y20         LUT6 (Prop_lut6_I5_O)        0.297  7894.766 r  u_core/u_fabric/i___125_i_4/O
                         net (fo=14, routed)          0.757  7895.523    u_core/u_fabric/r5627
    SLICE_X99Y19         LUT4 (Prop_lut4_I0_O)        0.124  7895.647 r  u_core/u_fabric/i___125_i_1/O
                         net (fo=2, routed)           1.148  7896.795    u_core/u_fabric/r4489
    SLICE_X80Y10         LUT6 (Prop_lut6_I0_O)        0.124  7896.919 r  u_core/u_fabric/i___154/O
                         net (fo=2, routed)           0.537  7897.456    u_core/u_fabric/i___154_n_0
    SLICE_X75Y10         LUT3 (Prop_lut3_I0_O)        0.124  7897.580 r  u_core/u_fabric/i___123_i_2/O
                         net (fo=15, routed)          1.109  7898.689    u_core/u_fabric/r5548
    SLICE_X88Y21         LUT6 (Prop_lut6_I1_O)        0.124  7898.813 r  u_core/u_fabric/mem_reg_i_193/O
                         net (fo=1, routed)           0.159  7898.972    u_core/u_store/mem_reg_i_100__0
    SLICE_X88Y21         LUT6 (Prop_lut6_I2_O)        0.124  7899.096 r  u_core/u_store/mem_reg_i_158/O
                         net (fo=1, routed)           0.000  7899.096    u_core/u_fabric/din_qb_reg[17]
    SLICE_X88Y21         MUXF7 (Prop_muxf7_I0_O)      0.212  7899.308 r  u_core/u_fabric/mem_reg_i_100__0/O
                         net (fo=13, routed)          1.348  7900.655    u_core/u_fabric/r4830
    SLICE_X60Y16         LUT6 (Prop_lut6_I5_O)        0.299  7900.954 r  u_core/u_fabric/mem_reg_i_185__0/O
                         net (fo=1, routed)           0.574  7901.528    u_core/u_fabric/mem_reg_i_185__0_n_0
    SLICE_X61Y16         LUT5 (Prop_lut5_I4_O)        0.124  7901.652 r  u_core/u_fabric/mem_reg_i_161__0/O
                         net (fo=1, routed)           0.151  7901.804    u_core/u_fabric/mem_reg_i_161__0_n_0
    SLICE_X61Y16         LUT5 (Prop_lut5_I0_O)        0.124  7901.928 r  u_core/u_fabric/mem_reg_i_107__0/O
                         net (fo=11, routed)          1.249  7903.177    u_core/u_fabric/r5724
    SLICE_X47Y6          LUT4 (Prop_lut4_I0_O)        0.124  7903.301 r  u_core/u_fabric/i___26_i_23/O
                         net (fo=13, routed)          1.100  7904.401    u_core/u_fabric/r4930
    SLICE_X34Y28         LUT5 (Prop_lut5_I1_O)        0.124  7904.525 r  u_core/u_fabric/i___38_i_27/O
                         net (fo=1, routed)           0.000  7904.525    u_core/u_fabric/i___38_i_27_n_0
    SLICE_X34Y28         MUXF7 (Prop_muxf7_I0_O)      0.209  7904.734 r  u_core/u_fabric/i___38_i_24/O
                         net (fo=2, routed)           0.462  7905.196    u_core/u_fabric/i___38_i_24_n_0
    SLICE_X36Y28         LUT5 (Prop_lut5_I4_O)        0.297  7905.493 r  u_core/u_fabric/i___181_i_24/O
                         net (fo=1, routed)           0.706  7906.199    u_core/u_fabric/i___181_i_24_n_0
    SLICE_X37Y28         LUT5 (Prop_lut5_I2_O)        0.124  7906.323 r  u_core/u_fabric/i___181_i_20/O
                         net (fo=1, routed)           0.433  7906.756    u_core/u_fabric/i___181_i_20_n_0
    SLICE_X37Y28         LUT5 (Prop_lut5_I2_O)        0.124  7906.880 r  u_core/u_fabric/i___181_i_17/O
                         net (fo=1, routed)           0.607  7907.487    u_core/u_fabric/i___181_i_17_n_0
    SLICE_X35Y25         LUT6 (Prop_lut6_I2_O)        0.124  7907.611 r  u_core/u_fabric/i___181_i_9/O
                         net (fo=9, routed)           1.055  7908.666    u_core/u_fabric/u_clb_x5y5/r4503
    SLICE_X40Y17         LUT6 (Prop_lut6_I4_O)        0.124  7908.790 r  u_core/u_fabric/u_clb_x5y5/i___198_i_7/O
                         net (fo=1, routed)           0.443  7909.233    u_core/u_fabric/u_clb_x5y5_n_1
    SLICE_X40Y14         LUT5 (Prop_lut5_I2_O)        0.124  7909.357 r  u_core/u_fabric/i___198_i_2/O
                         net (fo=17, routed)          1.344  7910.702    u_core/u_fabric/r5780
    SLICE_X25Y27         LUT6 (Prop_lut6_I5_O)        0.124  7910.826 r  u_core/u_fabric/i___205_i_13/O
                         net (fo=1, routed)           0.402  7911.228    u_core/u_fabric/i___205_i_13_n_0
    SLICE_X25Y27         LUT5 (Prop_lut5_I0_O)        0.124  7911.352 r  u_core/u_fabric/i___205_i_7/O
                         net (fo=9, routed)           0.659  7912.011    u_core/u_fabric/r4630
    SLICE_X27Y31         LUT5 (Prop_lut5_I4_O)        0.124  7912.135 r  u_core/u_fabric/i___286_i_6/O
                         net (fo=2, routed)           0.930  7913.065    u_core/u_fabric/i___286_i_6_n_0
    SLICE_X38Y34         LUT5 (Prop_lut5_I4_O)        0.124  7913.189 r  u_core/u_fabric/a_q[24]_i_9/O
                         net (fo=1, routed)           0.407  7913.597    u_core/u_fabric/a_q[24]_i_9_n_0
    SLICE_X39Y35         LUT5 (Prop_lut5_I2_O)        0.124  7913.721 r  u_core/u_fabric/a_q[24]_i_6/O
                         net (fo=16, routed)          0.675  7914.396    u_core/u_fabric/r6020
    SLICE_X35Y40         LUT6 (Prop_lut6_I0_O)        0.124  7914.520 r  u_core/u_fabric/c_q[44]_i_6/O
                         net (fo=1, routed)           0.309  7914.829    u_core/u_fabric/c_q[44]_i_6_n_0
    SLICE_X32Y40         LUT6 (Prop_lut6_I5_O)        0.124  7914.953 r  u_core/u_fabric/c_q[44]_i_3/O
                         net (fo=2, routed)           0.477  7915.430    u_core/u_fabric/c_q[44]_i_3_n_0
    SLICE_X32Y40         LUT5 (Prop_lut5_I0_O)        0.124  7915.554 r  u_core/u_fabric/c_q[44]_i_2__0/O
                         net (fo=20, routed)          1.075  7916.628    u_core/u_fabric/r6034
    SLICE_X51Y37         LUT4 (Prop_lut4_I3_O)        0.124  7916.752 r  u_core/u_fabric/i___76_i_14/O
                         net (fo=13, routed)          1.174  7917.926    u_core/u_fabric/r4937
    SLICE_X53Y13         LUT6 (Prop_lut6_I5_O)        0.124  7918.050 r  u_core/u_fabric/i___443_1_i_12/O
                         net (fo=2, routed)           0.391  7918.441    u_core/u_fabric/i___443_1_i_12_n_0
    SLICE_X54Y13         LUT5 (Prop_lut5_I2_O)        0.124  7918.565 r  u_core/u_fabric/i___443_1_i_9/O
                         net (fo=12, routed)          1.040  7919.605    u_core/u_fabric/r5703
    SLICE_X57Y5          LUT4 (Prop_lut4_I2_O)        0.124  7919.729 r  u_core/u_fabric/q_i_50__5/O
                         net (fo=1, routed)           0.154  7919.883    u_core/u_fabric/q_i_50__5_n_0
    SLICE_X57Y5          LUT6 (Prop_lut6_I0_O)        0.124  7920.007 r  u_core/u_fabric/q_i_33__4/O
                         net (fo=16, routed)          1.423  7921.430    u_core/u_store/r1939
    SLICE_X47Y27         LUT6 (Prop_lut6_I2_O)        0.124  7921.554 r  u_core/u_store/q_i_41__18/O
                         net (fo=1, routed)           0.000  7921.554    u_core/u_store/u_fabric/u_clb_x4y5/t_99
    SLICE_X47Y27         MUXF7 (Prop_muxf7_I1_O)      0.217  7921.771 r  u_core/u_store/q_reg_i_27__3/O
                         net (fo=1, routed)           0.754  7922.524    u_core/u_fabric/u_dsp1/u_core/t_113_271
    SLICE_X47Y22         LUT3 (Prop_lut3_I2_O)        0.299  7922.823 r  u_core/u_fabric/u_dsp1/u_core/q_i_14__9/O
                         net (fo=2, routed)           0.783  7923.606    u_core/u_fabric/t_120_34
    SLICE_X45Y13         LUT6 (Prop_lut6_I3_O)        0.124  7923.730 r  u_core/u_fabric/i___74_i_19/O
                         net (fo=1, routed)           0.619  7924.350    u_core/u_fabric/i___74_i_19_n_0
    SLICE_X46Y7          LUT5 (Prop_lut5_I4_O)        0.124  7924.474 r  u_core/u_fabric/i___74_i_12/O
                         net (fo=14, routed)          1.568  7926.041    u_core/u_fabric/r4838
    SLICE_X53Y40         LUT5 (Prop_lut5_I4_O)        0.124  7926.165 r  u_core/u_fabric/i___64_i_23/O
                         net (fo=1, routed)           0.000  7926.165    u_core/u_fabric/i___64_i_23_n_0
    SLICE_X53Y40         MUXF7 (Prop_muxf7_I0_O)      0.212  7926.377 r  u_core/u_fabric/i___64_i_19/O
                         net (fo=2, routed)           0.611  7926.987    u_core/u_fabric/i___64_i_19_n_0
    SLICE_X53Y40         LUT3 (Prop_lut3_I2_O)        0.299  7927.286 r  u_core/u_fabric/i___64_i_11/O
                         net (fo=14, routed)          1.223  7928.509    u_core/u_fabric/r4860
    SLICE_X54Y56         LUT6 (Prop_lut6_I5_O)        0.124  7928.633 r  u_core/u_fabric/i___369_i_21/O
                         net (fo=1, routed)           0.171  7928.804    u_core/u_fabric/i___369_i_21_n_0
    SLICE_X54Y56         LUT5 (Prop_lut5_I4_O)        0.124  7928.928 r  u_core/u_fabric/i___369_i_9/O
                         net (fo=2, routed)           0.526  7929.454    u_core/u_fabric/i___369_i_9_n_0
    SLICE_X53Y57         LUT5 (Prop_lut5_I0_O)        0.124  7929.578 r  u_core/u_fabric/i___369_i_4/O
                         net (fo=17, routed)          1.039  7930.617    u_core/u_fabric/r6114
    SLICE_X39Y66         LUT5 (Prop_lut5_I4_O)        0.124  7930.741 r  u_core/u_fabric/i___348_i_13/O
                         net (fo=2, routed)           1.019  7931.760    u_core/u_fabric/r5084
    SLICE_X55Y70         LUT5 (Prop_lut5_I1_O)        0.124  7931.884 r  u_core/u_fabric/i___272_i_22/O
                         net (fo=2, routed)           0.507  7932.391    u_core/u_fabric/i___272_i_22_n_0
    SLICE_X56Y70         LUT5 (Prop_lut5_I4_O)        0.124  7932.515 r  u_core/u_fabric/i___272_i_11/O
                         net (fo=15, routed)          1.394  7933.909    u_core/u_fabric/r6181
    SLICE_X41Y83         LUT6 (Prop_lut6_I1_O)        0.124  7934.033 r  u_core/u_fabric/i___146_i_4/O
                         net (fo=1, routed)           0.570  7934.604    u_core/u_fabric/i___146_i_4_n_0
    SLICE_X41Y83         LUT5 (Prop_lut5_I0_O)        0.124  7934.728 r  u_core/u_fabric/i___146_i_1/O
                         net (fo=15, routed)          2.776  7937.503    u_core/u_fabric/r4855
    SLICE_X23Y15         LUT6 (Prop_lut6_I5_O)        0.124  7937.627 r  u_core/u_fabric/i___135_i_7/O
                         net (fo=1, routed)           0.433  7938.061    u_core/u_fabric/i___135_i_7_n_0
    SLICE_X23Y15         LUT5 (Prop_lut5_I0_O)        0.124  7938.185 r  u_core/u_fabric/i___135_i_3/O
                         net (fo=15, routed)          1.038  7939.222    u_core/u_fabric/r5857
    SLICE_X16Y27         LUT6 (Prop_lut6_I4_O)        0.124  7939.346 r  u_core/u_fabric/i___135/O
                         net (fo=1, routed)           0.466  7939.812    u_core/u_fabric/i___135_n_0
    SLICE_X16Y27         LUT5 (Prop_lut5_I0_O)        0.124  7939.936 r  u_core/u_fabric/i___144_i_2/O
                         net (fo=7, routed)           0.931  7940.868    u_core/u_fabric/r5847
    SLICE_X28Y25         LUT6 (Prop_lut6_I2_O)        0.124  7940.992 r  u_core/u_fabric/mem_reg_i_130__0/O
                         net (fo=11, routed)          1.983  7942.975    u_core/u_fabric/r4281
    SLICE_X93Y18         LUT5 (Prop_lut5_I4_O)        0.124  7943.099 r  u_core/u_fabric/i___106_i_8/O
                         net (fo=3, routed)           0.486  7943.585    u_core/u_fabric/g_frame[16].cfg_reg[2059]
    SLICE_X94Y17         LUT4 (Prop_lut4_I1_O)        0.124  7943.709 r  u_core/u_fabric/i___210_i_19/O
                         net (fo=10, routed)          0.941  7944.650    u_core/u_fabric/r5454
    SLICE_X90Y6          LUT5 (Prop_lut5_I4_O)        0.124  7944.774 r  u_core/u_fabric/i___100_i_28/O
                         net (fo=6, routed)           0.709  7945.484    u_core/u_fabric/r4578
    SLICE_X87Y10         LUT5 (Prop_lut5_I4_O)        0.124  7945.608 r  u_core/u_fabric/i___100_i_19/O
                         net (fo=1, routed)           0.000  7945.608    u_core/u_fabric/i___100_i_19_n_0
    SLICE_X87Y10         MUXF7 (Prop_muxf7_I0_O)      0.212  7945.820 r  u_core/u_fabric/i___100_i_9/O
                         net (fo=1, routed)           0.433  7946.253    u_core/u_fabric/i___100_i_9_n_0
    SLICE_X87Y10         LUT6 (Prop_lut6_I5_O)        0.299  7946.552 r  u_core/u_fabric/i___100_i_2/O
                         net (fo=17, routed)          0.888  7947.440    u_core/u_fabric/r5554
    SLICE_X91Y9          LUT5 (Prop_lut5_I4_O)        0.124  7947.564 r  u_core/u_fabric/i___190_i_34/O
                         net (fo=1, routed)           0.289  7947.854    u_core/u_fabric/i___190_i_34_n_0
    SLICE_X91Y10         LUT6 (Prop_lut6_I5_O)        0.124  7947.978 r  u_core/u_fabric/i___190_i_28/O
                         net (fo=1, routed)           0.411  7948.389    u_core/u_fabric/i___190_i_28_n_0
    SLICE_X93Y10         LUT6 (Prop_lut6_I5_O)        0.124  7948.513 r  u_core/u_fabric/i___190_i_18/O
                         net (fo=1, routed)           0.000  7948.513    u_core/u_fabric/i___190_i_18_n_0
    SLICE_X93Y10         MUXF7 (Prop_muxf7_I0_O)      0.212  7948.725 r  u_core/u_fabric/i___190_i_8/O
                         net (fo=9, routed)           1.275  7950.000    u_core/u_fabric/r5471
    SLICE_X76Y6          LUT4 (Prop_lut4_I3_O)        0.299  7950.299 r  u_core/u_fabric/din_qa[13]_i_3/O
                         net (fo=16, routed)          0.958  7951.257    u_core/u_fabric/r4810
    SLICE_X64Y14         LUT6 (Prop_lut6_I5_O)        0.124  7951.381 r  u_core/u_fabric/mem_reg_i_180__0/O
                         net (fo=1, routed)           0.000  7951.381    u_core/u_fabric/mem_reg_i_180__0_n_0
    SLICE_X64Y14         MUXF7 (Prop_muxf7_I1_O)      0.217  7951.598 r  u_core/u_fabric/mem_reg_i_155/O
                         net (fo=1, routed)           0.436  7952.035    u_core/u_fabric/mem_reg_i_155_n_0
    SLICE_X64Y14         LUT5 (Prop_lut5_I4_O)        0.299  7952.333 r  u_core/u_fabric/mem_reg_i_99__0/O
                         net (fo=17, routed)          1.466  7953.799    u_core/u_fabric/r4834
    SLICE_X19Y15         LUT6 (Prop_lut6_I5_O)        0.124  7953.923 r  u_core/u_fabric/i___135_i_5/O
                         net (fo=1, routed)           0.475  7954.398    u_core/u_fabric/i___135_i_5_n_0
    SLICE_X18Y15         LUT5 (Prop_lut5_I2_O)        0.124  7954.522 r  u_core/u_fabric/i___135_i_2/O
                         net (fo=16, routed)          0.848  7955.370    u_core/u_fabric/r5855
    SLICE_X17Y23         LUT4 (Prop_lut4_I3_O)        0.124  7955.494 r  u_core/u_fabric/q_i_14__18/O
                         net (fo=2, routed)           0.614  7956.108    u_core/u_fabric/u_clb_x5y4/r1693
    SLICE_X23Y24         LUT5 (Prop_lut5_I3_O)        0.124  7956.232 r  u_core/u_fabric/u_clb_x5y4/q_i_7__28/O
                         net (fo=4, routed)           0.648  7956.880    u_core/u_fabric/u_clb_x5y4/g_frame[52].cfg_reg[6681]
    SLICE_X25Y24         LUT6 (Prop_lut6_I3_O)        0.124  7957.004 r  u_core/u_fabric/u_clb_x5y4/sr[33]_i_2/O
                         net (fo=3, routed)           0.780  7957.784    u_core/u_fabric/clb_o[11]
    SLICE_X14Y24         LUT6 (Prop_lut6_I5_O)        0.124  7957.908 r  u_core/u_fabric/i___456_1_i_1__0/O
                         net (fo=2, routed)           0.845  7958.753    u_core/u_fabric/i___456_1_i_1__0_n_0
    SLICE_X14Y30         LUT3 (Prop_lut3_I2_O)        0.124  7958.877 r  u_core/u_fabric/i___456_1_i_1/O
                         net (fo=15, routed)          0.654  7959.531    u_core/u_fabric/r5864
    SLICE_X18Y32         LUT6 (Prop_lut6_I5_O)        0.124  7959.655 r  u_core/u_fabric/i___200_i_9/O
                         net (fo=1, routed)           0.670  7960.326    u_core/u_fabric/i___200_i_9_n_0
    SLICE_X18Y32         LUT5 (Prop_lut5_I0_O)        0.124  7960.450 r  u_core/u_fabric/i___200_i_6/O
                         net (fo=5, routed)           0.492  7960.941    u_core/u_fabric/r4750
    SLICE_X22Y31         LUT6 (Prop_lut6_I5_O)        0.124  7961.065 r  u_core/u_fabric/i___200_i_3/O
                         net (fo=2, routed)           0.670  7961.735    u_core/u_fabric/g_frame[64].cfg_reg[8266]
    SLICE_X22Y31         LUT5 (Prop_lut5_I2_O)        0.124  7961.859 r  u_core/u_fabric/i___200_i_2/O
                         net (fo=15, routed)          0.706  7962.564    u_core/u_fabric/r5929
    SLICE_X25Y31         LUT4 (Prop_lut4_I3_O)        0.124  7962.688 r  u_core/u_fabric/q_i_29__18/O
                         net (fo=2, routed)           0.486  7963.174    u_core/u_fabric/g_frame[76].cfg_reg[9806]
    SLICE_X25Y31         LUT6 (Prop_lut6_I5_O)        0.124  7963.298 r  u_core/u_fabric/q_i_22__15/O
                         net (fo=5, routed)           1.750  7965.047    u_core/u_store/r1750
    SLICE_X58Y39         MUXF7 (Prop_muxf7_S_O)       0.292  7965.339 r  u_core/u_store/q_reg_i_13__7/O
                         net (fo=2, routed)           1.342  7966.681    u_core/u_fabric/t_115_219
    SLICE_X28Y36         LUT6 (Prop_lut6_I5_O)        0.297  7966.978 r  u_core/u_fabric/i___43_i_16/O
                         net (fo=1, routed)           0.000  7966.978    u_core/u_fabric/i___43_i_16_n_0
    SLICE_X28Y36         MUXF7 (Prop_muxf7_I0_O)      0.212  7967.190 r  u_core/u_fabric/i___43_i_10/O
                         net (fo=13, routed)          1.000  7968.190    u_core/u_fabric/r4725
    SLICE_X18Y28         LUT5 (Prop_lut5_I4_O)        0.299  7968.489 r  u_core/u_fabric/i___138_i_16/O
                         net (fo=1, routed)           0.505  7968.994    u_core/u_fabric/i___138_i_16_n_0
    SLICE_X13Y28         LUT5 (Prop_lut5_I4_O)        0.124  7969.118 r  u_core/u_fabric/i___138_i_13/O
                         net (fo=5, routed)           1.539  7970.657    u_core/u_fabric/r4729
    SLICE_X40Y12         LUT5 (Prop_lut5_I0_O)        0.124  7970.781 r  u_core/u_fabric/i___138_i_9/O
                         net (fo=1, routed)           0.000  7970.781    u_core/u_fabric/i___138_i_9_n_0
    SLICE_X40Y12         MUXF7 (Prop_muxf7_I0_O)      0.212  7970.993 r  u_core/u_fabric/i___138_i_5/O
                         net (fo=2, routed)           0.455  7971.448    u_core/u_fabric/i___138_i_5_n_0
    SLICE_X40Y12         LUT3 (Prop_lut3_I2_O)        0.299  7971.747 r  u_core/u_fabric/i___138_i_2/O
                         net (fo=15, routed)          0.983  7972.730    u_core/u_fabric/r5765
    SLICE_X39Y24         LUT6 (Prop_lut6_I2_O)        0.124  7972.854 r  u_core/u_fabric/i___138/O
                         net (fo=2, routed)           0.411  7973.266    u_core/u_fabric/i___138_n_0
    SLICE_X39Y24         LUT5 (Prop_lut5_I0_O)        0.124  7973.390 r  u_core/u_fabric/i___199_i_13/O
                         net (fo=1, routed)           0.470  7973.860    u_core/u_fabric/i___199_i_13_n_0
    SLICE_X38Y26         LUT5 (Prop_lut5_I0_O)        0.124  7973.984 r  u_core/u_fabric/i___199_i_8/O
                         net (fo=1, routed)           0.438  7974.422    u_core/u_store/c_q[18]_i_2
    SLICE_X36Y28         LUT6 (Prop_lut6_I2_O)        0.124  7974.546 r  u_core/u_store/i___199_i_4/O
                         net (fo=7, routed)           0.987  7975.533    u_core/u_fabric/r6004
    SLICE_X53Y33         LUT6 (Prop_lut6_I2_O)        0.124  7975.657 r  u_core/u_fabric/q_i_13__12/O
                         net (fo=4, routed)           1.482  7977.139    u_core/u_store/r1207
    SLICE_X23Y33         LUT6 (Prop_lut6_I2_O)        0.124  7977.263 r  u_core/u_store/q_i_16__6/O
                         net (fo=1, routed)           0.677  7977.940    u_core/u_store/u_fabric/u_clb_x7y2/t_120
    SLICE_X30Y33         LUT5 (Prop_lut5_I4_O)        0.124  7978.064 r  u_core/u_store/q_i_7__17/O
                         net (fo=5, routed)           1.065  7979.130    u_core/u_fabric/r1203
    SLICE_X35Y43         LUT5 (Prop_lut5_I4_O)        0.124  7979.254 r  u_core/u_fabric/i___181_i_4/O
                         net (fo=13, routed)          1.690  7980.944    u_core/u_fabric/r4497
    SLICE_X16Y17         LUT5 (Prop_lut5_I4_O)        0.124  7981.068 r  u_core/u_fabric/i___119_i_10/O
                         net (fo=1, routed)           0.466  7981.534    u_core/u_fabric/i___119_i_10_n_0
    SLICE_X16Y17         LUT5 (Prop_lut5_I4_O)        0.124  7981.658 r  u_core/u_fabric/i___119_i_3/O
                         net (fo=14, routed)          1.755  7983.413    u_core/u_fabric/r5940
    SLICE_X33Y36         LUT6 (Prop_lut6_I5_O)        0.124  7983.537 r  u_core/u_fabric/i___295_i_38/O
                         net (fo=1, routed)           0.264  7983.801    u_core/u_fabric/i___295_i_38_n_0
    SLICE_X33Y36         LUT5 (Prop_lut5_I4_O)        0.124  7983.925 r  u_core/u_fabric/i___295_i_35/O
                         net (fo=2, routed)           0.290  7984.215    u_core/u_fabric/i___295_i_35_n_0
    SLICE_X33Y35         LUT5 (Prop_lut5_I0_O)        0.124  7984.339 r  u_core/u_fabric/i___295_i_29/O
                         net (fo=1, routed)           0.530  7984.869    u_core/u_fabric/i___295_i_29_n_0
    SLICE_X36Y32         LUT5 (Prop_lut5_I2_O)        0.124  7984.993 r  u_core/u_fabric/i___295_i_15/O
                         net (fo=1, routed)           0.452  7985.445    u_core/u_fabric/u_clb_x6y1/q_i_11__3_0
    SLICE_X36Y32         LUT6 (Prop_lut6_I2_O)        0.124  7985.569 r  u_core/u_fabric/u_clb_x6y1/i___295_i_8/O
                         net (fo=6, routed)           0.814  7986.383    u_core/u_fabric/u_clb_x6y1/r4637
    SLICE_X27Y29         LUT6 (Prop_lut6_I4_O)        0.124  7986.507 r  u_core/u_fabric/u_clb_x6y1/i___295_i_2/O
                         net (fo=2, routed)           0.739  7987.246    u_core/u_fabric/u_clb_x6y1_n_4
    SLICE_X36Y29         LUT5 (Prop_lut5_I2_O)        0.124  7987.370 r  u_core/u_fabric/i___206_i_2/O
                         net (fo=16, routed)          0.439  7987.809    u_core/u_fabric/r5944
    SLICE_X39Y30         LUT5 (Prop_lut5_I1_O)        0.124  7987.933 r  u_core/u_fabric/q_i_13__34/O
                         net (fo=2, routed)           1.898  7989.831    u_core/u_fabric/u_bram1/u_core/r1718
    SLICE_X22Y4          LUT5 (Prop_lut5_I1_O)        0.124  7989.955 r  u_core/u_fabric/u_bram1/u_core/q_i_7__29/O
                         net (fo=6, routed)           1.164  7991.119    u_core/u_fabric/r1713
    SLICE_X22Y30         LUT6 (Prop_lut6_I5_O)        0.124  7991.243 r  u_core/u_fabric/i___200_i_13/O
                         net (fo=2, routed)           0.300  7991.542    u_core/u_fabric/i___200_i_13_n_0
    SLICE_X23Y31         LUT5 (Prop_lut5_I4_O)        0.124  7991.667 r  u_core/u_fabric/q_i_54__3/O
                         net (fo=1, routed)           0.151  7991.818    u_core/u_store/q_i_37__4_1
    SLICE_X23Y31         LUT6 (Prop_lut6_I4_O)        0.124  7991.942 r  u_core/u_store/q_i_50__22/O
                         net (fo=1, routed)           0.535  7992.477    u_core/u_fabric/q_i_20__12_0
    SLICE_X24Y29         LUT6 (Prop_lut6_I2_O)        0.124  7992.601 r  u_core/u_fabric/q_i_37__4/O
                         net (fo=1, routed)           0.302  7992.903    u_core/u_store/q_i_10__9
    SLICE_X24Y27         LUT5 (Prop_lut5_I1_O)        0.124  7993.027 r  u_core/u_store/q_i_20__12/O
                         net (fo=1, routed)           0.430  7993.457    u_core/u_fabric/u_clb_x6y5/t_123_172
    SLICE_X24Y26         LUT5 (Prop_lut5_I0_O)        0.124  7993.581 r  u_core/u_fabric/u_clb_x6y5/q_i_10__9/O
                         net (fo=3, routed)           0.669  7994.250    u_core/u_store/lut_o6_646
    SLICE_X25Y26         LUT5 (Prop_lut5_I4_O)        0.124  7994.374 r  u_core/u_store/q_i_3__19/O
                         net (fo=3, routed)           0.326  7994.699    u_core/u_store/comb_160
    SLICE_X24Y28         LUT3 (Prop_lut3_I2_O)        0.124  7994.823 r  u_core/u_store/sr[24]_i_2/O
                         net (fo=2, routed)           0.560  7995.383    u_core/u_fabric/i___8_i_10_0[14]
    SLICE_X20Y28         LUT5 (Prop_lut5_I4_O)        0.124  7995.507 r  u_core/u_fabric/i___287_i_4/O
                         net (fo=1, routed)           0.000  7995.507    u_core/u_fabric/i___287_i_4_n_0
    SLICE_X20Y28         MUXF7 (Prop_muxf7_I0_O)      0.209  7995.716 r  u_core/u_fabric/i___287_i_1/O
                         net (fo=2, routed)           0.492  7996.208    u_core/u_fabric/i___287_i_1_n_0
    SLICE_X18Y29         LUT5 (Prop_lut5_I4_O)        0.297  7996.504 r  u_core/u_fabric/i___119_i_4/O
                         net (fo=15, routed)          0.961  7997.465    u_core/u_fabric/r5936
    SLICE_X24Y32         LUT6 (Prop_lut6_I5_O)        0.124  7997.589 r  u_core/u_fabric/i___40_i_21/O
                         net (fo=2, routed)           0.668  7998.257    u_core/u_fabric/i___40_i_21_n_0
    SLICE_X25Y32         LUT6 (Prop_lut6_I2_O)        0.124  7998.381 r  u_core/u_fabric/a_q[24]_i_12/O
                         net (fo=1, routed)           0.644  7999.025    u_core/u_fabric/a_q[24]_i_12_n_0
    SLICE_X30Y36         LUT5 (Prop_lut5_I0_O)        0.124  7999.149 r  u_core/u_fabric/a_q[24]_i_10__0/O
                         net (fo=1, routed)           0.000  7999.149    u_core/u_fabric/a_q[24]_i_10__0_n_0
    SLICE_X30Y36         MUXF7 (Prop_muxf7_I0_O)      0.209  7999.358 r  u_core/u_fabric/a_q_reg[24]_i_6/O
                         net (fo=15, routed)          1.301  8000.659    u_core/u_fabric/r5989
    SLICE_X38Y56         LUT6 (Prop_lut6_I5_O)        0.297  8000.956 r  u_core/u_fabric/c_q[31]_i_2/O
                         net (fo=1, routed)           0.581  8001.537    u_core/u_store/r892
    SLICE_X35Y57         LUT3 (Prop_lut3_I2_O)        0.124  8001.661 r  u_core/u_store/c_q[31]_i_1/O
                         net (fo=2, routed)           0.366  8002.027    u_core/u_store/drive_reg[90][30]
    SLICE_X34Y57         LUT6 (Prop_lut6_I0_O)        0.124  8002.151 r  u_core/u_store/i__carry__6_i_9/O
                         net (fo=1, routed)           0.849  8003.000    u_core/u_fabric/u_dsp0/u_core/p_q_reg[31]_3
    SLICE_X34Y52         LUT4 (Prop_lut4_I3_O)        0.124  8003.124 r  u_core/u_fabric/u_dsp0/u_core/i__carry__6_i_5/O
                         net (fo=1, routed)           0.000  8003.124    u_core/u_fabric/u_dsp0/u_core/i__carry__6_i_5_n_0
    SLICE_X34Y52         CARRY4 (Prop_carry4_S[3]_CO[3])
                                                      0.376  8003.500 r  u_core/u_fabric/u_dsp0/u_core/__10/i__carry__6/CO[3]
                         net (fo=1, routed)           0.000  8003.500    u_core/u_fabric/u_dsp0/u_core/__10/i__carry__6_n_0
    SLICE_X34Y53         CARRY4 (Prop_carry4_CI_O[3])
                                                      0.331  8003.831 r  u_core/u_fabric/u_dsp0/u_core/__10/i__carry__7/O[3]
                         net (fo=2, routed)           0.659  8004.491    u_core/u_fabric/u_dsp0/u_core/__10/i__carry__7_n_4
    SLICE_X35Y53         LUT3 (Prop_lut3_I2_O)        0.307  8004.798 r  u_core/u_fabric/u_dsp0/u_core/sr[35]_i_2__0/O
                         net (fo=4, routed)           1.221  8006.019    u_core/u_fabric/dsp_p[35]
    SLICE_X38Y35         LUT5 (Prop_lut5_I4_O)        0.124  8006.143 r  u_core/u_fabric/a_q[24]_i_10/O
                         net (fo=2, routed)           0.728  8006.871    u_core/u_fabric/a_q[24]_i_10_n_0
    SLICE_X39Y35         LUT5 (Prop_lut5_I4_O)        0.124  8006.995 r  u_core/u_fabric/i___286_i_3/O
                         net (fo=1, routed)           0.154  8007.149    u_core/u_store/i___294_i_4
    SLICE_X39Y35         LUT6 (Prop_lut6_I2_O)        0.124  8007.273 r  u_core/u_store/i___286_i_1/O
                         net (fo=2, routed)           0.894  8008.167    u_core/u_fabric/r4959
    SLICE_X31Y29         LUT6 (Prop_lut6_I0_O)        0.124  8008.291 r  u_core/u_fabric/i___286/O
                         net (fo=1, routed)           0.506  8008.797    u_core/u_fabric/i___286_n_0
    SLICE_X28Y29         LUT5 (Prop_lut5_I2_O)        0.124  8008.921 r  u_core/u_fabric/i___121_i_17/O
                         net (fo=1, routed)           0.730  8009.650    u_core/u_fabric/i___121_i_17_n_0
    SLICE_X18Y29         LUT6 (Prop_lut6_I0_O)        0.124  8009.774 r  u_core/u_fabric/i___121_i_13/O
                         net (fo=9, routed)           0.966  8010.741    u_core/u_fabric/u_dsp1/u_core/r4617
    SLICE_X19Y10         LUT6 (Prop_lut6_I4_O)        0.124  8010.865 r  u_core/u_fabric/u_dsp1/u_core/i___121_i_8/O
                         net (fo=1, routed)           0.405  8011.270    u_core/u_fabric/u_dsp1_n_88
    SLICE_X19Y9          LUT5 (Prop_lut5_I2_O)        0.124  8011.394 r  u_core/u_fabric/i___121_i_3/O
                         net (fo=14, routed)          1.433  8012.828    u_core/u_fabric/r5868
    SLICE_X23Y35         LUT6 (Prop_lut6_I5_O)        0.124  8012.952 r  u_core/u_fabric/c_q[16]_i_13/O
                         net (fo=1, routed)           0.642  8013.594    u_core/u_fabric/c_q[16]_i_13_n_0
    SLICE_X23Y35         LUT5 (Prop_lut5_I4_O)        0.124  8013.718 r  u_core/u_fabric/c_q[16]_i_8/O
                         net (fo=2, routed)           0.669  8014.388    u_core/u_fabric/c_q[16]_i_8_n_0
    SLICE_X25Y35         LUT5 (Prop_lut5_I0_O)        0.124  8014.512 r  u_core/u_fabric/c_q[16]_i_4/O
                         net (fo=15, routed)          1.926  8016.438    u_core/u_fabric/r4850
    SLICE_X48Y76         LUT5 (Prop_lut5_I4_O)        0.124  8016.562 r  u_core/u_fabric/i___64_i_15/O
                         net (fo=1, routed)           0.000  8016.562    u_core/u_fabric/i___64_i_15_n_0
    SLICE_X48Y76         MUXF7 (Prop_muxf7_I0_O)      0.212  8016.773 r  u_core/u_fabric/i___64_i_9/O
                         net (fo=2, routed)           0.659  8017.432    u_core/u_fabric/i___64_i_9_n_0
    SLICE_X48Y77         LUT4 (Prop_lut4_I3_O)        0.299  8017.731 r  u_core/u_fabric/i___64_i_3/O
                         net (fo=13, routed)          0.909  8018.640    u_core/u_fabric/r6169
    SLICE_X55Y79         LUT6 (Prop_lut6_I4_O)        0.124  8018.764 r  u_core/u_fabric/i___64/O
                         net (fo=1, routed)           0.149  8018.913    u_core/u_fabric/i___64_n_0
    SLICE_X55Y79         LUT5 (Prop_lut5_I0_O)        0.124  8019.037 r  u_core/u_fabric/i___72_i_2/O
                         net (fo=12, routed)          1.026  8020.062    u_core/u_fabric/r6153
    SLICE_X40Y73         LUT6 (Prop_lut6_I5_O)        0.124  8020.187 r  u_core/u_fabric/q_i_59/O
                         net (fo=1, routed)           0.579  8020.765    u_core/u_fabric/q_i_59_n_0
    SLICE_X40Y72         LUT5 (Prop_lut5_I4_O)        0.124  8020.889 r  u_core/u_fabric/q_i_39__4/O
                         net (fo=1, routed)           0.159  8021.048    u_core/u_fabric/q_i_39__4_n_0
    SLICE_X40Y72         LUT5 (Prop_lut5_I0_O)        0.124  8021.172 r  u_core/u_fabric/q_i_21__36/O
                         net (fo=3, routed)           1.419  8022.591    u_core/u_fabric/r4533
    SLICE_X54Y51         LUT5 (Prop_lut5_I1_O)        0.124  8022.715 r  u_core/u_fabric/c_q[24]_i_7/O
                         net (fo=2, routed)           0.312  8023.027    u_core/u_fabric/c_q[24]_i_7_n_0
    SLICE_X54Y52         LUT5 (Prop_lut5_I4_O)        0.124  8023.151 r  u_core/u_fabric/c_q[24]_i_3/O
                         net (fo=14, routed)          0.996  8024.147    u_core/u_fabric/r6096
    SLICE_X49Y48         LUT6 (Prop_lut6_I2_O)        0.124  8024.271 r  u_core/u_fabric/d_q[2]_i_2__0/O
                         net (fo=1, routed)           0.814  8025.085    u_core/u_store/r935
    SLICE_X32Y48         LUT3 (Prop_lut3_I2_O)        0.124  8025.209 r  u_core/u_store/d_q[2]_i_1/O
                         net (fo=3, routed)           0.960  8026.169    u_core/u_store/drive_reg[115][2]
    SLICE_X26Y44         LUT5 (Prop_lut5_I2_O)        0.124  8026.293 r  u_core/u_store/i__carry_i_6__1/O
                         net (fo=1, routed)           0.000  8026.293    u_core/u_fabric/u_dsp0/u_core/m_c_0[2]
    SLICE_X26Y44         CARRY4 (Prop_carry4_S[2]_O[2])
                                                      0.250  8026.543 r  u_core/u_fabric/u_dsp0/u_core/__5/i__carry/O[2]
                         net (fo=1, routed)           0.496  8027.039    u_core/u_store/m_c_15[2]
    SLICE_X27Y44         LUT3 (Prop_lut3_I0_O)        0.301  8027.340 r  u_core/u_store/m_c_i_41/O
                         net (fo=1, routed)           0.911  8028.250    u_core/u_fabric/u_dsp0/u_core/A[2]
    DSP48_X1Y18          DSP48E1 (Prop_dsp48e1_A[2]_P[4])
                                                      3.841  8032.091 r  u_core/u_fabric/u_dsp0/u_core/m_c/P[4]
                         net (fo=3, routed)           1.294  8033.385    u_core/u_fabric/u_dsp0/u_core/m_c__0[4]
    SLICE_X34Y46         LUT4 (Prop_lut4_I0_O)        0.124  8033.509 r  u_core/u_fabric/u_dsp0/u_core/i__carry__0_i_8/O
                         net (fo=1, routed)           0.000  8033.509    u_core/u_fabric/u_dsp0/u_core/i__carry__0_i_8_n_0
    SLICE_X34Y46         CARRY4 (Prop_carry4_S[0]_CO[3])
                                                      0.513  8034.022 r  u_core/u_fabric/u_dsp0/u_core/__10/i__carry__0/CO[3]
                         net (fo=1, routed)           0.000  8034.022    u_core/u_fabric/u_dsp0/u_core/__10/i__carry__0_n_0
    SLICE_X34Y47         CARRY4 (Prop_carry4_CI_O[2])
                                                      0.256  8034.278 r  u_core/u_fabric/u_dsp0/u_core/__10/i__carry__1/O[2]
                         net (fo=2, routed)           0.496  8034.774    u_core/u_fabric/u_dsp0/u_core/__10/i__carry__1_n_5
    SLICE_X35Y47         LUT3 (Prop_lut3_I2_O)        0.301  8035.075 r  u_core/u_fabric/u_dsp0/u_core/sr[10]_i_2/O
                         net (fo=3, routed)           0.856  8035.931    u_core/u_fabric/dsp_p[10]
    SLICE_X32Y36         LUT5 (Prop_lut5_I4_O)        0.124  8036.055 r  u_core/u_fabric/c_q[41]_i_5/O
                         net (fo=1, routed)           0.000  8036.055    u_core/u_fabric/c_q[41]_i_5_n_0
    SLICE_X32Y36         MUXF7 (Prop_muxf7_I0_O)      0.209  8036.264 r  u_core/u_fabric/c_q_reg[41]_i_4/O
                         net (fo=1, routed)           0.452  8036.716    u_core/u_fabric/c_q_reg[41]_i_4_n_0
    SLICE_X32Y36         LUT6 (Prop_lut6_I5_O)        0.297  8037.013 r  u_core/u_fabric/c_q[41]_i_2/O
                         net (fo=16, routed)          0.552  8037.565    u_core/u_fabric/r6016
    SLICE_X32Y34         LUT4 (Prop_lut4_I3_O)        0.124  8037.689 r  u_core/u_fabric/i___92_i_13/O
                         net (fo=10, routed)          1.207  8038.896    u_core/u_fabric/r4745
    SLICE_X34Y9          LUT6 (Prop_lut6_I3_O)        0.124  8039.021 r  u_core/u_fabric/i___138_i_11/O
                         net (fo=1, routed)           0.670  8039.691    u_core/u_fabric/i___138_i_11_n_0
    SLICE_X34Y9          LUT5 (Prop_lut5_I4_O)        0.124  8039.815 r  u_core/u_fabric/i___138_i_6/O
                         net (fo=1, routed)           0.162  8039.977    u_core/u_fabric/i___138_i_6_n_0
    SLICE_X34Y9          LUT5 (Prop_lut5_I0_O)        0.124  8040.101 r  u_core/u_fabric/i___138_i_4/O
                         net (fo=15, routed)          1.199  8041.300    u_core/u_fabric/r5757
    SLICE_X18Y13         LUT4 (Prop_lut4_I3_O)        0.124  8041.424 r  u_core/u_fabric/q_i_35__2/O
                         net (fo=1, routed)           0.689  8042.113    u_core/u_fabric/q_i_35__2_n_0
    SLICE_X18Y13         LUT6 (Prop_lut6_I5_O)        0.124  8042.237 r  u_core/u_fabric/q_i_21__11/O
                         net (fo=18, routed)          1.226  8043.463    u_core/u_store/r1696
    SLICE_X27Y5          LUT6 (Prop_lut6_I4_O)        0.124  8043.587 r  u_core/u_store/q_i_35__11/O
                         net (fo=1, routed)           0.779  8044.366    u_core/u_fabric/u_clb_x5y5/t_103_210
    SLICE_X21Y5          LUT5 (Prop_lut5_I0_O)        0.124  8044.490 r  u_core/u_fabric/u_clb_x5y5/q_i_24__14/O
                         net (fo=1, routed)           0.526  8045.016    u_core/u_fabric/u_clb_x5y5/u_clb_x5y4/t_115
    SLICE_X20Y5          LUT5 (Prop_lut5_I0_O)        0.124  8045.140 r  u_core/u_fabric/u_clb_x5y5/q_i_15__9/O
                         net (fo=6, routed)           1.015  8046.155    u_core/u_fabric/r1687
    SLICE_X23Y22         LUT6 (Prop_lut6_I5_O)        0.124  8046.279 r  u_core/u_fabric/i___43_i_12/O
                         net (fo=2, routed)           0.899  8047.179    u_core/u_fabric/i___43_i_12_n_0
    SLICE_X29Y28         LUT3 (Prop_lut3_I2_O)        0.124  8047.303 r  u_core/u_fabric/i___43_i_6/O
                         net (fo=9, routed)           1.188  8048.491    u_core/u_fabric/r4742
    SLICE_X20Y14         LUT5 (Prop_lut5_I1_O)        0.124  8048.615 r  u_core/u_fabric/i___37_i_17/O
                         net (fo=2, routed)           0.442  8049.057    u_core/u_fabric/i___37_i_17_n_0
    SLICE_X20Y13         LUT5 (Prop_lut5_I4_O)        0.124  8049.181 r  u_core/u_fabric/i___37_i_7/O
                         net (fo=15, routed)          0.979  8050.160    u_core/u_fabric/r5851
    SLICE_X26Y24         LUT6 (Prop_lut6_I2_O)        0.124  8050.284 r  u_core/u_fabric/q_i_15__20__0/O
                         net (fo=2, routed)           1.176  8051.460    u_core/u_fabric/u_bram0/u_core/r1156
    SLICE_X17Y12         LUT5 (Prop_lut5_I3_O)        0.124  8051.584 r  u_core/u_fabric/u_bram0/u_core/q_i_7__15/O
                         net (fo=5, routed)           1.176  8052.760    u_core/u_fabric/r1151
    SLICE_X22Y21         LUT5 (Prop_lut5_I4_O)        0.124  8052.884 r  u_core/u_fabric/i___119_i_26/O
                         net (fo=1, routed)           0.306  8053.190    u_core/u_fabric/i___119_i_26_n_0
    SLICE_X22Y22         LUT6 (Prop_lut6_I5_O)        0.124  8053.314 r  u_core/u_fabric/i___119_i_18/O
                         net (fo=10, routed)          1.140  8054.454    u_core/u_fabric/r4514
    SLICE_X20Y37         LUT5 (Prop_lut5_I4_O)        0.124  8054.578 r  u_core/u_fabric/i___455_0_i_8/O
                         net (fo=1, routed)           0.282  8054.860    u_core/u_fabric/i___455_0_i_8_n_0
    SLICE_X20Y37         LUT5 (Prop_lut5_I4_O)        0.124  8054.984 r  u_core/u_fabric/i___455_0_i_5/O
                         net (fo=2, routed)           1.206  8056.190    u_core/u_fabric/r4528
    SLICE_X44Y33         LUT6 (Prop_lut6_I3_O)        0.124  8056.314 r  u_core/u_fabric/i___455_0_i_4/O
                         net (fo=1, routed)           0.000  8056.314    u_core/u_fabric/i___455_0_i_4_n_0
    SLICE_X44Y33         MUXF7 (Prop_muxf7_I1_O)      0.217  8056.531 r  u_core/u_fabric/i___455_0_i_2/O
                         net (fo=1, routed)           0.436  8056.967    u_core/u_fabric/i___455_0_i_2_n_0
    SLICE_X44Y33         LUT6 (Prop_lut6_I5_O)        0.299  8057.266 r  u_core/u_fabric/i___455_0_i_1/O
                         net (fo=18, routed)          1.272  8058.538    u_core/u_fabric/r6018
    SLICE_X58Y46         LUT6 (Prop_lut6_I2_O)        0.124  8058.662 r  u_core/u_fabric/c_q[9]_i_2__0/O
                         net (fo=1, routed)           1.039  8059.701    u_core/u_store/r942
    SLICE_X38Y47         LUT3 (Prop_lut3_I2_O)        0.124  8059.825 r  u_core/u_store/c_q[9]_i_1/O
                         net (fo=2, routed)           0.408  8060.233    u_core/u_store/drive_reg[90][9]
    SLICE_X37Y47         LUT6 (Prop_lut6_I0_O)        0.124  8060.357 r  u_core/u_store/i__carry__1_i_11/O
                         net (fo=1, routed)           0.577  8060.934    u_core/u_fabric/u_dsp0/u_core/p_q_reg[11]_2
    SLICE_X34Y47         LUT4 (Prop_lut4_I3_O)        0.124  8061.058 r  u_core/u_fabric/u_dsp0/u_core/i__carry__1_i_7/O
                         net (fo=1, routed)           0.000  8061.058    u_core/u_fabric/u_dsp0/u_core/i__carry__1_i_7_n_0
    SLICE_X34Y47         CARRY4 (Prop_carry4_S[1]_O[1])
                                                      0.230  8061.288 r  u_core/u_fabric/u_dsp0/u_core/__10/i__carry__1/O[1]
                         net (fo=2, routed)           0.344  8061.632    u_core/u_fabric/u_dsp0/u_core/__10/i__carry__1_n_6
    SLICE_X35Y47         LUT3 (Prop_lut3_I2_O)        0.306  8061.938 r  u_core/u_fabric/u_dsp0/u_core/sr[9]_i_2/O
                         net (fo=3, routed)           0.965  8062.903    u_core/u_fabric/dsp_p[9]
    SLICE_X26Y37         LUT5 (Prop_lut5_I4_O)        0.124  8063.027 r  u_core/u_fabric/i___469_1_i_16/O
                         net (fo=1, routed)           0.000  8063.027    u_core/u_fabric/i___469_1_i_16_n_0
    SLICE_X26Y37         MUXF7 (Prop_muxf7_I0_O)      0.209  8063.236 r  u_core/u_fabric/i___469_1_i_13/O
                         net (fo=1, routed)           0.452  8063.688    u_core/u_fabric/i___469_1_i_13_n_0
    SLICE_X26Y37         LUT6 (Prop_lut6_I5_O)        0.297  8063.985 r  u_core/u_fabric/i___469_1_i_8__0/O
                         net (fo=9, routed)           1.338  8065.323    u_core/u_fabric/r5987
    SLICE_X42Y47         LUT4 (Prop_lut4_I3_O)        0.124  8065.447 r  u_core/u_fabric/c_q[30]_i_3/O
                         net (fo=1, routed)           0.426  8065.873    u_core/u_fabric/c_q[30]_i_3_n_0
    SLICE_X42Y47         LUT6 (Prop_lut6_I5_O)        0.124  8065.997 r  u_core/u_fabric/c_q[30]_i_2/O
                         net (fo=1, routed)           0.489  8066.486    u_core/u_store/r871
    SLICE_X36Y51         LUT3 (Prop_lut3_I2_O)        0.124  8066.610 r  u_core/u_store/c_q[30]_i_1/O
                         net (fo=2, routed)           0.484  8067.094    u_core/u_store/drive_reg[90][29]
    SLICE_X32Y51         LUT6 (Prop_lut6_I0_O)        0.124  8067.218 r  u_core/u_store/i__carry__6_i_10/O
                         net (fo=1, routed)           0.613  8067.831    u_core/u_fabric/u_dsp0/u_core/p_q_reg[31]_2
    SLICE_X34Y52         LUT4 (Prop_lut4_I3_O)        0.124  8067.955 r  u_core/u_fabric/u_dsp0/u_core/i__carry__6_i_6/O
                         net (fo=1, routed)           0.000  8067.955    u_core/u_fabric/u_dsp0/u_core/i__carry__6_i_6_n_0
    SLICE_X34Y52         CARRY4 (Prop_carry4_S[2]_O[2])
                                                      0.250  8068.205 r  u_core/u_fabric/u_dsp0/u_core/__10/i__carry__6/O[2]
                         net (fo=2, routed)           0.341  8068.546    u_core/u_fabric/u_dsp0/u_core/__10/i__carry__6_n_5
    SLICE_X35Y52         LUT3 (Prop_lut3_I2_O)        0.301  8068.847 r  u_core/u_fabric/u_dsp0/u_core/sr[30]_i_2__0/O
                         net (fo=5, routed)           0.982  8069.829    u_core/u_fabric/dsp_p[30]
    SLICE_X51Y55         LUT5 (Prop_lut5_I4_O)        0.124  8069.953 r  u_core/u_fabric/i___469_1_i_4__0/O
                         net (fo=2, routed)           0.296  8070.249    u_core/u_fabric/i___469_1_i_4__0_n_0
    SLICE_X53Y55         LUT5 (Prop_lut5_I4_O)        0.124  8070.373 r  u_core/u_fabric/i___469_1_i_1__0/O
                         net (fo=10, routed)          1.033  8071.406    u_core/u_fabric/r4320
    SLICE_X56Y60         LUT6 (Prop_lut6_I5_O)        0.124  8071.530 r  u_core/u_fabric/i___469_0_i_5/O
                         net (fo=1, routed)           0.000  8071.530    u_core/u_fabric/i___469_0_i_5_n_0
    SLICE_X56Y60         MUXF7 (Prop_muxf7_I1_O)      0.217  8071.747 r  u_core/u_fabric/i___469_0_i_3/O
                         net (fo=2, routed)           0.570  8072.316    u_core/u_fabric/i___469_0_i_3_n_0
    SLICE_X55Y61         LUT6 (Prop_lut6_I5_O)        0.299  8072.615 r  u_core/u_fabric/i___469_0_i_1/O
                         net (fo=15, routed)          1.165  8073.780    u_core/u_fabric/r4322
    SLICE_X85Y64         LUT5 (Prop_lut5_I4_O)        0.124  8073.904 r  u_core/u_fabric/i___49_i_22/O
                         net (fo=1, routed)           0.151  8074.055    u_core/u_fabric/i___49_i_22_n_0
    SLICE_X85Y64         LUT6 (Prop_lut6_I1_O)        0.124  8074.179 r  u_core/u_fabric/i___49_i_13/O
                         net (fo=10, routed)          0.474  8074.654    u_core/u_fabric/r6382
    SLICE_X82Y66         LUT6 (Prop_lut6_I5_O)        0.124  8074.778 r  u_core/u_fabric/i___438_1_i_3/O
                         net (fo=1, routed)           0.767  8075.544    u_core/u_fabric/i___438_1_i_3_n_0
    SLICE_X65Y71         LUT6 (Prop_lut6_I0_O)        0.124  8075.668 r  u_core/u_fabric/i___438_1_i_1/O
                         net (fo=15, routed)          1.125  8076.793    u_core/u_fabric/u_clb_x12y2/i___72_i_14
    SLICE_X84Y76         LUT6 (Prop_lut6_I4_O)        0.124  8076.917 r  u_core/u_fabric/u_clb_x12y2/i___469_1_i_6/O
                         net (fo=2, routed)           0.334  8077.251    u_core/u_fabric/u_clb_x12y2_n_1
    SLICE_X86Y75         LUT6 (Prop_lut6_I2_O)        0.124  8077.375 r  u_core/u_fabric/i___469_1_i_2__0/O
                         net (fo=7, routed)           0.756  8078.131    u_core/u_fabric/r6308
    SLICE_X90Y73         LUT6 (Prop_lut6_I5_O)        0.124  8078.255 r  u_core/u_fabric/i___469_1/O
                         net (fo=1, routed)           0.286  8078.542    u_core/u_fabric/i___469_1_n_0
    SLICE_X90Y73         LUT6 (Prop_lut6_I4_O)        0.124  8078.666 r  u_core/u_fabric/i___50/O
                         net (fo=2, routed)           0.465  8079.131    u_core/u_fabric/i___50_n_0
    SLICE_X92Y73         LUT5 (Prop_lut5_I0_O)        0.124  8079.255 r  u_core/u_fabric/i___23_i_3/O
                         net (fo=15, routed)          0.593  8079.848    u_core/u_fabric/r6324
    SLICE_X93Y69         LUT3 (Prop_lut3_I1_O)        0.124  8079.972 r  u_core/u_fabric/i___30_i_3/O
                         net (fo=1, routed)           0.403  8080.375    u_core/u_fabric/i___30_i_3_n_0
    SLICE_X93Y69         LUT6 (Prop_lut6_I4_O)        0.124  8080.499 r  u_core/u_fabric/i___30/O
                         net (fo=2, routed)           0.531  8081.030    u_core/u_fabric/i___30_n_0
    SLICE_X92Y69         LUT5 (Prop_lut5_I0_O)        0.124  8081.154 r  u_core/u_fabric/i___323_i_2/O
                         net (fo=16, routed)          0.676  8081.830    u_core/u_fabric/r6334
    SLICE_X91Y71         LUT6 (Prop_lut6_I0_O)        0.124  8081.954 r  u_core/u_fabric/i___52_i_25/O
                         net (fo=1, routed)           0.149  8082.103    u_core/u_fabric/i___52_i_25_n_0
    SLICE_X91Y71         LUT5 (Prop_lut5_I2_O)        0.124  8082.227 r  u_core/u_fabric/i___52_i_13/O
                         net (fo=9, routed)           1.291  8083.518    u_core/u_fabric/r4773
    SLICE_X61Y64         LUT6 (Prop_lut6_I5_O)        0.124  8083.642 r  u_core/u_fabric/a_q[20]_i_10/O
                         net (fo=1, routed)           0.000  8083.642    u_core/u_fabric/a_q[20]_i_10_n_0
    SLICE_X61Y64         MUXF7 (Prop_muxf7_I1_O)      0.217  8083.859 r  u_core/u_fabric/a_q_reg[20]_i_7/O
                         net (fo=1, routed)           0.433  8084.292    u_core/u_fabric/a_q_reg[20]_i_7_n_0
    SLICE_X61Y64         LUT6 (Prop_lut6_I5_O)        0.299  8084.591 r  u_core/u_fabric/a_q[20]_i_3__0/O
                         net (fo=16, routed)          0.627  8085.219    u_core/u_fabric/r6077
    SLICE_X60Y66         LUT4 (Prop_lut4_I3_O)        0.124  8085.343 r  u_core/u_fabric/i___71_i_5/O
                         net (fo=13, routed)          1.429  8086.771    u_core/u_fabric/r4654
    SLICE_X98Y52         LUT5 (Prop_lut5_I1_O)        0.124  8086.896 r  u_core/u_fabric/i___466_1_i_15/O
                         net (fo=1, routed)           0.466  8087.361    u_core/u_fabric/i___466_1_i_15_n_0
    SLICE_X98Y52         LUT5 (Prop_lut5_I4_O)        0.124  8087.485 r  u_core/u_fabric/i___466_1_i_7/O
                         net (fo=2, routed)           0.417  8087.902    u_core/u_fabric/r4686
    SLICE_X99Y52         LUT6 (Prop_lut6_I3_O)        0.124  8088.026 r  u_core/u_fabric/i___304_i_9/O
                         net (fo=1, routed)           0.287  8088.313    u_core/u_fabric/i___304_i_9_n_0
    SLICE_X101Y52        LUT5 (Prop_lut5_I2_O)        0.124  8088.437 r  u_core/u_fabric/i___304_i_6/O
                         net (fo=8, routed)           0.885  8089.322    u_core/u_fabric/r6387
    SLICE_X95Y65         LUT5 (Prop_lut5_I4_O)        0.124  8089.446 r  u_core/u_fabric/i___298_i_5/O
                         net (fo=7, routed)           0.641  8090.087    u_core/u_fabric/r4561
    SLICE_X97Y70         LUT6 (Prop_lut6_I5_O)        0.124  8090.211 r  u_core/u_fabric/i___77_i_21/O
                         net (fo=1, routed)           0.295  8090.506    u_core/u_fabric/i___77_i_21_n_0
    SLICE_X99Y70         LUT5 (Prop_lut5_I4_O)        0.124  8090.630 r  u_core/u_fabric/i___77_i_15/O
                         net (fo=1, routed)           0.151  8090.782    u_core/u_fabric/i___77_i_15_n_0
    SLICE_X99Y70         LUT5 (Prop_lut5_I0_O)        0.124  8090.906 r  u_core/u_fabric/i___77_i_12/O
                         net (fo=7, routed)           1.417  8092.323    u_core/u_fabric/r6299
    SLICE_X66Y67         LUT6 (Prop_lut6_I5_O)        0.124  8092.447 r  u_core/u_fabric/i___77_i_6/O
                         net (fo=2, routed)           0.670  8093.117    u_core/u_fabric/i___77_i_6_n_0
    SLICE_X66Y67         LUT6 (Prop_lut6_I5_O)        0.124  8093.241 r  u_core/u_fabric/i___77_i_2/O
                         net (fo=7, routed)           1.187  8094.428    u_core/u_fabric/r6152
    SLICE_X47Y71         LUT6 (Prop_lut6_I2_O)        0.124  8094.552 r  u_core/u_fabric/q_i_30__12/O
                         net (fo=16, routed)          0.949  8095.501    u_core/u_store/r1265
    SLICE_X55Y78         LUT5 (Prop_lut5_I3_O)        0.124  8095.625 r  u_core/u_store/q_i_16__7/O
                         net (fo=2, routed)           0.663  8096.289    u_core/u_store/t_115_116
    SLICE_X50Y79         LUT5 (Prop_lut5_I0_O)        0.124  8096.413 r  u_core/u_store/q_i_9__1/O
                         net (fo=4, routed)           0.624  8097.037    u_core/u_fabric/r1255
    SLICE_X48Y75         LUT5 (Prop_lut5_I4_O)        0.124  8097.161 r  u_core/u_fabric/i___298_i_12/O
                         net (fo=1, routed)           0.280  8097.440    u_core/u_fabric/i___298_i_12_n_0
    SLICE_X48Y75         LUT6 (Prop_lut6_I5_O)        0.124  8097.564 r  u_core/u_fabric/i___298_i_3/O
                         net (fo=10, routed)          2.063  8099.627    u_core/u_store/r4556
    SLICE_X98Y59         LUT6 (Prop_lut6_I2_O)        0.124  8099.751 r  u_core/u_store/i___267_i_14/O
                         net (fo=1, routed)           0.590  8100.341    u_core/u_fabric/i___406_0_i_3_0
    SLICE_X98Y60         LUT5 (Prop_lut5_I4_O)        0.124  8100.465 r  u_core/u_fabric/i___267_i_5/O
                         net (fo=10, routed)          0.721  8101.186    u_core/u_fabric/r6406
    SLICE_X98Y66         LUT4 (Prop_lut4_I3_O)        0.124  8101.310 r  u_core/u_fabric/i___318_i_23/O
                         net (fo=7, routed)           1.249  8102.560    u_core/u_fabric/r4883
    SLICE_X101Y81        LUT5 (Prop_lut5_I1_O)        0.124  8102.684 r  u_core/u_fabric/a_q[23]_i_6/O
                         net (fo=1, routed)           0.263  8102.947    u_core/u_fabric/a_q[23]_i_6_n_0
    SLICE_X101Y81        LUT5 (Prop_lut5_I4_O)        0.124  8103.071 r  u_core/u_fabric/a_q[23]_i_2/O
                         net (fo=14, routed)          1.687  8104.758    u_core/u_fabric/r4867
    SLICE_X62Y59         LUT6 (Prop_lut6_I5_O)        0.124  8104.882 r  u_core/u_fabric/i___430_0_i_9/O
                         net (fo=1, routed)           0.161  8105.043    u_core/u_fabric/i___430_0_i_9_n_0
    SLICE_X62Y59         LUT5 (Prop_lut5_I4_O)        0.124  8105.167 r  u_core/u_fabric/i___430_0_i_3/O
                         net (fo=1, routed)           0.502  8105.670    u_core/u_fabric/i___430_0_i_3_n_0
    SLICE_X58Y59         LUT5 (Prop_lut5_I0_O)        0.124  8105.794 r  u_core/u_fabric/i___430_0_i_1/O
                         net (fo=15, routed)          1.122  8106.917    u_core/u_fabric/r6091
    SLICE_X46Y52         LUT6 (Prop_lut6_I5_O)        0.124  8107.041 r  u_core/u_fabric/c_q[26]_i_2__0/O
                         net (fo=1, routed)           0.468  8107.509    u_core/u_store/r933
    SLICE_X38Y52         LUT3 (Prop_lut3_I2_O)        0.124  8107.633 r  u_core/u_store/c_q[26]_i_1/O
                         net (fo=2, routed)           0.509  8108.142    u_core/u_store/drive_reg[90][26]
    SLICE_X32Y51         LUT6 (Prop_lut6_I0_O)        0.124  8108.266 r  u_core/u_store/i__carry__5_i_10/O
                         net (fo=1, routed)           0.596  8108.862    u_core/u_fabric/u_dsp0/u_core/p_q_reg[27]_1
    SLICE_X34Y51         LUT4 (Prop_lut4_I3_O)        0.124  8108.986 r  u_core/u_fabric/u_dsp0/u_core/i__carry__5_i_6/O
                         net (fo=1, routed)           0.000  8108.986    u_core/u_fabric/u_dsp0/u_core/i__carry__5_i_6_n_0
    SLICE_X34Y51         CARRY4 (Prop_carry4_S[2]_O[3])
                                                      0.352  8109.338 r  u_core/u_fabric/u_dsp0/u_core/__10/i__carry__5/O[3]
                         net (fo=2, routed)           0.658  8109.997    u_core/u_fabric/u_dsp0/u_core/__10/i__carry__5_n_4
    SLICE_X35Y51         LUT3 (Prop_lut3_I2_O)        0.307  8110.304 r  u_core/u_fabric/u_dsp0/u_core/sr[27]_i_2__0/O
                         net (fo=4, routed)           0.983  8111.287    u_core/u_fabric/dsp_p[27]
    SLICE_X47Y60         LUT5 (Prop_lut5_I4_O)        0.124  8111.411 r  u_core/u_fabric/c_q[46]_i_10/O
                         net (fo=1, routed)           0.000  8111.411    u_core/u_fabric/c_q[46]_i_10_n_0
    SLICE_X47Y60         MUXF7 (Prop_muxf7_I0_O)      0.212  8111.623 r  u_core/u_fabric/c_q_reg[46]_i_5/O
                         net (fo=1, routed)           0.436  8112.060    u_core/u_fabric/c_q_reg[46]_i_5_n_0
    SLICE_X47Y60         LUT6 (Prop_lut6_I5_O)        0.299  8112.358 r  u_core/u_fabric/c_q[46]_i_2/O
                         net (fo=12, routed)          1.115  8113.474    u_core/u_fabric/r6083
    SLICE_X50Y67         LUT4 (Prop_lut4_I3_O)        0.124  8113.598 r  u_core/u_fabric/i___51_i_14/O
                         net (fo=3, routed)           0.855  8114.453    u_core/u_fabric/r4546
    SLICE_X39Y72         LUT6 (Prop_lut6_I3_O)        0.124  8114.577 r  u_core/u_fabric/i___51_i_8/O
                         net (fo=1, routed)           0.149  8114.726    u_core/u_fabric/i___51_i_8_n_0
    SLICE_X39Y72         LUT5 (Prop_lut5_I2_O)        0.124  8114.850 r  u_core/u_fabric/i___51_i_3/O
                         net (fo=14, routed)          0.991  8115.840    u_core/u_fabric/r6174
    SLICE_X53Y69         LUT3 (Prop_lut3_I2_O)        0.124  8115.964 r  u_core/u_fabric/i___269_i_2/O
                         net (fo=1, routed)           0.263  8116.228    u_core/u_fabric/i___269_i_2_n_0
    SLICE_X53Y69         LUT6 (Prop_lut6_I4_O)        0.124  8116.352 r  u_core/u_fabric/i___269/O
                         net (fo=2, routed)           0.648  8117.000    u_core/u_fabric/i___269_n_0
    SLICE_X57Y69         LUT3 (Prop_lut3_I0_O)        0.124  8117.124 r  u_core/u_fabric/i___320_i_5/O
                         net (fo=8, routed)           0.903  8118.026    u_core/u_fabric/r4672
    SLICE_X60Y77         LUT6 (Prop_lut6_I5_O)        0.124  8118.150 r  u_core/u_fabric/i___255_i_10/O
                         net (fo=1, routed)           0.491  8118.642    u_core/u_fabric/i___255_i_10_n_0
    SLICE_X60Y77         LUT5 (Prop_lut5_I2_O)        0.124  8118.766 r  u_core/u_fabric/i___255_i_3/O
                         net (fo=11, routed)          0.681  8119.447    u_core/u_fabric/r6239
    SLICE_X60Y83         LUT6 (Prop_lut6_I5_O)        0.124  8119.571 r  u_core/u_fabric/i___257_i_14/O
                         net (fo=1, routed)           0.925  8120.496    u_core/u_fabric/i___257_i_14_n_0
    SLICE_X49Y75         LUT6 (Prop_lut6_I2_O)        0.124  8120.620 r  u_core/u_fabric/i___257_i_8/O
                         net (fo=5, routed)           1.282  8121.902    u_core/u_fabric/r4437
    SLICE_X58Y62         LUT6 (Prop_lut6_I3_O)        0.124  8122.026 r  u_core/u_fabric/a_q[17]_i_6/O
                         net (fo=2, routed)           0.682  8122.708    u_core/u_fabric/a_q[17]_i_6_n_0
    SLICE_X58Y62         LUT5 (Prop_lut5_I2_O)        0.124  8122.832 r  u_core/u_fabric/a_q[17]_i_3__0/O
                         net (fo=2, routed)           0.961  8123.792    u_core/u_fabric/r6071
    SLICE_X44Y54         LUT6 (Prop_lut6_I2_O)        0.124  8123.917 r  u_core/u_fabric/a_q[17]_i_2/O
                         net (fo=1, routed)           0.624  8124.541    u_core/u_store/r776
    SLICE_X39Y51         LUT3 (Prop_lut3_I2_O)        0.124  8124.665 r  u_core/u_store/a_q[17]_i_1/O
                         net (fo=2, routed)           0.902  8125.566    u_core/u_store/drive_reg[24][17]
    SLICE_X30Y48         LUT3 (Prop_lut3_I2_O)        0.124  8125.690 r  u_core/u_store/m_c_i_48/O
                         net (fo=2, routed)           0.614  8126.305    u_core/u_store/u_fabric/u_dsp0/u_core/a_v__24[17]
    SLICE_X26Y48         LUT5 (Prop_lut5_I3_O)        0.124  8126.429 r  u_core/u_store/i__carry__3_i_7__1/O
                         net (fo=1, routed)           0.000  8126.429    u_core/u_fabric/u_dsp0/u_core/m_c_4[1]
    SLICE_X26Y48         CARRY4 (Prop_carry4_S[1]_O[3])
                                                      0.643  8127.072 r  u_core/u_fabric/u_dsp0/u_core/__5/i__carry__3/O[3]
                         net (fo=1, routed)           0.487  8127.559    u_core/u_store/m_c_11[3]
    SLICE_X27Y48         LUT3 (Prop_lut3_I0_O)        0.307  8127.866 r  u_core/u_store/m_c_i_24/O
                         net (fo=1, routed)           0.791  8128.657    u_core/u_fabric/u_dsp0/u_core/A[19]
    DSP48_X1Y18          DSP48E1 (Prop_dsp48e1_A[19]_P[8])
                                                      3.841  8132.498 r  u_core/u_fabric/u_dsp0/u_core/m_c/P[8]
                         net (fo=3, routed)           1.452  8133.950    u_core/u_fabric/u_dsp0/u_core/m_c__0[8]
    SLICE_X34Y47         LUT4 (Prop_lut4_I0_O)        0.124  8134.074 r  u_core/u_fabric/u_dsp0/u_core/i__carry__1_i_8/O
                         net (fo=1, routed)           0.000  8134.074    u_core/u_fabric/u_dsp0/u_core/i__carry__1_i_8_n_0
    SLICE_X34Y47         CARRY4 (Prop_carry4_S[0]_CO[3])
                                                      0.513  8134.587 r  u_core/u_fabric/u_dsp0/u_core/__10/i__carry__1/CO[3]
                         net (fo=1, routed)           0.000  8134.587    u_core/u_fabric/u_dsp0/u_core/__10/i__carry__1_n_0
    SLICE_X34Y48         CARRY4 (Prop_carry4_CI_O[1])
                                                      0.337  8134.924 r  u_core/u_fabric/u_dsp0/u_core/__10/i__carry__2/O[1]
                         net (fo=2, routed)           0.504  8135.428    u_core/u_fabric/u_dsp0/u_core/__10/i__carry__2_n_6
    SLICE_X35Y48         LUT3 (Prop_lut3_I2_O)        0.306  8135.734 r  u_core/u_fabric/u_dsp0/u_core/sr[13]_i_2/O
                         net (fo=4, routed)           1.320  8137.054    u_core/u_fabric/dsp_p[13]
    SLICE_X64Y57         LUT5 (Prop_lut5_I4_O)        0.124  8137.178 r  u_core/u_fabric/c_q[36]_i_5/O
                         net (fo=11, routed)          0.819  8137.997    u_core/u_fabric/r6064
    SLICE_X63Y48         LUT6 (Prop_lut6_I5_O)        0.124  8138.121 r  u_core/u_fabric/i___324_i_35/O
                         net (fo=16, routed)          0.652  8138.773    u_core/u_store/r971
    SLICE_X55Y47         LUT6 (Prop_lut6_I2_O)        0.124  8138.897 r  u_core/u_store/q_i_25__2/O
                         net (fo=1, routed)           0.000  8138.897    u_core/u_store/u_fabric/u_clb_x9y1/t_109
    SLICE_X55Y47         MUXF7 (Prop_muxf7_I1_O)      0.217  8139.114 r  u_core/u_store/q_reg_i_17__2/O
                         net (fo=2, routed)           0.526  8139.639    u_core/u_store/u_fabric/u_clb_x9y1/t_118
    SLICE_X54Y55         LUT5 (Prop_lut5_I4_O)        0.299  8139.938 r  u_core/u_store/q_i_14__1/O
                         net (fo=2, routed)           0.656  8140.594    u_core/u_fabric/u_clb_x12y1/t_123
    SLICE_X55Y55         LUT6 (Prop_lut6_I5_O)        0.124  8140.718 r  u_core/u_fabric/u_clb_x12y1/q_i_7__7/O
                         net (fo=1, routed)           0.000  8140.718    u_core/u_store/cy_sum
    SLICE_X55Y55         MUXF7 (Prop_muxf7_I1_O)      0.217  8140.935 r  u_core/u_store/q_reg_i_3/O
                         net (fo=3, routed)           0.620  8141.554    u_core/u_store/comb_49
    SLICE_X57Y59         LUT3 (Prop_lut3_I2_O)        0.299  8141.853 r  u_core/u_store/user_dr[10]_i_2/O
                         net (fo=4, routed)           0.600  8142.453    u_core/u_fabric/i___8_i_10_0[0]
    SLICE_X57Y63         LUT6 (Prop_lut6_I5_O)        0.124  8142.577 r  u_core/u_fabric/i___51_i_10/O
                         net (fo=14, routed)          0.999  8143.577    u_core/u_fabric/r6140
    SLICE_X49Y72         LUT6 (Prop_lut6_I5_O)        0.124  8143.701 r  u_core/u_fabric/q_i_26__4/O
                         net (fo=18, routed)          0.929  8144.630    u_core/u_store/r996
    SLICE_X59Y77         LUT6 (Prop_lut6_I4_O)        0.124  8144.754 r  u_core/u_store/q_i_44__2/O
                         net (fo=1, routed)           0.000  8144.754    u_core/u_store/u_fabric/u_clb_x10y1/t_107
    SLICE_X59Y77         MUXF7 (Prop_muxf7_I1_O)      0.217  8144.971 r  u_core/u_store/q_reg_i_40/O
                         net (fo=1, routed)           0.000  8144.971    u_core/u_store/u_fabric/u_clb_x10y1/t_117
    SLICE_X59Y77         MUXF8 (Prop_muxf8_I1_O)      0.094  8145.065 r  u_core/u_store/q_reg_i_26/O
                         net (fo=1, routed)           0.707  8145.772    u_core/u_fabric/u_clb_x12y2/t_122_118
    SLICE_X55Y81         LUT5 (Prop_lut5_I4_O)        0.316  8146.088 r  u_core/u_fabric/u_clb_x12y2/q_i_13__2/O
                         net (fo=2, routed)           1.133  8147.221    u_core/u_fabric/u_clb_x12y2/t_125
    SLICE_X45Y82         LUT3 (Prop_lut3_I1_O)        0.150  8147.371 r  u_core/u_fabric/u_clb_x12y2/q_i_7__9/O
                         net (fo=3, routed)           0.445  8147.816    u_core/u_fabric/u_clb_x12y2/lut_o6_7
    SLICE_X44Y81         LUT5 (Prop_lut5_I4_O)        0.332  8148.148 r  u_core/u_fabric/u_clb_x12y2/i___289_i_9/O
                         net (fo=1, routed)           0.375  8148.523    u_core/u_fabric/u_clb_x10y1/user_dr_reg[11]
    SLICE_X44Y81         LUT6 (Prop_lut6_I5_O)        0.124  8148.647 r  u_core/u_fabric/u_clb_x10y1/i___289_i_7/O
                         net (fo=4, routed)           0.988  8149.635    u_core/u_fabric/clb_o[5]
    SLICE_X42Y65         LUT6 (Prop_lut6_I5_O)        0.124  8149.759 r  u_core/u_fabric/i___289_i_2/O
                         net (fo=16, routed)          1.938  8151.697    u_core/u_fabric/r6218
    SLICE_X83Y80         LUT6 (Prop_lut6_I5_O)        0.124  8151.821 r  u_core/u_fabric/q_i_22__4/O
                         net (fo=18, routed)          0.858  8152.679    u_core/u_store/r1022
    SLICE_X89Y89         LUT6 (Prop_lut6_I4_O)        0.124  8152.803 r  u_core/u_store/q_i_46__1/O
                         net (fo=1, routed)           0.000  8152.803    u_core/u_store/u_fabric/u_clb_x11y1/t_99
    SLICE_X89Y89         MUXF7 (Prop_muxf7_I1_O)      0.217  8153.020 r  u_core/u_store/q_reg_i_25__0/O
                         net (fo=1, routed)           0.656  8153.675    u_core/u_store/u_fabric/u_clb_x11y1/t_113
    SLICE_X89Y83         LUT3 (Prop_lut3_I2_O)        0.299  8153.974 r  u_core/u_store/q_i_13__3/O
                         net (fo=2, routed)           0.758  8154.732    u_core/u_fabric/t_120_527
    SLICE_X87Y72         LUT6 (Prop_lut6_I3_O)        0.124  8154.856 r  u_core/u_fabric/i___256_i_23/O
                         net (fo=1, routed)           0.437  8155.293    u_core/u_fabric/i___256_i_23_n_0
    SLICE_X84Y72         LUT5 (Prop_lut5_I4_O)        0.124  8155.417 r  u_core/u_fabric/i___256_i_9/O
                         net (fo=7, routed)           0.940  8156.357    u_core/u_fabric/r4448
    SLICE_X83Y58         LUT6 (Prop_lut6_I5_O)        0.124  8156.481 r  u_core/u_fabric/i___256_i_2/O
                         net (fo=2, routed)           0.320  8156.801    u_core/u_fabric/i___256_i_2_n_0
    SLICE_X80Y58         LUT5 (Prop_lut5_I2_O)        0.124  8156.925 r  u_core/u_fabric/i___61_i_4/O
                         net (fo=2, routed)           0.572  8157.498    u_core/u_store/r6375
    SLICE_X80Y56         LUT5 (Prop_lut5_I2_O)        0.124  8157.622 r  u_core/u_store/i___61_i_2/O
                         net (fo=10, routed)          1.216  8158.838    u_core/u_fabric/r4323
    SLICE_X48Y56         LUT6 (Prop_lut6_I4_O)        0.124  8158.962 r  u_core/u_fabric/i___62/O
                         net (fo=1, routed)           0.584  8159.546    u_core/u_fabric/i___62_n_0
    SLICE_X44Y56         LUT4 (Prop_lut4_I0_O)        0.124  8159.670 r  u_core/u_fabric/b_q[4]_i_3/O
                         net (fo=1, routed)           0.161  8159.832    u_core/u_fabric/b_q[4]_i_3_n_0
    SLICE_X44Y56         LUT6 (Prop_lut6_I5_O)        0.124  8159.956 r  u_core/u_fabric/b_q[4]_i_2/O
                         net (fo=1, routed)           0.975  8160.930    u_core/u_store/r777
    SLICE_X33Y52         LUT3 (Prop_lut3_I2_O)        0.124  8161.054 r  u_core/u_store/b_q[4]_i_1/O
                         net (fo=2, routed)           0.924  8161.978    u_core/u_dsp0/b_v[4]
    SLICE_X28Y48         LUT3 (Prop_lut3_I2_O)        0.124  8162.102 r  u_core/m_c_i_14/O
                         net (fo=1, routed)           0.796  8162.897    u_core/u_fabric/u_dsp0/u_core/B[4]
    DSP48_X1Y18          DSP48E1 (Prop_dsp48e1_B[4]_P[12])
                                                      3.656  8166.553 r  u_core/u_fabric/u_dsp0/u_core/m_c/P[12]
                         net (fo=3, routed)           1.417  8167.970    u_core/u_fabric/u_dsp0/u_core/m_c__0[12]
    SLICE_X34Y48         LUT3 (Prop_lut3_I2_O)        0.116  8168.086 r  u_core/u_fabric/u_dsp0/u_core/i__carry__2_i_4/O
                         net (fo=1, routed)           0.000  8168.086    u_core/u_fabric/u_dsp0/u_core/m_x[12]
    SLICE_X34Y48         CARRY4 (Prop_carry4_DI[0]_CO[3])
                                                      0.471  8168.558 r  u_core/u_fabric/u_dsp0/u_core/__10/i__carry__2/CO[3]
                         net (fo=1, routed)           0.000  8168.558    u_core/u_fabric/u_dsp0/u_core/__10/i__carry__2_n_0
    SLICE_X34Y49         CARRY4 (Prop_carry4_CI_O[2])
                                                      0.256  8168.813 r  u_core/u_fabric/u_dsp0/u_core/__10/i__carry__3/O[2]
                         net (fo=2, routed)           0.448  8169.262    u_core/u_fabric/u_dsp0/u_core/__10/i__carry__3_n_5
    SLICE_X33Y49         LUT3 (Prop_lut3_I2_O)        0.301  8169.562 r  u_core/u_fabric/u_dsp0/u_core/sr[18]_i_2__0/O
                         net (fo=4, routed)           1.327  8170.890    u_core/u_store/dsp_p[1]
    SLICE_X63Y56         LUT6 (Prop_lut6_I3_O)        0.124  8171.014 r  u_core/u_store/i___150_i_7/O
                         net (fo=1, routed)           0.149  8171.163    u_core/u_fabric/i___150_0
    SLICE_X63Y56         LUT5 (Prop_lut5_I4_O)        0.124  8171.287 r  u_core/u_fabric/i___150_i_2/O
                         net (fo=11, routed)          2.119  8173.406    u_core/u_fabric/r4301
    SLICE_X27Y21         LUT2 (Prop_lut2_I0_O)        0.124  8173.530 r  u_core/u_fabric/q_i_25__26/O
                         net (fo=3, routed)           0.694  8174.224    u_core/u_fabric/r5912
    SLICE_X21Y22         LUT6 (Prop_lut6_I5_O)        0.124  8174.348 r  u_core/u_fabric/q_i_12__11__0/O
                         net (fo=4, routed)           0.597  8174.945    u_core/u_store/r375
    SLICE_X17Y21         LUT6 (Prop_lut6_I2_O)        0.124  8175.069 r  u_core/u_store/q_i_15__2/O
                         net (fo=1, routed)           0.403  8175.473    u_core/u_store/u_fabric/u_clb_x6y1/t_120
    SLICE_X17Y21         LUT5 (Prop_lut5_I4_O)        0.124  8175.597 r  u_core/u_store/q_i_7__5/O
                         net (fo=5, routed)           0.887  8176.483    u_core/u_fabric/r371
    SLICE_X26Y24         LUT5 (Prop_lut5_I4_O)        0.124  8176.607 r  u_core/u_fabric/q_i_43__5/O
                         net (fo=1, routed)           0.330  8176.938    u_core/u_fabric/q_i_43__5_n_0
    SLICE_X26Y25         LUT5 (Prop_lut5_I4_O)        0.124  8177.062 r  u_core/u_fabric/q_i_20__37/O
                         net (fo=7, routed)           1.029  8178.090    u_core/u_fabric/r4406
    SLICE_X37Y36         LUT6 (Prop_lut6_I3_O)        0.124  8178.214 r  u_core/u_fabric/c_q[29]_i_6/O
                         net (fo=1, routed)           0.311  8178.525    u_core/u_fabric/c_q[29]_i_6_n_0
    SLICE_X38Y37         LUT5 (Prop_lut5_I2_O)        0.124  8178.649 r  u_core/u_fabric/c_q[29]_i_3/O
                         net (fo=5, routed)           0.604  8179.253    u_core/u_fabric/r5985
    SLICE_X43Y33         LUT6 (Prop_lut6_I3_O)        0.124  8179.377 r  u_core/u_fabric/i___136_i_16/O
                         net (fo=1, routed)           0.000  8179.377    u_core/u_fabric/i___136_i_16_n_0
    SLICE_X43Y33         MUXF7 (Prop_muxf7_I1_O)      0.217  8179.594 r  u_core/u_fabric/i___136_i_10/O
                         net (fo=2, routed)           0.587  8180.181    u_core/u_fabric/i___136_i_10_n_0
    SLICE_X42Y30         LUT6 (Prop_lut6_I5_O)        0.299  8180.480 r  u_core/u_fabric/i___136_i_7/O
                         net (fo=9, routed)           0.710  8181.190    u_core/u_fabric/r4293
    SLICE_X38Y24         LUT5 (Prop_lut5_I4_O)        0.124  8181.314 r  u_core/u_fabric/i___136_i_5/O
                         net (fo=2, routed)           0.000  8181.314    u_core/u_fabric/i___136_i_5_n_0
    SLICE_X38Y24         MUXF7 (Prop_muxf7_I0_O)      0.209  8181.523 r  u_core/u_fabric/i___136_i_2/O
                         net (fo=8, routed)           1.247  8182.770    u_core/u_fabric/r4283
    SLICE_X59Y22         LUT2 (Prop_lut2_I1_O)        0.297  8183.067 r  u_core/u_fabric/mem_reg_i_111__0/O
                         net (fo=2, routed)           0.572  8183.639    u_core/u_fabric/r5678
    SLICE_X52Y23         LUT4 (Prop_lut4_I0_O)        0.124  8183.763 r  u_core/u_fabric/i___171_i_19/O
                         net (fo=5, routed)           0.874  8184.637    u_core/u_fabric/r4396
    SLICE_X42Y28         LUT6 (Prop_lut6_I5_O)        0.124  8184.761 r  u_core/u_fabric/i___92_i_16/O
                         net (fo=2, routed)           1.028  8185.790    u_core/u_fabric/i___92_i_16_n_0
    SLICE_X25Y28         LUT5 (Prop_lut5_I4_O)        0.124  8185.914 r  u_core/u_fabric/i___92_i_14/O
                         net (fo=1, routed)           0.426  8186.340    u_core/u_fabric/i___92_i_14_n_0
    SLICE_X24Y28         LUT5 (Prop_lut5_I2_O)        0.124  8186.464 r  u_core/u_fabric/i___92_i_11/O
                         net (fo=15, routed)          1.465  8187.929    u_core/u_fabric/r5854
    SLICE_X19Y14         LUT6 (Prop_lut6_I5_O)        0.124  8188.053 r  u_core/u_fabric/i___162_i_5/O
                         net (fo=1, routed)           0.149  8188.202    u_core/u_fabric/i___162_i_5_n_0
    SLICE_X19Y14         LUT5 (Prop_lut5_I2_O)        0.124  8188.326 r  u_core/u_fabric/i___162_i_1/O
                         net (fo=11, routed)          1.712  8190.038    u_core/u_fabric/r4831
    SLICE_X58Y19         LUT6 (Prop_lut6_I5_O)        0.124  8190.162 r  u_core/u_fabric/i___434_0_i_5/O
                         net (fo=1, routed)           0.312  8190.474    u_core/u_fabric/i___434_0_i_5_n_0
    SLICE_X58Y18         LUT5 (Prop_lut5_I4_O)        0.124  8190.598 r  u_core/u_fabric/i___434_0_i_2/O
                         net (fo=1, routed)           0.282  8190.880    u_core/u_fabric/i___434_0_i_2_n_0
    SLICE_X58Y18         LUT5 (Prop_lut5_I0_O)        0.124  8191.004 r  u_core/u_fabric/i___434_0_i_1/O
                         net (fo=14, routed)          0.836  8191.840    u_core/u_fabric/r5697
    SLICE_X50Y12         LUT4 (Prop_lut4_I3_O)        0.124  8191.964 r  u_core/u_fabric/i___37_i_13/O
                         net (fo=10, routed)          1.405  8193.369    u_core/u_fabric/r4720
    SLICE_X20Y10         LUT5 (Prop_lut5_I4_O)        0.124  8193.493 r  u_core/u_fabric/i___92_i_9/O
                         net (fo=1, routed)           0.000  8193.493    u_core/u_fabric/i___92_i_9_n_0
    SLICE_X20Y10         MUXF7 (Prop_muxf7_I0_O)      0.209  8193.702 r  u_core/u_fabric/i___92_i_5/O
                         net (fo=2, routed)           0.443  8194.146    u_core/u_fabric/i___92_i_5_n_0
    SLICE_X19Y10         LUT3 (Prop_lut3_I2_O)        0.297  8194.442 r  u_core/u_fabric/i___92_i_2/O
                         net (fo=15, routed)          1.201  8195.643    u_core/u_fabric/r5872
    SLICE_X15Y31         LUT6 (Prop_lut6_I3_O)        0.124  8195.767 r  u_core/u_fabric/c_q[39]_i_7/O
                         net (fo=1, routed)           0.403  8196.170    u_core/u_fabric/c_q[39]_i_7_n_0
    SLICE_X15Y31         LUT5 (Prop_lut5_I0_O)        0.124  8196.294 r  u_core/u_fabric/c_q[39]_i_3__0/O
                         net (fo=16, routed)          1.367  8197.661    u_core/u_fabric/r4852
    SLICE_X33Y50         LUT6 (Prop_lut6_I2_O)        0.124  8197.785 r  u_core/u_fabric/d_q[16]_i_2/O
                         net (fo=1, routed)           0.776  8198.561    u_core/u_store/r926
    SLICE_X29Y48         LUT3 (Prop_lut3_I2_O)        0.124  8198.685 r  u_core/u_store/d_q[16]_i_1/O
                         net (fo=3, routed)           0.612  8199.297    u_core/u_store/drive_reg[115][16]
    SLICE_X26Y48         LUT5 (Prop_lut5_I2_O)        0.124  8199.421 r  u_core/u_store/i__carry__3_i_8__1/O
                         net (fo=1, routed)           0.000  8199.421    u_core/u_fabric/u_dsp0/u_core/m_c_4[0]
    SLICE_X26Y48         CARRY4 (Prop_carry4_S[0]_O[2])
                                                      0.544  8199.965 r  u_core/u_fabric/u_dsp0/u_core/__5/i__carry__3/O[2]
                         net (fo=1, routed)           0.428  8200.394    u_core/u_store/m_c_11[2]
    SLICE_X25Y49         LUT3 (Prop_lut3_I0_O)        0.301  8200.694 r  u_core/u_store/m_c_i_25/O
                         net (fo=1, routed)           0.793  8201.487    u_core/u_fabric/u_dsp0/u_core/A[18]
    DSP48_X1Y18          DSP48E1 (Prop_dsp48e1_A[18]_P[16])
                                                      3.841  8205.328 r  u_core/u_fabric/u_dsp0/u_core/m_c/P[16]
                         net (fo=3, routed)           1.474  8206.802    u_core/u_fabric/u_dsp0/u_core/m_c__0[16]
    SLICE_X34Y49         LUT4 (Prop_lut4_I0_O)        0.124  8206.926 r  u_core/u_fabric/u_dsp0/u_core/i__carry__3_i_8/O
                         net (fo=1, routed)           0.000  8206.926    u_core/u_fabric/u_dsp0/u_core/i__carry__3_i_8_n_0
    SLICE_X34Y49         CARRY4 (Prop_carry4_S[0]_CO[3])
                                                      0.513  8207.438 r  u_core/u_fabric/u_dsp0/u_core/__10/i__carry__3/CO[3]
                         net (fo=1, routed)           0.001  8207.439    u_core/u_fabric/u_dsp0/u_core/__10/i__carry__3_n_0
    SLICE_X34Y50         CARRY4 (Prop_carry4_CI_O[2])
                                                      0.256  8207.695 r  u_core/u_fabric/u_dsp0/u_core/__10/i__carry__4/O[2]
                         net (fo=3, routed)           0.774  8208.470    u_core/u_fabric/u_dsp0_n_7
    SLICE_X35Y41         LUT4 (Prop_lut4_I1_O)        0.301  8208.771 r  u_core/u_fabric/i___374_i_13/O
                         net (fo=1, routed)           0.000  8208.771    u_core/u_fabric/i___374_i_13_n_0
    SLICE_X35Y41         MUXF7 (Prop_muxf7_I0_O)      0.212  8208.982 r  u_core/u_fabric/i___374_i_10/O
                         net (fo=1, routed)           0.436  8209.418    u_core/u_fabric/i___374_i_10_n_0
    SLICE_X34Y40         LUT5 (Prop_lut5_I4_O)        0.299  8209.717 r  u_core/u_fabric/i___374_i_4/O
                         net (fo=14, routed)          0.745  8210.461    u_core/u_fabric/r5997
    SLICE_X29Y42         LUT4 (Prop_lut4_I3_O)        0.124  8210.585 r  u_core/u_fabric/i___374_i_1/O
                         net (fo=8, routed)           1.708  8212.293    u_core/u_fabric/r4519
    SLICE_X55Y20         LUT6 (Prop_lut6_I0_O)        0.124  8212.417 r  u_core/u_fabric/i___374/O
                         net (fo=2, routed)           0.794  8213.211    u_core/u_fabric/i___374_n_0
    SLICE_X50Y23         LUT3 (Prop_lut3_I0_O)        0.124  8213.335 r  u_core/u_fabric/i___423_1_i_10/O
                         net (fo=7, routed)           1.297  8214.632    u_core/u_fabric/r5769
    SLICE_X29Y16         LUT4 (Prop_lut4_I0_O)        0.124  8214.756 r  u_core/u_fabric/q_i_36__5/O
                         net (fo=1, routed)           0.473  8215.229    u_core/u_fabric/q_i_36__5_n_0
    SLICE_X29Y16         LUT6 (Prop_lut6_I5_O)        0.124  8215.354 r  u_core/u_fabric/q_i_22__14/O
                         net (fo=8, routed)           1.176  8216.529    u_core/u_store/r1162
    SLICE_X19Y5          MUXF7 (Prop_muxf7_S_O)       0.276  8216.806 r  u_core/u_store/q_reg_i_31__3/O
                         net (fo=1, routed)           1.229  8218.034    u_core/u_store/u_fabric/u_clb_x5y2/t_118
    SLICE_X24Y7          LUT6 (Prop_lut6_I1_O)        0.299  8218.333 r  u_core/u_store/q_i_17__1/O
                         net (fo=1, routed)           0.812  8219.145    u_core/u_store/u_fabric/u_clb_x5y2/t_125
    SLICE_X26Y19         LUT6 (Prop_lut6_I0_O)        0.124  8219.269 r  u_core/u_store/q_i_8__6/O
                         net (fo=3, routed)           0.604  8219.873    u_core/u_store/u_fabric/u_clb_x5y2/lut_o6
    SLICE_X23Y14         LUT5 (Prop_lut5_I4_O)        0.124  8219.997 r  u_core/u_store/q_i_6__9/O
                         net (fo=1, routed)           0.722  8220.719    u_core/u_store/u_fabric/u_clb_x5y2/cy_sum
    SLICE_X25Y14         LUT5 (Prop_lut5_I0_O)        0.124  8220.843 r  u_core/u_store/q_i_3__8/O
                         net (fo=3, routed)           0.638  8221.481    u_core/u_store/comb_89
    SLICE_X27Y21         LUT3 (Prop_lut3_I2_O)        0.124  8221.605 r  u_core/u_store/user_dr[17]_i_2/O
                         net (fo=3, routed)           0.915  8222.521    u_core/u_fabric/i___8_i_10_0[5]
    SLICE_X24Y25         LUT5 (Prop_lut5_I4_O)        0.124  8222.645 r  u_core/u_fabric/i___173_i_16/O
                         net (fo=2, routed)           0.173  8222.817    u_core/u_fabric/i___173_i_16_n_0
    SLICE_X24Y25         LUT5 (Prop_lut5_I4_O)        0.124  8222.941 r  u_core/u_fabric/i___155_i_12/O
                         net (fo=6, routed)           0.975  8223.916    u_core/u_fabric/r5831
    SLICE_X25Y19         LUT4 (Prop_lut4_I3_O)        0.124  8224.040 r  u_core/u_fabric/q_i_45__12/O
                         net (fo=5, routed)           0.417  8224.457    u_core/u_fabric/g_frame[62].cfg_reg[7942]_0
    SLICE_X25Y19         LUT5 (Prop_lut5_I4_O)        0.124  8224.581 r  u_core/u_fabric/q_i_24__11/O
                         net (fo=16, routed)          1.019  8225.600    u_core/u_store/r1186
    SLICE_X17Y15         LUT6 (Prop_lut6_I4_O)        0.124  8225.724 r  u_core/u_store/q_i_43__5/O
                         net (fo=1, routed)           0.000  8225.724    u_core/u_store/u_fabric/u_clb_x6y2/t_99
    SLICE_X17Y15         MUXF7 (Prop_muxf7_I1_O)      0.217  8225.940 r  u_core/u_store/q_reg_i_29__0/O
                         net (fo=1, routed)           0.711  8226.651    u_core/u_store/u_fabric/u_clb_x6y2/t_113
    SLICE_X17Y19         LUT3 (Prop_lut3_I2_O)        0.299  8226.950 r  u_core/u_store/q_i_16__4/O
                         net (fo=2, routed)           0.715  8227.665    u_core/u_fabric/t_120_484
    SLICE_X24Y19         LUT6 (Prop_lut6_I1_O)        0.124  8227.789 r  u_core/u_fabric/i___91_i_24/O
                         net (fo=1, routed)           0.000  8227.789    u_core/u_fabric/i___91_i_24_n_0
    SLICE_X24Y19         MUXF7 (Prop_muxf7_I0_O)      0.212  8228.001 r  u_core/u_fabric/i___91_i_22/O
                         net (fo=1, routed)           0.848  8228.850    u_core/u_fabric/i___91_i_22_n_0
    SLICE_X33Y24         LUT5 (Prop_lut5_I4_O)        0.299  8229.148 r  u_core/u_fabric/i___91_i_17/O
                         net (fo=10, routed)          1.231  8230.380    u_core/u_fabric/r4495
    SLICE_X16Y20         LUT5 (Prop_lut5_I1_O)        0.124  8230.504 r  u_core/u_fabric/i___91_i_8/O
                         net (fo=2, routed)           0.314  8230.817    u_core/u_fabric/i___91_i_8_n_0
    SLICE_X16Y19         LUT5 (Prop_lut5_I4_O)        0.124  8230.941 r  u_core/u_fabric/i___91_i_3/O
                         net (fo=13, routed)          0.831  8231.771    u_core/u_fabric/r5862
    SLICE_X19Y28         LUT6 (Prop_lut6_I2_O)        0.124  8231.896 r  u_core/u_fabric/q_i_15__10/O
                         net (fo=2, routed)           1.112  8233.007    u_core/u_fabric/u_clb_x6y8/r1960
    SLICE_X23Y10         LUT5 (Prop_lut5_I3_O)        0.124  8233.131 r  u_core/u_fabric/u_clb_x6y8/q_i_7__39/O
                         net (fo=5, routed)           0.716  8233.847    u_core/u_fabric/r1955
    SLICE_X21Y15         LUT6 (Prop_lut6_I5_O)        0.124  8233.971 r  u_core/u_fabric/i___123_i_11/O
                         net (fo=2, routed)           1.752  8235.723    u_core/u_fabric/i___123_i_11_n_0
    SLICE_X63Y16         LUT3 (Prop_lut3_I2_O)        0.124  8235.847 r  u_core/u_fabric/i___123_i_5/O
                         net (fo=15, routed)          1.336  8237.183    u_core/u_fabric/r4827
    SLICE_X87Y22         LUT6 (Prop_lut6_I5_O)        0.124  8237.307 r  u_core/u_fabric/i___213_i_5/O
                         net (fo=1, routed)           0.000  8237.307    u_core/u_fabric/i___213_i_5_n_0
    SLICE_X87Y22         MUXF7 (Prop_muxf7_I1_O)      0.217  8237.523 r  u_core/u_fabric/i___213_i_1/O
                         net (fo=2, routed)           0.908  8238.432    u_core/u_fabric/i___213_i_1_n_0
    SLICE_X92Y25         LUT5 (Prop_lut5_I4_O)        0.299  8238.730 r  u_core/u_fabric/i___442_0_i_1/O
                         net (fo=11, routed)          1.168  8239.898    u_core/u_fabric/r5623
    SLICE_X70Y23         LUT4 (Prop_lut4_I0_O)        0.124  8240.022 r  u_core/u_fabric/i___85_i_16/O
                         net (fo=7, routed)           0.926  8240.948    u_core/u_fabric/r4703
    SLICE_X71Y13         LUT6 (Prop_lut6_I5_O)        0.124  8241.072 r  u_core/u_fabric/i___124_i_11/O
                         net (fo=2, routed)           0.629  8241.701    u_core/u_fabric/i___124_i_11_n_0
    SLICE_X62Y17         LUT6 (Prop_lut6_I3_O)        0.124  8241.825 r  u_core/u_fabric/i___130_i_9/O
                         net (fo=2, routed)           0.497  8242.322    u_core/u_fabric/r4264
    SLICE_X59Y21         LUT6 (Prop_lut6_I2_O)        0.124  8242.446 r  u_core/u_fabric/i___130_i_6/O
                         net (fo=2, routed)           0.908  8243.354    u_core/u_fabric/i___130_i_6_n_0
    SLICE_X40Y20         LUT3 (Prop_lut3_I2_O)        0.124  8243.479 r  u_core/u_fabric/i___129_i_1/O
                         net (fo=8, routed)           0.809  8244.287    u_core/u_fabric/r4296
    SLICE_X27Y21         LUT4 (Prop_lut4_I3_O)        0.124  8244.411 r  u_core/u_fabric/i___114_i_2/O
                         net (fo=16, routed)          1.341  8245.752    u_core/u_fabric/r5914
    SLICE_X23Y40         LUT6 (Prop_lut6_I5_O)        0.124  8245.876 r  u_core/u_fabric/i___37_i_21/O
                         net (fo=1, routed)           0.149  8246.024    u_core/u_fabric/i___37_i_21_n_0
    SLICE_X23Y40         LUT5 (Prop_lut5_I2_O)        0.124  8246.148 r  u_core/u_fabric/i___37_i_9/O
                         net (fo=8, routed)           1.593  8247.741    u_core/u_store/r4739
    SLICE_X23Y10         LUT6 (Prop_lut6_I3_O)        0.124  8247.865 r  u_core/u_store/i___92_i_7/O
                         net (fo=1, routed)           0.149  8248.014    u_core/u_fabric/i___452_1_i_2_0
    SLICE_X23Y10         LUT5 (Prop_lut5_I2_O)        0.124  8248.138 r  u_core/u_fabric/i___92_i_3/O
                         net (fo=14, routed)          1.025  8249.163    u_core/u_fabric/r5874
    SLICE_X15Y15         LUT6 (Prop_lut6_I2_O)        0.124  8249.287 r  u_core/u_fabric/i___143/O
                         net (fo=2, routed)           0.447  8249.733    u_core/u_fabric/i___143_n_0
    SLICE_X16Y14         LUT5 (Prop_lut5_I0_O)        0.124  8249.857 r  u_core/u_fabric/i___93_i_16/O
                         net (fo=14, routed)          2.119  8251.977    u_core/u_fabric/r4829
    SLICE_X82Y14         LUT6 (Prop_lut6_I3_O)        0.124  8252.101 r  u_core/u_fabric/i___432_1_i_5/O
                         net (fo=1, routed)           0.466  8252.566    u_core/u_fabric/i___432_1_i_5_n_0
    SLICE_X82Y14         LUT5 (Prop_lut5_I4_O)        0.124  8252.690 r  u_core/u_fabric/i___432_1_i_2/O
                         net (fo=2, routed)           0.452  8253.143    u_core/u_fabric/i___432_1_i_2_n_0
    SLICE_X80Y15         LUT3 (Prop_lut3_I0_O)        0.124  8253.267 r  u_core/u_fabric/i___125_i_2/O
                         net (fo=16, routed)          0.656  8253.922    u_core/u_fabric/r5541
    SLICE_X80Y11         LUT6 (Prop_lut6_I2_O)        0.124  8254.046 r  u_core/u_fabric/i___125/O
                         net (fo=2, routed)           0.584  8254.630    u_core/u_fabric/i___125_n_0
    SLICE_X81Y12         LUT3 (Prop_lut3_I0_O)        0.124  8254.754 r  u_core/u_fabric/i___422_0_i_1/O
                         net (fo=6, routed)           0.781  8255.535    u_core/u_fabric/r5535
    SLICE_X90Y12         LUT6 (Prop_lut6_I3_O)        0.124  8255.659 r  u_core/u_fabric/i___151_i_25/O
                         net (fo=1, routed)           0.499  8256.158    u_core/u_fabric/i___151_i_25_n_0
    SLICE_X90Y12         LUT5 (Prop_lut5_I4_O)        0.124  8256.282 r  u_core/u_fabric/i___151_i_19/O
                         net (fo=3, routed)           0.667  8256.949    u_core/u_fabric/i___151_i_19_n_0
    SLICE_X91Y12         LUT6 (Prop_lut6_I5_O)        0.124  8257.073 r  u_core/u_fabric/i___151_i_8/O
                         net (fo=1, routed)           0.429  8257.503    u_core/u_fabric/i___151_i_8_n_0
    SLICE_X92Y12         LUT5 (Prop_lut5_I3_O)        0.124  8257.627 r  u_core/u_fabric/i___151_i_3/O
                         net (fo=14, routed)          1.145  8258.772    u_core/u_fabric/r5532
    SLICE_X80Y6          LUT6 (Prop_lut6_I3_O)        0.124  8258.896 r  u_core/u_fabric/i___129_i_14/O
                         net (fo=1, routed)           0.488  8259.385    u_core/u_fabric/i___129_i_14_n_0
    SLICE_X80Y6          LUT5 (Prop_lut5_I2_O)        0.124  8259.509 r  u_core/u_fabric/i___129_i_10/O
                         net (fo=4, routed)           0.812  8260.321    u_core/u_fabric/r4689
    SLICE_X70Y10         LUT6 (Prop_lut6_I5_O)        0.124  8260.445 r  u_core/u_fabric/i___129_i_5/O
                         net (fo=15, routed)          1.245  8261.690    u_core/u_fabric/r5453
    SLICE_X88Y23         LUT5 (Prop_lut5_I3_O)        0.124  8261.814 r  u_core/u_fabric/mem_reg_i_116/O
                         net (fo=10, routed)          1.179  8262.993    u_core/u_fabric/r5604
    SLICE_X102Y24        LUT4 (Prop_lut4_I3_O)        0.124  8263.117 r  u_core/u_fabric/q_i_18__18/O
                         net (fo=7, routed)           1.133  8264.250    u_core/u_fabric/r4475
    SLICE_X101Y9         LUT6 (Prop_lut6_I5_O)        0.124  8264.374 r  u_core/u_fabric/i___436_1_i_9/O
                         net (fo=1, routed)           0.000  8264.374    u_core/u_fabric/i___436_1_i_9_n_0
    SLICE_X101Y9         MUXF7 (Prop_muxf7_I1_O)      0.217  8264.591 r  u_core/u_fabric/i___436_1_i_6/O
                         net (fo=2, routed)           0.452  8265.043    u_core/u_fabric/i___436_1_i_6_n_0
    SLICE_X101Y9         LUT6 (Prop_lut6_I5_O)        0.299  8265.342 r  u_core/u_fabric/i___117_i_11/O
                         net (fo=7, routed)           0.357  8265.699    u_core/u_fabric/r5441
    SLICE_X99Y8          LUT6 (Prop_lut6_I4_O)        0.124  8265.823 r  u_core/u_fabric/i___117_i_8/O
                         net (fo=6, routed)           1.210  8267.033    u_core/u_fabric/r5536
    SLICE_X100Y19        LUT3 (Prop_lut3_I0_O)        0.124  8267.157 r  u_core/u_fabric/i___385_i_1/O
                         net (fo=2, routed)           0.619  8267.776    u_core/u_fabric/i___385_i_1_n_0
    SLICE_X100Y20        LUT6 (Prop_lut6_I0_O)        0.124  8267.900 r  u_core/u_fabric/i___385/O
                         net (fo=1, routed)           0.436  8268.336    u_core/u_fabric/i___385_n_0
    SLICE_X100Y19        LUT5 (Prop_lut5_I0_O)        0.124  8268.460 r  u_core/u_fabric/i___401_1_i_11/O
                         net (fo=1, routed)           0.645  8269.105    u_core/u_fabric/i___401_1_i_11_n_0
    SLICE_X91Y18         LUT5 (Prop_lut5_I4_O)        0.124  8269.229 r  u_core/u_fabric/i___401_1_i_9/O
                         net (fo=1, routed)           0.291  8269.521    u_core/u_fabric/i___401_1_i_9_n_0
    SLICE_X91Y18         LUT5 (Prop_lut5_I2_O)        0.124  8269.645 r  u_core/u_fabric/i___401_1_i_7/O
                         net (fo=6, routed)           1.046  8270.690    u_core/u_fabric/r5605
    SLICE_X94Y28         LUT4 (Prop_lut4_I3_O)        0.124  8270.814 r  u_core/u_fabric/i___401_1_i_2/O
                         net (fo=6, routed)           1.052  8271.867    u_core/u_fabric/r4367
    SLICE_X101Y11        LUT6 (Prop_lut6_I3_O)        0.124  8271.991 r  u_core/u_fabric/capture_reg_i_7/O
                         net (fo=1, routed)           0.151  8272.143    u_core/u_fabric/capture_reg_i_7_n_0
    SLICE_X101Y11        LUT6 (Prop_lut6_I0_O)        0.124  8272.267 r  u_core/u_fabric/capture_reg_i_5__1/O
                         net (fo=1, routed)           0.000  8272.267    u_core/u_fabric/capture_reg_i_5__1_n_0
    SLICE_X101Y11        MUXF7 (Prop_muxf7_I0_O)      0.212  8272.479 r  u_core/u_fabric/capture_reg_reg_i_4/O
                         net (fo=12, routed)          0.495  8272.974    u_core/u_fabric/r5462
    SLICE_X100Y10        LUT6 (Prop_lut6_I0_O)        0.299  8273.272 r  u_core/u_fabric/q_i_26__11/O
                         net (fo=18, routed)          1.378  8274.650    u_core/u_store/r1082
    SLICE_X76Y4          LUT6 (Prop_lut6_I4_O)        0.124  8274.774 r  u_core/u_store/i___210_i_35/O
                         net (fo=1, routed)           0.000  8274.774    u_core/u_store/u_fabric/u_clb_x1y2/t_103
    SLICE_X76Y4          MUXF7 (Prop_muxf7_I1_O)      0.217  8274.991 r  u_core/u_store/i___210_i_30/O
                         net (fo=1, routed)           0.000  8274.991    u_core/u_store/u_fabric/u_clb_x1y2/t_115
    SLICE_X76Y4          MUXF8 (Prop_muxf8_I1_O)      0.094  8275.085 r  u_core/u_store/i___210_i_16/O
                         net (fo=2, routed)           1.122  8276.207    u_core/u_fabric/t_121_489
    SLICE_X97Y10         LUT6 (Prop_lut6_I5_O)        0.316  8276.523 r  u_core/u_fabric/i___210_i_5/O
                         net (fo=8, routed)           0.950  8277.474    u_core/u_fabric/r4460
    SLICE_X81Y12         LUT6 (Prop_lut6_I5_O)        0.124  8277.598 r  u_core/u_fabric/i___422_0_i_2/O
                         net (fo=2, routed)           0.629  8278.228    u_core/u_fabric/i___422_0_i_2_n_0
    SLICE_X81Y13         LUT5 (Prop_lut5_I2_O)        0.124  8278.352 r  u_core/u_fabric/i___151_i_11/O
                         net (fo=2, routed)           0.469  8278.820    u_core/u_fabric/i___151_i_11_n_0
    SLICE_X82Y15         LUT5 (Prop_lut5_I0_O)        0.124  8278.944 r  u_core/u_fabric/mem_reg_i_125/O
                         net (fo=17, routed)          0.881  8279.825    u_core/u_fabric/r4282
    SLICE_X76Y23         LUT5 (Prop_lut5_I3_O)        0.124  8279.949 r  u_core/u_fabric/i___100_i_15/O
                         net (fo=1, routed)           0.433  8280.383    u_core/u_fabric/i___100_i_15_n_0
    SLICE_X76Y23         LUT5 (Prop_lut5_I0_O)        0.124  8280.507 r  u_core/u_fabric/i___100_i_6/O
                         net (fo=14, routed)          1.255  8281.762    u_core/u_fabric/r5628
    SLICE_X93Y15         LUT6 (Prop_lut6_I5_O)        0.124  8281.886 r  u_core/u_fabric/i___101_i_1/O
                         net (fo=1, routed)           0.439  8282.325    u_core/u_fabric/i___101_i_1_n_0
    SLICE_X94Y15         LUT6 (Prop_lut6_I0_O)        0.124  8282.449 r  u_core/u_fabric/i___101/O
                         net (fo=2, routed)           0.513  8282.962    u_core/u_fabric/i___101_n_0
    SLICE_X94Y15         LUT3 (Prop_lut3_I0_O)        0.124  8283.086 r  u_core/u_fabric/i___152_i_2/O
                         net (fo=16, routed)          0.698  8283.784    u_core/u_fabric/r5549
    SLICE_X90Y13         LUT6 (Prop_lut6_I4_O)        0.124  8283.908 r  u_core/u_fabric/i___164/O
                         net (fo=2, routed)           0.511  8284.419    u_core/u_fabric/i___164_n_0
    SLICE_X91Y13         LUT5 (Prop_lut5_I0_O)        0.124  8284.543 r  u_core/u_fabric/i___151_i_22/O
                         net (fo=1, routed)           0.475  8285.018    u_core/u_fabric/r4477
    SLICE_X96Y13         LUT5 (Prop_lut5_I0_O)        0.124  8285.142 r  u_core/u_fabric/i___151_i_16/O
                         net (fo=2, routed)           0.479  8285.621    u_core/u_fabric/i___151_i_16_n_0
    SLICE_X96Y13         LUT5 (Prop_lut5_I4_O)        0.124  8285.745 r  u_core/u_fabric/i___151_i_6/O
                         net (fo=7, routed)           0.614  8286.359    u_core/u_store/r5457
    SLICE_X96Y17         LUT6 (Prop_lut6_I2_O)        0.124  8286.483 r  u_core/u_store/i___401_1_i_6/O
                         net (fo=5, routed)           0.813  8287.297    u_core/u_fabric/r5614
    SLICE_X94Y25         LUT4 (Prop_lut4_I0_O)        0.124  8287.421 r  u_core/u_fabric/i___123_i_14/O
                         net (fo=2, routed)           1.194  8288.615    u_core/u_fabric/r4485
    SLICE_X85Y10         LUT6 (Prop_lut6_I5_O)        0.124  8288.739 r  u_core/u_fabric/i___431_1_i_11/O
                         net (fo=1, routed)           0.154  8288.894    u_core/u_fabric/i___431_1_i_11_n_0
    SLICE_X85Y10         LUT5 (Prop_lut5_I0_O)        0.124  8289.018 r  u_core/u_fabric/i___431_1_i_9/O
                         net (fo=8, routed)           1.076  8290.094    u_core/u_fabric/r5527
    SLICE_X92Y23         LUT5 (Prop_lut5_I2_O)        0.124  8290.218 r  u_core/u_fabric/i___129_i_6/O
                         net (fo=1, routed)           0.501  8290.719    u_core/u_fabric/i___129_i_6_n_0
    SLICE_X90Y23         LUT5 (Prop_lut5_I2_O)        0.124  8290.843 r  u_core/u_fabric/i___129_i_4/O
                         net (fo=8, routed)           1.574  8292.417    u_core/u_fabric/r4280
    SLICE_X56Y25         LUT5 (Prop_lut5_I4_O)        0.124  8292.541 r  u_core/u_fabric/i___37_i_14/O
                         net (fo=1, routed)           0.000  8292.541    u_core/u_fabric/i___37_i_14_n_0
    SLICE_X56Y25         MUXF7 (Prop_muxf7_I0_O)      0.212  8292.753 r  u_core/u_fabric/i___37_i_6/O
                         net (fo=10, routed)          1.773  8294.526    u_core/u_fabric/r4294
    SLICE_X31Y37         LUT5 (Prop_lut5_I4_O)        0.299  8294.825 r  u_core/u_fabric/i___113_i_6/O
                         net (fo=1, routed)           0.363  8295.188    u_core/u_fabric/i___113_i_6_n_0
    SLICE_X31Y37         LUT5 (Prop_lut5_I4_O)        0.124  8295.312 r  u_core/u_fabric/i___113_i_4/O
                         net (fo=3, routed)           0.983  8296.296    u_core/u_fabric/r6006
    SLICE_X32Y35         LUT6 (Prop_lut6_I2_O)        0.124  8296.420 r  u_core/u_fabric/q_i_12__7__0/O
                         net (fo=5, routed)           1.170  8297.590    u_core/u_fabric/u_dsp0/u_core/q_i_6__3
    SLICE_X19Y36         MUXF8 (Prop_muxf8_S_O)       0.273  8297.863 r  u_core/u_fabric/u_dsp0/u_core/q_reg_i_18__0/O
                         net (fo=1, routed)           1.123  8298.986    u_core/u_fabric/u_dsp0/u_core/u_clb_x7y1/t_122
    SLICE_X31Y35         LUT5 (Prop_lut5_I4_O)        0.316  8299.303 r  u_core/u_fabric/u_dsp0/u_core/q_i_7__6/O
                         net (fo=2, routed)           0.683  8299.985    u_core/u_fabric/u_dsp0/u_core/t_125
    SLICE_X33Y38         LUT6 (Prop_lut6_I1_O)        0.124  8300.109 r  u_core/u_fabric/u_dsp0/u_core/q_i_3__89/O
                         net (fo=2, routed)           0.911  8301.020    u_core/u_fabric/u_clb_x7y1/comb_3
    SLICE_X39Y32         LUT3 (Prop_lut3_I2_O)        0.124  8301.144 r  u_core/u_fabric/u_clb_x7y1/user_dr[9]_i_2/O
                         net (fo=4, routed)           0.993  8302.137    u_core/u_fabric/clb_o[4]
    SLICE_X33Y41         LUT5 (Prop_lut5_I4_O)        0.124  8302.261 r  u_core/u_fabric/i___469_1_i_10/O
                         net (fo=2, routed)           0.478  8302.738    u_core/u_fabric/i___469_1_i_10_n_0
    SLICE_X34Y43         LUT5 (Prop_lut5_I4_O)        0.124  8302.862 r  u_core/u_fabric/i___469_1_i_7__0/O
                         net (fo=4, routed)           1.112  8303.975    u_core/u_store/r5993
    SLICE_X56Y36         LUT6 (Prop_lut6_I4_O)        0.124  8304.099 r  u_core/u_store/i___182_i_11/O
                         net (fo=2, routed)           0.799  8304.897    u_core/u_store/g_frame[72].cfg_reg[9226]_0
    SLICE_X52Y26         LUT6 (Prop_lut6_I4_O)        0.124  8305.021 r  u_core/u_store/i___185_i_21/O
                         net (fo=2, routed)           1.564  8306.586    u_core/u_store/r5764
    SLICE_X27Y12         LUT6 (Prop_lut6_I4_O)        0.124  8306.710 r  u_core/u_store/q_i_35__49/O
                         net (fo=16, routed)          0.933  8307.643    u_core/u_store/u_fabric/r355
    SLICE_X15Y8          LUT6 (Prop_lut6_I2_O)        0.124  8307.767 r  u_core/u_store/q_i_44__0/O
                         net (fo=1, routed)           0.000  8307.767    u_core/u_store/u_fabric/u_clb_x5y1/t_109
    SLICE_X15Y8          MUXF7 (Prop_muxf7_I1_O)      0.217  8307.983 r  u_core/u_store/q_reg_i_33/O
                         net (fo=1, routed)           0.598  8308.582    u_core/u_fabric/u_clb_x7y2/t_118
    SLICE_X19Y13         LUT6 (Prop_lut6_I4_O)        0.299  8308.881 r  u_core/u_fabric/u_clb_x7y2/q_i_16__34/O
                         net (fo=2, routed)           0.591  8309.472    u_core/u_store/t_125_632
    SLICE_X23Y14         LUT6 (Prop_lut6_I4_O)        0.124  8309.596 r  u_core/u_store/q_i_12__1/O
                         net (fo=1, routed)           0.622  8310.218    u_core/u_store/u_fabric/r346
    SLICE_X25Y14         LUT6 (Prop_lut6_I5_O)        0.124  8310.342 r  u_core/u_store/q_i_6__67/O
                         net (fo=3, routed)           0.639  8310.980    u_core/u_store/u_fabric/r1152
    SLICE_X27Y19         LUT6 (Prop_lut6_I2_O)        0.124  8311.104 r  u_core/u_store/sr[23]_i_2/O
                         net (fo=3, routed)           0.936  8312.040    u_core/u_fabric/i___8_i_10_0[13]
    SLICE_X14Y17         LUT5 (Prop_lut5_I4_O)        0.124  8312.164 r  u_core/u_fabric/i___203_i_8/O
                         net (fo=1, routed)           0.580  8312.743    u_core/u_fabric/i___203_i_8_n_0
    SLICE_X11Y16         LUT5 (Prop_lut5_I4_O)        0.124  8312.867 r  u_core/u_fabric/i___203_i_2/O
                         net (fo=15, routed)          1.064  8313.932    u_core/u_fabric/r5858
    SLICE_X14Y29         LUT6 (Prop_lut6_I5_O)        0.124  8314.056 r  u_core/u_fabric/c_q[42]_i_9/O
                         net (fo=1, routed)           0.492  8314.548    u_core/u_fabric/c_q[42]_i_9_n_0
    SLICE_X14Y29         LUT5 (Prop_lut5_I0_O)        0.124  8314.672 r  u_core/u_fabric/c_q[42]_i_7/O
                         net (fo=5, routed)           0.993  8315.665    u_core/u_fabric/r4636
    SLICE_X25Y31         LUT3 (Prop_lut3_I0_O)        0.118  8315.783 r  u_core/u_fabric/i___286_i_11/O
                         net (fo=1, routed)           0.833  8316.616    u_core/u_fabric/i___286_i_11_n_0
    SLICE_X20Y31         LUT6 (Prop_lut6_I2_O)        0.326  8316.942 r  u_core/u_fabric/i___286_i_8/O
                         net (fo=2, routed)           0.664  8317.606    u_core/u_fabric/i___286_i_8_n_0
    SLICE_X24Y31         LUT3 (Prop_lut3_I2_O)        0.124  8317.730 r  u_core/u_fabric/q_i_10__70/O
                         net (fo=3, routed)           0.561  8318.291    u_core/u_fabric/r4640
    SLICE_X27Y31         LUT5 (Prop_lut5_I0_O)        0.124  8318.415 r  u_core/u_fabric/i___469_1_i_18/O
                         net (fo=1, routed)           0.462  8318.877    u_core/u_fabric/i___469_1_i_18_n_0
    SLICE_X29Y34         LUT5 (Prop_lut5_I4_O)        0.124  8319.001 r  u_core/u_fabric/i___469_1_i_15/O
                         net (fo=1, routed)           0.000  8319.001    u_core/u_fabric/i___469_1_i_15_n_0
    SLICE_X29Y34         MUXF7 (Prop_muxf7_I1_O)      0.217  8319.218 r  u_core/u_fabric/i___469_1_i_9/O
                         net (fo=1, routed)           0.571  8319.788    u_core/u_fabric/i___469_1_i_9_n_0
    SLICE_X31Y34         LUT6 (Prop_lut6_I5_O)        0.299  8320.087 r  u_core/u_fabric/i___469_1_i_5__1/O
                         net (fo=13, routed)          1.332  8321.419    u_core/u_fabric/r6005
    SLICE_X40Y47         LUT6 (Prop_lut6_I2_O)        0.124  8321.543 r  u_core/u_fabric/d_q[7]_i_2/O
                         net (fo=1, routed)           0.881  8322.424    u_core/u_store/r894
    SLICE_X27Y45         LUT3 (Prop_lut3_I2_O)        0.124  8322.548 r  u_core/u_store/d_q[7]_i_1/O
                         net (fo=3, routed)           0.488  8323.036    u_core/u_store/drive_reg[115][7]
    SLICE_X26Y45         LUT5 (Prop_lut5_I2_O)        0.124  8323.160 r  u_core/u_store/i__carry__0_i_5__1/O
                         net (fo=1, routed)           0.000  8323.160    u_core/u_fabric/u_dsp0/u_core/m_c_1[3]
    SLICE_X26Y45         CARRY4 (Prop_carry4_S[3]_CO[3])
                                                      0.376  8323.536 r  u_core/u_fabric/u_dsp0/u_core/__5/i__carry__0/CO[3]
                         net (fo=1, routed)           0.000  8323.536    u_core/u_fabric/u_dsp0/u_core/__5/i__carry__0_n_0
    SLICE_X26Y46         CARRY4 (Prop_carry4_CI_O[3])
                                                      0.315  8323.852 r  u_core/u_fabric/u_dsp0/u_core/__5/i__carry__1/O[3]
                         net (fo=1, routed)           0.288  8324.140    u_core/u_store/m_c_14[3]
    SLICE_X25Y46         LUT3 (Prop_lut3_I0_O)        0.307  8324.446 r  u_core/u_store/m_c_i_32/O
                         net (fo=1, routed)           0.774  8325.220    u_core/u_fabric/u_dsp0/u_core/A[11]
    DSP48_X1Y18          DSP48E1 (Prop_dsp48e1_A[11]_P[20])
                                                      3.841  8329.061 r  u_core/u_fabric/u_dsp0/u_core/m_c/P[20]
                         net (fo=3, routed)           1.468  8330.528    u_core/u_fabric/u_dsp0/u_core/m_c__0[20]
    SLICE_X34Y50         LUT4 (Prop_lut4_I0_O)        0.124  8330.652 r  u_core/u_fabric/u_dsp0/u_core/i__carry__4_i_8/O
                         net (fo=1, routed)           0.000  8330.652    u_core/u_fabric/u_dsp0/u_core/i__carry__4_i_8_n_0
    SLICE_X34Y50         CARRY4 (Prop_carry4_S[0]_CO[3])
                                                      0.513  8331.165 r  u_core/u_fabric/u_dsp0/u_core/__10/i__carry__4/CO[3]
                         net (fo=1, routed)           0.000  8331.165    u_core/u_fabric/u_dsp0/u_core/__10/i__carry__4_n_0
    SLICE_X34Y51         CARRY4 (Prop_carry4_CI_O[2])
                                                      0.256  8331.421 r  u_core/u_fabric/u_dsp0/u_core/__10/i__carry__5/O[2]
                         net (fo=2, routed)           0.496  8331.917    u_core/u_fabric/u_dsp0/u_core/__10/i__carry__5_n_5
    SLICE_X35Y51         LUT3 (Prop_lut3_I2_O)        0.301  8332.218 r  u_core/u_fabric/u_dsp0/u_core/i___257_i_6/O
                         net (fo=4, routed)           1.278  8333.495    u_core/u_fabric/dsp_p[26]
    SLICE_X56Y56         LUT5 (Prop_lut5_I4_O)        0.124  8333.619 r  u_core/u_fabric/i___257_i_1/O
                         net (fo=2, routed)           0.312  8333.932    u_core/u_fabric/i___257_i_1_n_0
    SLICE_X56Y57         LUT5 (Prop_lut5_I4_O)        0.124  8334.056 r  u_core/u_fabric/c_q[36]_i_4/O
                         net (fo=15, routed)          1.174  8335.229    u_core/u_fabric/r6090
    SLICE_X46Y50         LUT6 (Prop_lut6_I2_O)        0.124  8335.354 r  u_core/u_fabric/d_q[1]_i_2__0/O
                         net (fo=1, routed)           0.795  8336.148    u_core/u_store/r904
    SLICE_X32Y48         LUT3 (Prop_lut3_I2_O)        0.124  8336.272 r  u_core/u_store/d_q[1]_i_1/O
                         net (fo=3, routed)           0.849  8337.121    u_core/u_store/drive_reg[115][1]
    SLICE_X26Y44         LUT5 (Prop_lut5_I2_O)        0.124  8337.245 r  u_core/u_store/i__carry_i_7__1/O
                         net (fo=1, routed)           0.000  8337.245    u_core/u_fabric/u_dsp0/u_core/m_c_0[1]
    SLICE_X26Y44         CARRY4 (Prop_carry4_S[1]_O[1])
                                                      0.230  8337.476 r  u_core/u_fabric/u_dsp0/u_core/__5/i__carry/O[1]
                         net (fo=1, routed)           0.577  8338.053    u_core/u_store/m_c_15[1]
    SLICE_X27Y44         LUT3 (Prop_lut3_I0_O)        0.306  8338.358 r  u_core/u_store/m_c_i_42/O
                         net (fo=1, routed)           0.938  8339.297    u_core/u_fabric/u_dsp0/u_core/A[1]
    DSP48_X1Y18          DSP48E1 (Prop_dsp48e1_A[1]_P[24])
                                                      3.841  8343.138 r  u_core/u_fabric/u_dsp0/u_core/m_c/P[24]
                         net (fo=3, routed)           1.328  8344.466    u_core/u_fabric/u_dsp0/u_core/m_c__0[24]
    SLICE_X34Y51         LUT4 (Prop_lut4_I0_O)        0.124  8344.590 r  u_core/u_fabric/u_dsp0/u_core/i__carry__5_i_8/O
                         net (fo=1, routed)           0.000  8344.590    u_core/u_fabric/u_dsp0/u_core/i__carry__5_i_8_n_0
    SLICE_X34Y51         CARRY4 (Prop_carry4_S[0]_O[1])
                                                      0.427  8345.017 r  u_core/u_fabric/u_dsp0/u_core/__10/i__carry__5/O[1]
                         net (fo=3, routed)           0.653  8345.670    u_core/u_fabric/u_dsp0/u_core/g_frame[85].cfg_reg[10913][2]
    SLICE_X39Y54         LUT3 (Prop_lut3_I2_O)        0.306  8345.976 r  u_core/u_fabric/u_dsp0/u_core/i___322_i_6/O
                         net (fo=3, routed)           0.678  8346.653    u_core/u_fabric/dsp_p[25]
    SLICE_X49Y58         LUT5 (Prop_lut5_I4_O)        0.124  8346.777 r  u_core/u_fabric/i___322_i_1/O
                         net (fo=2, routed)           0.310  8347.087    u_core/u_fabric/i___322_i_1_n_0
    SLICE_X51Y58         LUT5 (Prop_lut5_I4_O)        0.124  8347.211 r  u_core/u_fabric/i___150_i_12/O
                         net (fo=4, routed)           0.697  8347.907    u_core/u_fabric/r6079
    SLICE_X54Y56         LUT5 (Prop_lut5_I1_O)        0.124  8348.031 r  u_core/u_fabric/i___324_i_27/O
                         net (fo=5, routed)           0.716  8348.747    u_core/u_store/r972
    SLICE_X47Y56         LUT6 (Prop_lut6_I4_O)        0.124  8348.871 r  u_core/u_store/i___324_i_13/O
                         net (fo=2, routed)           0.682  8349.553    u_core/u_fabric/t_121_508
    SLICE_X55Y56         LUT6 (Prop_lut6_I5_O)        0.124  8349.677 r  u_core/u_fabric/i___324_i_5/O
                         net (fo=13, routed)          1.292  8350.969    u_core/u_fabric/r4418
    SLICE_X62Y72         LUT5 (Prop_lut5_I4_O)        0.124  8351.093 r  u_core/u_fabric/i___49_i_19/O
                         net (fo=1, routed)           0.000  8351.093    u_core/u_fabric/i___49_i_19_n_0
    SLICE_X62Y72         MUXF7 (Prop_muxf7_I0_O)      0.209  8351.302 r  u_core/u_fabric/i___49_i_9/O
                         net (fo=2, routed)           0.882  8352.185    u_core/u_fabric/i___49_i_9_n_0
    SLICE_X58Y76         LUT4 (Prop_lut4_I3_O)        0.297  8352.481 r  u_core/u_fabric/i___49_i_3/O
                         net (fo=13, routed)          1.243  8353.725    u_core/u_fabric/r6246
    SLICE_X49Y66         LUT6 (Prop_lut6_I2_O)        0.124  8353.849 r  u_core/u_fabric/i___78/O
                         net (fo=1, routed)           0.154  8354.003    u_core/u_fabric/i___78_n_0
    SLICE_X49Y66         LUT5 (Prop_lut5_I0_O)        0.124  8354.127 r  u_core/u_fabric/i___471_1_i_5/O
                         net (fo=5, routed)           0.863  8354.990    u_core/u_fabric/r4543
    SLICE_X56Y68         LUT5 (Prop_lut5_I0_O)        0.124  8355.114 r  u_core/u_fabric/i___471_1_i_3/O
                         net (fo=2, routed)           0.548  8355.662    u_core/u_fabric/i___471_1_i_3_n_0
    SLICE_X56Y68         LUT5 (Prop_lut5_I4_O)        0.124  8355.786 r  u_core/u_fabric/i___250_i_6/O
                         net (fo=8, routed)           1.241  8357.026    u_core/u_fabric/r6151
    SLICE_X39Y70         LUT4 (Prop_lut4_I3_O)        0.124  8357.150 r  u_core/u_fabric/q_i_26__15/O
                         net (fo=1, routed)           0.264  8357.415    u_core/u_fabric/q_i_26__15_n_0
    SLICE_X39Y70         LUT6 (Prop_lut6_I5_O)        0.124  8357.539 r  u_core/u_fabric/q_i_15__16/O
                         net (fo=4, routed)           0.805  8358.344    u_core/u_fabric/r1234
    SLICE_X47Y64         LUT6 (Prop_lut6_I2_O)        0.124  8358.468 r  u_core/u_fabric/i___31_i_16/O
                         net (fo=14, routed)          1.581  8360.049    u_core/u_fabric/r4532
    SLICE_X91Y68         LUT5 (Prop_lut5_I4_O)        0.124  8360.173 r  u_core/u_fabric/q_i_38__12/O
                         net (fo=1, routed)           0.263  8360.436    u_core/u_fabric/q_i_38__12_n_0
    SLICE_X91Y68         LUT5 (Prop_lut5_I4_O)        0.124  8360.560 r  u_core/u_fabric/q_i_19__40/O
                         net (fo=8, routed)           0.890  8361.450    u_core/u_store/r6307
    SLICE_X84Y66         LUT6 (Prop_lut6_I3_O)        0.124  8361.574 r  u_core/u_store/i___23_i_28/O
                         net (fo=2, routed)           0.000  8361.574    u_core/u_fabric/i___23_i_11_0
    SLICE_X84Y66         MUXF7 (Prop_muxf7_I0_O)      0.212  8361.786 r  u_core/u_fabric/i___23_i_23/O
                         net (fo=1, routed)           0.441  8362.227    u_core/u_fabric/i___23_i_23_n_0
    SLICE_X84Y66         LUT5 (Prop_lut5_I2_O)        0.299  8362.525 r  u_core/u_fabric/i___23_i_11/O
                         net (fo=1, routed)           0.440  8362.965    u_core/u_fabric/i___23_i_11_n_0
    SLICE_X89Y65         LUT6 (Prop_lut6_I3_O)        0.124  8363.089 r  u_core/u_fabric/i___23_i_4/O
                         net (fo=9, routed)           0.946  8364.035    u_core/u_fabric/r6390
    SLICE_X96Y59         LUT4 (Prop_lut4_I0_O)        0.124  8364.159 r  u_core/u_fabric/i___133_i_4/O
                         net (fo=8, routed)           1.455  8365.613    u_core/u_fabric/r4675
    SLICE_X86Y83         LUT5 (Prop_lut5_I0_O)        0.124  8365.737 r  u_core/u_fabric/i___223_i_20/O
                         net (fo=1, routed)           0.000  8365.737    u_core/u_fabric/i___223_i_20_n_0
    SLICE_X86Y83         MUXF7 (Prop_muxf7_I0_O)      0.209  8365.946 r  u_core/u_fabric/i___223_i_14/O
                         net (fo=2, routed)           1.067  8367.014    u_core/u_fabric/i___223_i_14_n_0
    SLICE_X63Y82         LUT3 (Prop_lut3_I2_O)        0.297  8367.311 r  u_core/u_fabric/i___223_i_7/O
                         net (fo=9, routed)           1.197  8368.507    u_core/u_fabric/r4659
    SLICE_X61Y72         LUT6 (Prop_lut6_I5_O)        0.124  8368.631 r  u_core/u_fabric/i___255_i_7/O
                         net (fo=1, routed)           0.149  8368.779    u_core/u_fabric/i___255_i_7_n_0
    SLICE_X61Y72         LUT5 (Prop_lut5_I2_O)        0.124  8368.903 r  u_core/u_fabric/i___255_i_2/O
                         net (fo=11, routed)          0.986  8369.889    u_core/u_fabric/r6231
    SLICE_X46Y68         LUT6 (Prop_lut6_I5_O)        0.124  8370.013 r  u_core/u_fabric/i___471_1_i_14/O
                         net (fo=1, routed)           0.658  8370.671    u_core/u_fabric/i___471_1_i_14_n_0
    SLICE_X46Y68         LUT5 (Prop_lut5_I4_O)        0.124  8370.795 r  u_core/u_fabric/i___471_1_i_11/O
                         net (fo=1, routed)           0.466  8371.261    u_core/u_fabric/i___471_1_i_11_n_0
    SLICE_X46Y68         LUT5 (Prop_lut5_I0_O)        0.124  8371.385 r  u_core/u_fabric/i___471_1_i_6/O
                         net (fo=7, routed)           0.683  8372.068    u_core/u_fabric/r4535
    SLICE_X42Y63         LUT5 (Prop_lut5_I0_O)        0.124  8372.192 r  u_core/u_fabric/d_q[24]_i_5__0/O
                         net (fo=1, routed)           0.301  8372.493    u_core/u_fabric/d_q[24]_i_5__0_n_0
    SLICE_X45Y63         LUT5 (Prop_lut5_I4_O)        0.124  8372.617 r  u_core/u_fabric/d_q[24]_i_2/O
                         net (fo=17, routed)          0.797  8373.414    u_core/u_fabric/r6092
    SLICE_X41Y71         LUT4 (Prop_lut4_I3_O)        0.124  8373.538 r  u_core/u_fabric/i___5_i_12/O
                         net (fo=5, routed)           1.451  8374.989    u_core/u_fabric/r4984
    SLICE_X64Y80         LUT3 (Prop_lut3_I2_O)        0.124  8375.113 r  u_core/u_fabric/i___299_i_8/O
                         net (fo=2, routed)           0.636  8375.750    u_core/u_fabric/i___299_i_8_n_0
    SLICE_X64Y81         LUT5 (Prop_lut5_I0_O)        0.124  8375.874 r  u_core/u_fabric/i___299_i_4/O
                         net (fo=1, routed)           0.444  8376.318    u_core/u_fabric/i___299_i_4_n_0
    SLICE_X64Y81         LUT5 (Prop_lut5_I2_O)        0.124  8376.442 r  u_core/u_fabric/i___299_i_1/O
                         net (fo=16, routed)          0.980  8377.422    u_core/u_fabric/r6251
    SLICE_X80Y77         LUT6 (Prop_lut6_I0_O)        0.124  8377.546 r  u_core/u_fabric/i___256_i_41/O
                         net (fo=1, routed)           0.642  8378.188    u_core/u_fabric/i___256_i_41_n_0
    SLICE_X80Y77         LUT5 (Prop_lut5_I0_O)        0.124  8378.312 r  u_core/u_fabric/i___256_i_26/O
                         net (fo=5, routed)           1.071  8379.384    u_core/u_fabric/r4566
    SLICE_X89Y61         LUT5 (Prop_lut5_I0_O)        0.124  8379.508 r  u_core/u_fabric/i___256_i_11/O
                         net (fo=5, routed)           0.922  8380.431    u_core/u_fabric/i___256_i_11_n_0
    SLICE_X82Y58         LUT6 (Prop_lut6_I4_O)        0.124  8380.555 r  u_core/u_fabric/i___256_i_3/O
                         net (fo=2, routed)           0.438  8380.992    u_core/u_fabric/i___256_i_3_n_0
    SLICE_X80Y58         LUT6 (Prop_lut6_I4_O)        0.124  8381.116 r  u_core/u_fabric/i___256/O
                         net (fo=1, routed)           0.742  8381.857    u_core/u_fabric/i___256_n_0
    SLICE_X62Y56         LUT6 (Prop_lut6_I2_O)        0.124  8381.981 r  u_core/u_fabric/i___147_i_11/O
                         net (fo=1, routed)           0.773  8382.754    u_core/u_store/r6084
    SLICE_X62Y61         LUT5 (Prop_lut5_I2_O)        0.124  8382.878 r  u_core/u_store/i___147_i_8/O
                         net (fo=11, routed)          1.285  8384.163    u_core/u_fabric/r4434
    SLICE_X45Y71         LUT6 (Prop_lut6_I5_O)        0.124  8384.287 r  u_core/u_fabric/q_i_13__32/O
                         net (fo=1, routed)           0.402  8384.689    u_core/u_fabric/q_i_13__32_n_0
    SLICE_X45Y71         LUT5 (Prop_lut5_I2_O)        0.124  8384.813 r  u_core/u_fabric/q_i_7__8/O
                         net (fo=11, routed)          0.611  8385.425    u_core/u_fabric/r4442
    SLICE_X48Y71         LUT5 (Prop_lut5_I1_O)        0.124  8385.549 r  u_core/u_fabric/i___132_i_12/O
                         net (fo=2, routed)           0.279  8385.828    u_core/u_fabric/i___132_i_12_n_0
    SLICE_X48Y71         LUT5 (Prop_lut5_I4_O)        0.124  8385.952 r  u_core/u_fabric/i___132_i_9/O
                         net (fo=1, routed)           0.416  8386.367    u_core/u_fabric/i___132_i_9_n_0
    SLICE_X47Y71         LUT5 (Prop_lut5_I4_O)        0.124  8386.491 r  u_core/u_fabric/i___132_i_4/O
                         net (fo=1, routed)           0.493  8386.984    u_core/u_fabric/i___132_i_4_n_0
    SLICE_X40Y66         LUT5 (Prop_lut5_I0_O)        0.124  8387.108 r  u_core/u_fabric/i___132_i_2/O
                         net (fo=10, routed)          1.948  8389.057    u_core/u_fabric/r4313
    SLICE_X29Y25         LUT4 (Prop_lut4_I2_O)        0.124  8389.181 r  u_core/u_fabric/i___132/O
                         net (fo=2, routed)           0.314  8389.494    u_core/u_fabric/i___132_n_0
    SLICE_X25Y25         LUT5 (Prop_lut5_I0_O)        0.124  8389.618 r  u_core/u_fabric/i___119_i_6/O
                         net (fo=1, routed)           0.578  8390.196    u_core/u_fabric/i___119_i_6_n_0
    SLICE_X18Y25         LUT6 (Prop_lut6_I0_O)        0.124  8390.320 r  u_core/u_fabric/i___119_i_2/O
                         net (fo=15, routed)          0.970  8391.290    u_core/u_fabric/r5938
    SLICE_X29Y29         LUT6 (Prop_lut6_I0_O)        0.124  8391.414 r  u_core/u_fabric/q_i_17__14/O
                         net (fo=2, routed)           1.493  8392.907    u_core/u_store/r1450
    SLICE_X15Y6          MUXF7 (Prop_muxf7_S_O)       0.276  8393.184 r  u_core/u_store/q_reg_i_9/O
                         net (fo=5, routed)           1.342  8394.525    u_core/u_fabric/r1445
    SLICE_X20Y29         LUT5 (Prop_lut5_I4_O)        0.299  8394.824 r  u_core/u_fabric/i___40_i_25/O
                         net (fo=2, routed)           0.607  8395.432    u_core/u_fabric/i___40_i_25_n_0
    SLICE_X22Y29         LUT5 (Prop_lut5_I4_O)        0.124  8395.556 r  u_core/u_fabric/i___40_i_14/O
                         net (fo=7, routed)           0.977  8396.532    u_core/u_fabric/r4634
    SLICE_X32Y31         LUT5 (Prop_lut5_I4_O)        0.124  8396.656 r  u_core/u_fabric/i___40_i_7/O
                         net (fo=1, routed)           0.403  8397.060    u_core/u_fabric/i___40_i_7_n_0
    SLICE_X33Y31         LUT5 (Prop_lut5_I2_O)        0.124  8397.184 r  u_core/u_fabric/i___40_i_2/O
                         net (fo=17, routed)          1.201  8398.385    u_core/u_fabric/r6024
    SLICE_X54Y34         LUT4 (Prop_lut4_I0_O)        0.124  8398.509 r  u_core/u_fabric/i___201_i_4/O
                         net (fo=8, routed)           1.115  8399.624    u_core/u_fabric/r4951
    SLICE_X37Y37         LUT6 (Prop_lut6_I5_O)        0.124  8399.748 r  u_core/u_fabric/i___38_i_19/O
                         net (fo=1, routed)           0.154  8399.902    u_core/u_fabric/i___38_i_19_n_0
    SLICE_X37Y37         LUT5 (Prop_lut5_I4_O)        0.124  8400.026 r  u_core/u_fabric/i___38_i_10/O
                         net (fo=2, routed)           0.453  8400.479    u_core/u_fabric/i___38_i_10_n_0
    SLICE_X35Y37         LUT5 (Prop_lut5_I0_O)        0.124  8400.604 r  u_core/u_fabric/i___38_i_4/O
                         net (fo=17, routed)          0.831  8401.435    u_core/u_fabric/r5937
    SLICE_X44Y40         LUT6 (Prop_lut6_I3_O)        0.124  8401.559 r  u_core/u_fabric/i___318_i_16/O
                         net (fo=1, routed)           0.161  8401.720    u_core/u_fabric/i___318_i_16_n_0
    SLICE_X44Y40         LUT5 (Prop_lut5_I2_O)        0.124  8401.844 r  u_core/u_fabric/i___318_i_5/O
                         net (fo=15, routed)          1.221  8403.064    u_core/u_fabric/r4858
    SLICE_X57Y41         LUT6 (Prop_lut6_I3_O)        0.124  8403.188 r  u_core/u_fabric/d_q[20]_i_7/O
                         net (fo=1, routed)           0.000  8403.188    u_core/u_fabric/d_q[20]_i_7_n_0
    SLICE_X57Y41         MUXF7 (Prop_muxf7_I1_O)      0.217  8403.405 r  u_core/u_fabric/d_q_reg[20]_i_5/O
                         net (fo=1, routed)           0.436  8403.842    u_core/u_fabric/d_q_reg[20]_i_5_n_0
    SLICE_X57Y41         LUT5 (Prop_lut5_I4_O)        0.299  8404.141 r  u_core/u_fabric/d_q[20]_i_2/O
                         net (fo=16, routed)          0.815  8404.956    u_core/u_fabric/r6013
    SLICE_X50Y46         LUT6 (Prop_lut6_I5_O)        0.124  8405.080 r  u_core/u_fabric/d_q[9]_i_2__0/O
                         net (fo=1, routed)           1.082  8406.162    u_core/u_store/r946
    SLICE_X28Y46         LUT3 (Prop_lut3_I2_O)        0.124  8406.286 r  u_core/u_store/d_q[9]_i_1/O
                         net (fo=3, routed)           0.635  8406.921    u_core/u_store/drive_reg[115][9]
    SLICE_X26Y46         LUT5 (Prop_lut5_I2_O)        0.124  8407.045 r  u_core/u_store/i__carry__1_i_7__1/O
                         net (fo=1, routed)           0.000  8407.045    u_core/u_fabric/u_dsp0/u_core/m_c_2[1]
    SLICE_X26Y46         CARRY4 (Prop_carry4_S[1]_O[2])
                                                      0.578  8407.623 r  u_core/u_fabric/u_dsp0/u_core/__5/i__carry__1/O[2]
                         net (fo=1, routed)           0.695  8408.317    u_core/u_store/m_c_14[2]
    SLICE_X25Y46         LUT3 (Prop_lut3_I0_O)        0.301  8408.618 r  u_core/u_store/m_c_i_33/O
                         net (fo=1, routed)           0.777  8409.396    u_core/u_fabric/u_dsp0/u_core/A[10]
    DSP48_X1Y18          DSP48E1 (Prop_dsp48e1_A[10]_P[32])
                                                      3.841  8413.236 r  u_core/u_fabric/u_dsp0/u_core/m_c/P[32]
                         net (fo=3, routed)           1.496  8414.731    u_core/u_fabric/u_dsp0/u_core/m_c__0[32]
    SLICE_X34Y53         LUT4 (Prop_lut4_I0_O)        0.124  8414.855 r  u_core/u_fabric/u_dsp0/u_core/i__carry__7_i_8/O
                         net (fo=1, routed)           0.000  8414.855    u_core/u_fabric/u_dsp0/u_core/i__carry__7_i_8_n_0
    SLICE_X34Y53         CARRY4 (Prop_carry4_S[0]_O[1])
                                                      0.427  8415.282 r  u_core/u_fabric/u_dsp0/u_core/__10/i__carry__7/O[1]
                         net (fo=2, routed)           0.436  8415.718    u_core/u_fabric/u_dsp0/u_core/__10/i__carry__7_n_6
    SLICE_X32Y53         LUT3 (Prop_lut3_I2_O)        0.306  8416.023 r  u_core/u_fabric/u_dsp0/u_core/i___284_i_6/O
                         net (fo=4, routed)           1.485  8417.508    u_core/u_fabric/dsp_p[33]
    SLICE_X27Y32         LUT5 (Prop_lut5_I4_O)        0.124  8417.632 r  u_core/u_fabric/i___284_i_1/O
                         net (fo=2, routed)           0.163  8417.795    u_core/u_fabric/i___284_i_1_n_0
    SLICE_X27Y32         LUT5 (Prop_lut5_I4_O)        0.124  8417.919 r  u_core/u_fabric/i___458_0_i_1/O
                         net (fo=9, routed)           1.867  8419.786    u_core/u_fabric/r6003
    SLICE_X62Y46         LUT4 (Prop_lut4_I0_O)        0.124  8419.910 r  u_core/u_fabric/d_q[17]_i_3/O
                         net (fo=1, routed)           0.426  8420.336    u_core/u_fabric/d_q[17]_i_3_n_0
    SLICE_X62Y46         LUT6 (Prop_lut6_I0_O)        0.124  8420.460 r  u_core/u_fabric/d_q[17]_i_2/O
                         net (fo=1, routed)           1.349  8421.809    u_core/u_store/r853
    SLICE_X30Y47         LUT3 (Prop_lut3_I2_O)        0.124  8421.933 r  u_core/u_store/d_q[17]_i_1/O
                         net (fo=3, routed)           0.450  8422.383    u_core/u_store/drive_reg[115][17]
    SLICE_X26Y48         LUT3 (Prop_lut3_I2_O)        0.117  8422.500 r  u_core/u_store/i__carry__3_i_3__0/O
                         net (fo=1, routed)           0.000  8422.500    u_core/u_fabric/u_dsp0/u_core/d_v[17]
    SLICE_X26Y48         CARRY4 (Prop_carry4_DI[1]_CO[3])
                                                      0.454  8422.954 r  u_core/u_fabric/u_dsp0/u_core/__5/i__carry__3/CO[3]
                         net (fo=1, routed)           0.000  8422.954    u_core/u_fabric/u_dsp0/u_core/__5/i__carry__3_n_0
    SLICE_X26Y49         CARRY4 (Prop_carry4_CI_O[0])
                                                      0.219  8423.173 r  u_core/u_fabric/u_dsp0/u_core/__5/i__carry__4/O[0]
                         net (fo=1, routed)           0.719  8423.892    u_core/u_store/m_c_13[0]
    SLICE_X27Y46         LUT5 (Prop_lut5_I0_O)        0.295  8424.187 r  u_core/u_store/m_c_i_23/O
                         net (fo=1, routed)           0.778  8424.965    u_core/u_fabric/u_dsp0/u_core/A[20]
    DSP48_X1Y18          DSP48E1 (Prop_dsp48e1_A[20]_P[33])
                                                      3.841  8428.806 r  u_core/u_fabric/u_dsp0/u_core/m_c/P[33]
                         net (fo=3, routed)           1.338  8430.145    u_core/u_fabric/u_dsp0/u_core/m_c__0[33]
    SLICE_X34Y53         LUT4 (Prop_lut4_I0_O)        0.124  8430.269 r  u_core/u_fabric/u_dsp0/u_core/i__carry__7_i_7/O
                         net (fo=1, routed)           0.000  8430.269    u_core/u_fabric/u_dsp0/u_core/i__carry__7_i_7_n_0
    SLICE_X34Y53         CARRY4 (Prop_carry4_S[1]_CO[3])
                                                      0.533  8430.802 r  u_core/u_fabric/u_dsp0/u_core/__10/i__carry__7/CO[3]
                         net (fo=1, routed)           0.000  8430.802    u_core/u_fabric/u_dsp0/u_core/__10/i__carry__7_n_0
    SLICE_X34Y54         CARRY4 (Prop_carry4_CI_O[2])
                                                      0.256  8431.058 r  u_core/u_fabric/u_dsp0/u_core/__10/i__carry__8/O[2]
                         net (fo=2, routed)           0.407  8431.464    u_core/u_fabric/u_dsp0/u_core/__10/i__carry__8_n_5
    SLICE_X35Y54         LUT3 (Prop_lut3_I2_O)        0.301  8431.765 r  u_core/u_fabric/u_dsp0/u_core/sr[38]_i_2__0/O
                         net (fo=4, routed)           1.336  8433.101    u_core/u_fabric/dsp_p[38]
    SLICE_X66Y52         LUT5 (Prop_lut5_I1_O)        0.124  8433.225 r  u_core/u_fabric/d_q[23]_i_6/O
                         net (fo=1, routed)           0.670  8433.895    u_core/u_fabric/d_q[23]_i_6_n_0
    SLICE_X66Y52         LUT5 (Prop_lut5_I4_O)        0.124  8434.019 r  u_core/u_fabric/d_q[23]_i_2/O
                         net (fo=16, routed)          1.202  8435.221    u_core/u_fabric/r6086
    SLICE_X41Y49         LUT6 (Prop_lut6_I5_O)        0.124  8435.345 r  u_core/u_fabric/c_q[38]_i_2__0/O
                         net (fo=1, routed)           0.843  8436.188    u_core/u_store/r934
    SLICE_X36Y53         LUT3 (Prop_lut3_I2_O)        0.124  8436.312 r  u_core/u_store/c_q[38]_i_1/O
                         net (fo=2, routed)           0.584  8436.896    u_core/u_store/drive_reg[90][37]
    SLICE_X35Y54         LUT6 (Prop_lut6_I0_O)        0.124  8437.020 r  u_core/u_store/i__carry__8_i_10/O
                         net (fo=1, routed)           0.422  8437.441    u_core/u_fabric/u_dsp0/u_core/p_q_reg[39]_2
    SLICE_X34Y54         LUT4 (Prop_lut4_I3_O)        0.124  8437.565 r  u_core/u_fabric/u_dsp0/u_core/i__carry__8_i_6/O
                         net (fo=1, routed)           0.000  8437.565    u_core/u_fabric/u_dsp0/u_core/i__carry__8_i_6_n_0
    SLICE_X34Y54         CARRY4 (Prop_carry4_S[2]_CO[3])
                                                      0.380  8437.945 r  u_core/u_fabric/u_dsp0/u_core/__10/i__carry__8/CO[3]
                         net (fo=1, routed)           0.000  8437.945    u_core/u_fabric/u_dsp0/u_core/__10/i__carry__8_n_0
    SLICE_X34Y55         CARRY4 (Prop_carry4_CI_CO[3])
                                                      0.117  8438.062 r  u_core/u_fabric/u_dsp0/u_core/__10/i__carry__9/CO[3]
                         net (fo=1, routed)           0.000  8438.062    u_core/u_fabric/u_dsp0/u_core/__10/i__carry__9_n_0
    SLICE_X34Y56         CARRY4 (Prop_carry4_CI_O[0])
                                                      0.232  8438.295 r  u_core/u_fabric/u_dsp0/u_core/__10/i__carry__10/O[0]
                         net (fo=2, routed)           0.661  8438.956    u_core/u_fabric/u_dsp0/u_core/__10/i__carry__10_n_7
    SLICE_X35Y56         LUT3 (Prop_lut3_I2_O)        0.295  8439.251 r  u_core/u_fabric/u_dsp0/u_core/sr[44]_i_2__0/O
                         net (fo=4, routed)           1.305  8440.556    u_core/u_fabric/dsp_p[44]
    SLICE_X31Y43         LUT5 (Prop_lut5_I4_O)        0.124  8440.680 r  u_core/u_fabric/c_q[44]_i_2/O
                         net (fo=19, routed)          1.388  8442.067    u_core/u_fabric/r5992
    SLICE_X58Y47         LUT6 (Prop_lut6_I5_O)        0.124  8442.191 r  u_core/u_fabric/a_q[15]_i_2/O
                         net (fo=1, routed)           1.156  8443.347    u_core/u_store/r908
    SLICE_X39Y48         LUT3 (Prop_lut3_I2_O)        0.124  8443.471 r  u_core/u_store/a_q[15]_i_1/O
                         net (fo=2, routed)           0.754  8444.225    u_core/u_store/drive_reg[24][15]
    SLICE_X30Y48         LUT3 (Prop_lut3_I2_O)        0.124  8444.349 r  u_core/u_store/m_c_i_50/O
                         net (fo=2, routed)           0.726  8445.075    u_core/u_store/u_fabric/u_dsp0/u_core/a_v__24[15]
    SLICE_X26Y47         LUT5 (Prop_lut5_I3_O)        0.124  8445.199 r  u_core/u_store/i__carry__2_i_5__1/O
                         net (fo=1, routed)           0.000  8445.199    u_core/u_fabric/u_dsp0/u_core/m_c_3[3]
    SLICE_X26Y47         CARRY4 (Prop_carry4_S[3]_CO[3])
                                                      0.376  8445.575 r  u_core/u_fabric/u_dsp0/u_core/__5/i__carry__2/CO[3]
                         net (fo=1, routed)           0.000  8445.575    u_core/u_fabric/u_dsp0/u_core/__5/i__carry__2_n_0
    SLICE_X26Y48         CARRY4 (Prop_carry4_CI_O[1])
                                                      0.323  8445.898 r  u_core/u_fabric/u_dsp0/u_core/__5/i__carry__3/O[1]
                         net (fo=1, routed)           0.411  8446.310    u_core/u_store/m_c_11[1]
    SLICE_X27Y48         LUT3 (Prop_lut3_I0_O)        0.306  8446.615 r  u_core/u_store/m_c_i_26/O
                         net (fo=1, routed)           0.790  8447.405    u_core/u_fabric/u_dsp0/u_core/A[17]
    DSP48_X1Y18          DSP48E1 (Prop_dsp48e1_A[17]_P[36])
                                                      3.841  8451.246 r  u_core/u_fabric/u_dsp0/u_core/m_c/P[36]
                         net (fo=3, routed)           1.490  8452.736    u_core/u_fabric/u_dsp0/u_core/m_c__0[36]
    SLICE_X34Y54         LUT4 (Prop_lut4_I0_O)        0.124  8452.860 r  u_core/u_fabric/u_dsp0/u_core/i__carry__8_i_8/O
                         net (fo=1, routed)           0.000  8452.860    u_core/u_fabric/u_dsp0/u_core/i__carry__8_i_8_n_0
    SLICE_X34Y54         CARRY4 (Prop_carry4_S[0]_O[1])
                                                      0.427  8453.287 r  u_core/u_fabric/u_dsp0/u_core/__10/i__carry__8/O[1]
                         net (fo=3, routed)           0.792  8454.079    u_core/u_fabric/u_dsp0_n_2
    SLICE_X44Y58         LUT6 (Prop_lut6_I3_O)        0.306  8454.385 r  u_core/u_fabric/c_q[34]_i_4/O
                         net (fo=3, routed)           1.086  8455.472    u_core/u_fabric/r6068
    SLICE_X60Y61         LUT4 (Prop_lut4_I0_O)        0.124  8455.596 r  u_core/u_fabric/i___412_1_i_5/O
                         net (fo=5, routed)           1.283  8456.879    u_core/u_fabric/r4438
    SLICE_X44Y70         LUT6 (Prop_lut6_I1_O)        0.124  8457.003 r  u_core/u_fabric/i___254_i_10/O
                         net (fo=1, routed)           0.000  8457.003    u_core/u_fabric/i___254_i_10_n_0
    SLICE_X44Y70         MUXF7 (Prop_muxf7_I1_O)      0.217  8457.220 r  u_core/u_fabric/i___254_i_8/O
                         net (fo=2, routed)           0.610  8457.830    u_core/u_fabric/i___254_i_8_n_0
    SLICE_X43Y69         LUT5 (Prop_lut5_I2_O)        0.299  8458.129 r  u_core/u_fabric/i___254_i_6/O
                         net (fo=1, routed)           0.263  8458.392    u_core/u_fabric/i___254_i_6_n_0
    SLICE_X43Y69         LUT5 (Prop_lut5_I2_O)        0.124  8458.516 r  u_core/u_fabric/i___254_i_4/O
                         net (fo=9, routed)           1.187  8459.703    u_core/u_fabric/r4315
    SLICE_X62Y60         LUT5 (Prop_lut5_I1_O)        0.124  8459.827 r  u_core/u_fabric/b_q[16]_i_2/O
                         net (fo=7, routed)           0.620  8460.447    u_core/u_fabric/r6074
    SLICE_X63Y64         LUT4 (Prop_lut4_I3_O)        0.124  8460.571 r  u_core/u_fabric/i___23_i_22/O
                         net (fo=10, routed)          0.652  8461.223    u_core/u_fabric/r4428
    SLICE_X54Y64         LUT6 (Prop_lut6_I5_O)        0.124  8461.347 r  u_core/u_fabric/i___270_i_18/O
                         net (fo=1, routed)           0.000  8461.347    u_core/u_fabric/i___270_i_18_n_0
    SLICE_X54Y64         MUXF7 (Prop_muxf7_I1_O)      0.214  8461.561 r  u_core/u_fabric/i___270_i_13/O
                         net (fo=2, routed)           0.467  8462.027    u_core/u_fabric/i___270_i_13_n_0
    SLICE_X54Y64         LUT5 (Prop_lut5_I4_O)        0.297  8462.324 r  u_core/u_fabric/a_q[22]_i_12__0/O
                         net (fo=2, routed)           0.655  8462.979    u_core/u_store/r6141
    SLICE_X59Y56         LUT6 (Prop_lut6_I4_O)        0.124  8463.103 r  u_core/u_store/a_q[22]_i_8/O
                         net (fo=1, routed)           0.154  8463.257    u_core/u_fabric/a_q_reg[22]
    SLICE_X59Y56         LUT5 (Prop_lut5_I2_O)        0.124  8463.381 r  u_core/u_fabric/a_q[22]_i_3/O
                         net (fo=10, routed)          1.881  8465.262    u_core/u_fabric/r4305
    SLICE_X32Y24         LUT5 (Prop_lut5_I4_O)        0.124  8465.386 r  u_core/u_fabric/i___129__0_i_1/O
                         net (fo=2, routed)           0.000  8465.386    u_core/u_fabric/i___129__0_i_1_n_0
    SLICE_X32Y24         MUXF7 (Prop_muxf7_I0_O)      0.209  8465.595 r  u_core/u_fabric/i___129_i_3/O
                         net (fo=8, routed)           2.018  8467.613    u_core/u_fabric/r4291
    SLICE_X94Y24         LUT6 (Prop_lut6_I5_O)        0.297  8467.910 r  u_core/u_fabric/i___431_0_i_6/O
                         net (fo=1, routed)           0.000  8467.910    u_core/u_fabric/i___431_0_i_6_n_0
    SLICE_X94Y24         MUXF7 (Prop_muxf7_I1_O)      0.214  8468.124 r  u_core/u_fabric/i___431_0_i_4/O
                         net (fo=1, routed)           0.469  8468.594    u_core/u_fabric/i___431_0_i_4_n_0
    SLICE_X94Y24         LUT6 (Prop_lut6_I5_O)        0.297  8468.891 r  u_core/u_fabric/i___431_0_i_2/O
                         net (fo=7, routed)           0.827  8469.717    u_core/u_fabric/r4277
    SLICE_X96Y16         LUT2 (Prop_lut2_I0_O)        0.124  8469.841 r  u_core/u_fabric/i___233_i_11/O
                         net (fo=7, routed)           1.303  8471.145    u_core/u_fabric/r5456
    SLICE_X88Y9          LUT6 (Prop_lut6_I0_O)        0.124  8471.269 r  u_core/u_fabric/i___165_i_15/O
                         net (fo=1, routed)           0.000  8471.269    u_core/u_fabric/i___165_i_15_n_0
    SLICE_X88Y9          MUXF7 (Prop_muxf7_I1_O)      0.217  8471.485 r  u_core/u_fabric/i___165_i_10/O
                         net (fo=9, routed)           0.868  8472.354    u_core/u_fabric/r5472
    SLICE_X79Y6          LUT4 (Prop_lut4_I0_O)        0.299  8472.652 r  u_core/u_fabric/i___233_i_7/O
                         net (fo=5, routed)           1.546  8474.198    u_core/u_fabric/r4582
    SLICE_X90Y27         LUT5 (Prop_lut5_I0_O)        0.124  8474.322 r  u_core/u_fabric/i___376_i_17/O
                         net (fo=1, routed)           0.161  8474.483    u_core/u_fabric/i___376_i_17_n_0
    SLICE_X90Y27         LUT5 (Prop_lut5_I4_O)        0.124  8474.607 r  u_core/u_fabric/i___376_i_6/O
                         net (fo=14, routed)          1.206  8475.813    u_core/u_fabric/r5632
    SLICE_X69Y23         LUT6 (Prop_lut6_I5_O)        0.124  8475.938 r  u_core/u_fabric/i___209_i_15/O
                         net (fo=1, routed)           0.433  8476.370    u_core/u_fabric/i___209_i_15_n_0
    SLICE_X69Y23         LUT6 (Prop_lut6_I5_O)        0.124  8476.494 r  u_core/u_fabric/i___209_i_10/O
                         net (fo=2, routed)           0.303  8476.797    u_core/u_fabric/i___209_i_10_n_0
    SLICE_X70Y23         LUT5 (Prop_lut5_I0_O)        0.124  8476.921 r  u_core/u_fabric/i___209_i_6/O
                         net (fo=15, routed)          0.793  8477.714    u_core/u_fabric/r4832
    SLICE_X63Y24         LUT5 (Prop_lut5_I0_O)        0.124  8477.838 r  u_core/u_fabric/i___159_i_4/O
                         net (fo=1, routed)           0.000  8477.838    u_core/u_fabric/i___159_i_4_n_0
    SLICE_X63Y24         MUXF7 (Prop_muxf7_I0_O)      0.238  8478.076 r  u_core/u_fabric/i___159_i_1/O
                         net (fo=2, routed)           0.000  8478.076    u_core/u_fabric/i___159_i_1_n_0
    SLICE_X63Y24         MUXF8 (Prop_muxf8_I0_O)      0.104  8478.180 r  u_core/u_fabric/i___435_0_i_1/O
                         net (fo=10, routed)          1.073  8479.253    u_core/u_fabric/r5701
    SLICE_X48Y23         LUT5 (Prop_lut5_I0_O)        0.316  8479.569 r  u_core/u_fabric/i___441_1_i_8/O
                         net (fo=3, routed)           0.633  8480.203    u_core/u_fabric/u_clb_x6y1/r4382
    SLICE_X40Y24         LUT5 (Prop_lut5_I3_O)        0.124  8480.327 r  u_core/u_fabric/u_clb_x6y1/i___151_i_27/O
                         net (fo=1, routed)           0.578  8480.905    u_core/u_fabric/u_clb_x6y1_n_2
    SLICE_X39Y24         LUT5 (Prop_lut5_I4_O)        0.124  8481.029 r  u_core/u_fabric/i___151_i_20/O
                         net (fo=3, routed)           0.361  8481.391    u_core/u_fabric/r5767
    SLICE_X38Y26         LUT5 (Prop_lut5_I0_O)        0.124  8481.515 r  u_core/u_fabric/c_q[3]_i_6/O
                         net (fo=1, routed)           0.303  8481.817    u_core/u_fabric/c_q[3]_i_6_n_0
    SLICE_X38Y27         LUT5 (Prop_lut5_I2_O)        0.124  8481.941 r  u_core/u_fabric/c_q[3]_i_5/O
                         net (fo=12, routed)          1.356  8483.297    u_core/u_fabric/r4298
    SLICE_X51Y39         LUT5 (Prop_lut5_I4_O)        0.124  8483.421 r  u_core/u_fabric/i___114_i_8/O
                         net (fo=3, routed)           0.421  8483.842    u_core/u_fabric/i___114_i_8_n_0
    SLICE_X51Y39         LUT4 (Prop_lut4_I2_O)        0.124  8483.966 r  u_core/u_fabric/i___114_i_4/O
                         net (fo=12, routed)          0.654  8484.620    u_core/u_fabric/r6002
    SLICE_X53Y33         LUT4 (Prop_lut4_I0_O)        0.124  8484.744 r  u_core/u_fabric/i___185_i_7/O
                         net (fo=10, routed)          1.048  8485.792    u_core/u_store/r4399
    SLICE_X59Y20         LUT6 (Prop_lut6_I4_O)        0.124  8485.916 r  u_core/u_store/mem_reg_i_138/O
                         net (fo=1, routed)           0.403  8486.319    u_core/u_fabric/din_qb_reg[15]
    SLICE_X59Y20         LUT5 (Prop_lut5_I2_O)        0.124  8486.443 r  u_core/u_fabric/mem_reg_i_83/O
                         net (fo=14, routed)          0.518  8486.962    u_core/u_fabric/r5698
    SLICE_X60Y20         LUT6 (Prop_lut6_I0_O)        0.124  8487.086 r  u_core/u_fabric/i___170_i_8/O
                         net (fo=1, routed)           0.279  8487.365    u_core/u_fabric/i___170_i_8_n_0
    SLICE_X60Y20         LUT5 (Prop_lut5_I2_O)        0.124  8487.489 r  u_core/u_fabric/i___170_i_4/O
                         net (fo=14, routed)          0.920  8488.409    u_core/u_fabric/r5702
    SLICE_X50Y19         LUT4 (Prop_lut4_I0_O)        0.124  8488.533 r  u_core/u_fabric/i___170_i_1/O
                         net (fo=5, routed)           1.691  8490.224    u_core/u_fabric/r4624
    SLICE_X14Y23         LUT5 (Prop_lut5_I0_O)        0.124  8490.348 r  u_core/u_fabric/i___205_i_12/O
                         net (fo=1, routed)           0.499  8490.847    u_core/u_fabric/i___205_i_12_n_0
    SLICE_X14Y23         LUT5 (Prop_lut5_I4_O)        0.124  8490.971 r  u_core/u_fabric/i___205_i_6/O
                         net (fo=8, routed)           0.482  8491.453    u_core/u_store/r4632
    SLICE_X17Y20         LUT6 (Prop_lut6_I4_O)        0.124  8491.577 r  u_core/u_store/i___173_i_18/O
                         net (fo=2, routed)           0.402  8491.979    u_core/u_fabric/i___437_0_i_8_0
    SLICE_X17Y20         LUT5 (Prop_lut5_I2_O)        0.124  8492.104 r  u_core/u_fabric/i___173_i_8/O
                         net (fo=10, routed)          1.291  8493.395    u_core/u_fabric/r5849
    SLICE_X30Y28         LUT3 (Prop_lut3_I0_O)        0.124  8493.519 r  u_core/u_fabric/i___444_0_i_11/O
                         net (fo=1, routed)           0.466  8493.984    u_core/u_fabric/i___444_0_i_11_n_0
    SLICE_X30Y28         LUT6 (Prop_lut6_I0_O)        0.124  8494.108 r  u_core/u_fabric/i___444_0_i_7/O
                         net (fo=5, routed)           1.117  8495.226    u_core/u_fabric/r4410
    SLICE_X36Y36         LUT6 (Prop_lut6_I5_O)        0.124  8495.350 r  u_core/u_fabric/i___444_0_i_9/O
                         net (fo=1, routed)           0.739  8496.089    u_core/u_fabric/i___444_0_i_9_n_0
    SLICE_X47Y36         LUT5 (Prop_lut5_I2_O)        0.124  8496.213 r  u_core/u_fabric/i___444_0_i_6/O
                         net (fo=3, routed)           1.078  8497.291    u_core/u_fabric/r4412
    SLICE_X29Y39         LUT6 (Prop_lut6_I3_O)        0.124  8497.415 r  u_core/u_fabric/d_q[5]_i_7/O
                         net (fo=1, routed)           0.000  8497.415    u_core/u_fabric/d_q[5]_i_7_n_0
    SLICE_X29Y39         MUXF7 (Prop_muxf7_I1_O)      0.217  8497.632 r  u_core/u_fabric/d_q_reg[5]_i_5/O
                         net (fo=1, routed)           0.433  8498.065    u_core/u_fabric/d_q_reg[5]_i_5_n_0
    SLICE_X29Y39         LUT6 (Prop_lut6_I5_O)        0.299  8498.364 r  u_core/u_fabric/d_q[5]_i_3/O
                         net (fo=3, routed)           1.514  8499.878    u_core/u_fabric/r6001
    SLICE_X54Y54         LUT6 (Prop_lut6_I0_O)        0.124  8500.002 r  u_core/u_fabric/d_q[5]_i_2/O
                         net (fo=1, routed)           1.368  8501.370    u_core/u_store/r852
    SLICE_X31Y47         LUT3 (Prop_lut3_I2_O)        0.124  8501.494 r  u_core/u_store/d_q[5]_i_1/O
                         net (fo=3, routed)           0.750  8502.244    u_core/u_store/drive_reg[115][5]
    SLICE_X26Y45         LUT5 (Prop_lut5_I2_O)        0.124  8502.368 r  u_core/u_store/i__carry__0_i_7__1/O
                         net (fo=1, routed)           0.000  8502.368    u_core/u_fabric/u_dsp0/u_core/m_c_1[1]
    SLICE_X26Y45         CARRY4 (Prop_carry4_S[1]_O[1])
                                                      0.230  8502.599 r  u_core/u_fabric/u_dsp0/u_core/__5/i__carry__0/O[1]
                         net (fo=1, routed)           0.812  8503.411    u_core/u_store/m_c_12[1]
    SLICE_X27Y46         LUT3 (Prop_lut3_I0_O)        0.306  8503.717 r  u_core/u_store/m_c_i_38/O
                         net (fo=1, routed)           0.792  8504.509    u_core/u_fabric/u_dsp0/u_core/A[5]
    DSP48_X1Y18          DSP48E1 (Prop_dsp48e1_A[5]_P[17])
                                                      3.841  8508.350 r  u_core/u_fabric/u_dsp0/u_core/m_c/P[17]
                         net (fo=3, routed)           1.318  8509.668    u_core/u_fabric/u_dsp0/u_core/m_c__0[17]
    SLICE_X34Y49         LUT4 (Prop_lut4_I0_O)        0.124  8509.792 r  u_core/u_fabric/u_dsp0/u_core/i__carry__3_i_7/O
                         net (fo=1, routed)           0.000  8509.792    u_core/u_fabric/u_dsp0/u_core/i__carry__3_i_7_n_0
    SLICE_X34Y49         CARRY4 (Prop_carry4_S[1]_O[1])
                                                      0.230  8510.022 r  u_core/u_fabric/u_dsp0/u_core/__10/i__carry__3/O[1]
                         net (fo=2, routed)           0.447  8510.470    u_core/u_fabric/u_dsp0/u_core/__10/i__carry__3_n_6
    SLICE_X33Y49         LUT3 (Prop_lut3_I2_O)        0.306  8510.775 r  u_core/u_fabric/u_dsp0/u_core/sr[17]_i_2__0/O
                         net (fo=4, routed)           0.612  8511.388    u_core/u_store/dsp_p[0]
    SLICE_X32Y50         LUT5 (Prop_lut5_I0_O)        0.124  8511.512 r  u_core/u_store/i__carry_i_12__0/O
                         net (fo=1, routed)           0.730  8512.241    u_core/u_store/i__carry_i_12__0_n_0
    SLICE_X28Y49         LUT5 (Prop_lut5_I4_O)        0.124  8512.365 r  u_core/u_store/i__carry_i_8__0/O
                         net (fo=1, routed)           0.000  8512.365    u_core/u_fabric/u_dsp1/u_core/p_q_reg[3]_0[0]
    SLICE_X28Y49         CARRY4 (Prop_carry4_S[0]_O[0])
                                                      0.247  8512.612 r  u_core/u_fabric/u_dsp1/u_core/__10/i__carry/O[0]
                         net (fo=2, routed)           0.647  8513.259    u_core/u_fabric/u_dsp1/u_core/__10/i__carry_n_7
    SLICE_X29Y49         LUT3 (Prop_lut3_I2_O)        0.299  8513.558 r  u_core/u_fabric/u_dsp1/u_core/sr[48]_i_2__0/O
                         net (fo=4, routed)           1.564  8515.122    u_core/u_fabric/dsp_p[48]
    SLICE_X56Y51         LUT5 (Prop_lut5_I4_O)        0.124  8515.246 r  u_core/u_fabric/i___1_i_1/O
                         net (fo=9, routed)           0.762  8516.009    u_core/u_fabric/r6053
    SLICE_X56Y45         LUT6 (Prop_lut6_I0_O)        0.124  8516.133 r  u_core/u_fabric/a_q[15]_i_2__0/O
                         net (fo=1, routed)           1.531  8517.663    u_core/u_store/r2988
    SLICE_X23Y46         LUT3 (Prop_lut3_I2_O)        0.124  8517.787 r  u_core/u_store/a_q[15]_i_1__0/O
                         net (fo=2, routed)           0.438  8518.225    u_core/u_store/drive_reg[148][15]
    SLICE_X22Y46         LUT3 (Prop_lut3_I2_O)        0.124  8518.349 r  u_core/u_store/m_c_i_48__0/O
                         net (fo=2, routed)           0.625  8518.974    u_core/u_store/u_fabric/u_dsp1/u_core/a_v__24[15]
    SLICE_X20Y46         LUT5 (Prop_lut5_I3_O)        0.124  8519.098 r  u_core/u_store/i__carry__2_i_5__2/O
                         net (fo=1, routed)           0.000  8519.098    u_core/u_fabric/u_dsp1/u_core/m_c_7[3]
    SLICE_X20Y46         CARRY4 (Prop_carry4_S[3]_CO[3])
                                                      0.376  8519.474 r  u_core/u_fabric/u_dsp1/u_core/__5/i__carry__2/CO[3]
                         net (fo=1, routed)           0.000  8519.474    u_core/u_fabric/u_dsp1/u_core/__5/i__carry__2_n_0
    SLICE_X20Y47         CARRY4 (Prop_carry4_CI_CO[3])
                                                      0.117  8519.591 r  u_core/u_fabric/u_dsp1/u_core/__5/i__carry__3/CO[3]
                         net (fo=1, routed)           0.000  8519.591    u_core/u_fabric/u_dsp1/u_core/__5/i__carry__3_n_0
    SLICE_X20Y48         CARRY4 (Prop_carry4_CI_O[1])
                                                      0.323  8519.914 r  u_core/u_fabric/u_dsp1/u_core/__5/i__carry__4/O[1]
                         net (fo=1, routed)           0.303  8520.217    u_core/u_store/m_c_4[1]
    SLICE_X23Y48         LUT5 (Prop_lut5_I0_O)        0.306  8520.522 r  u_core/u_store/m_c_i_22__0/O
                         net (fo=1, routed)           0.803  8521.325    u_core/u_fabric/u_dsp1/u_core/m_c_2[21]
    DSP48_X1Y19          DSP48E1 (Prop_dsp48e1_A[21]_P[40])
                                                      3.841  8525.166 r  u_core/u_fabric/u_dsp1/u_core/m_c/P[40]
                         net (fo=2, routed)           1.268  8526.435    u_core/u_fabric/u_dsp1/u_core/m_c__0[40]
    SLICE_X27Y56         LUT3 (Prop_lut3_I2_O)        0.124  8526.559 r  u_core/u_fabric/u_dsp1/u_core/i__carry__9_i_4__0/O
                         net (fo=2, routed)           0.710  8527.269    u_core/u_store/m_x[40]
    SLICE_X28Y59         LUT5 (Prop_lut5_I0_O)        0.124  8527.393 r  u_core/u_store/i__carry__9_i_7__0/O
                         net (fo=1, routed)           0.000  8527.393    u_core/u_fabric/u_dsp1/u_core/S[0]
    SLICE_X28Y59         CARRY4 (Prop_carry4_S[0]_O[1])
                                                      0.424  8527.816 r  u_core/u_fabric/u_dsp1/u_core/__10/i__carry__9/O[1]
                         net (fo=2, routed)           0.299  8528.116    u_core/u_fabric/u_dsp1/u_core/__10/i__carry__9_n_6
    SLICE_X29Y59         LUT3 (Prop_lut3_I2_O)        0.303  8528.419 r  u_core/u_fabric/u_dsp1/u_core/i___355_i_1/O
                         net (fo=4, routed)           1.025  8529.443    u_core/u_fabric/dsp_p[89]
    SLICE_X53Y62         LUT5 (Prop_lut5_I4_O)        0.124  8529.567 r  u_core/u_fabric/c_q[38]_i_3__0/O
                         net (fo=3, routed)           0.614  8530.182    u_core/u_fabric/r6135
    SLICE_X58Y66         LUT4 (Prop_lut4_I0_O)        0.124  8530.306 r  u_core/u_fabric/i___367_i_4/O
                         net (fo=9, routed)           0.700  8531.006    u_core/u_fabric/r5308
    SLICE_X58Y74         LUT5 (Prop_lut5_I2_O)        0.124  8531.130 r  u_core/u_fabric/i___65_i_12/O
                         net (fo=1, routed)           0.000  8531.130    u_core/u_fabric/i___65_i_12_n_0
    SLICE_X58Y74         MUXF7 (Prop_muxf7_I0_O)      0.209  8531.339 r  u_core/u_fabric/i___65_i_7/O
                         net (fo=2, routed)           0.341  8531.680    u_core/u_fabric/g_frame[104].cfg_reg[13393]
    SLICE_X59Y76         LUT5 (Prop_lut5_I4_O)        0.297  8531.977 r  u_core/u_fabric/i___65_i_2/O
                         net (fo=15, routed)          0.869  8532.846    u_core/u_fabric/r6189
    SLICE_X65Y85         LUT6 (Prop_lut6_I0_O)        0.124  8532.970 r  u_core/u_fabric/i___339_i_9/O
                         net (fo=1, routed)           0.154  8533.124    u_core/u_fabric/i___339_i_9_n_0
    SLICE_X65Y85         LUT5 (Prop_lut5_I0_O)        0.124  8533.248 r  u_core/u_fabric/i___339_i_5/O
                         net (fo=9, routed)           1.385  8534.633    u_core/u_fabric/r4876
    SLICE_X96Y82         LUT6 (Prop_lut6_I0_O)        0.124  8534.757 r  u_core/u_fabric/i___339_i_2/O
                         net (fo=2, routed)           0.437  8535.193    u_core/u_fabric/i___339_i_2_n_0
    SLICE_X96Y80         LUT5 (Prop_lut5_I2_O)        0.124  8535.317 r  u_core/u_fabric/i___34_i_2/O
                         net (fo=15, routed)          1.206  8536.523    u_core/u_fabric/r6266
    SLICE_X80Y72         LUT6 (Prop_lut6_I3_O)        0.124  8536.647 r  u_core/u_fabric/i___252_i_5/O
                         net (fo=2, routed)           0.413  8537.061    u_core/u_fabric/i___252_i_5_n_0
    SLICE_X81Y70         LUT4 (Prop_lut4_I0_O)        0.124  8537.185 r  u_core/u_fabric/i___252_i_2/O
                         net (fo=10, routed)          1.137  8538.321    u_core/u_fabric/r6280
    SLICE_X87Y90         LUT6 (Prop_lut6_I0_O)        0.124  8538.445 r  u_core/u_fabric/q_i_23__9/O
                         net (fo=2, routed)           0.774  8539.220    u_core/u_store/r3608
    SLICE_X95Y90         LUT6 (Prop_lut6_I2_O)        0.124  8539.344 r  u_core/u_store/q_i_16__25/O
                         net (fo=1, routed)           0.839  8540.184    u_core/u_store/u_fabric/u_clb_x10y8/t_125
    SLICE_X85Y89         LUT6 (Prop_lut6_I0_O)        0.124  8540.308 r  u_core/u_store/q_i_9__17/O
                         net (fo=4, routed)           0.557  8540.865    u_core/u_store/lut_o6_489
    SLICE_X85Y85         LUT3 (Prop_lut3_I2_O)        0.124  8540.989 r  u_core/u_store/q_i_10__16/O
                         net (fo=2, routed)           0.605  8541.594    u_core/u_fabric/u_clb_x10y8/sr_reg[77]
    SLICE_X87Y86         LUT6 (Prop_lut6_I5_O)        0.124  8541.718 r  u_core/u_fabric/u_clb_x10y8/sr[77]_i_2/O
                         net (fo=3, routed)           0.804  8542.521    u_core/u_fabric/clb_o[24]
    SLICE_X87Y78         LUT6 (Prop_lut6_I5_O)        0.124  8542.646 r  u_core/u_fabric/i___252_i_9/O
                         net (fo=2, routed)           0.303  8542.949    u_core/u_fabric/g_frame[116].cfg_reg[14855]
    SLICE_X87Y79         LUT3 (Prop_lut3_I2_O)        0.124  8543.073 r  u_core/u_fabric/i___252_i_4/O
                         net (fo=11, routed)          0.426  8543.500    u_core/u_store/r6278
    SLICE_X87Y79         LUT6 (Prop_lut6_I3_O)        0.124  8543.624 r  u_core/u_store/q_i_11__46/O
                         net (fo=16, routed)          1.310  8544.934    u_core/u_store/u_fabric/r3638
    SLICE_X101Y88        LUT6 (Prop_lut6_I4_O)        0.124  8545.058 r  u_core/u_store/q_i_48__32/O
                         net (fo=1, routed)           0.796  8545.854    u_core/u_store/u_fabric/u_clb_x11y8/t_110
    SLICE_X97Y88         LUT6 (Prop_lut6_I1_O)        0.124  8545.978 r  u_core/u_store/q_i_29__39/O
                         net (fo=1, routed)           0.000  8545.978    u_core/u_store/u_fabric/u_clb_x11y8/t_123
    SLICE_X97Y88         MUXF7 (Prop_muxf7_I1_O)      0.217  8546.194 r  u_core/u_store/q_reg_i_15__18/O
                         net (fo=1, routed)           0.725  8546.920    u_core/u_store/u_fabric/u_clb_x11y8/t_125
    SLICE_X89Y86         LUT6 (Prop_lut6_I0_O)        0.299  8547.219 r  u_core/u_store/q_i_9__18/O
                         net (fo=4, routed)           0.853  8548.071    u_core/u_store/u_fabric/u_clb_x11y8/lut_o6
    SLICE_X90Y85         LUT5 (Prop_lut5_I4_O)        0.124  8548.195 r  u_core/u_store/sr[78]_i_3/O
                         net (fo=1, routed)           0.661  8548.856    u_core/u_store/sr[78]_i_3_n_0
    SLICE_X90Y85         LUT6 (Prop_lut6_I5_O)        0.124  8548.980 r  u_core/u_store/sr[78]_i_2__0/O
                         net (fo=2, routed)           1.316  8550.297    u_core/u_tap/clb_o[76]
    SLICE_X83Y68         LUT4 (Prop_lut4_I2_O)        0.124  8550.421 r  u_core/u_tap/sr[78]_i_1__0/O
                         net (fo=1, routed)           0.000  8550.421    u_core/u_cap/D[78]
    SLICE_X83Y68         FDRE                                         r  u_core/u_cap/sr_reg[78]/D
  -------------------------------------------------------------------    -------------------

                         (clock tck rise edge)    10000.000 10000.000 r  
    U18                                               0.000 10000.000 r  tck (IN)
                         net (fo=0)                   0.000 10000.000    tck
    U18                  IBUF (Prop_ibuf_I_O)         1.428 10001.428 r  tck_IBUF_inst/O
                         net (fo=1, routed)           2.006 10003.434    tck_IBUF
    BUFGCTRL_X0Y16       BUFG (Prop_bufg_I_O)         0.091 10003.524 r  bufg_tck/O
                         net (fo=20407, routed)       1.536 10005.061    u_core/u_cap/tck_g
    SLICE_X83Y68         FDRE                                         r  u_core/u_cap/sr_reg[78]/C
                         clock pessimism              0.394 10005.455    
                         clock uncertainty           -0.035 10005.420    
    SLICE_X83Y68         FDRE (Setup_fdre_C_D)        0.031 10005.451    u_core/u_cap/sr_reg[78]
  -------------------------------------------------------------------
                         required time                      10005.449    
                         arrival time                       -8550.575    
  -------------------------------------------------------------------
                         slack                               1454.874    





Min Delay Paths
--------------------------------------------------------------------------------------
Slack (MET) :             0.112ns  (arrival time - required time)
  Source:                 u_core/u_tap/usercode_dr_reg[4]/C
                            (rising edge-triggered cell FDSE clocked by tck  {rise@0.000ns fall@5000.000ns period=10000.000ns})
  Destination:            u_core/u_tap/usercode_dr_reg[2]_srl2___u_core_u_tap_usercode_dr_reg_r_0/D
                            (rising edge-triggered cell SRL16E clocked by tck  {rise@0.000ns fall@5000.000ns period=10000.000ns})
  Path Group:             tck
  Path Type:              Hold (Min at Fast Process Corner)
  Requirement:            0.000ns  (tck rise@0.000ns - tck rise@0.000ns)
  Data Path Delay:        0.187ns  (logic 0.128ns (68.470%)  route 0.059ns (31.530%))
  Logic Levels:           0  
  Clock Path Skew:        0.013ns (DCD - SCD - CPR)
    Destination Clock Delay (DCD):    2.114ns
    Source Clock Delay      (SCD):    1.597ns
    Clock Pessimism Removal (CPR):    0.504ns

    Location             Delay type                Incr(ns)  Path(ns)    Netlist Resource(s)
  -------------------------------------------------------------------    -------------------
                         (clock tck rise edge)        0.000     0.000 r  
    U18                                               0.000     0.000 r  tck (IN)
                         net (fo=0)                   0.000     0.000    tck
    U18                  IBUF (Prop_ibuf_I_O)         0.266     0.266 r  tck_IBUF_inst/O
                         net (fo=1, routed)           0.674     0.940    tck_IBUF
    BUFGCTRL_X0Y16       BUFG (Prop_bufg_I_O)         0.026     0.966 r  bufg_tck/O
                         net (fo=20407, routed)       0.631     1.597    u_core/u_tap/tck_g
    SLICE_X109Y86        FDSE                                         r  u_core/u_tap/usercode_dr_reg[4]/C
  -------------------------------------------------------------------    -------------------
    SLICE_X109Y86        FDSE (Prop_fdse_C_Q)         0.128     1.725 r  u_core/u_tap/usercode_dr_reg[4]/Q
                         net (fo=1, routed)           0.059     1.784    u_core/u_tap/usercode_dr[4]
    SLICE_X108Y86        SRL16E                                       r  u_core/u_tap/usercode_dr_reg[2]_srl2___u_core_u_tap_usercode_dr_reg_r_0/D
  -------------------------------------------------------------------    -------------------

                         (clock tck rise edge)        0.000     0.000 r  
    U18                                               0.000     0.000 r  tck (IN)
                         net (fo=0)                   0.000     0.000    tck
    U18                  IBUF (Prop_ibuf_I_O)         0.454     0.454 r  tck_IBUF_inst/O
                         net (fo=1, routed)           0.731     1.185    tck_IBUF
    BUFGCTRL_X0Y16       BUFG (Prop_bufg_I_O)         0.029     1.214 r  bufg_tck/O
                         net (fo=20407, routed)       0.900     2.114    u_core/u_tap/tck_g
    SLICE_X108Y86        SRL16E                                       r  u_core/u_tap/usercode_dr_reg[2]_srl2___u_core_u_tap_usercode_dr_reg_r_0/CLK
                         clock pessimism             -0.504     1.610    
    SLICE_X108Y86        SRL16E (Hold_srl16e_CLK_D)
                                                      0.062     1.672    u_core/u_tap/usercode_dr_reg[2]_srl2___u_core_u_tap_usercode_dr_reg_r_0
  -------------------------------------------------------------------
                         required time                         -1.672    
                         arrival time                           1.784    
  -------------------------------------------------------------------
                         slack                                  0.112    





Pulse Width Checks
--------------------------------------------------------------------------------------
Clock Name:         tck
Waveform(ns):       { 0.000 5000.000 }
Period(ns):         10000.000
Sources:            { tck }

Check Type        Corner  Lib Pin     Reference Pin  Required(ns)  Actual(ns)  Slack(ns)  Location        Pin
Min Period        n/a     BUFG/I      n/a            2.155         10000.000   9997.845   BUFGCTRL_X0Y16  bufg_tck/I
Low Pulse Width   Slow    SRL16E/CLK  n/a            0.980         5000.000    4999.020   SLICE_X108Y86   u_core/u_tap/idcode_dr_reg[10]_srl2___u_core_u_tap_usercode_dr_reg_r_0/CLK
High Pulse Width  Slow    SRL16E/CLK  n/a            0.980         5000.000    4999.020   SLICE_X108Y86   u_core/u_tap/idcode_dr_reg[10]_srl2___u_core_u_tap_usercode_dr_reg_r_0/CLK



